frameIndex;frameTime;pcm_fftMag_mfcc[0];pcm_fftMag_mfcc[1];pcm_fftMag_mfcc[2];pcm_fftMag_mfcc[3];pcm_fftMag_mfcc[4];pcm_fftMag_mfcc[5];pcm_fftMag_mfcc[6];pcm_fftMag_mfcc[7];pcm_fftMag_mfcc[8];pcm_fftMag_mfcc[9];pcm_fftMag_mfcc[10];pcm_fftMag_mfcc[11];pcm_fftMag_mfcc[12];pcm_fftMag_mfcc[13]
0;0.000000;2.070061e+00;-2.097463e+00;-6.015262e+00;4.046856e+00;-8.577766e-01;-3.915087e+00;-1.797213e+00;4.297279e+00;2.561816e+00;-4.627362e+00;-1.478392e+00;-2.829590e+00;-9.295368e-02;-9.218369e-01
1;0.050000;2.558522e+00;-3.053753e+00;-3.360506e+00;3.616398e+00;-2.271584e+00;-1.768756e+00;-1.664952e+00;5.039069e+00;2.473260e+00;-4.914437e+00;2.137620e+00;4.666214e-01;1.098935e+00;2.306442e-01
2;0.100000;2.091523e+00;-2.678035e+00;-2.181644e+00;2.805838e+00;-5.003109e-01;-1.214230e+00;-3.188049e+00;2.301469e+00;7.040806e-01;-4.307519e+00;5.332389e-01;1.243404e-01;-8.361979e-01;-3.320694e-01
3;0.150000;1.787115e+00;-6.466596e-01;-2.166806e+00;3.681635e+00;2.880373e+00;7.370691e-01;-2.184974e+00;-3.167336e+00;-1.502365e+00;4.857211e-01;-1.805887e-01;-1.546826e+00;-1.943244e+00;-7.366180e-01
4;0.200000;-7.541256e-01;2.929504e-01;-2.169118e-01;3.291664e-01;9.844589e-01;3.490152e+00;-1.568015e+00;-4.563328e+00;-1.529590e+00;3.608829e+00;-1.426214e+00;-1.649098e+00;-8.321028e-01;7.805862e-01
5;0.250000;-2.946363e+00;1.406881e+00;1.622715e+00;-3.995917e+00;-1.151226e+00;2.857436e+00;1.454024e+00;-3.184771e+00;7.033062e-02;4.083575e+00;-9.624577e-01;8.672942e-01;7.833853e-01;1.241844e+00
6;0.300000;-2.999725e+00;3.053326e+00;4.931705e+00;-5.927639e+00;-7.739716e-01;1.135155e+00;4.589179e+00;-1.277288e+00;-3.191776e-01;3.879540e+00;6.477799e-01;2.622831e+00;1.425214e+00;6.987610e-01
7;0.350000;-1.807009e+00;3.722752e+00;7.386711e+00;-4.556340e+00;1.690025e+00;-1.321735e+00;4.359997e+00;5.549011e-01;-2.458355e+00;1.791649e+00;7.290125e-01;1.944426e+00;3.969612e-01;-9.612885e-01
