frameIndex;frameTime;pcm_fftMag_mfcc[0];pcm_fftMag_mfcc[1];pcm_fftMag_mfcc[2];pcm_fftMag_mfcc[3];pcm_fftMag_mfcc[4];pcm_fftMag_mfcc[5];pcm_fftMag_mfcc[6];pcm_fftMag_mfcc[7];pcm_fftMag_mfcc[8];pcm_fftMag_mfcc[9];pcm_fftMag_mfcc[10];pcm_fftMag_mfcc[11];pcm_fftMag_mfcc[12];pcm_fftMag_mfcc[13]
0;0.000000;-8.530054e-01;-9.036372e-01;4.618936e+00;-1.341446e+01;-7.466275e+00;-1.349202e+00;2.031790e+00;-4.965746e+00;6.728497e-01;3.652351e+00;1.103480e+00;1.838219e+00;-1.938094e+00;8.648232e+00
1;0.050000;-2.194643e-01;2.344189e+00;5.516739e+00;-8.603599e+00;-5.058216e+00;-2.955415e+00;-2.167390e+00;-6.877740e+00;1.115257e+00;2.111366e+00;-5.386214e-01;3.316431e-01;-1.338006e+00;5.328804e+00
2;0.100000;2.475676e+00;1.412953e+00;1.672176e+00;-3.605109e+00;-1.743039e+00;-2.073665e+00;-5.423821e+00;4.575210e-01;9.711008e-01;-1.163671e+00;4.466989e-01;-7.245398e-02;4.356809e-01;2.744133e+00
3;0.150000;2.994759e+00;2.490058e-01;-2.516186e+00;1.409943e+00;2.418180e-01;-1.918850e-01;-4.062873e+00;6.205532e+00;-7.362041e-01;-1.721621e+00;-2.794409e-02;-1.040931e+00;2.378118e+00;1.030830e+00
4;0.200000;1.743479e+00;-8.424926e-02;-2.887923e+00;5.926217e+00;1.397119e+00;1.658453e+00;-7.753439e-01;4.569541e+00;-4.336252e-01;-2.096418e+00;-5.214376e-01;-3.709178e-01;1.242245e+00;-1.353592e+00
5;0.250000;-1.058414e+00;-1.093227e+00;-2.523530e+00;8.572481e+00;3.946399e+00;1.978838e+00;3.278799e+00;6.127462e-01;-1.771629e+00;-1.171837e+00;-1.876607e-01;-1.978207e-02;-8.511972e-02;-5.429077e+00
6;0.300000;-5.083030e+00;-1.925036e+00;-3.880211e+00;9.714531e+00;8.682194e+00;2.932886e+00;7.118843e+00;-1.855373e-03;1.822472e-01;3.898289e-01;-2.745147e-01;-6.657748e-01;-6.948214e-01;-1.096935e+01
