frameIndex;frameTime;pcm_fftMag_mfcc[0];pcm_fftMag_mfcc[1];pcm_fftMag_mfcc[2];pcm_fftMag_mfcc[3];pcm_fftMag_mfcc[4];pcm_fftMag_mfcc[5];pcm_fftMag_mfcc[6];pcm_fftMag_mfcc[7];pcm_fftMag_mfcc[8];pcm_fftMag_mfcc[9];pcm_fftMag_mfcc[10];pcm_fftMag_mfcc[11];pcm_fftMag_mfcc[12];pcm_fftMag_mfcc[13]
0;0.000000;-1.413335e+00;7.728171e+00;-1.235461e+01;9.908533e-01;1.064665e+01;-1.277211e+01;4.401371e+00;1.431312e+00;2.852959e+00;5.166693e+00;-1.082188e+01;-1.664438e+00;4.109502e+00;2.549820e-01
1;0.050000;2.600260e-01;4.977295e+00;-1.189639e+01;1.783066e-01;7.384078e+00;-9.766636e+00;-8.552818e-01;-6.342506e-01;-1.537415e+00;2.709319e+00;-4.355145e+00;-6.308365e-02;-1.952197e+00;2.194862e+00
2;0.100000;1.149821e+00;-2.051537e+00;-1.396977e+00;9.378319e-01;-3.463815e+00;3.201980e+00;-2.608416e+00;-3.296591e+00;-5.811157e-01;6.296253e-02;2.984087e+00;3.667500e+00;-4.858459e+00;2.109489e+00
3;0.150000;5.947890e-01;-6.738520e+00;8.755479e+00;-1.177086e+00;-7.806447e+00;9.091963e+00;-3.446281e+00;-2.799129e-01;-1.890762e+00;-3.299548e+00;6.581515e+00;-2.818336e-01;-1.476022e+00;-4.919128e-01
4;0.200000;-5.913010e-01;-3.915409e+00;1.689249e+01;-9.299068e-01;-6.760461e+00;1.024480e+01;2.508608e+00;2.779442e+00;1.156334e+00;-4.639428e+00;5.611423e+00;-1.658152e+00;4.177175e+00;-4.067413e+00
