frameIndex;frameTime;pcm_fftMag_mfcc[0];pcm_fftMag_mfcc[1];pcm_fftMag_mfcc[2];pcm_fftMag_mfcc[3];pcm_fftMag_mfcc[4];pcm_fftMag_mfcc[5];pcm_fftMag_mfcc[6];pcm_fftMag_mfcc[7];pcm_fftMag_mfcc[8];pcm_fftMag_mfcc[9];pcm_fftMag_mfcc[10];pcm_fftMag_mfcc[11];pcm_fftMag_mfcc[12];pcm_fftMag_mfcc[13]
0;0.000000;9.648638e-01;-1.305432e+00;-1.189012e+00;1.855184e+00;9.215603e-01;1.740265e-01;-2.199765e+00;9.201794e-01;-6.353388e-01;1.969721e+00;-4.320330e+00;-7.769125e-01;6.505566e-01;-5.804138e-01
1;0.050000;-1.022822e+00;-1.236951e-01;-4.126139e-01;-9.823208e-01;-1.116604e+00;-3.201218e-01;-2.360821e-02;-1.505527e-01;8.525178e-01;1.184959e+00;7.461643e-01;1.014424e+00;2.587681e-01;3.932724e-01
2;0.100000;5.795860e-02;1.429127e+00;1.601627e+00;-8.728638e-01;1.950417e-01;1.460953e-01;2.223373e+00;-7.696285e-01;-2.171793e-01;-3.154679e+00;3.574166e+00;-2.375119e-01;-9.093218e-01;1.871567e-01
