frameIndex;frameTime;pcm_fftMag_mfcc[0];pcm_fftMag_mfcc[1];pcm_fftMag_mfcc[2];pcm_fftMag_mfcc[3];pcm_fftMag_mfcc[4];pcm_fftMag_mfcc[5];pcm_fftMag_mfcc[6];pcm_fftMag_mfcc[7];pcm_fftMag_mfcc[8];pcm_fftMag_mfcc[9];pcm_fftMag_mfcc[10];pcm_fftMag_mfcc[11];pcm_fftMag_mfcc[12];pcm_fftMag_mfcc[13]
0;0.000000;8.986107e+00;-2.171450e+01;6.535103e+00;-1.500947e+00;-4.757413e+00;7.714978e+00;-2.425092e+00;6.159788e+00;9.565103e+00;2.814276e+00;-7.613539e+00;3.201253e+00;-7.269964e+00;1.723083e+00
1;0.050000;8.288687e+00;-1.552854e+01;1.309542e+01;-2.997894e-01;3.273894e+00;3.019860e+00;-9.133816e-02;1.545398e+01;5.756609e+00;4.787835e+00;-1.891317e-01;7.580897e+00;1.235276e+00;2.322693e-01
2;0.100000;2.238679e+00;-4.705327e+00;8.225912e+00;8.367447e+00;-2.634906e+00;-4.797512e+00;4.431824e+00;1.736818e+01;3.794182e+00;-1.629153e+00;5.042438e+00;5.664973e+00;9.126170e+00;3.588234e+00
3;0.150000;-1.691329e+00;1.408510e+00;3.020160e+00;1.152781e+01;-6.041330e+00;-6.496840e+00;7.207932e+00;1.356709e+01;5.013631e+00;-4.250901e+00;3.297663e+00;5.864879e+00;8.764218e+00;3.842842e+00
4;0.200000;-6.508471e+00;8.470831e+00;-8.150625e-01;1.157458e+01;-7.103777e+00;-8.955854e+00;9.917451e+00;7.626746e+00;4.335080e+00;-4.680593e+00;-2.748744e+00;4.832611e+00;6.886233e+00;-4.924393e-01
5;0.250000;-1.044182e+01;1.270785e+01;-4.257689e+00;2.312617e+00;3.681839e-01;-3.196957e+00;-8.061943e-01;-7.869670e+00;2.196649e+00;4.790134e-01;-5.237922e+00;-3.013035e+00;-2.915463e-01;-4.276810e+00
6;0.300000;-5.721719e+00;9.953702e+00;-9.091627e+00;-6.850078e+00;5.390310e+00;1.426000e+00;-7.024724e+00;-1.760749e+01;-6.701395e+00;2.854763e+00;3.246183e-01;-8.274559e+00;-4.212794e+00;-1.256737e+00
7;0.350000;-6.207390e-01;6.520748e+00;-9.264671e+00;-1.085462e+01;6.251091e+00;3.700556e+00;-6.512524e+00;-1.805304e+01;-1.084914e+01;1.395656e+00;2.830859e+00;-8.677713e+00;-6.623634e+00;-2.537003e-01
8;0.400000;5.470608e+00;2.886727e+00;-7.447544e+00;-1.427702e+01;5.253949e+00;7.585764e+00;-4.697335e+00;-1.664558e+01;-1.311071e+01;-1.770896e+00;4.293765e+00;-7.179303e+00;-7.613963e+00;-3.106728e+00
