frameIndex;frameTime;pcm_fftMag_mfcc[0];pcm_fftMag_mfcc[1];pcm_fftMag_mfcc[2];pcm_fftMag_mfcc[3];pcm_fftMag_mfcc[4];pcm_fftMag_mfcc[5];pcm_fftMag_mfcc[6];pcm_fftMag_mfcc[7];pcm_fftMag_mfcc[8];pcm_fftMag_mfcc[9];pcm_fftMag_mfcc[10];pcm_fftMag_mfcc[11];pcm_fftMag_mfcc[12];pcm_fftMag_mfcc[13]
0;0.000000;-4.163934e-01;-5.402522e-01;8.795252e-01;-1.876433e+00;-9.180117e-01;-4.041913e-01;-2.947028e+00;-2.278571e+00;8.197489e-01;3.118852e+00;1.840613e-01;-4.953381e-01;-2.215629e+00;2.269371e+00
1;0.050000;1.979493e-01;-3.583546e-01;-6.419258e-01;-7.030602e-01;6.754279e-01;4.181526e-01;7.669544e-02;3.880978e-01;3.383083e-01;-5.253851e-01;1.375914e-02;9.699391e-01;5.243692e-01;2.788086e-01
2;0.100000;2.184441e-01;8.986075e-01;-2.375984e-01;2.579490e+00;2.425833e-01;-1.396155e-02;2.870332e+00;1.890475e+00;-1.158057e+00;-2.593467e+00;-1.978209e-01;-4.746007e-01;1.691258e+00;-2.548180e+00
