frameIndex;frameTime;pcm_fftMag_mfcc[0];pcm_fftMag_mfcc[1];pcm_fftMag_mfcc[2];pcm_fftMag_mfcc[3];pcm_fftMag_mfcc[4];pcm_fftMag_mfcc[5];pcm_fftMag_mfcc[6];pcm_fftMag_mfcc[7];pcm_fftMag_mfcc[8];pcm_fftMag_mfcc[9];pcm_fftMag_mfcc[10];pcm_fftMag_mfcc[11];pcm_fftMag_mfcc[12];pcm_fftMag_mfcc[13]
0;0.000000;-6.142642e+00;8.613346e+00;-3.166011e+00;6.275959e+00;2.214080e+00;2.286375e+00;6.684980e-01;-3.549503e+00;3.448775e+00;-1.912149e+00;2.197632e+00;4.596208e+00;-7.161798e-01;9.901199e-01
1;0.050000;-1.428035e+00;1.179157e+00;-6.420116e-01;1.368799e-01;-2.238434e+00;5.210781e-01;-2.220648e+00;-1.883476e+00;1.063735e+00;-2.748960e+00;2.361967e+00;1.811316e+00;-1.429040e+00;1.877525e+00
2;0.100000;2.176754e+00;-3.377178e+00;1.937410e+00;-4.221425e+00;-1.669083e+00;-2.401518e+00;-2.327358e+00;1.199381e-01;-2.412580e+00;-3.026133e-01;-1.096722e+00;-7.603645e-01;-2.008314e+00;1.560829e+00
3;0.150000;2.894172e+00;-3.644351e+00;1.469409e+00;-2.705914e+00;2.409992e-01;-1.631395e+00;3.704281e-01;2.248794e+00;-1.596322e+00;1.843949e+00;-1.389849e+00;-2.610615e+00;9.375105e-01;1.536560e-01
4;0.200000;2.499753e+00;-2.770976e+00;4.012029e-01;5.145006e-01;1.452427e+00;1.225462e+00;3.509079e+00;3.064247e+00;-5.036058e-01;3.119776e+00;-2.073028e+00;-3.036547e+00;3.216024e+00;-4.582085e+00
