frameIndex;frameTime;pcm_fftMag_mfcc[0];pcm_fftMag_mfcc[1];pcm_fftMag_mfcc[2];pcm_fftMag_mfcc[3];pcm_fftMag_mfcc[4];pcm_fftMag_mfcc[5];pcm_fftMag_mfcc[6];pcm_fftMag_mfcc[7];pcm_fftMag_mfcc[8];pcm_fftMag_mfcc[9];pcm_fftMag_mfcc[10];pcm_fftMag_mfcc[11];pcm_fftMag_mfcc[12];pcm_fftMag_mfcc[13]
0;0.000000;1.452279e-01;-2.625178e+00;-6.478091e+00;-7.534051e-01;2.336746e+00;-4.211117e+00;6.047200e+00;7.292835e+00;3.533644e+00;-2.702063e+00;1.613693e-01;-2.878459e+00;-2.992047e+00;4.808044e-02
1;0.050000;-1.710641e+00;-1.809653e+00;-3.333436e+00;-2.865986e+00;-1.119947e+00;-3.922132e+00;3.085590e+00;5.243950e+00;2.076954e+00;-5.759657e+00;2.272943e+00;8.987136e-01;-7.497301e-01;-1.492027e+00
2;0.100000;4.873486e-01;-1.610341e-01;-1.585074e+00;-1.842577e+00;-5.807877e-03;9.296761e-01;-2.765059e+00;3.257866e-01;4.662881e+00;-7.712345e+00;3.973530e+00;1.342720e+00;-1.989011e+00;-8.926697e-01
3;0.150000;2.178955e+00;6.881933e-01;2.897291e-01;-3.587050e-01;-1.588917e-01;1.262337e+00;-2.832439e+00;-2.516572e+00;-1.101857e+00;1.243318e+00;-1.536798e-01;-6.460953e-02;-1.916051e+00;9.238129e-01
4;0.200000;5.143900e-01;1.178963e+00;4.028687e+00;1.721225e+00;-1.634928e+00;1.946081e+00;-2.439304e+00;-5.446633e+00;-6.605787e+00;8.426067e+00;-3.727720e+00;-8.984427e-01;8.727140e-01;1.470657e+00
5;0.250000;-1.615283e+00;2.728709e+00;7.078186e+00;4.099450e+00;5.828228e-01;3.995153e+00;-1.095997e+00;-4.899367e+00;-2.565836e+00;6.504678e+00;-2.526447e+00;1.600077e+00;6.774127e+00;-5.786896e-02
