frameIndex;frameTime;pcm_fftMag_mfcc[0];pcm_fftMag_mfcc[1];pcm_fftMag_mfcc[2];pcm_fftMag_mfcc[3];pcm_fftMag_mfcc[4];pcm_fftMag_mfcc[5];pcm_fftMag_mfcc[6];pcm_fftMag_mfcc[7];pcm_fftMag_mfcc[8];pcm_fftMag_mfcc[9];pcm_fftMag_mfcc[10];pcm_fftMag_mfcc[11];pcm_fftMag_mfcc[12];pcm_fftMag_mfcc[13]
0;0.000000;-7.193637e-01;-1.544165e+00;6.486025e-01;-2.041285e-01;-1.635371e+00;-6.854143e+00;6.489148e-01;3.662501e+00;-2.522336e+00;-1.208049e-01;1.733066e+00;1.128463e+00;1.956558e+00;1.992401e+00
1;0.050000;7.193637e-01;1.544166e+00;-6.486030e-01;2.041286e-01;1.635371e+00;6.854142e+00;-6.489143e-01;-3.662501e+00;2.522336e+00;1.208049e-01;-1.733066e+00;-1.128463e+00;-1.956558e+00;-1.992401e+00
