frameIndex;frameTime;pcm_fftMag_mfcc[0];pcm_fftMag_mfcc[1];pcm_fftMag_mfcc[2];pcm_fftMag_mfcc[3];pcm_fftMag_mfcc[4];pcm_fftMag_mfcc[5];pcm_fftMag_mfcc[6];pcm_fftMag_mfcc[7];pcm_fftMag_mfcc[8];pcm_fftMag_mfcc[9];pcm_fftMag_mfcc[10];pcm_fftMag_mfcc[11];pcm_fftMag_mfcc[12];pcm_fftMag_mfcc[13]
0;0.000000;-3.091579e+00;-2.151952e+00;-2.220399e+00;-1.627967e+00;-4.443407e+00;2.627247e+00;3.683834e-01;8.362660e-01;4.081750e+00;-3.557286e+00;1.055552e+00;-2.664633e+00;-1.386369e+00;3.779335e+00
1;0.050000;1.349638e+00;3.167343e-02;3.526783e-01;7.296562e-01;-3.637886e-01;9.094682e-01;-1.522849e+00;3.684211e-01;7.126932e-01;-5.269065e-01;9.576435e-01;-1.363519e-01;3.510575e-01;-4.660797e-01
2;0.100000;1.741941e+00;2.120280e+00;1.867721e+00;8.983102e-01;4.807195e+00;-3.536716e+00;1.154466e+00;-1.204686e+00;-4.794444e+00;4.084191e+00;-2.013195e+00;2.800985e+00;1.035311e+00;-3.313255e+00
