frameIndex;frameTime;pcm_fftMag_mfcc[0];pcm_fftMag_mfcc[1];pcm_fftMag_mfcc[2];pcm_fftMag_mfcc[3];pcm_fftMag_mfcc[4];pcm_fftMag_mfcc[5];pcm_fftMag_mfcc[6];pcm_fftMag_mfcc[7];pcm_fftMag_mfcc[8];pcm_fftMag_mfcc[9];pcm_fftMag_mfcc[10];pcm_fftMag_mfcc[11];pcm_fftMag_mfcc[12];pcm_fftMag_mfcc[13]
0;0.000000;5.837374e-01;-3.675768e-01;4.159289e+00;3.385162e-02;-1.742649e+00;1.194439e-01;2.353191e-02;2.653086e+00;-1.758446e+00;1.207895e-01;-9.968319e-01;7.437199e-01;-2.633583e+00;3.899857e+00
1;0.050000;6.694260e-01;-2.728924e+00;-1.425202e+00;5.435743e-01;-1.434344e+00;5.209260e-01;-3.549099e-03;-2.913462e+00;-1.450151e-02;-7.219114e-01;-5.034813e+00;3.531880e+00;-2.187918e+00;-2.130127e-02
2;0.100000;-1.253162e+00;3.096501e+00;-2.734086e+00;-5.774240e-01;3.176992e+00;-6.403704e-01;-1.998186e-02;2.603769e-01;1.772948e+00;6.011219e-01;6.031642e+00;-4.275600e+00;4.821501e+00;-3.878548e+00
