frameIndex;frameTime;pcm_fftMag_mfcc[0];pcm_fftMag_mfcc[1];pcm_fftMag_mfcc[2];pcm_fftMag_mfcc[3];pcm_fftMag_mfcc[4];pcm_fftMag_mfcc[5];pcm_fftMag_mfcc[6];pcm_fftMag_mfcc[7];pcm_fftMag_mfcc[8];pcm_fftMag_mfcc[9];pcm_fftMag_mfcc[10];pcm_fftMag_mfcc[11];pcm_fftMag_mfcc[12];pcm_fftMag_mfcc[13]
0;0.000000;-3.315228e+00;2.927507e-01;3.500258e+00;-5.128975e+00;-4.648457e+00;5.485794e+00;-4.105623e+00;2.412029e+00;-4.583241e+00;-3.540049e-01;3.154143e-01;-8.140049e-01;1.867124e+00;2.978630e+00
1;0.050000;-1.120606e+00;-2.436062e+00;7.537575e-01;1.718948e+00;-4.235687e+00;1.381094e+00;-2.689040e+00;1.980154e+00;-9.283810e-01;-1.654754e+00;2.345307e-01;-7.075763e-01;-3.854334e-01;1.070999e+00
2;0.100000;1.698746e+00;-1.652064e+00;-1.210810e+00;3.774142e+00;-5.879011e-01;-1.277029e+00;5.700378e-01;9.753907e-01;1.916608e+00;-9.225951e-01;-2.793558e-01;-8.610859e-01;-8.715286e-01;-1.028152e+00
3;0.150000;2.737088e+00;3.795376e+00;-3.043206e+00;-3.641145e-01;9.472043e+00;-5.589858e+00;6.224626e+00;-5.367575e+00;3.595014e+00;2.931355e+00;-2.705891e-01;2.382667e+00;-6.101624e-01;-3.021484e+00
