frameIndex;frameTime;pcm_fftMag_mfcc[0];pcm_fftMag_mfcc[1];pcm_fftMag_mfcc[2];pcm_fftMag_mfcc[3];pcm_fftMag_mfcc[4];pcm_fftMag_mfcc[5];pcm_fftMag_mfcc[6];pcm_fftMag_mfcc[7];pcm_fftMag_mfcc[8];pcm_fftMag_mfcc[9];pcm_fftMag_mfcc[10];pcm_fftMag_mfcc[11];pcm_fftMag_mfcc[12];pcm_fftMag_mfcc[13]
0;0.000000;-6.774923e-01;-8.678552e+00;-2.124785e+00;-2.592524e+00;-1.491667e+00;-1.543374e+00;-3.209837e+00;6.089681e+00;-5.456916e+00;-1.951484e+00;-5.321444e+00;3.855658e-01;2.249133e+00;4.936699e+00
1;0.050000;7.050107e-01;-1.752041e+00;2.155680e+00;1.325673e+00;-4.837112e-01;-2.613818e+00;-2.158084e+00;2.354571e+00;-5.032164e+00;1.707035e+00;-9.384823e-01;9.500694e-02;-1.317840e-01;1.474106e+00
2;0.100000;5.827405e-01;4.561566e+00;1.612170e+00;1.956678e+00;-6.381772e-01;8.307842e-01;3.326056e+00;-4.568336e+00;7.265378e-01;2.038612e+00;2.836867e+00;-1.078045e+00;-4.140577e-01;-2.052010e+00
3;0.150000;-6.102589e-01;5.869026e+00;-1.643064e+00;-6.898279e-01;2.613555e+00;3.326408e+00;2.041866e+00;-3.875916e+00;9.762542e+00;-1.794163e+00;3.423058e+00;5.974731e-01;-1.703291e+00;-4.358765e+00
