frameIndex;frameTime;pcm_fftMag_mfcc[0];pcm_fftMag_mfcc[1];pcm_fftMag_mfcc[2];pcm_fftMag_mfcc[3];pcm_fftMag_mfcc[4];pcm_fftMag_mfcc[5];pcm_fftMag_mfcc[6];pcm_fftMag_mfcc[7];pcm_fftMag_mfcc[8];pcm_fftMag_mfcc[9];pcm_fftMag_mfcc[10];pcm_fftMag_mfcc[11];pcm_fftMag_mfcc[12];pcm_fftMag_mfcc[13]
0;0.000000;-5.795459e+00;1.577101e-01;1.969477e+00;1.099959e+01;2.915010e-01;-1.476486e+01;-6.392593e-01;-3.657093e+00;7.550173e+00;-4.840634e+00;-3.297657e+00;-4.117882e+00;-2.320280e-01;6.710052e-02
1;0.050000;-4.068060e+00;1.932383e+00;-2.930351e+00;8.623203e+00;4.612466e+00;-1.045522e+01;4.006706e+00;-4.879103e+00;2.726831e+00;-6.037835e+00;6.524966e-01;1.849266e+00;1.135489e+00;-6.458435e-01
2;0.100000;6.955004e-01;1.637302e+00;-2.193469e+00;3.949032e-01;6.656132e-01;-2.459761e+00;4.181843e+00;-4.085339e+00;-6.726346e-01;-4.229509e+00;2.674300e+00;1.267438e+00;1.405386e+00;8.068085e-02
3;0.150000;4.252262e+00;-8.784208e-01;1.818876e+00;-7.930241e+00;-3.620577e+00;1.093469e+01;-2.446163e+00;4.003625e+00;-5.332533e+00;4.606219e+00;1.979193e+00;-5.079944e-01;3.918362e-01;4.316788e-01
4;0.200000;4.915759e+00;-2.848974e+00;1.335466e+00;-1.208745e+01;-1.949008e+00;1.674515e+01;-5.103127e+00;8.617913e+00;-4.271836e+00;1.050176e+01;-2.008332e+00;1.509173e+00;-2.700684e+00;6.642151e-02
