frameIndex;frameTime;pcm_fftMag_mfcc[0];pcm_fftMag_mfcc[1];pcm_fftMag_mfcc[2];pcm_fftMag_mfcc[3];pcm_fftMag_mfcc[4];pcm_fftMag_mfcc[5];pcm_fftMag_mfcc[6];pcm_fftMag_mfcc[7];pcm_fftMag_mfcc[8];pcm_fftMag_mfcc[9];pcm_fftMag_mfcc[10];pcm_fftMag_mfcc[11];pcm_fftMag_mfcc[12];pcm_fftMag_mfcc[13]
0;0.000000;-4.741729e+00;-3.402005e+00;-5.174501e+00;-4.518303e+00;2.023597e+00;1.370597e+00;2.259609e+00;-1.328196e+00;5.149937e-01;-1.593037e+00;-7.727957e+00;1.156956e+00;-9.381800e-01;4.449928e+00
1;0.050000;-2.649906e+00;-1.920285e+00;-4.467095e+00;-3.522942e+00;4.764708e+00;2.202888e+00;4.341147e+00;4.058309e-01;1.874039e+00;-2.692547e-01;-2.871738e+00;6.024432e-01;-3.835001e+00;2.501572e+00
2;0.100000;6.715508e-01;1.428659e+00;-8.847342e-01;-1.971386e+00;2.778273e+00;3.757782e-01;2.510796e-01;-8.543694e-01;4.570360e-01;4.805665e-01;2.357702e-01;1.243103e+00;-1.676103e+00;5.307236e-01
3;0.150000;2.902796e+00;1.727280e+00;3.426283e+00;2.208687e+00;-3.446235e+00;-2.260217e+00;-2.658423e+00;-6.020308e-02;-2.270715e+00;7.808918e-01;3.282991e+00;-6.432853e-01;1.391968e+00;-1.880363e+00
4;0.200000;3.817291e+00;2.166350e+00;7.100048e+00;7.803942e+00;-6.120343e+00;-1.689050e+00;-4.193410e+00;1.836939e+00;-5.753508e-01;6.008337e-01;7.080932e+00;-2.359215e+00;5.057317e+00;-5.601830e+00
