frameIndex;frameTime;pcm_fftMag_mfcc[0];pcm_fftMag_mfcc[1];pcm_fftMag_mfcc[2];pcm_fftMag_mfcc[3];pcm_fftMag_mfcc[4];pcm_fftMag_mfcc[5];pcm_fftMag_mfcc[6];pcm_fftMag_mfcc[7];pcm_fftMag_mfcc[8];pcm_fftMag_mfcc[9];pcm_fftMag_mfcc[10];pcm_fftMag_mfcc[11];pcm_fftMag_mfcc[12];pcm_fftMag_mfcc[13]
0;0.000000;-1.245537e+00;-3.038029e+00;-4.518922e+00;-4.681830e+00;-4.040177e+00;-6.255902e+00;-8.289733e-01;-1.386121e+00;-1.025406e+01;5.177632e+00;-1.587044e+00;-6.254988e+00;-4.054576e+00;4.276199e-01
1;0.050000;-1.569246e+00;5.110393e-02;-3.840828e-01;-4.500801e+00;-9.570169e-01;-6.357927e-01;2.784530e+00;1.622604e+00;-4.719191e+00;2.658521e+00;2.100485e+00;-7.989450e-01;-1.798717e+00;2.645828e+00
2;0.100000;-3.231521e-01;1.515000e+00;1.329878e+00;-3.197612e+00;2.376749e+00;1.075049e+00;8.270104e-01;2.277201e+00;-6.925201e-01;-1.160897e+00;1.327126e+00;2.190746e+00;2.321064e-01;2.302017e+00
3;0.150000;9.031191e-01;1.089688e+00;2.471420e+00;8.313751e-01;2.743906e+00;1.580190e+00;-1.457204e+00;1.374841e+00;3.436644e+00;-3.704873e+00;-1.029911e+00;3.630708e+00;2.325484e+00;-9.611435e-01
4;0.200000;2.234815e+00;3.822373e-01;1.101704e+00;1.154887e+01;-1.234617e-01;4.236453e+00;-1.325364e+00;-3.888525e+00;1.222914e+01;-2.970380e+00;-8.106561e-01;1.232481e+00;3.295703e+00;-4.414291e+00
