frameIndex;frameTime;pcm_fftMag_mfcc[0];pcm_fftMag_mfcc[1];pcm_fftMag_mfcc[2];pcm_fftMag_mfcc[3];pcm_fftMag_mfcc[4];pcm_fftMag_mfcc[5];pcm_fftMag_mfcc[6];pcm_fftMag_mfcc[7];pcm_fftMag_mfcc[8];pcm_fftMag_mfcc[9];pcm_fftMag_mfcc[10];pcm_fftMag_mfcc[11];pcm_fftMag_mfcc[12];pcm_fftMag_mfcc[13]
0;0.000000;9.986644e-01;-5.360379e-01;1.468110e+00;5.369559e+00;9.017160e+00;-1.666071e+00;-8.742743e+00;-5.957242e+00;-1.130138e+01;7.621576e+00;-4.131033e+00;-6.870840e+00;7.636955e-01;-2.972130e+00
1;0.050000;-2.924111e+00;2.426771e+00;5.965127e+00;2.792020e+00;1.227089e+00;-3.117910e+00;-4.142087e+00;-4.867639e+00;-1.090507e+01;3.214186e+00;1.108838e+00;-6.047301e+00;-7.273855e-01;-1.018906e-01
2;0.100000;-2.994368e+00;1.063913e+00;3.400422e+00;-2.703338e+00;-3.129329e+00;-2.390142e+00;-5.377469e-01;-2.154007e-01;-6.633258e+00;2.121543e+00;7.096539e-01;-2.340582e+00;-1.656744e+00;3.166191e+00
3;0.150000;-2.126417e-01;-1.369789e+00;6.509702e-01;-3.865880e+00;-4.774195e+00;-7.526684e-01;3.411873e+00;3.383685e+00;-1.804357e+00;-8.642807e-01;2.041426e-01;2.430629e+00;-1.213050e+00;3.954041e+00
4;0.200000;2.675923e+00;-2.751363e+00;-3.103065e+00;-1.218778e+00;-4.373742e+00;9.016895e-01;6.310510e+00;1.932351e+00;7.081733e+00;-5.590863e+00;4.447279e-01;3.573542e+00;-4.040799e-01;2.011299e+00
5;0.250000;2.377675e+00;-5.326736e-01;-5.459590e+00;-2.218860e-02;-4.106693e-01;1.889862e+00;5.086711e+00;2.145720e+00;1.226588e+01;-6.025618e+00;-8.042498e-01;4.149204e+00;8.634181e-01;-1.294922e+00
6;0.300000;7.886028e-02;1.699178e+00;-2.921973e+00;-3.513944e-01;2.443683e+00;5.135249e+00;-1.386521e+00;3.578525e+00;1.129645e+01;-4.765439e-01;2.467920e+00;5.105348e+00;2.374147e+00;-4.762634e+00
