frameIndex;frameTime;pcm_fftMag_mfcc[0];pcm_fftMag_mfcc[1];pcm_fftMag_mfcc[2];pcm_fftMag_mfcc[3];pcm_fftMag_mfcc[4];pcm_fftMag_mfcc[5];pcm_fftMag_mfcc[6];pcm_fftMag_mfcc[7];pcm_fftMag_mfcc[8];pcm_fftMag_mfcc[9];pcm_fftMag_mfcc[10];pcm_fftMag_mfcc[11];pcm_fftMag_mfcc[12];pcm_fftMag_mfcc[13]
0;0.000000;-3.429529e+00;4.018463e+00;-7.084775e+00;-7.075706e-01;-1.118803e+01;-7.070873e+00;-3.939477e+00;-2.931959e+00;3.800506e+00;-4.944342e+00;4.826685e+00;-1.915487e+00;2.245474e+00;8.178734e+00
1;0.050000;-4.917803e-01;-5.060430e-01;1.279590e-01;-4.822007e+00;-6.252818e+00;-6.503774e+00;-2.775856e+00;1.354270e-01;-2.636702e+00;1.084159e+00;-1.200125e+00;2.179050e+00;-3.069048e+00;5.511719e+00
2;0.100000;6.167059e-01;-3.786030e-01;3.421712e+00;-2.893402e+00;-1.873500e+00;-1.506239e+00;-9.668946e-01;1.013966e+00;-4.340253e+00;3.587229e+00;-2.750970e+00;1.446181e+00;-3.542668e+00;9.051590e-01
3;0.150000;1.311406e+00;-3.896413e-01;3.076377e+00;2.271789e+00;6.016494e+00;5.012422e+00;1.515797e+00;7.383108e-02;-7.583556e-01;1.976523e+00;-1.363022e+00;-9.904318e-01;-4.115667e-01;-4.867958e+00
4;0.200000;1.993196e+00;-2.744177e+00;4.587274e-01;6.151189e+00;1.329786e+01;1.006846e+01;6.166428e+00;1.708736e+00;3.934806e+00;-1.703570e+00;4.874344e-01;-7.193117e-01;4.777812e+00;-9.727638e+00
