frameIndex;frameTime;pcm_fftMag_mfcc[0];pcm_fftMag_mfcc[1];pcm_fftMag_mfcc[2];pcm_fftMag_mfcc[3];pcm_fftMag_mfcc[4];pcm_fftMag_mfcc[5];pcm_fftMag_mfcc[6];pcm_fftMag_mfcc[7];pcm_fftMag_mfcc[8];pcm_fftMag_mfcc[9];pcm_fftMag_mfcc[10];pcm_fftMag_mfcc[11];pcm_fftMag_mfcc[12];pcm_fftMag_mfcc[13]
0;0.000000;9.469695e-01;-9.721203e+00;-7.851097e+00;-3.735184e+00;5.119456e+00;2.008820e-02;-1.759917e+00;2.286242e+00;-3.506942e+00;-3.218922e+00;-4.779773e+00;-9.846697e+00;2.375151e+00;6.245720e+00
1;0.050000;4.661360e-01;-7.242408e+00;-6.693437e+00;-4.379228e+00;3.309791e+00;-4.982958e-01;2.565723e+00;-1.905270e-01;-4.887802e+00;-4.331703e-01;-1.278298e+00;-7.024107e+00;1.621064e+00;6.043633e+00
2;0.100000;4.534264e-01;-2.473525e+00;-4.435838e+00;-4.642730e+00;2.505654e-01;-1.261783e+00;7.648065e+00;-1.264129e+00;-6.206987e+00;2.498613e+00;1.530065e+00;-3.696462e+00;-3.926911e-01;3.955437e+00
3;0.150000;4.550772e-01;2.815022e+00;-1.427843e+00;-2.889173e+00;-3.870438e+00;-3.671462e+00;7.401143e+00;-1.197704e+00;-5.185924e+00;2.386814e+00;1.444919e+00;-2.073140e-01;-3.068332e+00;7.157364e-01
4;0.200000;2.559519e-01;5.216630e+00;2.482822e+00;1.363182e+00;-3.368446e+00;-3.805619e+00;2.098407e-01;-4.773184e+00;-4.379263e-01;1.006489e+00;5.645881e-01;5.328896e+00;-2.058847e+00;-1.866478e+00
5;0.250000;-4.956770e-01;4.299195e+00;6.255739e+00;4.546378e+00;-1.521989e+00;-1.780159e+00;-6.001892e+00;-4.915411e+00;2.529477e+00;6.388197e-01;1.932678e-01;7.726229e+00;1.361780e-01;-3.331619e+00
6;0.300000;8.811665e-02;2.724385e+00;4.702254e+00;2.394488e+00;-2.488532e+00;2.461651e+00;-4.081016e+00;1.740185e+00;5.439544e+00;3.732653e-01;2.843876e-01;4.674042e+00;1.887717e-01;-3.045113e+00
7;0.350000;-3.530645e-02;2.244117e+00;3.713141e+00;2.571785e+00;2.725589e-01;4.572902e+00;-3.578428e+00;4.626356e+00;6.236020e+00;-8.799400e-01;7.258916e-01;1.789861e+00;5.557466e-01;-3.344818e+00
8;0.400000;-2.134698e+00;2.137787e+00;3.254258e+00;4.770483e+00;2.297035e+00;3.962681e+00;-2.403519e+00;3.688169e+00;6.020542e+00;-2.371967e+00;1.314949e+00;1.255555e+00;6.429634e-01;-5.372467e+00
