frameIndex;frameTime;pcm_fftMag_mfcc[0];pcm_fftMag_mfcc[1];pcm_fftMag_mfcc[2];pcm_fftMag_mfcc[3];pcm_fftMag_mfcc[4];pcm_fftMag_mfcc[5];pcm_fftMag_mfcc[6];pcm_fftMag_mfcc[7];pcm_fftMag_mfcc[8];pcm_fftMag_mfcc[9];pcm_fftMag_mfcc[10];pcm_fftMag_mfcc[11];pcm_fftMag_mfcc[12];pcm_fftMag_mfcc[13]
0;0.000000;-7.749756e+00;3.710329e+00;-3.742576e-01;-4.222670e+00;-1.968147e+01;-9.255526e+00;-2.988338e+00;-3.312118e+00;-6.346141e+00;-3.460710e+00;-1.150528e+00;-6.037408e+00;2.372823e+00;-3.474571e+00
1;0.100000;-9.177488e+00;-1.185031e-01;-2.576317e+00;-2.725396e+00;-7.097903e+00;-3.193806e+00;-4.178140e+00;-1.617719e+00;-6.049018e+00;-6.481895e+00;-2.408723e+00;-3.679972e+00;1.137426e+00;-6.420898e-01
2;0.200000;-6.105898e+00;-2.967060e+00;-3.967589e+00;-7.681541e-01;-8.275877e-01;2.553042e+00;-3.463186e+00;-7.414632e-01;-4.325742e+00;-5.373474e+00;-2.638627e-01;1.848597e+00;4.500964e+00;1.068123e+00
3;0.300000;9.149628e-01;-2.671420e+00;-9.445572e-01;1.167243e+00;3.522945e+00;6.278227e+00;-1.137189e+00;1.074430e+00;-2.719116e-01;-1.416834e+00;4.632260e-01;2.916547e+00;2.034912e+00;2.114716e-01
4;0.400000;3.694957e+00;1.203830e+00;2.402384e+00;1.486480e+00;1.096667e+01;8.331995e-01;3.280596e+00;1.074380e+00;3.624208e+00;4.103384e+00;4.933252e-01;5.575920e-01;-4.511196e+00;2.139755e+00
5;0.500000;4.412039e+00;1.864393e+00;2.247472e+00;2.141911e+00;1.092497e+01;4.965382e-01;4.024334e+00;1.425781e+00;3.620678e+00;5.645837e+00;1.451321e+00;-1.631842e-01;-4.681959e+00;3.689476e+00
6;0.600000;6.507747e+00;1.595492e+00;8.162068e-01;3.687658e-01;7.553591e+00;5.416670e-01;4.271657e+00;9.275708e-01;3.491060e+00;5.273115e+00;1.308344e+00;1.491735e+00;-2.659787e+00;1.129005e+00
7;0.700000;7.503432e+00;-2.617061e+00;2.396658e+00;2.551824e+00;-5.361211e+00;1.746658e+00;1.902618e-01;1.169134e+00;6.256864e+00;1.710579e+00;1.068977e-01;3.066095e+00;1.806815e+00;-4.121117e+00
