frameIndex;frameTime;pcm_fftMag_mfcc[0];pcm_fftMag_mfcc[1];pcm_fftMag_mfcc[2];pcm_fftMag_mfcc[3];pcm_fftMag_mfcc[4];pcm_fftMag_mfcc[5];pcm_fftMag_mfcc[6];pcm_fftMag_mfcc[7];pcm_fftMag_mfcc[8];pcm_fftMag_mfcc[9];pcm_fftMag_mfcc[10];pcm_fftMag_mfcc[11];pcm_fftMag_mfcc[12];pcm_fftMag_mfcc[13]
0;0.000000;1.049141e+00;-2.356663e-01;-3.817925e+00;-7.590468e+00;6.066984e+00;1.129477e+00;4.064501e+00;2.918508e+00;4.493148e+00;6.851978e+00;-4.796200e+00;-4.180603e-01;1.788824e+00;-2.076469e+00
1;0.100000;1.835428e+00;-1.868392e+00;-1.624746e+00;-2.533877e+00;8.570042e-01;2.995677e-01;1.024324e+00;4.164726e+00;1.816853e+00;1.075388e+00;-1.736476e+00;-2.154890e+00;-1.039405e-01;5.785751e-01
2;0.200000;4.873552e-01;-9.154673e-01;-2.351179e-01;1.160186e+00;-1.642225e+00;-2.161299e+00;-2.086792e-01;2.231869e+00;-3.003845e-01;-3.449735e+00;-4.609361e-01;-1.796389e+00;-1.587873e+00;6.907425e-01
3;0.300000;-6.037884e-01;1.430418e+00;1.471031e+00;4.221989e+00;-1.108446e+00;-1.248975e+00;-1.311962e+00;-2.549307e+00;-2.281472e+00;-2.116718e+00;2.191710e+00;2.027568e+00;-2.747955e-01;-2.628326e-02
4;0.400000;-2.768134e+00;1.589105e+00;4.206758e+00;4.742171e+00;-4.173313e+00;1.981231e+00;-3.568171e+00;-6.765795e+00;-3.728147e+00;-2.360913e+00;4.801904e+00;2.341772e+00;1.777825e-01;8.334274e-01
