frameIndex;frameTime;pcm_fftMag_mfcc[0];pcm_fftMag_mfcc[1];pcm_fftMag_mfcc[2];pcm_fftMag_mfcc[3];pcm_fftMag_mfcc[4];pcm_fftMag_mfcc[5];pcm_fftMag_mfcc[6];pcm_fftMag_mfcc[7];pcm_fftMag_mfcc[8];pcm_fftMag_mfcc[9];pcm_fftMag_mfcc[10];pcm_fftMag_mfcc[11];pcm_fftMag_mfcc[12];pcm_fftMag_mfcc[13]
0;0.000000;3.819542e+00;-9.163462e+00;4.185803e+00;-6.711391e+00;5.134716e-01;1.100645e-01;-8.719348e-01;1.088101e+01;-1.357991e+00;4.701877e+00;1.158259e+00;2.461760e+00;-2.567535e+00;2.947037e+00
1;0.100000;2.813082e-01;-3.402029e+00;2.988135e+00;-3.432450e+00;-5.090754e+00;-5.178806e+00;9.551961e-01;2.043470e+00;5.731525e-01;2.526689e-01;3.401380e+00;7.176270e-01;-2.207473e+00;2.777184e+00
2;0.200000;-4.361740e+00;4.018234e+00;1.975936e+00;2.188672e+00;-6.487629e+00;-3.537827e+00;2.871608e+00;-3.097892e+00;1.561171e+00;6.782265e-01;4.333193e+00;2.382662e+00;-1.086384e+00;4.082115e+00
3;0.300000;-7.961849e+00;8.973038e+00;-3.802347e-01;4.703872e+00;-3.653589e+00;-3.418936e+00;4.642053e+00;-4.939472e+00;3.139658e+00;2.398222e+00;2.748154e+00;3.182929e+00;-7.946177e-01;2.507957e+00
4;0.400000;-8.750145e+00;1.005152e+01;-4.280153e+00;5.406751e+00;4.297564e+00;-1.552860e+00;2.159014e+00;-6.977330e+00;3.582875e+00;1.425507e+00;-3.305797e+00;-1.294547e+00;-1.169404e+00;2.487946e-01
5;0.500000;-5.399275e+00;5.712205e+00;-6.083830e+00;-4.324536e-01;3.171911e+00;7.332897e-01;8.152278e-01;-7.185651e+00;2.613670e+00;-1.199305e+00;-5.692749e+00;-4.080666e+00;3.060570e-01;-7.729416e-01
6;0.600000;2.909375e+00;8.622454e-01;-7.528477e+00;-4.842999e+00;2.595112e+00;2.977241e+00;-2.629743e-01;-4.408119e+00;8.163986e-01;-2.342113e+00;-3.551101e+00;-1.724381e+00;4.356724e+00;-3.961090e+00
7;0.700000;1.070128e+01;-7.480489e+00;4.544573e-01;-4.658904e-01;1.875912e+00;4.746218e+00;-3.793646e+00;4.349370e+00;-5.209314e+00;-3.464449e+00;2.683909e-01;-1.248274e+00;3.156764e+00;-4.980034e+00
8;0.800000;8.761507e+00;-9.571266e+00;8.668360e+00;3.585889e+00;2.778000e+00;5.121616e+00;-6.514543e+00;9.334622e+00;-5.719622e+00;-2.450636e+00;6.402686e-01;-3.971086e-01;5.865097e-03;-2.849106e+00
