frameIndex;frameTime;pcm_fftMag_mfcc[0];pcm_fftMag_mfcc[1];pcm_fftMag_mfcc[2];pcm_fftMag_mfcc[3];pcm_fftMag_mfcc[4];pcm_fftMag_mfcc[5];pcm_fftMag_mfcc[6];pcm_fftMag_mfcc[7];pcm_fftMag_mfcc[8];pcm_fftMag_mfcc[9];pcm_fftMag_mfcc[10];pcm_fftMag_mfcc[11];pcm_fftMag_mfcc[12];pcm_fftMag_mfcc[13]
0;0.000000;-1.347568e+00;-2.543135e+00;1.040478e+00;4.514800e+00;-2.028542e-01;-8.101599e+00;8.257008e-01;1.696067e+00;-7.599621e-01;1.992269e+00;-2.610395e+00;-1.751709e+00;2.630826e+00;6.250839e-01
1;0.100000;1.347568e+00;2.543135e+00;-1.040478e+00;-4.514800e+00;2.028542e-01;8.101599e+00;-8.257008e-01;-1.696067e+00;7.599630e-01;-1.992268e+00;2.610395e+00;1.751709e+00;-2.630826e+00;-6.250839e-01
