frameIndex;frameTime;pcm_fftMag_mfcc[0];pcm_fftMag_mfcc[1];pcm_fftMag_mfcc[2];pcm_fftMag_mfcc[3];pcm_fftMag_mfcc[4];pcm_fftMag_mfcc[5];pcm_fftMag_mfcc[6];pcm_fftMag_mfcc[7];pcm_fftMag_mfcc[8];pcm_fftMag_mfcc[9];pcm_fftMag_mfcc[10];pcm_fftMag_mfcc[11];pcm_fftMag_mfcc[12];pcm_fftMag_mfcc[13]
0;0.000000;-3.092849e+00;-7.543868e-01;6.356621e-01;-3.779536e+00;3.580271e+00;1.148801e+00;-6.586761e-01;-8.674755e-01;-3.414636e+00;4.038896e+00;-1.574626e+00;2.323540e+00;3.072120e+00;3.684441e+00
1;0.020000;-6.877419e-01;-1.838455e+00;-4.380989e-01;-2.171515e+00;1.023905e+00;4.006070e+00;-2.288494e+00;1.627919e+00;-3.460608e-01;3.227193e+00;-4.678230e-01;4.156656e-01;1.760375e+00;1.914398e+00
2;0.040000;-2.187290e-01;-2.057379e+00;-2.874022e-01;-2.341006e+00;-1.267033e+00;2.909750e+00;-2.727339e+00;1.909783e+00;1.268856e+00;1.756294e+00;-6.032104e-01;-5.852208e-01;-1.701469e-01;6.402206e-01
3;0.060000;5.355809e-01;-4.015856e-01;-1.188536e-01;7.079668e-01;-1.813338e+00;-1.198301e+00;3.629112e-01;6.363308e-01;1.617748e+00;-2.959286e+00;-6.174412e-01;-1.130149e+00;-1.927116e+00;-5.805359e-01
4;0.080000;1.494755e+00;2.258880e+00;-2.484827e-01;3.391858e+00;-1.614323e-01;-3.828855e+00;2.180618e+00;-1.822131e-01;5.329347e-01;-3.566615e+00;1.495258e+00;-1.273311e+00;-2.478193e+00;-2.013603e+00
5;0.100000;1.968983e+00;2.792926e+00;4.571772e-01;4.192239e+00;-1.362372e+00;-3.037468e+00;3.130980e+00;-3.124344e+00;3.411572e-01;-2.496480e+00;1.767838e+00;2.494774e-01;-2.570398e-01;-3.644958e+00
