frameIndex;frameTime;pcm_fftMag_mfcc[0];pcm_fftMag_mfcc[1];pcm_fftMag_mfcc[2];pcm_fftMag_mfcc[3];pcm_fftMag_mfcc[4];pcm_fftMag_mfcc[5];pcm_fftMag_mfcc[6];pcm_fftMag_mfcc[7];pcm_fftMag_mfcc[8];pcm_fftMag_mfcc[9];pcm_fftMag_mfcc[10];pcm_fftMag_mfcc[11];pcm_fftMag_mfcc[12];pcm_fftMag_mfcc[13]
0;0.000000;3.354816e-01;-2.590370e-02;2.881614e+00;-1.283190e+00;-2.917355e+00;1.562769e+00;-5.282383e+00;-2.680654e+00;-1.192509e+00;-1.226959e+00;2.910707e+00;-2.800565e+00;-2.528104e+00;5.710999e+00
1;0.020000;8.600750e-01;-2.088940e-01;-2.169275e-02;-6.206355e-01;1.386738e-01;-6.025887e-02;-3.072329e-01;-4.286273e-01;3.511171e-01;1.933228e+00;5.681539e-01;3.833747e-01;5.507153e-01;2.037949e+00
2;0.040000;-6.092243e-01;-5.727043e-01;-1.949043e+00;-2.329879e-01;4.230137e-01;-7.466145e-01;1.737987e+00;7.140114e-01;3.273764e-01;-1.845446e-01;-2.375484e+00;1.310518e+00;2.111636e+00;-1.849197e+00
3;0.060000;-5.863342e-01;8.075027e-01;-9.108787e-01;2.136813e+00;2.355663e+00;-7.558947e-01;3.851629e+00;2.395269e+00;5.140133e-01;-5.217228e-01;-1.103377e+00;1.106673e+00;-1.342474e-01;-5.899757e+00
