frameIndex;frameTime;pcm_fftMag_mfcc[0];pcm_fftMag_mfcc[1];pcm_fftMag_mfcc[2];pcm_fftMag_mfcc[3];pcm_fftMag_mfcc[4];pcm_fftMag_mfcc[5];pcm_fftMag_mfcc[6];pcm_fftMag_mfcc[7];pcm_fftMag_mfcc[8];pcm_fftMag_mfcc[9];pcm_fftMag_mfcc[10];pcm_fftMag_mfcc[11];pcm_fftMag_mfcc[12];pcm_fftMag_mfcc[13]
0;0.000000;-1.809177e+00;-2.293571e+00;-2.076788e-01;-6.401114e+00;-5.162359e+00;-1.954957e+00;-3.341180e+00;-2.667208e+00;-2.607269e+00;-1.538682e+00;1.367322e+00;1.817123e+00;1.688328e-01;7.519699e+00
1;0.020000;-1.230181e+00;-1.718707e+00;2.008452e+00;-3.364041e+00;-1.487702e+00;-6.786385e-01;-1.544772e+00;-5.965538e-01;-2.337689e-01;-1.229061e+00;-5.183017e-02;1.843686e+00;1.282416e+00;4.318253e+00
2;0.040000;-5.126953e-02;-8.585339e-01;9.120359e-01;-6.439533e-01;8.492446e-01;2.783853e-01;1.965109e+00;2.516912e+00;1.110747e+00;4.933684e-01;-3.994679e-01;-5.720267e-01;-7.782936e-03;1.255882e+00
3;0.060000;6.773148e-01;3.621807e-01;4.485445e-01;2.127954e+00;1.231697e+00;8.303573e-01;3.987155e-01;3.179951e-01;9.020634e-01;1.403558e+00;8.958720e-01;-1.148462e-02;-6.275415e-02;-1.641205e+00
4;0.080000;7.617140e-01;1.144254e+00;-7.062340e-01;3.875090e+00;2.091731e+00;1.081323e+00;1.383020e+00;-5.328383e-01;5.041785e-01;2.020394e+00;-1.363226e-01;-3.890457e-01;-3.462594e-01;-4.575455e+00
5;0.100000;1.651595e+00;3.364374e+00;-2.455125e+00;4.406065e+00;2.477390e+00;4.435295e-01;1.139107e+00;9.616933e-01;3.240438e-01;-1.149577e+00;-1.675573e+00;-2.688251e+00;-1.034452e+00;-6.877197e+00
