frameIndex;frameTime;pcm_fftMag_mfcc[0];pcm_fftMag_mfcc[1];pcm_fftMag_mfcc[2];pcm_fftMag_mfcc[3];pcm_fftMag_mfcc[4];pcm_fftMag_mfcc[5];pcm_fftMag_mfcc[6];pcm_fftMag_mfcc[7];pcm_fftMag_mfcc[8];pcm_fftMag_mfcc[9];pcm_fftMag_mfcc[10];pcm_fftMag_mfcc[11];pcm_fftMag_mfcc[12];pcm_fftMag_mfcc[13]
0;0.000000;5.879409e+00;-8.249398e+00;-2.975613e+00;-1.521230e+01;-1.899101e+00;5.751362e+00;-1.521683e-02;-3.651545e-01;-9.655020e+00;-4.092493e-01;-2.002782e+00;4.096272e+00;9.567738e-03;4.806580e+00
1;0.020000;4.073449e+00;-4.569128e+00;1.655039e+00;-1.508014e+01;-3.163264e+00;4.710445e-01;-2.167897e+00;3.369673e+00;-6.132130e+00;9.450436e-01;-7.703551e+00;2.818465e+00;-2.268178e+00;2.161392e+00
2;0.040000;2.826610e-01;-1.484003e+00;6.923724e+00;-1.030290e+01;-1.781440e+00;-5.853169e+00;-6.800080e+00;1.045104e+00;-3.233494e+00;-6.639519e-01;-8.293826e+00;1.964455e-01;-3.485562e+00;2.075958e-02
3;0.060000;-8.824725e-01;2.563032e+00;1.118049e+01;-2.816732e+00;4.490600e+00;-2.679895e+00;-4.857930e+00;-2.342339e-01;-1.501522e+00;-6.295490e-01;-5.330718e+00;2.716881e+00;1.487367e+00;-2.249908e+00
4;0.080000;-1.375664e+00;6.259079e+00;1.001927e+01;1.202192e+00;4.204985e+00;-3.136663e-01;-4.693870e+00;-4.898902e+00;-3.898546e+00;-3.090675e+00;-4.658053e+00;-1.135588e+00;2.445196e+00;-5.373116e+00
5;0.100000;-1.508251e+00;4.643126e+00;-3.728387e+00;1.311747e+01;1.550772e+00;-6.879015e-01;1.603591e+00;-3.218523e+00;1.085423e+00;-3.230655e+00;2.654394e+00;-8.174923e+00;-2.683991e+00;-3.446274e+00
6;0.120000;-2.688573e+00;1.181519e+00;-1.051970e+01;1.521579e+01;-1.178023e+00;1.481082e+00;7.694655e+00;6.792059e-01;9.547694e+00;1.101883e+00;9.869918e+00;-2.993523e+00;-1.560335e-01;1.764030e+00
7;0.140000;-3.780559e+00;-3.442299e-01;-1.255482e+01;1.387664e+01;-2.224526e+00;1.831142e+00;9.236762e+00;3.622830e+00;1.378759e+01;5.977155e+00;1.546461e+01;2.475964e+00;4.651630e+00;2.316544e+00
