frameIndex;frameTime;pcm_fftMag_mfcc[0];pcm_fftMag_mfcc[1];pcm_fftMag_mfcc[2];pcm_fftMag_mfcc[3];pcm_fftMag_mfcc[4];pcm_fftMag_mfcc[5];pcm_fftMag_mfcc[6];pcm_fftMag_mfcc[7];pcm_fftMag_mfcc[8];pcm_fftMag_mfcc[9];pcm_fftMag_mfcc[10];pcm_fftMag_mfcc[11];pcm_fftMag_mfcc[12];pcm_fftMag_mfcc[13]
0;0.000000;6.081634e+00;-3.310136e+00;-7.335093e+00;-8.536030e+00;-3.531400e+00;8.312564e-01;1.137436e+00;1.203053e+00;3.328846e+00;4.877477e+00;2.139827e+00;2.317428e+00;-1.515612e+00;3.383865e+00
1;0.020000;1.277382e-01;2.070637e+00;4.347134e-01;-2.146070e+00;-7.313414e-01;1.153214e+00;2.527440e+00;1.119351e-01;2.087952e+00;4.033239e+00;8.364630e-01;-9.518056e-01;-2.482379e+00;-3.322830e-01
2;0.040000;-2.594746e+00;2.848859e+00;4.927767e+00;4.616736e+00;1.572186e+00;-5.815325e-01;-1.341093e+00;-1.979845e+00;-2.404028e+00;-1.730746e+00;-1.705651e+00;-1.287782e+00;1.667552e+00;-1.521385e+00
3;0.060000;-3.614627e+00;-1.609362e+00;1.972612e+00;6.065362e+00;2.690556e+00;-1.402938e+00;-2.323783e+00;6.648564e-01;-3.012770e+00;-7.179969e+00;-1.270639e+00;-7.784033e-02;2.330440e+00;-1.530212e+00
