frameIndex;frameTime;pcm_fftMag_mfcc[0];pcm_fftMag_mfcc[1];pcm_fftMag_mfcc[2];pcm_fftMag_mfcc[3];pcm_fftMag_mfcc[4];pcm_fftMag_mfcc[5];pcm_fftMag_mfcc[6];pcm_fftMag_mfcc[7];pcm_fftMag_mfcc[8];pcm_fftMag_mfcc[9];pcm_fftMag_mfcc[10];pcm_fftMag_mfcc[11];pcm_fftMag_mfcc[12];pcm_fftMag_mfcc[13]
0;0.000000;-6.262475e+00;1.209744e+00;4.659573e+00;-1.034958e+01;-4.929468e+00;-4.797261e+00;-1.658402e+00;3.184887e+00;-6.044971e+00;-9.614830e+00;1.486495e+00;1.424154e+00;-9.577007e-01;8.401596e+00
1;0.020000;-4.808485e+00;-5.767388e-01;5.218705e+00;-6.844991e+00;-8.671244e+00;-8.614024e+00;-2.958437e+00;5.933855e+00;-6.345666e+00;-6.878544e+00;2.184671e+00;1.969369e+00;-1.929074e+00;6.794075e+00
2;0.040000;-1.634568e+00;-3.145205e+00;1.462430e+00;-2.487784e+00;-7.805967e+00;-1.188460e+01;-5.372784e+00;4.532644e+00;-7.351628e+00;4.222277e-01;2.094531e-01;-2.335701e-01;-3.233439e+00;4.460144e+00
3;0.060000;1.543283e+00;-3.365240e+00;-1.847310e+00;1.418375e+00;-5.282110e+00;-8.459064e+00;-5.114382e+00;1.003864e-01;-3.899003e+00;5.046595e+00;-2.723253e+00;-2.235169e+00;-1.677626e+00;2.481026e+00
4;0.080000;3.518022e+00;-1.262229e+00;-3.729175e+00;4.162056e+00;-2.485943e-02;-2.529783e-01;-2.031383e+00;-3.874597e+00;2.977294e+00;5.715095e+00;-3.643563e+00;-3.119817e+00;-6.517448e-01;-2.367859e-01
5;0.100000;3.959090e+00;1.207659e+00;-3.465816e+00;5.754994e+00;7.026794e+00;8.592758e+00;1.244010e+00;-5.287467e+00;4.580665e+00;3.970299e+00;-1.400131e+00;-2.613476e+00;4.323959e-01;-3.891457e+00
6;0.120000;3.070597e+00;3.065239e+00;-1.544760e+00;4.543736e+00;1.043383e+01;1.387041e+01;4.804305e+00;-4.811046e+00;7.207391e+00;2.765039e+00;3.010011e+00;5.207701e-01;2.831734e+00;-7.702065e+00
7;0.140000;6.145363e-01;2.866772e+00;-7.536478e-01;3.803199e+00;9.253030e+00;1.154476e+01;1.108707e+01;2.213364e-01;8.875916e+00;-1.425881e+00;8.763146e-01;4.287733e+00;5.185464e+00;-1.030648e+01
