frameIndex;frameTime;pcm_fftMag_mfcc[0];pcm_fftMag_mfcc[1];pcm_fftMag_mfcc[2];pcm_fftMag_mfcc[3];pcm_fftMag_mfcc[4];pcm_fftMag_mfcc[5];pcm_fftMag_mfcc[6];pcm_fftMag_mfcc[7];pcm_fftMag_mfcc[8];pcm_fftMag_mfcc[9];pcm_fftMag_mfcc[10];pcm_fftMag_mfcc[11];pcm_fftMag_mfcc[12];pcm_fftMag_mfcc[13]
0;0.000000;-4.882321e-01;-4.898313e+00;-6.087933e+00;-9.213799e+00;2.599859e+00;-9.786912e-01;-6.109053e+00;3.261948e-01;1.278982e+00;5.037634e+00;-6.163425e+00;-5.973885e-01;-7.210245e+00;4.774864e+00
1;0.020000;7.178488e-01;-1.823323e+00;-3.860178e+00;-4.495255e+00;3.455414e+00;4.275034e+00;-2.422752e+00;7.354069e-01;1.673429e+00;3.708641e+00;-1.430293e+00;2.550677e+00;-4.280065e+00;3.103889e+00
2;0.040000;9.645624e-01;1.004411e+00;-5.320289e-01;6.851959e-02;8.663263e-01;4.302055e+00;3.003514e+00;-1.048878e+00;-5.823383e-01;-4.442849e-01;3.045805e+00;4.324996e+00;-3.943567e-01;1.740952e-01
3;0.060000;1.505404e-01;2.484168e+00;3.379107e+00;4.962484e+00;-2.765051e+00;-3.827875e-01;4.464955e+00;4.636736e-01;-2.543507e-01;-2.561382e+00;4.150647e+00;-4.270122e-01;4.074702e+00;-2.832977e+00
4;0.080000;-1.344722e+00;3.233057e+00;7.101032e+00;8.678061e+00;-4.156548e+00;-7.215611e+00;1.063338e+00;-4.763994e-01;-2.115720e+00;-5.740608e+00;3.972669e-01;-5.851272e+00;7.809970e+00;-5.219841e+00
