frameIndex;frameTime;pcm_fftMag_mfcc[0];pcm_fftMag_mfcc[1];pcm_fftMag_mfcc[2];pcm_fftMag_mfcc[3];pcm_fftMag_mfcc[4];pcm_fftMag_mfcc[5];pcm_fftMag_mfcc[6];pcm_fftMag_mfcc[7];pcm_fftMag_mfcc[8];pcm_fftMag_mfcc[9];pcm_fftMag_mfcc[10];pcm_fftMag_mfcc[11];pcm_fftMag_mfcc[12];pcm_fftMag_mfcc[13]
0;0.000000;-3.733559e-01;7.527428e-01;1.090606e+00;3.988949e+00;-8.358021e-01;-5.672380e+00;2.378274e+00;-4.253505e+00;-1.256021e+00;1.758289e-01;-5.881186e-01;-3.813925e-01;1.878179e+00;2.099632e+00
1;0.020000;-4.183502e-01;6.889620e-01;1.116663e+00;5.807428e-01;-1.181285e+00;-1.928144e+00;-5.706544e-01;2.343826e-01;-1.486937e+00;-2.341887e+00;1.858367e+00;-3.795514e-01;-4.954047e-01;2.020889e+00
2;0.040000;-3.005657e-01;8.388329e-02;1.159797e+00;-1.585519e+00;-1.328732e+00;2.116940e+00;-5.820479e-01;3.375839e+00;-6.866589e-01;-2.318760e+00;1.218261e+00;-4.032414e-01;-2.419472e-03;7.819061e-01
3;0.060000;1.016064e-01;-8.273640e-01;-2.154427e-01;-2.039527e+00;1.626264e+00;4.239666e+00;-2.112060e-01;2.782444e+00;1.734443e+00;1.045122e+00;3.241882e-01;-1.138602e+00;-5.317698e-01;-1.357742e+00
4;0.080000;9.906635e-01;-6.982222e-01;-3.151616e+00;-9.446497e-01;1.719556e+00;1.243917e+00;-1.014364e+00;-2.139162e+00;1.695174e+00;3.439697e+00;-2.812696e+00;2.302787e+00;-8.485856e-01;-3.544678e+00
