frameIndex;frameTime;pcm_fftMag_mfcc[0];pcm_fftMag_mfcc[1];pcm_fftMag_mfcc[2];pcm_fftMag_mfcc[3];pcm_fftMag_mfcc[4];pcm_fftMag_mfcc[5];pcm_fftMag_mfcc[6];pcm_fftMag_mfcc[7];pcm_fftMag_mfcc[8];pcm_fftMag_mfcc[9];pcm_fftMag_mfcc[10];pcm_fftMag_mfcc[11];pcm_fftMag_mfcc[12];pcm_fftMag_mfcc[13]
0;0.000000;7.279758e-01;-4.212177e+00;6.962824e+00;-5.192896e+00;-7.123619e+00;-5.016432e+00;-1.400140e+00;1.290205e+00;-2.498580e+00;3.473582e-01;3.368077e+00;5.659323e-01;1.698663e+00;1.048743e+01
1;0.020000;3.300476e-01;-4.405997e+00;6.143909e+00;-5.065609e+00;-5.958067e+00;-5.724941e+00;-2.377118e+00;1.225960e+00;-3.420881e+00;-1.226068e+00;4.628644e-01;-2.883587e-01;4.243436e-01;8.192085e+00
2;0.040000;1.215319e+00;-1.877411e+00;5.549377e+00;-1.771622e+00;-1.955139e+00;-2.168095e+00;1.006044e+00;3.635390e+00;-5.713844e-01;-7.549505e-01;-2.018577e+00;1.399000e-01;9.619290e-01;4.820618e+00
3;0.060000;9.694624e-01;3.987141e-01;1.379109e+00;1.306618e+00;-1.997147e-01;-6.995220e-01;2.902441e-01;1.476314e+00;-6.859841e-01;-2.117528e+00;-5.124927e+00;-2.378829e+00;-1.360655e+00;-6.684113e-02
4;0.080000;-2.352037e-01;3.730847e+00;-4.320185e+00;3.349763e+00;2.437338e+00;1.239639e+00;-1.789987e+00;-2.219548e+00;1.806501e+00;3.964834e-01;-2.121272e+00;-2.971002e+00;-2.787425e+00;-4.676018e+00
5;0.100000;-1.868411e+00;3.940908e+00;-7.472563e+00;3.749582e+00;6.073046e+00;5.212654e+00;6.190372e-01;-2.413273e+00;2.126127e+00;1.664226e+00;6.356611e-01;-3.465931e-01;-1.222039e+00;-8.068573e+00
6;0.120000;-1.139188e+00;2.425120e+00;-8.242473e+00;3.624163e+00;6.726170e+00;7.156691e+00;3.651922e+00;-2.995046e+00;3.244203e+00;1.690479e+00;4.798172e+00;5.278950e+00;2.285184e+00;-1.068872e+01
