frameIndex;frameTime;pcm_fftMag_mfcc[0];pcm_fftMag_mfcc[1];pcm_fftMag_mfcc[2];pcm_fftMag_mfcc[3];pcm_fftMag_mfcc[4];pcm_fftMag_mfcc[5];pcm_fftMag_mfcc[6];pcm_fftMag_mfcc[7];pcm_fftMag_mfcc[8];pcm_fftMag_mfcc[9];pcm_fftMag_mfcc[10];pcm_fftMag_mfcc[11];pcm_fftMag_mfcc[12];pcm_fftMag_mfcc[13]
0;0.000000;-5.080256e-01;1.632150e+00;4.344692e-01;-2.355323e+00;-1.195187e+00;-6.862308e+00;5.625039e+00;-2.744143e+00;-4.862011e+00;1.663424e+00;2.213699e+00;-1.763819e+00;-5.949097e-01;3.451248e+00
1;0.020000;-4.279408e-01;2.408392e+00;2.987410e+00;-2.956076e+00;-3.508568e-01;-5.962087e-01;3.743170e-01;-1.760228e+00;-2.699244e+00;2.986352e-01;1.725693e+00;-1.466016e+00;-3.429992e-01;8.469543e-01
2;0.040000;-2.149899e+00;-2.308799e-01;3.032831e+00;-5.565484e-01;2.079029e+00;8.449664e+00;-1.490139e+00;-2.722981e+00;1.456118e+00;-1.377767e+00;-6.737518e-01;8.113798e-01;3.483326e-01;-5.949020e-01
3;0.060000;-4.697852e-01;-2.439262e+00;-9.230747e-01;5.949855e-01;-5.333118e-01;3.821378e+00;-1.099544e+00;1.902087e+00;4.259608e+00;-7.400060e-01;-1.354793e+00;1.521295e+00;-1.445911e+00;-1.014885e+00
4;0.080000;3.555646e+00;-1.370399e+00;-5.531643e+00;5.272962e+00;3.223419e-04;-4.812526e+00;-3.409675e+00;5.325264e+00;1.845529e+00;1.557126e-01;-1.910846e+00;8.971592e-01;2.035488e+00;-2.688423e+00
