frameIndex;frameTime;pcm_fftMag_mfcc[0];pcm_fftMag_mfcc[1];pcm_fftMag_mfcc[2];pcm_fftMag_mfcc[3];pcm_fftMag_mfcc[4];pcm_fftMag_mfcc[5];pcm_fftMag_mfcc[6];pcm_fftMag_mfcc[7];pcm_fftMag_mfcc[8];pcm_fftMag_mfcc[9];pcm_fftMag_mfcc[10];pcm_fftMag_mfcc[11];pcm_fftMag_mfcc[12];pcm_fftMag_mfcc[13]
0;0.000000;-2.268634e-01;-3.329353e-01;1.205849e+00;-1.498096e+00;-4.658358e+00;4.781052e+00;1.945401e+00;2.284656e+00;-6.047066e+00;3.357983e-01;3.939519e+00;1.577765e+00;-2.823535e+00;2.471169e+00
1;0.020000;6.377120e-01;7.377701e-01;3.957481e-01;4.815853e-01;-2.597506e+00;-5.407000e-01;-1.043458e+00;2.572353e+00;-1.229091e+00;-1.503975e+00;2.854423e+00;2.584120e+00;-1.367174e-01;4.109497e-01
2;0.040000;6.732004e-01;9.703102e-01;-1.909163e+00;-1.206791e+00;-2.984554e+00;-2.674931e+00;-2.738900e+00;4.997952e-01;1.617420e+00;-1.252335e+00;1.057727e+00;1.431494e+00;1.551911e+00;9.108582e-01
3;0.060000;2.268164e-01;-1.971245e-02;-1.756667e+00;-1.454022e+00;-1.883476e+00;-2.095701e+00;-2.720658e+00;-6.693287e-01;1.474939e+00;8.064995e-01;-5.513865e-01;-8.740221e-01;2.248490e+00;8.542938e-01
4;0.080000;1.569693e-01;-2.247715e-01;5.791330e-01;9.728203e-01;3.040730e+00;-1.768775e+00;7.668066e-01;-1.033297e+00;1.645714e+00;1.979187e+00;-2.726133e+00;-2.637251e+00;1.546676e+00;-1.223328e+00
5;0.100000;-1.467835e+00;-1.130657e+00;1.485099e+00;2.704503e+00;9.083170e+00;2.299055e+00;3.790812e+00;-3.654180e+00;2.538084e+00;-3.651686e-01;-4.574149e+00;-2.082106e+00;-2.386824e+00;-3.423904e+00
