frameIndex;frameTime;pcm_fftMag_mfcc[0];pcm_fftMag_mfcc[1];pcm_fftMag_mfcc[2];pcm_fftMag_mfcc[3];pcm_fftMag_mfcc[4];pcm_fftMag_mfcc[5];pcm_fftMag_mfcc[6];pcm_fftMag_mfcc[7];pcm_fftMag_mfcc[8];pcm_fftMag_mfcc[9];pcm_fftMag_mfcc[10];pcm_fftMag_mfcc[11];pcm_fftMag_mfcc[12];pcm_fftMag_mfcc[13]
0;0.000000;9.134151e+00;4.881920e+00;-7.982436e+00;-7.256325e+00;4.974065e+00;-8.768283e+00;1.109855e+00;-1.778204e+00;8.531846e-01;7.934410e+00;-4.378958e+00;-9.438674e-01;2.214282e+00;1.363062e+01
1;0.020000;4.650728e+00;2.885902e+00;-6.011748e+00;-6.663042e+00;7.960660e-01;-4.208474e+00;-2.024738e+00;-3.089558e+00;4.961206e-01;3.310460e+00;-4.089430e+00;4.610372e-01;-1.883409e-01;5.598789e+00
2;0.040000;-4.680986e-01;-3.255559e-01;-1.951236e+00;-1.723948e+00;-1.925316e+00;-9.487305e-01;-4.434107e+00;-3.174558e-01;9.098245e-01;1.670804e+00;-6.244459e-01;-1.008413e+00;-1.582664e+00;-5.679398e-01
3;0.060000;-2.372093e+00;-1.938111e+00;4.828939e-01;7.236948e-01;-4.362078e+00;-1.447554e-01;-7.834496e-01;1.175211e+00;-1.813633e+00;-2.634423e+00;2.250785e+00;1.210495e+00;-9.272265e-02;-3.389614e+00
4;0.080000;-3.682101e+00;-2.901919e+00;3.675849e+00;5.708802e+00;-6.782213e-01;3.329410e+00;1.095999e+00;1.820206e+00;2.425431e-01;-3.502921e+00;4.132333e+00;1.824961e+00;6.412640e-01;-6.643044e+00
5;0.100000;-7.262586e+00;-2.602235e+00;1.178668e+01;9.210815e+00;1.195484e+00;1.074084e+01;5.036439e+00;2.189800e+00;-6.880405e-01;-6.778330e+00;2.709718e+00;-1.544213e+00;-9.918187e-01;-8.628811e+00
