frameIndex;frameTime;pcm_fftMag_mfcc[0];pcm_fftMag_mfcc[1];pcm_fftMag_mfcc[2];pcm_fftMag_mfcc[3];pcm_fftMag_mfcc[4];pcm_fftMag_mfcc[5];pcm_fftMag_mfcc[6];pcm_fftMag_mfcc[7];pcm_fftMag_mfcc[8];pcm_fftMag_mfcc[9];pcm_fftMag_mfcc[10];pcm_fftMag_mfcc[11];pcm_fftMag_mfcc[12];pcm_fftMag_mfcc[13]
0;0.000000;-4.876182e+00;-1.298770e+01;-1.753759e+00;5.614685e+00;-2.886143e-01;2.157531e+00;6.400209e+00;-5.749024e+00;-4.008717e+00;-1.187206e+01;6.854603e+00;-1.483454e+00;2.710147e+00;3.440170e+00
1;0.020000;-2.077828e+00;-1.069539e+01;-3.726878e+00;4.042217e+00;-2.173254e+00;4.340401e+00;4.928589e+00;-3.102550e+00;7.251924e-01;-6.189101e+00;3.968928e+00;-1.836081e+00;2.122646e+00;3.687927e+00
2;0.040000;2.733123e-01;-7.909763e+00;-3.608287e+00;1.621822e+00;-4.467113e+00;2.708907e+00;1.687860e-01;-3.847699e+00;2.762572e-01;-1.072037e+00;-2.329348e+00;-3.142386e+00;-3.381530e-01;4.153130e+00
3;0.060000;2.171256e+00;-5.146824e+00;-2.151875e+00;-6.299124e-01;-5.351171e+00;1.650700e+00;-4.899685e+00;-3.596099e+00;-2.350537e+00;2.394805e+00;-6.412004e+00;-5.190529e+00;-2.622498e+00;1.936760e+00
4;0.080000;4.349954e+00;-2.552460e+00;1.120908e+00;-1.203685e+00;-2.288901e+00;4.243679e+00;-5.793008e+00;-1.001390e+00;-5.523355e+00;4.037411e+00;-4.156738e+00;-5.080201e+00;-1.287850e+00;-2.596207e+00
5;0.100000;3.333275e+00;2.815088e+00;4.596512e+00;-8.053961e-01;4.428794e+00;2.394532e+00;1.460268e+00;-5.852976e+00;-4.378119e+00;-7.130027e-01;1.161564e+00;-8.059418e-01;7.347317e-01;-5.992668e+00
6;0.120000;-9.357986e-01;1.210557e+01;2.434652e+00;-9.893270e-01;5.077521e+00;-4.280966e+00;4.117606e+00;3.406672e-01;3.164244e-01;3.116015e+00;5.535507e-01;4.383588e+00;1.497104e+00;-4.124336e+00
7;0.140000;-1.269361e+00;1.341059e+01;1.771335e+00;-2.764824e+00;2.637156e+00;-7.396409e+00;-2.478806e+00;8.126484e+00;6.969883e+00;4.197194e+00;8.167648e-02;7.592743e+00;-8.637277e-01;-8.416290e-01
8;0.160000;-9.686255e-01;1.096089e+01;1.317393e+00;-4.885578e+00;2.425587e+00;-5.818375e+00;-3.903967e+00;1.468258e+01;7.972970e+00;6.100767e+00;2.777634e-01;5.562262e+00;-1.952401e+00;3.368530e-01
