frameIndex;frameTime;pcm_fftMag_mfcc[0];pcm_fftMag_mfcc[1];pcm_fftMag_mfcc[2];pcm_fftMag_mfcc[3];pcm_fftMag_mfcc[4];pcm_fftMag_mfcc[5];pcm_fftMag_mfcc[6];pcm_fftMag_mfcc[7];pcm_fftMag_mfcc[8];pcm_fftMag_mfcc[9];pcm_fftMag_mfcc[10];pcm_fftMag_mfcc[11];pcm_fftMag_mfcc[12];pcm_fftMag_mfcc[13]
0;0.000000;-4.141497e+00;-1.883131e+00;-6.603741e+00;4.862986e+00;-1.121924e+01;-4.510311e+00;-6.199214e+00;-1.164270e+01;-8.560563e+00;-3.417804e+00;-5.446314e+00;-1.084892e+00;-3.788143e+00;3.211937e+00
1;0.020000;-2.479118e+00;-1.999187e+00;-3.099583e+00;2.246018e+00;-7.826398e+00;-2.533492e+00;-1.850193e+00;-5.829171e+00;-4.269898e+00;5.990820e-01;-1.994539e+00;2.123014e+00;8.677732e-01;1.304588e+00
2;0.040000;8.997374e-01;-2.333331e-01;1.130404e+00;6.328974e-01;4.423766e-01;2.236608e+00;2.317245e+00;2.233069e+00;1.173505e+00;3.148893e+00;1.221303e+00;8.251667e-01;3.394808e+00;-3.111191e-01
3;0.060000;2.806909e+00;1.876622e+00;3.773790e+00;-3.198313e+00;7.211412e+00;3.567860e+00;3.956284e+00;7.903747e+00;4.729062e+00;1.330587e+00;2.804878e+00;-1.185040e+00;1.286766e+00;-1.778084e+00
4;0.080000;2.913969e+00;2.239028e+00;4.799120e+00;-4.543589e+00;1.139186e+01;1.239335e+00;1.775877e+00;7.335053e+00;6.927895e+00;-1.660761e+00;3.414672e+00;-6.782475e-01;-1.761205e+00;-2.427345e+00
