frameIndex;frameTime;pcm_fftMag_mfcc[0];pcm_fftMag_mfcc[1];pcm_fftMag_mfcc[2];pcm_fftMag_mfcc[3];pcm_fftMag_mfcc[4];pcm_fftMag_mfcc[5];pcm_fftMag_mfcc[6];pcm_fftMag_mfcc[7];pcm_fftMag_mfcc[8];pcm_fftMag_mfcc[9];pcm_fftMag_mfcc[10];pcm_fftMag_mfcc[11];pcm_fftMag_mfcc[12];pcm_fftMag_mfcc[13]
0;0.000000;5.898187e-01;1.714329e+00;-4.849482e-01;-1.942600e+00;-2.181689e-01;1.981407e+00;-5.128084e+00;-2.305652e+00;-1.224522e+00;2.912362e+00;2.482792e+00;-1.314715e+00;-1.768643e+00;2.701027e+00
1;0.020000;5.967441e-01;1.149409e+00;-1.339884e+00;-3.022298e+00;-3.284658e-01;1.320243e+00;-2.341898e+00;-4.814801e-01;2.683196e-01;2.895621e+00;1.369819e+00;-3.311076e-01;-2.429795e+00;1.334854e+00
2;0.040000;-1.131439e-01;4.969573e-01;-7.993426e-01;-1.657256e+00;-2.707353e-01;7.781200e-01;2.402530e-01;-3.470314e-01;-1.245698e+00;3.305220e-01;-2.072058e-01;2.886481e-01;-9.941316e-01;1.444550e-01
3;0.060000;-9.651899e-02;2.639427e-01;-5.112314e-02;6.523895e-01;6.394633e-01;4.802914e-01;2.803973e+00;1.810432e+00;-1.738972e+00;-2.123752e+00;-3.634642e+00;6.645303e-01;5.418046e-01;-8.372803e-01
4;0.080000;-2.574873e-02;-1.067448e+00;7.339807e-01;1.518149e+00;-2.603569e-01;-9.116578e-01;2.825271e+00;1.758236e+00;7.675438e-01;-1.559127e+00;-1.433103e+00;-5.883484e-01;1.342278e+00;-1.579918e+00
5;0.100000;-9.511518e-01;-2.557189e+00;1.941319e+00;4.451613e+00;4.382636e-01;-3.648404e+00;1.600483e+00;-4.345038e-01;3.173329e+00;-2.455626e+00;1.422339e+00;1.280991e+00;3.308489e+00;-1.763168e+00
