frameIndex;frameTime;pcm_fftMag_mfcc[0];pcm_fftMag_mfcc[1];pcm_fftMag_mfcc[2];pcm_fftMag_mfcc[3];pcm_fftMag_mfcc[4];pcm_fftMag_mfcc[5];pcm_fftMag_mfcc[6];pcm_fftMag_mfcc[7];pcm_fftMag_mfcc[8];pcm_fftMag_mfcc[9];pcm_fftMag_mfcc[10];pcm_fftMag_mfcc[11];pcm_fftMag_mfcc[12];pcm_fftMag_mfcc[13]
0;0.000000;5.350628e-01;-6.958485e-03;3.026798e-01;-4.489918e-01;-6.909524e-01;-4.084463e-01;-1.063150e+00;-1.420894e+00;-9.955759e-01;-2.286835e+00;-8.095951e-01;-3.186258e-01;-4.378414e-01;1.860344e+00
1;0.020000;-5.350618e-01;6.958485e-03;-3.026798e-01;4.489918e-01;6.909523e-01;4.084458e-01;1.063150e+00;1.420894e+00;9.955759e-01;2.286835e+00;8.095942e-01;3.186257e-01;4.378412e-01;-1.860344e+00
