frameIndex;frameTime;pcm_fftMag_mfcc[0];pcm_fftMag_mfcc[1];pcm_fftMag_mfcc[2];pcm_fftMag_mfcc[3];pcm_fftMag_mfcc[4];pcm_fftMag_mfcc[5];pcm_fftMag_mfcc[6];pcm_fftMag_mfcc[7];pcm_fftMag_mfcc[8];pcm_fftMag_mfcc[9];pcm_fftMag_mfcc[10];pcm_fftMag_mfcc[11];pcm_fftMag_mfcc[12];pcm_fftMag_mfcc[13]
0;0.000000;5.524507e-01;-3.403900e+00;-9.702882e+00;-1.269579e+01;-9.837866e-01;1.539745e+01;-3.352663e+00;7.384798e+00;-1.664879e+01;1.662462e-01;-2.976076e+00;5.627600e+00;2.082039e+00;6.848846e+00
1;0.020000;4.589634e-01;-3.864495e+00;-1.298439e+00;-1.299556e+01;-9.216324e+00;7.806657e+00;-5.997421e+00;8.518780e+00;-1.370618e+01;2.727132e+00;-5.153375e+00;2.182796e+00;3.817800e+00;6.002213e+00
2;0.040000;-1.015520e-01;-3.083438e+00;5.974015e+00;-9.161602e+00;-1.329611e+01;-2.604609e+00;-8.547894e+00;4.966373e+00;-8.149492e+00;5.988691e-01;-5.252312e-01;6.977844e-02;5.024010e+00;4.352081e+00
3;0.060000;1.381936e+00;-1.542298e+00;1.212112e+01;-2.821449e+00;-9.800791e+00;-6.726986e+00;-5.570389e+00;3.439231e+00;3.086901e-01;-6.823001e-01;4.644146e+00;-2.750763e+00;5.126884e+00;2.926041e+00
4;0.080000;1.950482e+00;-8.015995e-01;1.066794e+01;-1.003168e+00;-8.268078e+00;-1.028808e+01;-4.276951e+00;-1.617805e+00;1.623177e+00;-5.489640e+00;1.358312e+00;-6.637301e+00;6.697677e-01;5.337677e-01
5;0.100000;9.988618e-01;5.479714e+00;4.011660e+00;4.486146e+00;-2.252524e+00;-7.417668e+00;3.375886e+00;-5.471292e+00;3.768745e+00;-4.460121e+00;-2.212166e+00;-3.014538e+00;-3.678701e+00;-1.763451e+00
6;0.120000;-4.540873e-01;7.957360e+00;-3.283899e+00;8.091140e+00;8.517878e+00;-4.079399e-01;9.772505e+00;-7.523003e+00;4.929695e+00;-1.540528e+00;-9.736503e-01;1.521723e+00;-6.812922e+00;-4.210091e+00
7;0.140000;-2.000749e+00;1.775533e+00;-8.674453e+00;1.146615e+01;1.638772e+01;2.855359e+00;7.531291e+00;-6.985645e+00;9.077307e+00;2.461555e+00;6.307946e-01;1.648179e+00;-6.656841e+00;-6.271416e+00
8;0.160000;-2.786312e+00;-2.516878e+00;-9.815054e+00;1.463413e+01;1.891202e+01;1.385819e+00;7.065652e+00;-2.711439e+00;1.879685e+01;6.218786e+00;5.207246e+00;1.352522e+00;4.279641e-01;-8.418076e+00
