frameIndex;frameTime;pcm_fftMag_mfcc[0];pcm_fftMag_mfcc[1];pcm_fftMag_mfcc[2];pcm_fftMag_mfcc[3];pcm_fftMag_mfcc[4];pcm_fftMag_mfcc[5];pcm_fftMag_mfcc[6];pcm_fftMag_mfcc[7];pcm_fftMag_mfcc[8];pcm_fftMag_mfcc[9];pcm_fftMag_mfcc[10];pcm_fftMag_mfcc[11];pcm_fftMag_mfcc[12];pcm_fftMag_mfcc[13]
0;0.000000;-3.571209e+00;1.163603e+01;3.858543e+00;-8.465961e+00;-2.469696e+00;1.782840e+00;4.993618e+00;-4.209771e+00;8.663311e-01;-3.868189e-01;3.490489e-01;-7.551070e+00;-1.812366e+00;1.182022e-01
1;0.020000;-5.105371e+00;8.304966e+00;7.499956e+00;-6.610487e+00;-6.705131e+00;2.625736e+00;4.077473e+00;-2.900472e+00;1.195987e+00;-4.072994e-02;-3.253989e-01;-6.834991e+00;1.657677e-02;1.024048e+00
2;0.040000;-4.728451e+00;1.062678e+00;8.141747e+00;4.954319e-01;-6.530587e+00;-2.475280e-01;1.799149e+00;6.378679e-01;1.273630e+00;-2.149485e+00;-2.815059e+00;-4.788402e+00;2.573375e+00;2.433365e+00
3;0.060000;-3.281506e+00;-5.073568e+00;4.910629e+00;4.834925e+00;-2.508717e+00;-3.231003e+00;-5.257816e-01;2.880053e+00;1.632981e+00;-3.297731e-01;-2.691574e+00;-7.858818e-01;3.660016e+00;3.063896e+00
4;0.080000;-7.554207e-01;-7.559846e+00;-1.494638e+00;5.417801e+00;3.297461e+00;-5.325618e+00;-5.445160e+00;1.406589e+00;9.387178e-01;2.005219e+00;2.435412e-01;1.207259e+00;-2.756233e-01;2.404701e+00
5;0.100000;2.514698e+00;-5.662339e+00;-7.297212e+00;4.264774e+00;9.395099e+00;-1.206998e+00;-6.883331e+00;4.332266e-01;3.213434e-01;1.690558e+00;3.456789e+00;5.540836e+00;-1.769110e+00;4.298401e-02
6;0.120000;6.097845e+00;-2.486217e+00;-9.614843e+00;3.634300e-01;6.384145e+00;3.334484e+00;-1.390547e+00;-5.992212e-01;-1.250669e+00;2.260824e+00;2.767297e+00;6.960516e+00;-1.321198e+00;-3.177429e+00
7;0.140000;8.829420e+00;-2.216997e-01;-6.004180e+00;-2.999058e-01;-8.625698e-01;2.268086e+00;3.374590e+00;2.351736e+00;-4.978328e+00;-3.049794e+00;-9.846425e-01;6.251733e+00;-1.071671e+00;-5.909775e+00
