frameIndex;frameTime;pcm_fftMag_mfcc[0];pcm_fftMag_mfcc[1];pcm_fftMag_mfcc[2];pcm_fftMag_mfcc[3];pcm_fftMag_mfcc[4];pcm_fftMag_mfcc[5];pcm_fftMag_mfcc[6];pcm_fftMag_mfcc[7];pcm_fftMag_mfcc[8];pcm_fftMag_mfcc[9];pcm_fftMag_mfcc[10];pcm_fftMag_mfcc[11];pcm_fftMag_mfcc[12];pcm_fftMag_mfcc[13]
0;0.000000;2.378341e+00;-3.505261e-01;4.294848e-02;2.175984e+00;-1.867647e+00;-1.248681e+00;-2.357006e+00;1.823919e+00;5.602124e+00;4.753543e+00;-3.661826e+00;4.124010e-02;-4.156692e+00;1.693481e+00
1;0.020000;2.226536e+00;3.730675e+00;-2.764074e-01;2.428570e+00;2.323294e-02;-2.732823e+00;-1.411482e+00;-1.012155e+00;2.999157e+00;1.963535e+00;-7.285792e-01;-3.400305e+00;-2.796186e+00;-1.573624e+00
2;0.040000;1.162896e-01;3.136658e+00;4.606128e-01;-5.641084e-01;1.027301e+00;-1.748542e+00;-7.457409e-01;-7.029848e-01;-1.421681e+00;-9.699836e-01;1.763503e+00;-2.119764e+00;6.924237e-01;-2.611832e+00
3;0.060000;-4.721167e+00;-6.516806e+00;-2.271538e-01;-4.040447e+00;8.171133e-01;5.730046e+00;4.514223e+00;-1.087809e-01;-7.179604e+00;-5.747095e+00;2.626903e+00;5.478829e+00;6.260455e+00;2.491989e+00
