frameIndex;frameTime;pcm_fftMag_mfcc[0];pcm_fftMag_mfcc[1];pcm_fftMag_mfcc[2];pcm_fftMag_mfcc[3];pcm_fftMag_mfcc[4];pcm_fftMag_mfcc[5];pcm_fftMag_mfcc[6];pcm_fftMag_mfcc[7];pcm_fftMag_mfcc[8];pcm_fftMag_mfcc[9];pcm_fftMag_mfcc[10];pcm_fftMag_mfcc[11];pcm_fftMag_mfcc[12];pcm_fftMag_mfcc[13]
0;0.000000;1.988464e+00;-9.518600e+00;-1.173892e+01;3.385531e+00;-1.760948e+00;-5.515530e+00;-4.099742e+00;-2.939206e+00;9.191513e-03;3.149978e+00;4.541245e+00;4.291439e-01;-1.079049e+01;6.199188e+00
1;0.020000;-1.492539e+00;-8.957108e+00;3.515530e-01;-2.640680e+00;-6.709270e-01;-3.071858e+00;-3.330607e+00;9.680743e-01;-5.137035e+00;1.303847e+00;2.969437e+00;2.237644e-01;-5.843023e+00;7.264748e+00
2;0.040000;-2.981256e+00;-6.511377e+00;6.764059e+00;-8.650012e+00;6.105061e-01;5.717547e-01;-3.104220e+00;1.520288e+00;-7.416975e+00;1.914635e+00;1.916827e+00;-5.187588e-01;-2.209902e+00;6.918747e+00
3;0.060000;-3.412245e+00;-2.827292e+00;9.136099e+00;-1.187335e+01;2.582586e+00;3.125652e+00;-4.570182e+00;1.057130e+00;-3.193893e+00;2.854959e+00;-1.067262e+00;2.782249e-01;3.862185e+00;5.091400e+00
4;0.080000;-3.134189e+00;3.029649e-01;8.243046e+00;-1.053974e+01;2.063597e+00;3.140947e+00;-3.491233e+00;2.852950e-01;1.962051e-01;1.272900e+00;-1.945767e+00;-3.216324e-01;7.367118e+00;1.967392e+00
5;0.100000;-3.613672e-01;4.078479e+00;4.377834e+00;-3.037863e+00;-8.128300e-01;2.190304e+00;1.965790e+00;1.338458e+00;2.272951e+00;-1.598109e+00;-1.321416e+00;-3.403345e+00;7.066227e+00;-2.029732e+00
6;0.120000;2.987629e+00;7.500682e+00;-2.148125e+00;7.426251e+00;-1.986334e+00;-4.214731e-01;5.549707e+00;-6.702161e-01;3.346039e+00;-1.670556e+00;-1.258712e+00;-2.963390e+00;3.421538e+00;-6.214325e+00
7;0.140000;3.056767e+00;8.221703e+00;-6.058314e+00;1.123601e+01;-1.172382e+00;7.381527e-01;5.971313e+00;-1.588264e+00;4.508165e+00;-2.515014e+00;-1.134835e+00;1.955015e+00;5.162024e-01;-8.683113e+00
8;0.160000;3.348736e+00;7.710552e+00;-8.927236e+00;1.469386e+01;1.146725e+00;-7.579473e-01;5.109167e+00;2.844048e-02;5.415359e+00;-4.712639e+00;-2.699516e+00;4.320990e+00;-3.389858e+00;-1.051430e+01
