frameIndex;frameTime;pcm_fftMag_mfcc[0];pcm_fftMag_mfcc[1];pcm_fftMag_mfcc[2];pcm_fftMag_mfcc[3];pcm_fftMag_mfcc[4];pcm_fftMag_mfcc[5];pcm_fftMag_mfcc[6];pcm_fftMag_mfcc[7];pcm_fftMag_mfcc[8];pcm_fftMag_mfcc[9];pcm_fftMag_mfcc[10];pcm_fftMag_mfcc[11];pcm_fftMag_mfcc[12];pcm_fftMag_mfcc[13]
0;0.000000;3.574123e-01;-2.228965e+00;-1.852459e+00;-3.036770e+00;-2.692193e+00;-1.788733e+00;-1.709940e+00;-3.530426e+00;-2.783237e+00;5.681496e-01;-7.896404e-01;1.593134e-01;2.965919e+00;1.715591e+00
1;0.020000;2.966185e-01;4.398022e-01;-5.548592e-01;-3.194981e-01;1.223020e+00;1.111984e+00;-2.571621e-01;4.594889e-01;2.472496e-02;5.366402e-01;-4.529915e-01;3.732305e-02;-1.664922e+00;7.151566e-01
2;0.040000;-6.540308e-01;1.789161e+00;2.407320e+00;3.356268e+00;1.469172e+00;6.767492e-01;1.967100e+00;3.070933e+00;2.758512e+00;-1.104790e+00;1.242638e+00;-1.966364e-01;-1.300996e+00;-2.430740e+00
