frameIndex;frameTime;pcm_fftMag_mfcc[0];pcm_fftMag_mfcc[1];pcm_fftMag_mfcc[2];pcm_fftMag_mfcc[3];pcm_fftMag_mfcc[4];pcm_fftMag_mfcc[5];pcm_fftMag_mfcc[6];pcm_fftMag_mfcc[7];pcm_fftMag_mfcc[8];pcm_fftMag_mfcc[9];pcm_fftMag_mfcc[10];pcm_fftMag_mfcc[11];pcm_fftMag_mfcc[12];pcm_fftMag_mfcc[13]
0;0.000000;-6.232406e+00;-1.864915e+00;4.797686e+00;-9.622080e+00;-2.671919e-01;-4.840600e-01;9.067106e-01;-3.603539e-01;-5.701237e+00;6.219969e+00;-8.729782e+00;-6.005381e-01;-1.932364e+00;6.000206e+00
1;0.020000;-5.927312e+00;-1.079304e+00;3.495733e+00;-8.674803e+00;-2.099867e-01;-3.706151e+00;-1.586922e+00;4.319668e-01;-7.215204e-01;4.734134e+00;-5.666054e+00;1.072757e+00;2.096865e-01;4.883812e+00
2;0.040000;-4.357291e+00;-1.084441e+00;3.027254e+00;-5.237018e+00;3.643780e-01;-5.418809e+00;-9.666820e-01;-8.204029e-01;1.879825e+00;4.233683e+00;-3.454981e-01;1.789232e+00;1.663895e+00;3.540230e+00
3;0.060000;-1.279741e+00;-1.046084e+00;1.044453e+00;-1.014524e+00;1.536652e+00;-2.953797e+00;6.347637e-01;-2.168314e+00;-3.435311e-01;-1.539512e-01;2.283844e+00;1.764844e+00;1.749073e+00;1.304832e+00
4;0.080000;2.172961e+00;-6.136904e-01;-8.894367e-01;3.649431e+00;2.831917e-01;2.348080e+00;1.763878e+00;-1.841349e+00;-1.825923e+00;-3.963345e+00;1.820583e+00;1.828553e+00;2.561328e+00;-1.156410e+00
5;0.100000;3.749445e+00;-2.212334e-02;-9.509754e-01;4.379255e+00;-1.524191e-01;5.019946e+00;1.789614e+00;2.570944e-01;-1.256079e+00;-4.260579e+00;3.835754e-01;-1.909372e+00;3.902752e-01;-2.294106e+00
6;0.120000;4.066394e+00;9.370489e-01;-2.051534e+00;4.016359e+00;-1.030495e+00;2.781971e+00;3.394141e-01;3.100365e+00;5.547690e-01;-3.010945e+00;2.205017e+00;-1.589614e+00;-1.456664e+00;-3.026627e+00
7;0.140000;3.811802e+00;2.306951e+00;-3.703684e+00;5.933887e+00;-1.032523e+00;1.489167e+00;-1.049122e+00;3.567896e+00;2.976254e+00;-1.978338e+00;3.744566e+00;-5.224751e-01;-1.896365e+00;-4.163071e+00
8;0.160000;3.996149e+00;2.466550e+00;-4.769494e+00;6.569498e+00;5.083952e-01;9.236517e-01;-1.831661e+00;-2.166900e+00;4.437443e+00;-1.820624e+00;4.303752e+00;-1.833387e+00;-1.288865e+00;-5.088875e+00
