frameIndex;frameTime;pcm_fftMag_mfcc[0];pcm_fftMag_mfcc[1];pcm_fftMag_mfcc[2];pcm_fftMag_mfcc[3];pcm_fftMag_mfcc[4];pcm_fftMag_mfcc[5];pcm_fftMag_mfcc[6];pcm_fftMag_mfcc[7];pcm_fftMag_mfcc[8];pcm_fftMag_mfcc[9];pcm_fftMag_mfcc[10];pcm_fftMag_mfcc[11];pcm_fftMag_mfcc[12];pcm_fftMag_mfcc[13]
0;0.000000;1.467587e+00;-2.103555e+00;3.622597e+00;1.608672e-01;3.400598e-01;2.275708e+00;2.785112e+00;-2.194520e+00;-1.720489e+00;-2.681413e+00;-5.588793e-01;5.050776e+00;-1.154897e-01;4.705925e+00
1;0.010000;8.217435e-01;-2.287125e+00;7.590483e-01;-8.451304e-01;1.466029e+00;1.228402e+00;9.455789e-01;-1.440740e-01;-2.193840e+00;-3.434862e+00;-3.816933e+00;1.845999e+00;-3.433114e-01;2.032509e+00
2;0.020000;7.571220e-03;-1.485978e+00;-1.900244e+00;1.999292e-01;1.753631e+00;1.158462e-01;-8.732231e-01;2.054043e+00;-4.653835e-01;-1.030285e+00;-1.578217e+00;-2.357559e-01;4.629611e-01;-5.273819e-01
3;0.030000;-7.513947e-01;1.885107e+00;-1.896738e+00;1.088585e+00;-1.059052e+00;-1.265397e+00;-1.726385e+00;6.646976e-01;3.001675e+00;1.882069e+00;2.183915e+00;-3.637896e+00;-1.837258e+00;-2.613182e+00
4;0.040000;-1.545506e+00;3.991552e+00;-5.846629e-01;-6.042519e-01;-2.500668e+00;-2.354561e+00;-1.131083e+00;-3.801432e-01;1.378036e+00;5.264491e+00;3.770116e+00;-3.023122e+00;1.833097e+00;-3.597878e+00
