frameIndex;frameTime;pcm_fftMag_mfcc[0];pcm_fftMag_mfcc[1];pcm_fftMag_mfcc[2];pcm_fftMag_mfcc[3];pcm_fftMag_mfcc[4];pcm_fftMag_mfcc[5];pcm_fftMag_mfcc[6];pcm_fftMag_mfcc[7];pcm_fftMag_mfcc[8];pcm_fftMag_mfcc[9];pcm_fftMag_mfcc[10];pcm_fftMag_mfcc[11];pcm_fftMag_mfcc[12];pcm_fftMag_mfcc[13]
0;0.000000;1.970925e-01;-6.377413e-01;2.679435e+00;3.524332e+00;1.439610e-01;-1.929471e+00;7.539663e-01;9.842129e-01;2.313093e+00;-2.742601e+00;-1.390000e+00;1.297002e+00;2.843073e+00;8.542328e-01
1;0.010000;3.059382e-01;-3.360498e-01;1.319616e+00;2.582954e+00;-1.096450e+00;-7.966661e-01;-9.985790e-01;-3.180814e-02;1.452586e+00;-9.476519e-01;-9.168315e-01;-6.167479e-01;1.119291e+00;5.803757e-01
2;0.020000;1.925387e-01;4.979284e-01;-3.955817e-01;5.251900e-01;-1.621432e+00;-1.147260e+00;-3.720188e-01;-6.502404e-01;-3.927383e-01;7.850976e-01;3.837600e-01;-6.992378e-01;1.206603e-01;2.185059e-01
3;0.030000;-2.620072e-01;1.828923e-01;-1.910783e+00;-2.739709e+00;-6.326752e-01;2.147141e-01;2.334948e-01;-1.149744e+00;-2.122084e+00;1.945509e+00;1.065452e+00;-3.203249e-01;-1.323377e+00;-4.940796e-01
4;0.040000;-4.335623e-01;2.929707e-01;-1.692687e+00;-3.892766e+00;3.206598e+00;3.658682e+00;3.831387e-01;8.475807e-01;-1.250858e+00;9.596486e-01;8.576174e-01;3.393087e-01;-2.759649e+00;-1.159035e+00
