frameIndex;frameTime;pcm_fftMag_mfcc[0];pcm_fftMag_mfcc[1];pcm_fftMag_mfcc[2];pcm_fftMag_mfcc[3];pcm_fftMag_mfcc[4];pcm_fftMag_mfcc[5];pcm_fftMag_mfcc[6];pcm_fftMag_mfcc[7];pcm_fftMag_mfcc[8];pcm_fftMag_mfcc[9];pcm_fftMag_mfcc[10];pcm_fftMag_mfcc[11];pcm_fftMag_mfcc[12];pcm_fftMag_mfcc[13]
0;0.000000;-8.777100e+00;7.595199e+00;8.822555e+00;-2.555003e+00;-6.824665e+00;2.874574e+00;3.753118e+00;3.783760e-01;-1.776661e+00;-1.084331e+00;-9.257513e+00;-9.121147e+00;2.695675e+00;-8.302612e-01
1;0.100000;-7.830864e+00;4.858899e-01;-1.534224e+00;4.711788e+00;-4.951780e+00;-7.785207e+00;-1.421095e+00;4.147010e+00;2.697918e+00;-3.334622e-01;-4.843005e+00;-4.415862e+00;-2.352264e+00;1.476517e+00
2;0.200000;-3.700439e+00;-4.002212e+00;-4.939076e+00;6.419493e+00;-4.078863e+00;-7.309121e+00;-1.450879e+00;6.530691e+00;5.523650e+00;2.322937e+00;7.459216e-01;2.981048e-01;-4.655958e+00;3.024605e+00
3;0.300000;2.178102e+00;-5.159738e+00;-4.559752e+00;5.702778e+00;-2.348322e+00;-4.005626e+00;-1.725101e+00;4.006310e+00;6.038647e-01;2.371509e+00;2.161179e+00;2.946119e+00;-3.640085e+00;2.202194e+00
4;0.400000;7.207691e+00;-2.431930e+00;-1.110831e+00;-1.406749e+00;4.377309e+00;3.304666e+00;-4.232502e-01;-1.352647e+00;-4.838898e+00;-3.572717e-01;4.517759e+00;6.570631e+00;-4.757028e-01;-6.404953e-01
5;0.500000;1.092261e+01;3.512789e+00;3.321330e+00;-1.287230e+01;1.382632e+01;1.292072e+01;1.267210e+00;-1.370975e+01;-2.209881e+00;-2.919384e+00;6.675664e+00;3.722155e+00;8.428336e+00;-5.232513e+00
