frameIndex;frameTime;pcm_fftMag_mfcc[0];pcm_fftMag_mfcc[1];pcm_fftMag_mfcc[2];pcm_fftMag_mfcc[3];pcm_fftMag_mfcc[4];pcm_fftMag_mfcc[5];pcm_fftMag_mfcc[6];pcm_fftMag_mfcc[7];pcm_fftMag_mfcc[8];pcm_fftMag_mfcc[9];pcm_fftMag_mfcc[10];pcm_fftMag_mfcc[11];pcm_fftMag_mfcc[12];pcm_fftMag_mfcc[13]
0;0.000000;2.173068e+00;-8.156729e+00;4.416632e+00;-4.719631e+00;-6.680561e+00;-2.189511e+00;-2.594369e+00;-1.884398e-01;-3.297912e-01;-4.701653e+00;-9.916067e-01;-3.414020e+00;2.071656e+00;-2.249855e+00
1;0.100000;2.370824e+00;-3.919261e+00;3.482862e+00;8.140457e-01;-3.347685e+00;1.773616e+00;9.936781e-01;5.353841e+00;2.009366e+00;-1.821556e+00;-9.183221e-01;-4.221129e-02;1.312660e+00;-9.187317e-01
2;0.200000;-1.561863e+00;2.886172e+00;2.455644e+00;5.068994e+00;-8.069563e-01;4.606152e-01;4.580950e+00;4.836295e+00;2.026860e+00;-1.786509e+00;-2.152673e+00;2.029420e+00;3.663222e-01;4.624939e-01
3;0.300000;-2.242154e+00;5.204553e+00;-2.308121e+00;2.770653e+00;3.921581e+00;-1.000773e+00;2.239227e-01;-1.544558e+00;6.085794e-01;4.242851e+00;3.008106e+00;1.786487e+00;-2.343016e+00;1.459702e+00
4;0.400000;-7.398710e-01;3.985266e+00;-8.047022e+00;-3.934061e+00;6.913620e+00;9.560575e-01;-3.204179e+00;-8.457140e+00;-4.315014e+00;4.066865e+00;1.054497e+00;-3.596766e-01;-1.407622e+00;1.246376e+00
