frameIndex;frameTime;pcm_fftMag_mfcc[0];pcm_fftMag_mfcc[1];pcm_fftMag_mfcc[2];pcm_fftMag_mfcc[3];pcm_fftMag_mfcc[4];pcm_fftMag_mfcc[5];pcm_fftMag_mfcc[6];pcm_fftMag_mfcc[7];pcm_fftMag_mfcc[8];pcm_fftMag_mfcc[9];pcm_fftMag_mfcc[10];pcm_fftMag_mfcc[11];pcm_fftMag_mfcc[12];pcm_fftMag_mfcc[13]
0;0.000000;-1.388746e+00;-1.692712e+00;-2.206603e+00;-2.541565e+00;-3.006210e-01;2.087127e+00;-2.318504e+00;-1.089840e+00;4.684484e+00;2.222537e+00;4.928904e-01;-4.174437e+00;3.328509e+00;1.267326e+00
1;0.100000;6.851578e-01;-1.001091e+00;-2.656686e+00;-1.315021e+00;6.487103e-01;1.259912e+00;-1.392025e+00;-1.609436e+00;1.050485e+00;5.003116e+00;2.527081e+00;-6.375208e+00;4.309189e+00;1.449280e-01
2;0.200000;-3.305731e-01;1.795200e+00;-8.743296e-01;-1.980988e+00;3.095586e+00;-3.444361e+00;-4.934506e-01;1.001158e-01;-1.845212e+00;8.401755e+00;1.279190e+00;-5.116692e-01;-1.129735e+00;-4.333267e-01
3;0.300000;-2.471939e+00;2.313864e+00;2.057120e+00;2.185874e-01;-6.550026e-02;-6.413792e+00;-1.010983e+00;1.023643e+00;1.001287e+00;6.392251e+00;-1.900426e+00;2.062130e+00;-3.012619e+00;-7.711792e-02
4;0.400000;-2.009560e+00;3.808230e+00;6.229028e+00;3.689552e+00;-2.653238e+00;-5.650597e+00;-9.399700e-01;1.530481e+00;5.311575e-01;8.950317e-01;-3.433763e+00;4.879055e-01;-2.872078e+00;-1.434982e+00
5;0.500000;1.201940e+00;1.393921e+00;3.686510e+00;1.194018e+00;-3.102407e+00;2.051521e+00;1.391296e-01;1.572313e-01;-5.090228e+00;-7.636121e+00;-9.022188e-01;1.666697e+00;-2.821437e+00;-8.966370e-01
6;0.600000;1.870084e+00;-2.729242e+00;-1.731627e+00;4.385519e-02;-1.687775e-01;4.209290e+00;1.634747e+00;-4.271679e-01;-2.415021e+00;-8.739109e+00;-6.315889e-01;2.705573e+00;-1.463724e+00;1.235672e+00
7;0.700000;2.443634e+00;-3.888171e+00;-4.503418e+00;6.915598e-01;2.546243e+00;5.900905e+00;4.381059e+00;3.149633e-01;2.083047e+00;-6.539462e+00;2.568836e+00;4.139013e+00;3.661897e+00;1.941757e-01
