frameIndex;frameTime;pcm_fftMag_mfcc[0];pcm_fftMag_mfcc[1];pcm_fftMag_mfcc[2];pcm_fftMag_mfcc[3];pcm_fftMag_mfcc[4];pcm_fftMag_mfcc[5];pcm_fftMag_mfcc[6];pcm_fftMag_mfcc[7];pcm_fftMag_mfcc[8];pcm_fftMag_mfcc[9];pcm_fftMag_mfcc[10];pcm_fftMag_mfcc[11];pcm_fftMag_mfcc[12];pcm_fftMag_mfcc[13]
0;0.000000;-8.885560e-01;-2.168228e+00;-1.558439e+00;-2.100407e+00;5.552616e-01;6.579536e-02;-7.891808e-01;3.266172e-01;-1.737373e+00;-1.534553e+00;-1.555065e+00;4.000950e-01;7.664824e-02;5.036621e-01
1;0.100000;8.885560e-01;2.168227e+00;1.558439e+00;2.100406e+00;-5.552621e-01;-6.579533e-02;7.891808e-01;-3.266172e-01;1.737373e+00;1.534553e+00;1.555065e+00;-4.000959e-01;-7.664871e-02;-5.036545e-01
