frameIndex;frameTime;pcm_fftMag_mfcc[0];pcm_fftMag_mfcc[1];pcm_fftMag_mfcc[2];pcm_fftMag_mfcc[3];pcm_fftMag_mfcc[4];pcm_fftMag_mfcc[5];pcm_fftMag_mfcc[6];pcm_fftMag_mfcc[7];pcm_fftMag_mfcc[8];pcm_fftMag_mfcc[9];pcm_fftMag_mfcc[10];pcm_fftMag_mfcc[11];pcm_fftMag_mfcc[12];pcm_fftMag_mfcc[13]
0;0.000000;-1.191778e-01;-2.004001e+00;-1.640567e+00;2.626257e-01;-1.613791e+00;-1.118020e+00;-2.558681e+00;1.014916e+00;9.599905e-01;-2.049223e+00;-1.910106e+00;-1.444934e+00;5.282656e-01;7.141876e-02
1;0.100000;1.191788e-01;2.004001e+00;1.640568e+00;-2.626252e-01;1.613791e+00;1.118019e+00;2.558683e+00;-1.014916e+00;-9.599895e-01;2.049223e+00;1.910106e+00;1.444934e+00;-5.282656e-01;-7.141876e-02
