frameIndex;frameTime;pcm_fftMag_mfcc[0];pcm_fftMag_mfcc[1];pcm_fftMag_mfcc[2];pcm_fftMag_mfcc[3];pcm_fftMag_mfcc[4];pcm_fftMag_mfcc[5];pcm_fftMag_mfcc[6];pcm_fftMag_mfcc[7];pcm_fftMag_mfcc[8];pcm_fftMag_mfcc[9];pcm_fftMag_mfcc[10];pcm_fftMag_mfcc[11];pcm_fftMag_mfcc[12];pcm_fftMag_mfcc[13]
0;0.000000;-1.868002e+00;3.101482e-01;4.813557e-01;3.319626e-01;-2.861647e+00;5.186613e+00;3.756453e+00;-1.796807e+00;1.021897e+01;1.656796e+00;-1.503259e+00;-4.468102e-01;-9.519831e+00;-3.295135e-02
1;0.100000;5.734396e-01;-5.198664e+00;-5.558108e+00;2.593191e+00;4.107477e+00;5.840332e+00;3.202636e+00;9.208193e-01;8.734302e+00;-2.747208e+00;-1.504085e+00;-1.617259e-01;-3.522293e+00;8.585281e-01
2;0.200000;3.058829e+00;-8.320032e+00;-7.142173e+00;2.291101e+00;8.637268e+00;4.246338e+00;2.322255e+00;1.679084e+00;3.717025e+00;-6.301726e+00;8.555412e-02;-3.774880e+00;3.928800e+00;-1.402817e-01
3;0.300000;1.683637e+00;-4.722261e+00;-2.526419e+00;-3.458023e-03;5.937603e+00;3.875793e+00;2.923659e+00;2.145357e-01;-8.385143e-01;-4.607841e+00;-8.961830e-01;-4.028923e+00;5.462689e+00;9.600220e-01
4;0.400000;-1.930069e+00;-1.186705e+00;1.610014e+00;-3.722790e+00;-2.738495e+00;1.932961e+00;5.307913e-01;-3.208764e+00;-5.117131e+00;-1.623768e+00;2.903166e-01;-2.361615e+00;4.811928e+00;7.020416e-01
5;0.500000;-2.346807e+00;8.239460e-01;2.814734e+00;-1.657358e+00;-4.276432e+00;-1.043032e+00;-2.801626e+00;-2.989444e+00;-5.510176e+00;2.862493e+00;4.156844e+00;2.526184e+00;4.427416e+00;-2.496033e-01
6;0.600000;6.699085e-02;3.045754e+00;2.809854e-01;3.108044e-01;-3.696089e+00;-8.287756e+00;-1.557167e+00;-6.494522e-04;-5.631456e+00;1.325206e+00;4.060030e-01;3.693029e+00;-6.601524e-02;2.294693e-01
7;0.700000;5.248194e-01;5.583841e+00;3.077454e+00;-1.007919e-01;-3.665310e+00;-8.231331e+00;-3.102129e+00;1.659006e+00;-3.907945e+00;2.251950e+00;-8.182449e-01;2.188723e+00;-2.471220e+00;1.619797e-01
8;0.800000;2.371569e-01;9.663968e+00;6.962157e+00;-4.264641e-02;-1.444386e+00;-3.519922e+00;-5.274869e+00;3.522224e+00;-1.665070e+00;7.184094e+00;-2.169523e-01;2.366018e+00;-3.051475e+00;-2.489258e+00
