frameIndex;frameTime;pcm_fftMag_mfcc[0];pcm_fftMag_mfcc[1];pcm_fftMag_mfcc[2];pcm_fftMag_mfcc[3];pcm_fftMag_mfcc[4];pcm_fftMag_mfcc[5];pcm_fftMag_mfcc[6];pcm_fftMag_mfcc[7];pcm_fftMag_mfcc[8];pcm_fftMag_mfcc[9];pcm_fftMag_mfcc[10];pcm_fftMag_mfcc[11];pcm_fftMag_mfcc[12];pcm_fftMag_mfcc[13]
0;0.000000;2.250168e+00;3.460284e+00;-5.992455e-01;-5.909204e-01;1.494449e+00;1.355448e-01;1.840231e+00;2.816408e+00;1.978024e+00;-9.606485e-01;-6.804695e-01;-6.987972e-01;1.427174e-01;-1.762085e+00
1;0.100000;-6.377735e-01;1.816899e+00;2.690194e+00;-2.986796e+00;-3.814713e+00;8.632584e-01;-1.197780e+00;-1.400394e-01;-1.273383e+00;-1.755611e+00;1.944823e+00;-3.773353e+00;-5.555673e-01;-3.440552e-01
2;0.200000;-1.365284e+00;-2.208689e+00;4.652843e-01;6.783113e-01;-2.775958e-01;-5.160999e-01;-1.800795e+00;-2.674905e+00;-1.689999e+00;-5.556402e-01;2.805858e-01;-2.546153e-01;-4.544907e-01;1.412819e+00
3;0.300000;-2.471123e-01;-3.068496e+00;-2.556231e+00;2.899405e+00;2.597860e+00;-4.827042e-01;1.158344e+00;-1.465797e-03;9.853544e-01;3.271900e+00;-1.544939e+00;4.726764e+00;8.673401e-01;6.933365e-01
