frameIndex;frameTime;pcm_fftMag_mfcc[0];pcm_fftMag_mfcc[1];pcm_fftMag_mfcc[2];pcm_fftMag_mfcc[3];pcm_fftMag_mfcc[4];pcm_fftMag_mfcc[5];pcm_fftMag_mfcc[6];pcm_fftMag_mfcc[7];pcm_fftMag_mfcc[8];pcm_fftMag_mfcc[9];pcm_fftMag_mfcc[10];pcm_fftMag_mfcc[11];pcm_fftMag_mfcc[12];pcm_fftMag_mfcc[13]
0;0.000000;4.504561e-01;7.483721e-01;-3.420739e+00;-6.773357e+00;-9.133434e-02;-6.994952e-01;2.723224e+00;-9.244577e+00;5.460563e+00;4.269205e+00;8.219770e+00;-4.152937e+00;-2.605353e+00;-1.823578e-01
1;0.100000;1.177896e+00;2.237882e+00;-2.056238e+00;-3.893621e+00;2.565051e+00;4.196527e+00;-1.741375e+00;-4.987474e+00;1.833774e+00;4.448483e+00;5.936264e+00;1.604727e+00;-2.287671e+00;-1.080933e+00
2;0.200000;-6.661944e-01;2.033651e+00;-5.400684e+00;2.959310e+00;1.374733e+00;-9.766735e-01;8.569319e-01;5.968776e-01;1.293044e+00;1.018524e-01;-6.645718e-01;1.630847e+00;3.241968e-01;2.195129e-01
3;0.300000;-1.298975e+00;-6.539850e-01;-7.084334e+00;3.693415e+00;-2.054578e+00;-4.822458e+00;3.113024e+00;1.778374e+00;2.597164e+00;-5.942564e-01;-5.962693e+00;-1.429470e+00;1.717025e+00;1.712379e+00
4;0.400000;-1.768753e+00;-3.121362e+00;-2.375160e+00;-5.039787e-02;-3.041286e+00;-2.795044e+00;-1.994188e+00;7.895803e-01;1.214907e+00;-4.882018e+00;-6.260329e+00;-4.865751e+00;5.257359e-01;1.632965e+00
5;0.500000;-1.625272e+00;-9.916134e-01;8.166072e+00;7.879276e-01;-5.793436e+00;-1.232736e+00;-7.606076e+00;8.711433e-01;-5.342863e+00;-5.225308e+00;-3.447734e+00;-3.813171e+00;1.685553e-01;7.790070e-01
6;0.600000;-4.535294e-02;-5.084019e-01;8.384037e+00;1.596056e+00;-2.171213e+00;2.298033e+00;-2.345584e+00;3.031285e+00;-6.834601e+00;-3.029209e+00;2.726364e-02;2.787039e+00;-9.706964e-01;1.068329e+00
7;0.700000;1.286580e+00;-1.009798e+00;3.263993e+00;1.387814e+00;3.898868e+00;2.666691e+00;3.151734e+00;3.416670e+00;-2.419227e+00;-9.604850e-01;-3.856955e-01;3.922267e+00;-2.016544e-02;-2.618408e-01
8;0.800000;2.489614e+00;1.265258e+00;5.230503e-01;2.928715e-01;5.313196e+00;1.365155e+00;3.842309e+00;3.748124e+00;2.197237e+00;5.871732e+00;2.537723e+00;4.316450e+00;3.148370e+00;-3.887039e+00
