frameIndex;frameTime;pcm_fftMag_mfcc[0];pcm_fftMag_mfcc[1];pcm_fftMag_mfcc[2];pcm_fftMag_mfcc[3];pcm_fftMag_mfcc[4];pcm_fftMag_mfcc[5];pcm_fftMag_mfcc[6];pcm_fftMag_mfcc[7];pcm_fftMag_mfcc[8];pcm_fftMag_mfcc[9];pcm_fftMag_mfcc[10];pcm_fftMag_mfcc[11];pcm_fftMag_mfcc[12];pcm_fftMag_mfcc[13]
0;0.000000;-4.169100e+00;6.841169e+00;6.230983e+00;8.806047e+00;-7.564123e+00;3.904996e+00;9.453411e+00;4.948606e+00;3.741258e+00;-2.582163e+00;2.528443e+00;-2.618484e-01;-1.264516e+00;-3.619995e-01
1;0.100000;-1.048264e+00;2.706105e+00;-5.802050e+00;4.814734e+00;4.382792e-01;3.117329e+00;-2.165657e+00;-5.299133e+00;4.162458e+00;3.595667e-01;-2.753917e+00;1.650680e+00;2.370317e+00;-5.090714e-01
2;0.200000;2.916119e+00;-3.076198e+00;-5.176650e+00;-4.156076e+00;4.928187e+00;-2.993634e+00;-4.860737e+00;3.637562e-01;-1.665319e+00;1.467655e+00;-2.376586e+00;1.129951e+00;4.625130e-02;9.518433e-02
3;0.300000;2.301242e+00;-6.471076e+00;4.747715e+00;-9.464705e+00;2.197657e+00;-4.028692e+00;-2.427021e+00;-1.322937e-02;-6.238398e+00;7.549410e-01;2.602061e+00;-2.518780e+00;-1.152052e+00;7.758789e-01
