frameIndex;frameTime;pcm_fftMag_mfcc[0];pcm_fftMag_mfcc[1];pcm_fftMag_mfcc[2];pcm_fftMag_mfcc[3];pcm_fftMag_mfcc[4];pcm_fftMag_mfcc[5];pcm_fftMag_mfcc[6];pcm_fftMag_mfcc[7];pcm_fftMag_mfcc[8];pcm_fftMag_mfcc[9];pcm_fftMag_mfcc[10];pcm_fftMag_mfcc[11];pcm_fftMag_mfcc[12];pcm_fftMag_mfcc[13]
0;0.000000;1.521866e+00;-4.261696e+00;-4.289816e+00;-1.342607e+00;9.520897e+00;-5.298347e+00;-7.265575e+00;3.736764e+00;3.377903e+00;8.213377e-01;7.593985e-01;-1.891231e+00;-2.076069e+00;1.025894e+00
1;0.100000;6.698132e-02;-1.035347e+01;-7.790494e-01;-2.621838e+00;2.760270e+00;-4.741440e+00;-7.676519e+00;3.131469e+00;-3.860337e+00;2.416312e+00;-2.256264e+00;-2.431027e+00;-1.181304e+00;1.541550e+00
2;0.200000;-1.099791e+00;-6.358201e+00;5.187079e+00;4.420013e-01;-5.972481e-02;-2.127525e+00;-6.286325e-01;7.132102e+00;-4.196882e-02;4.727843e+00;1.092039e+00;4.039276e-01;1.380369e+00;2.232613e+00
3;0.300000;-2.672695e+00;8.295675e-01;8.728975e+00;3.714541e+00;-2.220147e+00;1.496443e+00;5.143321e+00;6.842777e+00;5.408119e+00;3.459032e+00;1.707145e+00;3.016240e+00;3.810894e-01;2.409447e+00
4;0.400000;-4.647115e+00;6.143454e+00;7.264443e+00;6.214027e+00;-3.074497e+00;4.356863e+00;7.338335e+00;2.748820e+00;9.262489e+00;1.087666e+00;2.243897e+00;2.808008e+00;-2.467261e-01;1.512726e+00
5;0.500000;-4.156939e+00;8.583338e+00;-1.061912e+00;5.331432e+00;-2.302092e+00;5.259727e+00;6.637018e+00;-3.546057e+00;6.440381e+00;-2.246583e+00;3.025909e+00;1.349315e+00;2.384094e-01;-4.013824e-01
6;0.600000;-8.720474e-01;6.633465e+00;-1.090809e+01;7.144079e-01;-3.927231e-02;2.413639e+00;2.089790e+00;-7.557706e+00;3.336062e-01;-6.357965e+00;-3.089957e-01;-1.274091e+00;3.076681e-01;-2.056458e+00
7;0.700000;4.416311e+00;1.912785e+00;-7.754554e+00;-4.767047e+00;-1.275997e-01;-1.221950e-01;-1.306796e+00;-7.232347e+00;-6.731646e+00;-5.082865e+00;-1.552028e+00;-1.921319e+00;1.308516e+00;-3.180016e+00
8;0.800000;7.443429e+00;-3.129247e+00;3.612929e+00;-7.684909e+00;-4.457834e+00;-1.237162e+00;-4.330935e+00;-5.255823e+00;-1.418854e+01;1.175222e+00;-4.711101e+00;-5.981874e-02;-1.119523e-01;-3.084404e+00
