frameIndex;frameTime;pcm_fftMag_mfcc[0];pcm_fftMag_mfcc[1];pcm_fftMag_mfcc[2];pcm_fftMag_mfcc[3];pcm_fftMag_mfcc[4];pcm_fftMag_mfcc[5];pcm_fftMag_mfcc[6];pcm_fftMag_mfcc[7];pcm_fftMag_mfcc[8];pcm_fftMag_mfcc[9];pcm_fftMag_mfcc[10];pcm_fftMag_mfcc[11];pcm_fftMag_mfcc[12];pcm_fftMag_mfcc[13]
0;0.000000;1.181915e+00;-5.215362e+00;-7.612700e+00;-2.696280e-01;2.891467e+00;5.437300e+00;1.355505e+00;4.674911e-01;5.293547e+00;-1.646135e+00;1.171996e+00;-4.132644e+00;3.224018e+00;1.962303e+00
1;0.100000;3.740916e-01;-8.897510e-01;-1.032925e-02;-8.468676e-02;2.799129e-02;1.536669e+00;-1.887274e-01;1.638769e+00;4.640441e-01;7.202752e-01;-2.659435e-01;-1.238604e-01;-5.522275e-01;3.979340e-01
2;0.200000;-1.556006e+00;6.105112e+00;7.623028e+00;3.543153e-01;-2.919456e+00;-6.973968e+00;-1.166779e+00;-2.106258e+00;-5.757590e+00;9.258597e-01;-9.060545e-01;4.256504e+00;-2.671790e+00;-2.360245e+00
