frameIndex;frameTime;pcm_fftMag_mfcc[0];pcm_fftMag_mfcc[1];pcm_fftMag_mfcc[2];pcm_fftMag_mfcc[3];pcm_fftMag_mfcc[4];pcm_fftMag_mfcc[5];pcm_fftMag_mfcc[6];pcm_fftMag_mfcc[7];pcm_fftMag_mfcc[8];pcm_fftMag_mfcc[9];pcm_fftMag_mfcc[10];pcm_fftMag_mfcc[11];pcm_fftMag_mfcc[12];pcm_fftMag_mfcc[13]
0;0.000000;-3.645035e+00;7.275972e-01;1.238910e+00;6.371325e+00;-3.137930e+00;-2.200923e+00;-1.954561e+00;2.980870e+00;2.216992e+00;3.973778e+00;-2.540047e+00;-5.450441e+00;8.855380e+00;1.229530e+00
1;0.100000;-5.112088e+00;3.672253e+00;7.286183e+00;2.550172e+00;-3.183743e+00;-2.244673e+00;2.628288e+00;-3.242464e+00;-4.011191e+00;-2.051195e+00;-8.533382e-01;-1.522780e+00;4.201933e+00;-5.834122e-01
2;0.200000;-7.494658e+00;1.466569e+00;4.620890e+00;5.303543e+00;-2.666277e+00;-4.930449e+00;-1.111107e-01;-6.878872e-01;-5.556247e+00;-7.924988e+00;-1.637622e+00;-1.007487e+00;3.719827e+00;1.415176e-01
3;0.300000;-5.688817e+00;-1.818066e+00;-2.821479e-01;6.411357e+00;-2.235451e+00;-5.868170e+00;-1.098255e+00;1.698266e+00;-8.642044e-01;-2.246552e+00;1.161136e+00;-6.886263e-01;3.719845e+00;1.588844e+00
4;0.400000;-1.615476e+00;-5.067688e+00;-3.774854e+00;2.459495e+00;-2.508768e+00;-6.206194e+00;-2.616108e+00;2.931595e-01;-5.844984e-01;-1.733732e+00;-6.492014e-01;-2.384495e+00;-1.863669e+00;2.115517e+00
5;0.500000;3.201724e+00;-6.082167e+00;-2.723602e+00;-9.700041e-01;-4.719543e-02;-2.107793e+00;-2.121668e+00;1.766723e+00;-1.338062e-01;-1.524975e+00;-1.505120e+00;-3.469610e-01;-4.490985e+00;6.750488e-01
6;0.600000;5.246538e+00;-2.193315e+00;-4.264180e+00;-7.920488e+00;2.198936e+00;1.433014e+00;-1.746958e+00;9.808731e-02;-1.246805e-01;2.247191e+00;-1.612047e+00;4.805971e+00;-3.998713e+00;-1.791756e+00
7;0.700000;6.419264e+00;4.725320e+00;-3.227512e+00;-1.228333e+01;4.507883e+00;1.016903e+01;9.222870e-01;-3.302898e+00;2.970373e+00;3.953937e+00;1.420755e-01;4.208785e+00;-3.920161e+00;-1.959305e+00
8;0.800000;8.688559e+00;4.569494e+00;1.126310e+00;-1.922067e+00;7.072532e+00;1.195616e+01;6.098097e+00;3.961487e-01;6.087257e+00;5.306534e+00;7.494160e+00;2.386043e+00;-6.223457e+00;-1.416061e+00
