frameIndex;frameTime;pcm_fftMag_mfcc[0];pcm_fftMag_mfcc[1];pcm_fftMag_mfcc[2];pcm_fftMag_mfcc[3];pcm_fftMag_mfcc[4];pcm_fftMag_mfcc[5];pcm_fftMag_mfcc[6];pcm_fftMag_mfcc[7];pcm_fftMag_mfcc[8];pcm_fftMag_mfcc[9];pcm_fftMag_mfcc[10];pcm_fftMag_mfcc[11];pcm_fftMag_mfcc[12];pcm_fftMag_mfcc[13]
0;0.000000;-4.113233e-01;6.262497e+00;-8.846116e+00;-7.431328e+00;-5.278716e+00;9.061935e+00;-7.647057e-01;2.126276e+00;-7.232151e+00;3.238787e+00;-2.728191e+00;2.903073e-01;3.436197e+00;1.139252e+00
1;0.100000;8.102602e-01;5.423575e+00;-8.248862e+00;-3.412756e+00;-6.144342e-01;4.050606e+00;1.020317e+00;8.494854e-01;-2.601642e+00;-3.372350e-01;-4.776239e-01;3.547408e+00;3.518952e-01;-1.318779e+00
2;0.200000;1.776938e-01;-3.909188e+00;4.457508e+00;4.195673e+00;4.161741e+00;-6.066755e+00;2.614244e+00;-1.937304e+00;3.711654e+00;-7.509351e-01;9.646606e-02;-1.093093e+00;-1.123612e+00;-1.239807e+00
3;0.300000;-5.766311e-01;-7.776884e+00;1.263747e+01;6.648411e+00;1.731409e+00;-7.045787e+00;-2.869856e+00;-1.038457e+00;6.122139e+00;-2.150617e+00;3.109349e+00;-2.744622e+00;-2.664480e+00;1.419357e+00
