frameIndex;frameTime;pcm_fftMag_mfcc[0];pcm_fftMag_mfcc[1];pcm_fftMag_mfcc[2];pcm_fftMag_mfcc[3];pcm_fftMag_mfcc[4];pcm_fftMag_mfcc[5];pcm_fftMag_mfcc[6];pcm_fftMag_mfcc[7];pcm_fftMag_mfcc[8];pcm_fftMag_mfcc[9];pcm_fftMag_mfcc[10];pcm_fftMag_mfcc[11];pcm_fftMag_mfcc[12];pcm_fftMag_mfcc[13]
0;0.000000;3.072739e-02;-1.487049e+00;2.712522e+00;3.337003e-01;-2.852089e+00;-2.750748e+00;-2.817827e+00;-3.450994e-01;-1.248544e+00;-2.989438e+00;-1.178358e+00;-5.175707e-01;1.174744e-01;-4.701233e-01
1;0.100000;-3.072643e-02;1.487050e+00;-2.712523e+00;-3.337003e-01;2.852089e+00;2.750749e+00;2.817827e+00;3.451004e-01;1.248544e+00;2.989438e+00;1.178358e+00;5.175706e-01;-1.174743e-01;4.701309e-01
