frameIndex;frameTime;pcm_fftMag_mfcc[0];pcm_fftMag_mfcc[1];pcm_fftMag_mfcc[2];pcm_fftMag_mfcc[3];pcm_fftMag_mfcc[4];pcm_fftMag_mfcc[5];pcm_fftMag_mfcc[6];pcm_fftMag_mfcc[7];pcm_fftMag_mfcc[8];pcm_fftMag_mfcc[9];pcm_fftMag_mfcc[10];pcm_fftMag_mfcc[11];pcm_fftMag_mfcc[12];pcm_fftMag_mfcc[13]
0;0.000000;-9.219803e+00;1.016386e+01;1.152468e+01;-8.584291e+00;-1.417616e+01;-2.122074e+00;9.970737e+00;-1.115329e+00;-5.361851e+00;-2.669612e+00;-5.936031e+00;-2.721497e+00;1.820131e+00;-1.285950e+00
1;0.100000;-7.091427e+00;2.175267e+00;-2.049986e+00;1.728359e+00;-5.670896e+00;-6.893310e+00;-3.193030e+00;-3.486892e+00;2.743786e+00;-4.812126e-01;-7.328429e+00;-5.633396e+00;-2.569542e-01;1.788811e+00
2;0.200000;-3.283252e+00;-3.260150e+00;-8.975715e+00;2.135602e+00;-9.286804e-01;-6.929648e+00;-4.741448e+00;-1.647858e+00;3.305793e+00;-3.784625e+00;-3.159957e+00;-1.271576e+00;-4.800941e+00;4.420532e+00
3;0.300000;1.233447e+00;-5.557515e+00;-7.310080e+00;2.413363e+00;3.286542e+00;-3.279661e+00;-1.271709e+00;1.941813e+00;5.181361e+00;-5.333157e-01;1.567876e+00;2.020990e+00;-2.801840e+00;4.245277e+00
4;0.400000;4.740917e+00;-5.365115e+00;-3.265982e+00;2.606066e+00;6.584509e+00;2.644266e+00;9.069204e-01;3.766242e+00;3.828553e+00;3.064400e+00;3.473739e+00;3.080708e+00;6.264176e-01;5.839310e-01
5;0.500000;5.008534e+00;-1.615007e-01;3.740346e+00;7.774298e-01;7.119919e+00;1.020968e+01;1.971359e-01;-5.895996e-02;-4.428913e+00;1.462784e+00;4.895855e+00;3.509001e+00;3.599576e+00;-3.480942e+00
6;0.600000;8.611586e+00;2.005152e+00;6.336732e+00;-1.076529e+00;3.784772e+00;6.370752e+00;-1.868604e+00;6.009817e-01;-5.268732e+00;2.941582e+00;6.486947e+00;1.015768e+00;1.813612e+00;-6.271622e+00
