frameIndex;frameTime;pcm_fftMag_mfcc[0];pcm_fftMag_mfcc[1];pcm_fftMag_mfcc[2];pcm_fftMag_mfcc[3];pcm_fftMag_mfcc[4];pcm_fftMag_mfcc[5];pcm_fftMag_mfcc[6];pcm_fftMag_mfcc[7];pcm_fftMag_mfcc[8];pcm_fftMag_mfcc[9];pcm_fftMag_mfcc[10];pcm_fftMag_mfcc[11];pcm_fftMag_mfcc[12];pcm_fftMag_mfcc[13]
0;0.000000;2.530730e+00;-5.955760e+00;-7.046056e+00;7.575929e+00;1.336161e+00;-1.974320e+00;2.640531e+00;8.279041e+00;4.097843e-01;-3.506496e+00;1.427556e+00;-3.661526e+00;6.703943e-02;1.101753e+00
1;0.100000;3.589325e+00;-5.679543e+00;-4.409735e+00;6.556326e+00;-2.417641e-01;-3.005706e+00;6.376772e-01;7.294469e+00;-3.044870e+00;-5.224351e+00;-8.153944e-01;-2.752236e+00;-1.208282e+00;-1.612396e-01
2;0.200000;5.634880e-02;7.164111e-01;2.276146e+00;-9.230919e-01;-3.642387e-01;-1.851792e+00;2.294827e-01;-7.823226e-01;-5.106411e-01;-3.146934e+00;-1.186777e+00;1.877989e+00;2.134094e+00;-5.043564e-01
3;0.300000;-3.461765e+00;4.930744e+00;4.724999e+00;-7.012939e+00;-7.131310e-01;3.726005e+00;-1.176218e+00;-6.082793e+00;1.970286e+00;5.387951e+00;7.249260e-01;2.582326e+00;1.338193e+00;-1.481552e-01
4;0.400000;-2.714640e+00;5.988143e+00;4.454645e+00;-6.196218e+00;-1.703072e-02;3.105817e+00;-2.331470e+00;-8.708395e+00;1.175446e+00;6.489832e+00;-1.503100e-01;1.953451e+00;-2.331044e+00;-2.880478e-01
