frameIndex;frameTime;pcm_fftMag_mfcc[0];pcm_fftMag_mfcc[1];pcm_fftMag_mfcc[2];pcm_fftMag_mfcc[3];pcm_fftMag_mfcc[4];pcm_fftMag_mfcc[5];pcm_fftMag_mfcc[6];pcm_fftMag_mfcc[7];pcm_fftMag_mfcc[8];pcm_fftMag_mfcc[9];pcm_fftMag_mfcc[10];pcm_fftMag_mfcc[11];pcm_fftMag_mfcc[12];pcm_fftMag_mfcc[13]
0;0.000000;-9.353051e-01;-6.484303e+00;-2.221693e+00;-3.182554e+00;-6.633326e+00;-1.197145e+01;3.197556e+00;-1.603832e-01;-2.418544e+00;5.242681e-01;-5.254145e+00;-6.247755e+00;-3.841757e+00;3.121147e+00
1;0.100000;-3.588500e+00;4.460105e+00;-4.386808e+00;6.375480e+00;-5.493916e+00;-3.883293e+00;9.699979e+00;1.570343e+00;5.196316e+00;1.522790e+00;2.160767e+00;-1.567456e+00;3.491635e-01;1.752930e+00
2;0.200000;-5.161525e+00;1.135696e+01;-6.187601e+00;1.131077e+01;2.596035e-01;1.671779e-01;9.629927e+00;2.350013e+00;1.062881e+01;8.327091e-01;7.019417e+00;3.973097e+00;-2.070921e+00;5.956268e-01
3;0.300000;-4.687589e+00;1.135568e+01;-5.545042e+00;9.577194e+00;9.391823e-01;3.072411e+00;7.376916e+00;-2.003222e+00;1.071416e+01;2.193985e+00;3.909398e+00;3.202922e+00;5.836720e-01;8.139420e-01
4;0.400000;-1.932914e+00;8.389296e+00;-5.676980e+00;4.559171e+00;1.506226e+00;5.662306e+00;2.885933e+00;-4.999565e+00;8.424967e+00;4.935598e-01;9.249997e-01;1.944682e+00;2.738830e+00;-8.197937e-01
5;0.500000;3.100492e+00;3.778858e-01;-1.697982e+00;-3.540357e+00;3.287636e+00;5.720996e+00;-4.879303e+00;-4.579166e+00;-8.822622e-01;-3.331392e+00;-1.610636e+00;-7.709587e-01;2.114614e+00;-2.140076e+00
6;0.600000;4.891484e+00;-6.658823e+00;4.651936e+00;-8.954947e+00;6.145214e+00;3.592330e+00;-9.641296e+00;-2.831741e+00;-9.782722e+00;-2.195356e+00;-4.727633e+00;-1.429567e+00;-2.487626e-01;-1.897659e+00
7;0.700000;4.106066e+00;-1.043705e+01;1.049981e+01;-8.216204e+00;2.133801e+00;1.692865e-01;-9.341132e+00;2.695495e+00;-1.131030e+01;-9.630954e-01;-8.526325e-01;-1.966236e-01;-2.455750e-01;-1.056732e+00
8;0.800000;4.207789e+00;-1.235975e+01;1.056436e+01;-7.928555e+00;-2.144419e+00;-2.529763e+00;-8.928577e+00;7.958244e+00;-1.057043e+01;9.225322e-01;-1.569532e+00;1.091658e+00;6.207342e-01;-3.694611e-01
