frameIndex;frameTime;pcm_fftMag_mfcc[0];pcm_fftMag_mfcc[1];pcm_fftMag_mfcc[2];pcm_fftMag_mfcc[3];pcm_fftMag_mfcc[4];pcm_fftMag_mfcc[5];pcm_fftMag_mfcc[6];pcm_fftMag_mfcc[7];pcm_fftMag_mfcc[8];pcm_fftMag_mfcc[9];pcm_fftMag_mfcc[10];pcm_fftMag_mfcc[11];pcm_fftMag_mfcc[12];pcm_fftMag_mfcc[13]
0;0.000000;1.835770e+00;7.785083e-01;-3.861807e+00;1.336958e+00;1.287808e-01;2.575367e+00;7.455559e-01;-2.546725e-01;-2.278330e+00;-2.274556e+00;1.348340e+00;-2.105824e+00;2.135198e+00;-1.016769e-01
1;0.100000;-1.835770e+00;-7.785083e-01;3.861807e+00;-1.336958e+00;-1.287804e-01;-2.575367e+00;-7.455568e-01;2.546725e-01;2.278331e+00;2.274556e+00;-1.348340e+00;2.105824e+00;-2.135198e+00;1.016693e-01
