frameIndex;frameTime;pcm_fftMag_mfcc[0];pcm_fftMag_mfcc[1];pcm_fftMag_mfcc[2];pcm_fftMag_mfcc[3];pcm_fftMag_mfcc[4];pcm_fftMag_mfcc[5];pcm_fftMag_mfcc[6];pcm_fftMag_mfcc[7];pcm_fftMag_mfcc[8];pcm_fftMag_mfcc[9];pcm_fftMag_mfcc[10];pcm_fftMag_mfcc[11];pcm_fftMag_mfcc[12];pcm_fftMag_mfcc[13]
0;0.000000;1.569956e+00;-7.147717e+00;-4.782132e+00;3.271332e-01;-3.300398e+00;-6.699121e+00;-2.784346e+00;9.319966e+00;2.220275e+00;3.872204e+00;9.112470e-01;-1.315393e+00;3.324794e+00;3.545982e+00
1;0.100000;-3.548009e+00;7.889767e-01;-3.254698e+00;1.456223e+00;-1.089731e+00;-8.891376e+00;-4.462800e-01;5.044666e+00;5.004825e+00;-8.366594e-01;-1.785286e+00;1.708556e+00;3.148505e+00;1.703140e+00
2;0.200000;-5.926492e+00;5.533879e+00;2.140760e-02;-7.208290e-01;7.131600e-01;-2.034331e+00;4.083028e-01;-4.116741e+00;4.202127e-01;-2.688095e+00;-1.907949e-01;1.947157e+00;-6.834322e-01;3.839340e-01
3;0.300000;-2.918231e+00;4.704930e+00;-5.613799e-01;-2.478970e+00;2.150380e+00;3.438826e+00;1.471879e+00;-8.498684e+00;-1.809902e-01;-1.019608e+00;-1.724367e-01;-1.984564e+00;-2.226428e+00;-3.385086e-01
4;0.400000;4.234995e+00;5.411940e-01;7.149961e-01;1.016577e+00;1.346050e+00;5.579741e+00;3.314677e+00;-4.767868e+00;-9.890766e-01;-1.631792e+00;1.240418e+00;-1.606848e+00;-1.695053e+00;-2.518028e+00
5;0.500000;6.587780e+00;-4.421266e+00;7.861809e+00;3.998661e-01;1.805406e-01;8.606256e+00;-1.964232e+00;3.018659e+00;-6.475245e+00;2.303954e+00;-3.149986e-03;1.251092e+00;-1.868386e+00;-2.776505e+00
