frameIndex;frameTime;pcm_fftMag_mfcc[0];pcm_fftMag_mfcc[1];pcm_fftMag_mfcc[2];pcm_fftMag_mfcc[3];pcm_fftMag_mfcc[4];pcm_fftMag_mfcc[5];pcm_fftMag_mfcc[6];pcm_fftMag_mfcc[7];pcm_fftMag_mfcc[8];pcm_fftMag_mfcc[9];pcm_fftMag_mfcc[10];pcm_fftMag_mfcc[11];pcm_fftMag_mfcc[12];pcm_fftMag_mfcc[13]
0;0.000000;2.711790e+00;-2.262071e+00;-4.468075e+00;-8.834677e+00;-6.056595e-02;-2.006348e+00;-7.615662e+00;4.263074e-01;9.262342e-01;-2.572181e+00;2.098515e+00;-3.010518e+00;1.963195e+00;2.323448e+00
1;0.100000;1.131771e+00;-3.779531e+00;-3.976461e+00;-6.708214e+00;2.573969e+00;-1.226289e+00;-6.926550e+00;3.306633e+00;-9.332638e-01;-1.315736e+00;-8.630657e-02;-1.161554e+00;2.027645e-01;3.835320e+00
2;0.200000;-1.560078e+00;-4.250407e+00;-2.210434e+00;-2.315953e+00;4.235342e+00;-3.430223e-02;-2.652143e+00;5.650542e+00;-2.633451e+00;1.270886e+00;-2.422871e+00;2.118278e+00;9.286213e-02;3.197899e+00
3;0.300000;-2.603744e+00;-2.434122e+00;7.209626e-01;1.183343e+00;2.796288e+00;-1.408381e-01;1.291723e+00;5.004230e+00;-3.157861e+00;1.701708e+00;-4.223896e+00;3.319092e+00;-1.236208e+00;1.559143e+00
4;0.400000;-1.045220e+00;2.033622e+00;4.656947e+00;3.283130e+00;-2.259002e+00;-1.907761e+00;5.435287e+00;3.156655e-01;-1.014283e+00;7.844687e-01;-2.566085e+00;2.823681e+00;-2.127603e+00;-1.506508e+00
5;0.500000;9.402876e-01;4.963199e+00;3.355167e+00;6.375422e+00;-4.471249e+00;1.560993e+00;5.426199e+00;-7.706307e+00;2.509816e+00;7.544742e-01;2.937455e+00;-1.155613e+00;5.230427e-02;-4.207123e+00
6;0.600000;4.251895e-01;5.729311e+00;1.921892e+00;7.016946e+00;-2.814780e+00;3.754544e+00;5.041132e+00;-6.997069e+00;4.302810e+00;-6.236176e-01;4.263190e+00;-2.933366e+00;1.052684e+00;-5.202187e+00
