frameIndex;frameTime;pcm_fftMag_mfcc[0];pcm_fftMag_mfcc[1];pcm_fftMag_mfcc[2];pcm_fftMag_mfcc[3];pcm_fftMag_mfcc[4];pcm_fftMag_mfcc[5];pcm_fftMag_mfcc[6];pcm_fftMag_mfcc[7];pcm_fftMag_mfcc[8];pcm_fftMag_mfcc[9];pcm_fftMag_mfcc[10];pcm_fftMag_mfcc[11];pcm_fftMag_mfcc[12];pcm_fftMag_mfcc[13]
0;0.000000;-1.114067e+01;5.085994e+00;4.293172e-01;6.338614e+00;-1.210873e+01;-1.035655e+01;4.746180e+00;3.982549e+00;-2.792670e+00;1.868959e+00;-4.730129e-01;1.514896e+00;7.968142e+00;3.851318e+00
1;0.100000;-8.301852e+00;4.068011e+00;3.678892e+00;5.949960e+00;-1.070754e+01;-1.126169e+01;3.909755e+00;4.193816e+00;-4.452909e+00;-5.785301e-01;-1.803159e+00;-1.910088e+00;4.848086e+00;2.846497e+00
2;0.200000;-1.704513e+00;2.227583e+00;4.280268e+00;4.374371e+00;-3.693861e+00;-7.420935e+00;3.195902e+00;1.276894e-01;-6.875072e+00;-3.460931e+00;1.786032e+00;-2.558270e+00;-2.340059e-01;-8.255768e-02
3;0.300000;4.540832e+00;4.830516e-01;-3.495914e+00;1.785236e+00;3.390993e+00;-3.277908e+00;3.057537e-01;-5.504931e+00;-5.251580e+00;-2.483024e+00;3.834278e+00;-4.463895e+00;-3.034763e+00;-1.881432e+00
4;0.400000;6.391952e+00;-3.533291e+00;-4.200050e+00;-2.793800e+00;7.631080e+00;1.615874e+00;-7.550812e-02;-3.123986e+00;-1.113809e+00;5.889034e+00;2.638006e-01;-3.793128e+00;-8.731203e-01;-1.056274e+00
5;0.500000;5.521549e+00;-4.320772e+00;-2.084610e+00;-5.153141e+00;7.140881e+00;7.628736e+00;-1.451768e+00;-2.048580e+00;3.276319e+00;4.478114e+00;-2.584974e+00;1.077896e+00;-3.594958e+00;2.635956e-01
6;0.600000;3.599587e+00;-2.660194e+00;-3.927851e-01;-5.899574e+00;4.973586e+00;1.195704e+01;-4.650958e+00;-5.164719e-01;7.200054e+00;-8.894457e-01;-1.202238e+00;4.417009e+00;-3.214242e+00;-4.189987e-01
7;0.700000;1.093117e+00;-1.350383e+00;1.784883e+00;-4.601658e+00;3.373598e+00;1.111544e+01;-5.979354e+00;2.889915e+00;1.000967e+01;-4.824175e+00;1.792703e-01;5.715583e+00;-1.865135e+00;-3.522118e+00
