frameIndex;frameTime;pcm_fftMag_mfcc[0];pcm_fftMag_mfcc[1];pcm_fftMag_mfcc[2];pcm_fftMag_mfcc[3];pcm_fftMag_mfcc[4];pcm_fftMag_mfcc[5];pcm_fftMag_mfcc[6];pcm_fftMag_mfcc[7];pcm_fftMag_mfcc[8];pcm_fftMag_mfcc[9];pcm_fftMag_mfcc[10];pcm_fftMag_mfcc[11];pcm_fftMag_mfcc[12];pcm_fftMag_mfcc[13]
0;0.000000;9.383957e-01;1.696263e+00;-1.850695e+00;-7.662005e-01;2.064693e+00;3.429693e-01;-2.366371e-01;-1.319427e-01;-1.216672e+00;-2.172819e+00;-3.899256e+00;1.455074e+00;2.682510e-01;1.011353e-01
1;0.100000;-3.737693e-01;1.098933e+00;3.180749e+00;-3.253905e+00;-2.037973e+00;-2.647290e-01;-4.873447e-01;5.436435e-01;-1.361336e+00;2.223777e+00;-7.844315e-01;1.015945e+00;-1.079878e+00;4.445114e-01
2;0.200000;-6.756840e-01;-1.681981e+00;1.233772e+00;-4.198456e-02;-1.418439e+00;2.561103e-02;-1.125973e+00;1.127676e+00;-9.105084e-01;1.629931e+00;1.178392e+00;-4.235545e-01;-4.787091e-01;6.076813e-01
3;0.300000;1.110568e-01;-1.113216e+00;-2.563825e+00;4.062091e+00;1.391718e+00;-1.038513e-01;1.849951e+00;-1.539377e+00;3.488515e+00;-1.680889e+00;3.505295e+00;-2.047464e+00;1.290336e+00;-1.153351e+00
