frameIndex;frameTime;pcm_fftMag_mfcc[0];pcm_fftMag_mfcc[1];pcm_fftMag_mfcc[2];pcm_fftMag_mfcc[3];pcm_fftMag_mfcc[4];pcm_fftMag_mfcc[5];pcm_fftMag_mfcc[6];pcm_fftMag_mfcc[7];pcm_fftMag_mfcc[8];pcm_fftMag_mfcc[9];pcm_fftMag_mfcc[10];pcm_fftMag_mfcc[11];pcm_fftMag_mfcc[12];pcm_fftMag_mfcc[13]
0;0.000000;-1.713048e+00;3.970989e+00;-9.094748e+00;5.988039e+00;1.164312e+00;1.349438e+00;-3.039713e+00;6.698942e-02;4.829823e-01;-5.336556e-01;-7.027683e-01;1.966150e+00;-1.045468e+00;-3.007507e-02
1;0.100000;2.580738e-01;1.431580e+00;-4.277455e+00;4.399207e+00;8.233490e-01;-1.310048e-01;-2.133948e+00;1.634665e+00;1.841019e+00;-4.836564e-01;-8.483701e-01;4.365945e-01;-7.059247e-01;-1.740112e-01
2;0.200000;1.255738e+00;-2.379345e+00;4.933747e+00;-3.054835e+00;2.775440e-01;-7.852883e-01;1.774089e+00;-4.589167e-01;5.350441e-01;1.707368e+00;-7.152071e-01;-1.268356e+00;-1.049731e-01;3.823853e-02
3;0.300000;1.992359e-01;-3.023224e+00;8.438457e+00;-7.332411e+00;-2.265205e+00;-4.331446e-01;3.399571e+00;-1.242737e+00;-2.859046e+00;-6.900549e-01;2.266347e+00;-1.134388e+00;1.856366e+00;1.658478e-01
