frameIndex;frameTime;pcm_fftMag_mfcc[0];pcm_fftMag_mfcc[1];pcm_fftMag_mfcc[2];pcm_fftMag_mfcc[3];pcm_fftMag_mfcc[4];pcm_fftMag_mfcc[5];pcm_fftMag_mfcc[6];pcm_fftMag_mfcc[7];pcm_fftMag_mfcc[8];pcm_fftMag_mfcc[9];pcm_fftMag_mfcc[10];pcm_fftMag_mfcc[11];pcm_fftMag_mfcc[12];pcm_fftMag_mfcc[13]
0;0.000000;-5.053998e+00;-6.367812e-01;-1.115405e+00;6.627583e+00;-1.029787e-01;-1.262556e+01;3.676701e-02;-5.658785e+00;-3.803759e+00;-2.495989e+00;-5.373404e+00;-4.433455e-01;1.538677e+00;9.973984e-01
1;0.100000;-2.837372e+00;3.179396e-01;-1.514091e+00;2.655987e+00;-7.742310e-01;-6.393922e+00;4.340167e+00;-2.482503e+00;-7.450066e-01;-1.238151e+00;-2.279892e+00;-3.891077e-01;-7.049942e-01;1.953773e+00
2;0.200000;1.761410e+00;6.009958e-01;2.103338e-01;-2.984076e+00;-5.131006e-01;3.191548e+00;1.169741e+00;-4.915524e-02;1.792783e+00;-4.035378e-01;3.922416e+00;3.805327e-01;-1.334520e+00;5.442352e-01
3;0.300000;6.129961e+00;-2.821542e-01;2.419162e+00;-6.299492e+00;1.390310e+00;1.582793e+01;-5.546676e+00;8.190442e+00;2.755982e+00;4.137675e+00;3.730880e+00;4.519203e-01;5.008402e-01;-3.495415e+00
