frameIndex;frameTime;pcm_fftMag_mfcc[0];pcm_fftMag_mfcc[1];pcm_fftMag_mfcc[2];pcm_fftMag_mfcc[3];pcm_fftMag_mfcc[4];pcm_fftMag_mfcc[5];pcm_fftMag_mfcc[6];pcm_fftMag_mfcc[7];pcm_fftMag_mfcc[8];pcm_fftMag_mfcc[9];pcm_fftMag_mfcc[10];pcm_fftMag_mfcc[11];pcm_fftMag_mfcc[12];pcm_fftMag_mfcc[13]
0;0.000000;-6.315222e-01;-1.500367e+00;-3.112584e+00;-6.260712e-01;1.100063e+01;1.044605e+00;-3.687057e+00;-3.027545e+00;3.704681e+00;-1.000499e+00;-3.154238e+00;4.890003e+00;2.354538e+00;-1.969467e+00
1;0.100000;-1.429630e+00;1.389518e-01;-2.513901e+00;3.888100e+00;1.533256e+01;6.964643e+00;-1.218073e+00;-1.118087e+00;6.946770e+00;-1.170118e+00;-1.949345e+00;5.219235e+00;1.876502e+00;-5.576981e+00
2;0.200000;-1.973152e+00;1.733586e+00;-4.213708e+00;8.239682e+00;9.922735e+00;1.015940e+01;7.216242e+00;5.322767e+00;3.565391e+00;2.647307e+00;-6.444988e-01;7.478427e+00;7.611887e-01;-7.529533e+00
3;0.300000;-1.512042e+00;-8.764663e-01;-1.545388e+00;5.872816e+00;-1.513649e+00;-6.386929e-01;6.612405e+00;6.185996e+00;-9.989719e-01;7.527304e-01;9.045196e-02;2.993826e+00;-9.007226e-01;-1.457253e+00
4;0.400000;2.528486e-01;-4.351782e+00;8.044895e-01;1.803746e+00;-5.108986e+00;-4.405167e+00;2.275854e+00;3.140326e+00;-1.379697e+00;-8.987148e-01;6.040688e-01;1.278207e+00;-1.284852e+00;2.216423e+00
5;0.500000;3.162332e+00;-4.836659e+00;2.636254e+00;-1.610458e+00;-6.240377e+00;-6.519476e+00;-1.192362e+00;-2.767314e-01;-1.191999e+00;-2.449164e+00;9.154655e-01;-2.749572e+00;-2.642204e+00;3.039894e+00
6;0.600000;2.096046e+00;7.712607e-01;1.459773e+00;-4.233321e+00;-8.245024e+00;-3.073858e+00;-6.312275e+00;-1.313907e+00;-3.177415e+00;-9.707496e-01;1.281687e+00;-7.476192e+00;-1.222094e+00;4.213684e+00
7;0.700000;2.367802e-01;4.034912e+00;2.998536e+00;-6.912488e+00;-8.848921e+00;-7.807770e-01;-5.498482e+00;-4.291166e+00;-4.452321e+00;8.890560e-01;1.477848e+00;-6.935894e+00;1.016061e+00;4.365494e+00
8;0.800000;-2.016592e-01;4.886563e+00;3.486528e+00;-6.422006e+00;-6.298994e+00;-2.750683e+00;1.803741e+00;-4.621654e+00;-3.016432e+00;2.200150e+00;1.378561e+00;-4.698038e+00;4.158437e-02;2.697639e+00
