frameIndex;frameTime;pcm_fftMag_mfcc[0];pcm_fftMag_mfcc[1];pcm_fftMag_mfcc[2];pcm_fftMag_mfcc[3];pcm_fftMag_mfcc[4];pcm_fftMag_mfcc[5];pcm_fftMag_mfcc[6];pcm_fftMag_mfcc[7];pcm_fftMag_mfcc[8];pcm_fftMag_mfcc[9];pcm_fftMag_mfcc[10];pcm_fftMag_mfcc[11];pcm_fftMag_mfcc[12];pcm_fftMag_mfcc[13]
0;0.000000;-8.079467e-01;-7.636547e-02;-1.276363e+00;-2.072300e+00;6.800566e-01;-5.444748e-01;-4.769862e-01;-2.728700e+00;-3.661790e-01;-1.695904e+00;-5.247431e-01;-9.660683e-01;1.495581e-01;1.741890e+00
1;0.100000;8.079467e-01;7.636547e-02;1.276363e+00;2.072300e+00;-6.800566e-01;5.444747e-01;4.769862e-01;2.728700e+00;3.661790e-01;1.695903e+00;5.247433e-01;9.660664e-01;-1.495581e-01;-1.741882e+00
