frameIndex;frameTime;pcm_fftMag_mfcc[0];pcm_fftMag_mfcc[1];pcm_fftMag_mfcc[2];pcm_fftMag_mfcc[3];pcm_fftMag_mfcc[4];pcm_fftMag_mfcc[5];pcm_fftMag_mfcc[6];pcm_fftMag_mfcc[7];pcm_fftMag_mfcc[8];pcm_fftMag_mfcc[9];pcm_fftMag_mfcc[10];pcm_fftMag_mfcc[11];pcm_fftMag_mfcc[12];pcm_fftMag_mfcc[13]
0;0.000000;-6.511837e+00;2.706090e+00;-9.396601e-01;3.548856e+00;8.816051e-02;-1.165698e+01;-4.457041e+00;-4.682006e+00;2.442845e+00;5.963757e+00;-7.316309e+00;2.450763e+00;3.192807e+00;1.736443e+00
1;0.100000;-4.359872e+00;-1.156990e+00;1.339341e-01;5.220654e+00;-2.388372e+00;-1.161160e+01;-1.387321e+00;-5.106469e+00;9.629498e-01;-4.190154e-01;-3.999363e+00;1.372726e+00;-4.405260e-02;1.516357e+00
2;0.200000;-1.327378e+00;-3.248104e+00;-2.103432e+00;-2.040039e-01;-2.153989e+00;-7.185559e+00;2.361134e+00;-4.553987e+00;7.417107e-02;-4.512867e+00;1.934627e+00;3.331733e-01;-2.242822e+00;1.622757e+00
3;0.300000;1.773337e+00;-3.855539e+00;-1.705939e+00;-6.040133e+00;-4.019686e+00;3.426068e+00;-1.378052e+00;-3.286602e+00;-8.933764e-01;-4.259645e+00;4.897235e+00;-3.514890e+00;-3.097930e+00;5.596695e-01
4;0.400000;4.648742e+00;8.713627e-02;1.654341e+00;-4.530033e+00;-3.488846e-01;1.596826e+01;-7.871151e-01;4.927488e+00;-2.130381e+00;1.189408e+00;3.905189e+00;-3.808050e+00;-2.137899e-02;-1.496567e+00
5;0.500000;5.777011e+00;5.467405e+00;2.960756e+00;2.004660e+00;8.822767e+00;1.105980e+01;5.648394e+00;1.270158e+01;-4.562140e-01;2.038363e+00;5.786219e-01;3.166279e+00;2.213377e+00;-3.938667e+00
