frameIndex;frameTime;pcm_fftMag_mfcc[0];pcm_fftMag_mfcc[1];pcm_fftMag_mfcc[2];pcm_fftMag_mfcc[3];pcm_fftMag_mfcc[4];pcm_fftMag_mfcc[5];pcm_fftMag_mfcc[6];pcm_fftMag_mfcc[7];pcm_fftMag_mfcc[8];pcm_fftMag_mfcc[9];pcm_fftMag_mfcc[10];pcm_fftMag_mfcc[11];pcm_fftMag_mfcc[12];pcm_fftMag_mfcc[13]
0;0.000000;-4.312992e+00;3.674528e+00;-4.906284e+00;-2.565908e-02;1.214850e+01;-4.817843e+00;3.815395e+00;3.470378e+00;3.793282e+00;6.135775e+00;-2.484264e-01;-1.179975e+00;-3.465072e+00;4.359840e+00
1;0.100000;-7.792368e-01;-5.736169e+00;-1.658401e+00;-8.463664e-01;6.704694e+00;-4.008851e+00;5.124521e-02;2.320634e+00;2.643450e+00;2.210598e+00;-1.356090e+00;-2.543477e+00;-4.832452e+00;2.676804e+00
2;0.200000;3.690634e-01;-8.932827e+00;5.045337e+00;-2.187476e-01;-8.317046e-01;-1.834019e+00;-3.004655e+00;4.743131e+00;2.386336e-01;1.852535e+00;-1.184105e+00;-1.924335e+00;-3.176503e+00;1.113594e+00
3;0.300000;-1.687244e+00;-2.826329e+00;7.268819e+00;1.056786e-01;-7.272006e+00;-2.973152e+00;-2.725817e+00;1.624775e+00;1.113662e+00;-5.719275e-01;6.988335e-02;-3.509808e-01;-1.503504e+00;4.397507e-01
4;0.400000;-4.372259e+00;3.532155e+00;6.215522e+00;7.578611e-01;-9.969690e+00;-1.661756e+00;-2.425194e+00;-2.971640e+00;1.205867e+00;-6.449909e-01;1.100865e+00;-1.553892e+00;-2.238829e+00;-4.117813e-01
5;0.500000;-4.699423e+00;5.263172e+00;1.726561e+00;1.968348e+00;-7.803083e+00;1.034256e-01;6.286960e-01;-4.239118e+00;-1.373395e+00;-2.901504e+00;1.350169e+00;-1.374777e+00;-9.518719e-02;-9.703674e-01
6;0.600000;-3.823404e-01;4.545990e+00;-6.217688e+00;1.835121e+00;-1.711482e+00;2.989060e+00;1.794953e+00;-4.821549e+00;-2.964262e+00;-4.735365e+00;2.077305e+00;1.252018e+00;3.059813e+00;-1.268448e+00
7;0.700000;5.650707e+00;2.486383e+00;-8.353939e+00;5.171590e-01;4.529718e+00;5.275483e+00;1.696134e+00;-4.090719e-01;-8.926787e-01;-3.513123e+00;1.394224e+00;2.978605e+00;6.534259e+00;-2.462006e+00
8;0.800000;1.021373e+01;-2.006905e+00;8.800747e-01;-4.093392e+00;4.205061e+00;6.927652e+00;1.692429e-01;2.824554e-01;-3.764559e+00;2.168004e+00;-3.203826e+00;4.696815e+00;5.717472e+00;-3.477348e+00
