frameIndex;frameTime;pcm_fftMag_mfcc[0];pcm_fftMag_mfcc[1];pcm_fftMag_mfcc[2];pcm_fftMag_mfcc[3];pcm_fftMag_mfcc[4];pcm_fftMag_mfcc[5];pcm_fftMag_mfcc[6];pcm_fftMag_mfcc[7];pcm_fftMag_mfcc[8];pcm_fftMag_mfcc[9];pcm_fftMag_mfcc[10];pcm_fftMag_mfcc[11];pcm_fftMag_mfcc[12];pcm_fftMag_mfcc[13]
0;0.000000;-1.434549e+00;-3.175003e+00;-2.964991e+00;6.635687e+00;-2.582363e+00;-7.096769e+00;9.865143e+00;9.683345e+00;3.033394e+00;4.828892e+00;-4.614493e+00;-5.045753e+00;4.227939e+00;1.516327e+00
1;0.100000;-2.132417e+00;1.480546e+00;-7.517982e+00;4.426167e+00;1.115032e+00;-6.169523e+00;6.546864e+00;1.968748e+00;4.826274e-01;3.939792e+00;-3.203028e+00;-3.774899e+00;1.334338e-01;-7.528687e-01
2;0.200000;-5.209274e-01;9.300245e-01;-8.462069e+00;-2.555508e+00;3.517250e+00;-3.061249e+00;2.126024e+00;1.556683e+00;4.932051e-01;2.961779e+00;-1.338620e-01;-2.093183e+00;-1.664855e+00;4.410324e-01
3;0.300000;7.262235e-01;-1.185345e+00;-3.972975e+00;-8.052567e+00;1.668664e+00;-1.177220e+00;-1.279181e+00;-9.518056e-01;-2.351228e+00;5.601165e-02;6.097312e-01;-2.383782e+00;6.821465e-01;5.191879e-01
4;0.400000;4.210863e-01;-1.355648e+00;2.010755e+00;-9.831429e+00;1.274146e+00;8.342516e-01;-2.977811e+00;-7.567605e+00;-8.193440e-01;-2.666330e+00;1.191015e+00;7.011909e-01;1.689727e+00;6.118546e-01
5;0.500000;-3.344059e-02;-5.031788e-01;4.104457e+00;-6.120647e+00;2.419365e+00;1.319082e+00;-3.472590e+00;-7.566039e+00;1.884646e+00;-1.936601e+00;2.065975e+00;1.001715e+00;7.101836e-01;5.000687e-01
6;0.600000;8.096843e-01;1.350886e+00;2.109983e+00;-1.611092e+00;4.046363e+00;4.980134e+00;-3.307771e+00;-3.096172e+00;2.424667e+00;-1.498818e+00;-6.495991e-01;-2.667360e-01;-1.286383e-01;-1.762131e+00
7;0.700000;1.793031e+00;7.882102e-01;2.509753e+00;6.198610e+00;-3.961358e-01;7.096197e+00;-3.376040e+00;2.736758e+00;-1.789150e+00;-2.229805e+00;4.927626e-01;2.469988e+00;-2.540175e+00;-2.119522e+00
8;0.800000;3.713074e-01;1.669508e+00;1.218307e+01;1.091078e+01;-1.106232e+01;3.275098e+00;-4.124635e+00;3.236086e+00;-3.358815e+00;-3.454921e+00;4.241506e+00;9.391462e+00;-3.109758e+00;1.046082e+00
