frameIndex;frameTime;pcm_fftMag_mfcc[0];pcm_fftMag_mfcc[1];pcm_fftMag_mfcc[2];pcm_fftMag_mfcc[3];pcm_fftMag_mfcc[4];pcm_fftMag_mfcc[5];pcm_fftMag_mfcc[6];pcm_fftMag_mfcc[7];pcm_fftMag_mfcc[8];pcm_fftMag_mfcc[9];pcm_fftMag_mfcc[10];pcm_fftMag_mfcc[11];pcm_fftMag_mfcc[12];pcm_fftMag_mfcc[13]
0;0.000000;3.996302e+00;3.522464e+00;-6.334200e+00;9.454143e-01;1.031997e+01;-1.171209e+00;3.439904e+00;-2.977719e+00;-1.964965e-01;8.216161e+00;-3.157059e+00;1.789508e-01;1.917212e-01;-6.131584e+00
1;0.100000;4.764986e-01;2.898113e+00;3.764061e+00;-9.197607e-01;-1.962910e+00;2.627878e+00;1.972395e+00;-1.689040e+00;1.301632e+00;6.511588e-01;1.797383e+00;-1.401371e+00;1.467099e-01;-2.339523e+00
2;0.200000;-1.417140e+00;-1.182673e+00;5.031012e+00;-3.128090e-01;-4.763787e+00;1.178500e+00;-5.101366e-01;4.782310e-01;-5.825520e-03;-2.737904e+00;4.002994e+00;-4.303660e-01;-4.123724e-01;2.014450e+00
3;0.300000;-1.393102e+00;-3.629982e+00;1.318974e+00;-1.051993e+00;-2.619097e+00;-1.146366e+00;-2.073390e+00;1.300245e+00;-8.874002e-01;-2.941381e+00;1.560495e-01;8.565068e-01;-9.894769e-01;3.984238e+00
4;0.400000;-1.662560e+00;-1.607921e+00;-3.779846e+00;1.339149e+00;-9.741764e-01;-1.488804e+00;-2.828773e+00;2.888284e+00;-2.119117e-01;-3.188034e+00;-2.799366e+00;7.962790e-01;1.063419e+00;2.472404e+00
