frameIndex;frameTime;pcm_fftMag_mfcc[0];pcm_fftMag_mfcc[1];pcm_fftMag_mfcc[2];pcm_fftMag_mfcc[3];pcm_fftMag_mfcc[4];pcm_fftMag_mfcc[5];pcm_fftMag_mfcc[6];pcm_fftMag_mfcc[7];pcm_fftMag_mfcc[8];pcm_fftMag_mfcc[9];pcm_fftMag_mfcc[10];pcm_fftMag_mfcc[11];pcm_fftMag_mfcc[12];pcm_fftMag_mfcc[13]
0;0.000000;-8.649866e+00;8.578979e+00;1.692660e+00;4.961627e+00;-5.421957e+00;-2.556072e+00;2.383258e+00;-2.367135e+00;1.149522e+01;4.966573e+00;1.551659e+00;-1.010587e+00;-1.300787e+00;2.116241e-01
1;0.100000;-5.016237e+00;6.022050e+00;-3.819808e+00;-4.673067e-01;-2.636833e+00;4.353643e+00;5.825566e+00;-7.728011e+00;3.051363e+00;3.748802e+00;-1.623043e+00;-3.279770e+00;1.511413e+00;1.797409e-01
2;0.200000;2.948116e+00;-1.086884e+00;-3.794599e+00;2.242754e-01;6.750164e-01;2.323771e-01;3.265587e+00;-1.798046e+00;-5.761887e+00;-3.472885e+00;1.580353e+00;2.299277e+00;1.355010e+00;-7.612610e-02
3;0.300000;1.071799e+01;-1.351414e+01;5.921747e+00;-4.718596e+00;7.383776e+00;-2.029948e+00;-1.147441e+01;1.189319e+01;-8.784695e+00;-5.242491e+00;-1.508969e+00;1.991081e+00;-1.565634e+00;-3.152618e-01
