frameIndex;frameTime;pcm_fftMag_mfcc[0];pcm_fftMag_mfcc[1];pcm_fftMag_mfcc[2];pcm_fftMag_mfcc[3];pcm_fftMag_mfcc[4];pcm_fftMag_mfcc[5];pcm_fftMag_mfcc[6];pcm_fftMag_mfcc[7];pcm_fftMag_mfcc[8];pcm_fftMag_mfcc[9];pcm_fftMag_mfcc[10];pcm_fftMag_mfcc[11];pcm_fftMag_mfcc[12];pcm_fftMag_mfcc[13]
0;0.000000;2.544596e-01;-8.714259e-01;1.112385e-01;8.400468e-01;-2.209604e+00;-5.007191e+00;3.160301e+00;8.432929e+00;2.975328e+00;-2.707834e-01;-3.648724e+00;3.416424e-01;-6.845150e-01;-7.617950e-02
1;0.100000;-1.799627e+00;2.206316e-01;3.866749e+00;1.444441e+00;-3.388773e+00;-8.616982e-01;-2.046722e+00;3.514621e+00;-1.472754e+00;-1.959313e+00;8.493009e-01;1.986036e-01;5.416331e-01;1.459457e+00
2;0.200000;-1.171837e+00;-1.550780e+00;7.747874e-01;2.162154e-01;-1.088829e+00;-6.883559e-01;-4.558857e+00;1.259901e+00;1.034588e+00;-5.712252e-01;2.512281e+00;-6.471786e-01;1.244313e+00;3.184685e+00
3;0.300000;-2.581437e-01;-2.189521e+00;-2.319597e+00;-1.981971e+00;8.639126e-01;-3.234916e-01;-4.040876e+00;-8.898563e-01;2.500807e+00;1.415938e+00;1.749336e+00;-1.279280e+00;1.031020e+00;1.614693e+00
4;0.400000;8.563927e-01;2.169809e-01;-2.530359e+00;-1.063012e+00;2.261192e+00;1.865081e+00;5.537300e-01;-4.097438e+00;2.389460e-01;2.020255e+00;2.043843e-01;-1.137328e+00;-3.950043e-01;-1.834419e+00
5;0.500000;2.118754e+00;4.174114e+00;9.718132e-02;5.442800e-01;3.562107e+00;5.015654e+00;6.932425e+00;-8.220162e+00;-5.276917e+00;-6.348705e-01;-1.666580e+00;2.523542e+00;-1.737446e+00;-4.348213e+00
