frameIndex;frameTime;pcm_fftMag_mfcc[0];pcm_fftMag_mfcc[1];pcm_fftMag_mfcc[2];pcm_fftMag_mfcc[3];pcm_fftMag_mfcc[4];pcm_fftMag_mfcc[5];pcm_fftMag_mfcc[6];pcm_fftMag_mfcc[7];pcm_fftMag_mfcc[8];pcm_fftMag_mfcc[9];pcm_fftMag_mfcc[10];pcm_fftMag_mfcc[11];pcm_fftMag_mfcc[12];pcm_fftMag_mfcc[13]
0;0.000000;5.452423e-01;-1.539201e+00;-4.712378e+00;-8.866997e-01;-8.425694e-01;1.237171e+00;2.487859e+00;-1.338877e+00;2.467390e+00;-3.729748e+00;-1.203634e+00;-1.870715e+00;-1.267374e+00;8.457794e-01
1;0.100000;-5.452418e-01;1.539201e+00;4.712378e+00;8.866997e-01;8.425674e-01;-1.237171e+00;-2.487860e+00;1.338878e+00;-2.467390e+00;3.729747e+00;1.203634e+00;1.870716e+00;1.267374e+00;-8.457794e-01
