frameIndex;frameTime;pcm_fftMag_mfcc[0];pcm_fftMag_mfcc[1];pcm_fftMag_mfcc[2];pcm_fftMag_mfcc[3];pcm_fftMag_mfcc[4];pcm_fftMag_mfcc[5];pcm_fftMag_mfcc[6];pcm_fftMag_mfcc[7];pcm_fftMag_mfcc[8];pcm_fftMag_mfcc[9];pcm_fftMag_mfcc[10];pcm_fftMag_mfcc[11];pcm_fftMag_mfcc[12];pcm_fftMag_mfcc[13]
0;0.000000;7.652353e+00;-4.116594e+00;9.045048e-01;-9.667300e+00;1.573381e+00;3.993236e+00;6.936322e+00;1.307107e+00;-1.367473e+00;7.056758e-01;4.153200e+00;1.367509e+00;-2.854807e+00;-5.907211e-01
1;0.100000;7.043069e+00;-9.268525e-01;5.029164e+00;-9.436873e+00;-4.214008e+00;3.910676e+00;6.773721e+00;2.819880e+00;-2.451160e+00;-5.268371e+00;8.749161e-01;2.508017e+00;-1.641657e+00;-3.654694e+00
2;0.200000;1.508371e+00;-4.505968e+00;1.491782e+01;-1.663203e+00;-7.088512e+00;2.512785e+00;-1.337427e+00;5.290830e+00;-5.426425e+00;-9.013275e+00;-8.200011e-01;-2.609657e+00;-2.789937e+00;-3.988708e+00
3;0.300000;1.233145e+00;-6.720249e+00;8.003958e+00;2.012974e+00;-3.613840e+00;4.124107e+00;-8.616760e+00;-1.118876e+00;-2.542534e+00;-1.799620e+00;3.374114e+00;-1.746571e+00;-4.483850e+00;-8.648605e-01
4;0.400000;3.740649e+00;-6.148462e+00;1.051663e+00;1.557018e+00;-2.759354e+00;6.525054e+00;-6.400401e+00;-4.290053e+00;1.495771e+00;2.179066e+00;4.115343e+00;3.400369e-01;-2.558683e+00;7.283936e-01
5;0.500000;2.741623e+00;-2.525552e+00;-3.723194e+00;3.521902e+00;1.444855e-01;2.200332e+00;-1.712438e+00;-6.316142e+00;4.155181e+00;4.406993e+00;2.301869e-01;1.655235e+00;9.916348e-01;1.061905e+00
6;0.600000;-4.685974e+00;4.971186e+00;-7.572533e+00;6.492837e+00;2.916410e+00;-8.474380e+00;1.235129e+00;-1.085697e+00;3.501718e+00;4.173543e+00;-4.832873e+00;-3.192031e-01;3.811417e+00;2.877365e+00
7;0.700000;-9.645308e+00;8.697208e+00;-8.176413e+00;5.705808e+00;4.513049e+00;-1.128959e+01;1.007127e+00;2.628528e+00;3.136589e+00;2.698757e+00;-6.701923e+00;-2.787473e+00;5.099098e+00;2.781548e+00
8;0.800000;-9.587921e+00;1.127529e+01;-1.043497e+01;1.476843e+00;8.528387e+00;-3.502227e+00;2.114729e+00;7.644272e-01;-5.016699e-01;1.917231e+00;-3.929620e-01;1.592104e+00;4.426785e+00;1.649734e+00
