frameIndex;frameTime;pcm_fftMag_mfcc[0];pcm_fftMag_mfcc[1];pcm_fftMag_mfcc[2];pcm_fftMag_mfcc[3];pcm_fftMag_mfcc[4];pcm_fftMag_mfcc[5];pcm_fftMag_mfcc[6];pcm_fftMag_mfcc[7];pcm_fftMag_mfcc[8];pcm_fftMag_mfcc[9];pcm_fftMag_mfcc[10];pcm_fftMag_mfcc[11];pcm_fftMag_mfcc[12];pcm_fftMag_mfcc[13]
0;0.000000;3.371305e+00;-4.522615e+00;3.090626e+00;1.803836e+00;-5.795427e+00;-7.415390e-01;-3.709738e+00;2.563267e-01;4.388160e+00;2.342471e+00;3.976535e+00;2.716034e+00;-2.146831e+00;-2.790222e-01
1;0.100000;-3.747147e+00;8.252373e-01;3.884162e+00;1.266924e+00;-2.095963e+00;-3.278351e-02;-3.261122e+00;-4.801981e+00;-2.050347e-01;2.776509e+00;2.203375e+00;4.846382e-01;-1.051355e+00;5.962753e-01
2;0.200000;-5.425243e+00;2.278645e+00;1.881334e+00;7.140954e-01;1.287849e+00;-1.090712e+00;-1.550383e+00;-1.584171e+00;-9.653840e-01;6.300597e-01;-7.367039e-02;-1.106160e+00;-3.092606e-01;8.395615e-01
3;0.300000;-1.053082e+00;2.404255e+00;-3.230858e+00;-2.802384e+00;3.069016e+00;1.158543e+00;3.042943e+00;2.016214e+00;-1.142608e+00;-2.001496e+00;-3.314741e+00;-1.778994e+00;1.604897e+00;6.615143e-01
4;0.400000;6.854156e+00;-9.855251e-01;-5.625262e+00;-9.824700e-01;3.534524e+00;7.064857e-01;5.478300e+00;4.113607e+00;-2.075132e+00;-3.747544e+00;-2.791498e+00;-3.155184e-01;1.902549e+00;-1.818314e+00
