frameIndex;frameTime;pcm_fftMag_mfcc[0];pcm_fftMag_mfcc[1];pcm_fftMag_mfcc[2];pcm_fftMag_mfcc[3];pcm_fftMag_mfcc[4];pcm_fftMag_mfcc[5];pcm_fftMag_mfcc[6];pcm_fftMag_mfcc[7];pcm_fftMag_mfcc[8];pcm_fftMag_mfcc[9];pcm_fftMag_mfcc[10];pcm_fftMag_mfcc[11];pcm_fftMag_mfcc[12];pcm_fftMag_mfcc[13]
0;0.000000;-3.578854e+00;-2.831081e+00;1.956796e+00;4.066790e+00;7.737449e+00;-4.075645e+00;4.353848e+00;-4.826234e+00;-4.752600e+00;-5.556426e+00;-1.571151e+00;9.662687e+00;1.383572e+00;5.575569e+00
1;0.100000;-1.603130e+00;-1.006354e+01;-6.291260e+00;8.809095e+00;2.391213e+00;-9.546013e-01;8.512403e+00;-1.127205e+00;-3.042320e+00;-9.560332e+00;8.001239e+00;-5.416395e+00;1.054667e+01;5.636452e+00
2;0.200000;-5.518323e-01;-1.015755e+01;-6.764764e+00;8.047262e+00;-1.214130e+00;-3.187008e-01;7.036020e+00;6.878586e-01;4.050846e-01;-8.466931e+00;1.102699e+01;-6.565184e+00;9.883784e+00;4.777565e+00
3;0.300000;7.757248e-01;-5.844285e+00;-1.773231e+00;5.587421e+00;-3.949652e+00;-6.827545e-01;3.358648e+00;2.194736e+00;1.986381e+00;-2.750129e+00;7.849920e+00;-2.864439e+00;4.173055e+00;1.138992e+00
4;0.400000;1.280665e+00;5.853453e-01;4.665959e+00;-4.384708e-01;-9.687050e+00;-2.425362e+00;-2.881890e+00;2.882625e+00;2.872760e+00;9.091290e+00;-6.986700e+00;-2.170986e-01;-7.498643e+00;-4.362244e+00
5;0.500000;2.102195e+00;1.157385e+01;4.483531e+00;-1.000228e+01;4.832344e-01;3.172009e+00;-7.544925e+00;1.454664e+00;2.922917e+00;1.055707e+01;-8.991453e+00;2.582815e+00;-9.550471e+00;-6.299286e+00
6;0.600000;1.575231e+00;1.673726e+01;3.722968e+00;-1.606981e+01;4.238928e+00;5.285070e+00;-1.283410e+01;-1.266445e+00;-3.922195e-01;6.685458e+00;-9.328852e+00;2.817614e+00;-8.937962e+00;-6.467003e+00
