frameIndex;frameTime;pcm_fftMag_mfcc[0];pcm_fftMag_mfcc[1];pcm_fftMag_mfcc[2];pcm_fftMag_mfcc[3];pcm_fftMag_mfcc[4];pcm_fftMag_mfcc[5];pcm_fftMag_mfcc[6];pcm_fftMag_mfcc[7];pcm_fftMag_mfcc[8];pcm_fftMag_mfcc[9];pcm_fftMag_mfcc[10];pcm_fftMag_mfcc[11];pcm_fftMag_mfcc[12];pcm_fftMag_mfcc[13]
0;0.000000;5.017632e+00;-4.361789e+00;8.241911e+00;1.530336e+00;-3.872799e+00;1.231537e+01;-1.239257e+01;8.028857e+00;5.599501e+00;-2.061572e+00;5.798970e+00;8.455633e+00;-1.280088e+00;-1.127289e+00
1;0.100000;1.880362e+00;1.323902e+00;1.887958e+00;6.696398e+00;-1.410604e+01;8.557955e+00;-2.255878e+00;5.535710e+00;3.699697e+00;-2.699339e+00;7.912461e+00;2.686982e+00;-8.859102e+00;-3.099632e+00
2;0.200000;2.696547e+00;4.023077e+00;-7.081951e-01;9.568468e+00;-1.753643e+01;5.582314e+00;5.039293e+00;-9.470367e-02;1.417816e+00;-2.679159e+00;8.339586e-01;4.800142e+00;-3.997568e+00;-3.940308e+00
3;0.300000;1.678181e+00;5.541002e+00;2.382506e+00;-2.929058e-01;-2.992533e+00;1.723542e+00;2.049382e+00;-3.951284e+00;-1.961855e+00;1.799594e+00;-3.606750e+00;6.062756e-01;3.359001e+00;-3.193718e+00
4;0.400000;1.586735e+00;6.353069e+00;-1.713967e+00;-8.529213e+00;1.365634e+01;-6.263924e+00;-4.845633e+00;-3.660769e+00;7.806911e-01;-4.404902e-03;-8.846561e+00;-2.003726e+00;7.507025e+00;-1.198196e+00
5;0.500000;-2.305794e-01;5.016428e+00;-5.973143e+00;-9.323933e+00;1.477634e+01;-5.629755e+00;-8.435584e+00;-2.627756e+00;4.007166e+00;-1.442804e+00;-1.103460e+01;-2.253467e+00;9.338612e+00;1.184799e+00
6;0.600000;-3.678104e+00;1.364383e+00;-3.636039e+00;-8.043709e-01;7.118874e+00;-6.920609e+00;3.642713e+00;-1.473074e-01;1.305170e-01;7.171041e-01;-1.972872e+00;-3.016466e+00;5.774336e+00;2.818024e+00
7;0.700000;-6.584158e+00;-6.335630e+00;5.465835e-02;1.606812e+00;1.228043e+00;-6.468246e+00;9.012566e+00;-1.705726e+00;-5.675523e+00;2.354701e+00;4.718870e+00;-5.340474e+00;-4.808239e+00;3.699829e+00
8;0.800000;-2.366627e+00;-1.292446e+01;-5.356896e-01;-4.515953e-01;1.728214e+00;-2.896652e+00;8.185709e+00;-1.377017e+00;-7.998008e+00;4.015881e+00;6.196538e+00;-3.934906e+00;-7.033977e+00;4.856499e+00
