frameIndex;frameTime;pcm_fftMag_mfcc[0];pcm_fftMag_mfcc[1];pcm_fftMag_mfcc[2];pcm_fftMag_mfcc[3];pcm_fftMag_mfcc[4];pcm_fftMag_mfcc[5];pcm_fftMag_mfcc[6];pcm_fftMag_mfcc[7];pcm_fftMag_mfcc[8];pcm_fftMag_mfcc[9];pcm_fftMag_mfcc[10];pcm_fftMag_mfcc[11];pcm_fftMag_mfcc[12];pcm_fftMag_mfcc[13]
0;0.000000;8.900838e-01;-1.621063e+00;1.329837e-01;1.887258e+00;-1.437708e+00;-1.839587e+00;7.934704e-01;-1.320835e+00;9.822845e-04;1.130729e-01;-1.159927e+00;4.703684e-01;7.565931e-01;1.265717e-02
1;0.100000;-8.900843e-01;1.621062e+00;-1.329837e-01;-1.887258e+00;1.437708e+00;1.839587e+00;-7.934704e-01;1.320836e+00;-9.827614e-04;-1.130729e-01;1.159927e+00;-4.703684e-01;-7.565931e-01;-1.265717e-02
