frameIndex;frameTime;pcm_fftMag_mfcc[0];pcm_fftMag_mfcc[1];pcm_fftMag_mfcc[2];pcm_fftMag_mfcc[3];pcm_fftMag_mfcc[4];pcm_fftMag_mfcc[5];pcm_fftMag_mfcc[6];pcm_fftMag_mfcc[7];pcm_fftMag_mfcc[8];pcm_fftMag_mfcc[9];pcm_fftMag_mfcc[10];pcm_fftMag_mfcc[11];pcm_fftMag_mfcc[12];pcm_fftMag_mfcc[13]
0;0.000000;5.041437e-01;-4.151284e+00;3.550850e+00;3.187617e+00;-2.002268e+00;-4.196572e+00;-3.287734e+00;9.629889e-01;-1.343396e+00;3.775558e-01;6.955101e+00;4.026506e+00;8.074777e-01;-2.835236e-01
1;0.100000;-3.165288e+00;1.190341e+00;3.828620e+00;5.548217e+00;3.944244e-01;-5.303177e+00;-4.360479e+00;2.755512e+00;-3.228970e-01;-3.286400e+00;5.423979e+00;4.795779e+00;-4.271209e-01;4.388428e-01
2;0.200000;-3.983197e+00;2.519679e+00;1.475561e+00;-2.695343e-01;-1.361027e+00;3.216943e-01;-2.039118e-01;-2.533064e-01;-8.243308e-01;-3.946731e+00;-2.802238e+00;-1.270772e+00;-2.025238e+00;7.311478e-01
3;0.300000;2.541628e-01;1.492004e+00;-4.290715e+00;-6.036242e+00;1.371956e-01;6.419542e+00;2.658068e+00;-3.379640e+00;1.798133e+00;2.352054e+00;-6.255847e+00;-5.134794e+00;-7.001126e-01;5.743179e-01
4;0.400000;6.390179e+00;-1.050738e+00;-4.564317e+00;-2.430059e+00;2.831684e+00;2.758513e+00;5.194058e+00;-8.555460e-02;6.924920e-01;4.503519e+00;-3.320996e+00;-2.416719e+00;2.344994e+00;-1.460747e+00
