frameIndex;frameTime;pcm_fftMag_mfcc[0];pcm_fftMag_mfcc[1];pcm_fftMag_mfcc[2];pcm_fftMag_mfcc[3];pcm_fftMag_mfcc[4];pcm_fftMag_mfcc[5];pcm_fftMag_mfcc[6];pcm_fftMag_mfcc[7];pcm_fftMag_mfcc[8];pcm_fftMag_mfcc[9];pcm_fftMag_mfcc[10];pcm_fftMag_mfcc[11];pcm_fftMag_mfcc[12];pcm_fftMag_mfcc[13]
0;0.000000;1.489718e+00;-4.058279e+00;2.361143e+00;-1.344090e+00;-4.440897e+00;-5.541297e+00;-7.965618e-01;9.534429e+00;9.101954e-01;4.700804e+00;5.212503e+00;-2.214091e+00;1.781287e+00;1.492081e+00
1;0.100000;-2.587447e+00;3.314889e+00;-3.917177e-01;2.828408e+00;-5.228584e+00;-6.062849e+00;-1.261046e+00;3.248167e-01;1.952247e+00;3.595435e-01;4.715140e+00;2.401760e+00;-1.541970e-01;1.776505e+00
2;0.200000;-5.552816e+00;4.903800e+00;-6.986210e-01;4.335394e+00;3.521194e-01;-3.926813e+00;-2.730855e+00;-3.311041e+00;3.974679e+00;-1.855596e+00;1.656233e+00;4.041464e+00;-6.711074e-01;2.247871e+00
3;0.300000;-4.801434e+00;4.980323e+00;-8.220453e-01;2.623284e+00;3.222721e+00;1.403474e+00;2.240777e+00;-3.086055e+00;5.396984e+00;-1.998204e+00;-2.873894e+00;-9.619675e-01;-2.504164e+00;1.970345e+00
4;0.400000;-3.474159e-01;4.128955e+00;-2.388408e+00;-2.447435e+00;2.242541e+00;5.378721e+00;6.082762e+00;-6.813473e+00;1.785114e+00;-1.544246e+00;-3.953606e+00;-2.205250e+00;2.326614e-01;-3.136444e-02
5;0.500000;5.405604e+00;-1.887264e+00;-3.118024e+00;-3.390738e+00;1.440548e+00;5.336809e+00;3.179930e+00;-4.661736e+00;-3.826211e+00;-1.618618e-01;-2.803008e+00;-1.827141e+00;1.185986e+00;-3.417809e+00
6;0.600000;6.393788e+00;-1.138242e+01;5.057675e+00;-2.604823e+00;2.411551e+00;3.411955e+00;-6.715006e+00;8.013060e+00;-1.019301e+01;4.995607e-01;-1.953368e+00;7.652259e-01;1.295342e-01;-4.037628e+00
