frameIndex;frameTime;pcm_fftMag_mfcc[0];pcm_fftMag_mfcc[1];pcm_fftMag_mfcc[2];pcm_fftMag_mfcc[3];pcm_fftMag_mfcc[4];pcm_fftMag_mfcc[5];pcm_fftMag_mfcc[6];pcm_fftMag_mfcc[7];pcm_fftMag_mfcc[8];pcm_fftMag_mfcc[9];pcm_fftMag_mfcc[10];pcm_fftMag_mfcc[11];pcm_fftMag_mfcc[12];pcm_fftMag_mfcc[13]
0;0.000000;-4.628604e+00;2.943313e+00;-8.058183e-01;-1.030059e+00;3.366452e+00;-9.180246e+00;-1.801593e+00;-2.677121e+00;-2.926445e+00;-2.374921e-01;-7.180263e-01;-4.984702e+00;-4.736081e+00;-3.233871e-01
1;0.100000;-4.795545e+00;4.282505e+00;-8.911524e-01;-8.253698e-01;1.183819e+00;-9.539439e+00;-9.847383e-01;-4.129681e+00;-5.791574e+00;-1.765645e+00;-2.129318e-01;-6.308151e+00;-3.718852e+00;-4.257050e-01
2;0.200000;-1.994242e+00;3.296873e+00;-1.850998e+00;1.636477e+00;1.669219e+00;-3.777186e+00;2.665035e+00;-1.630758e+00;-6.193374e+00;7.570424e-01;5.906919e+00;-2.656223e+00;7.373984e-01;4.426575e-01
3;0.300000;1.461244e+00;1.175855e+00;6.720829e-02;1.153154e-01;2.001019e+00;6.841869e-01;2.513887e+00;2.060141e+00;-3.335259e+00;1.932817e+00;5.680789e+00;1.532395e+00;3.590603e+00;5.013504e-01
4;0.400000;4.350080e+00;-4.660233e+00;2.975095e+00;-5.297089e-02;-1.657149e+00;9.149591e+00;-1.397773e+00;3.075105e+00;6.844960e+00;7.163129e-01;-3.340414e+00;6.528513e+00;3.522126e+00;-1.376953e-01
5;0.500000;5.607065e+00;-7.038313e+00;5.056648e-01;1.566095e-01;-6.563358e+00;1.266310e+01;-9.948225e-01;3.302316e+00;1.140169e+01;-1.403039e+00;-7.316335e+00;5.888167e+00;6.048069e-01;-5.725861e-02
