frameIndex;frameTime;pcm_fftMag_mfcc[0];pcm_fftMag_mfcc[1];pcm_fftMag_mfcc[2];pcm_fftMag_mfcc[3];pcm_fftMag_mfcc[4];pcm_fftMag_mfcc[5];pcm_fftMag_mfcc[6];pcm_fftMag_mfcc[7];pcm_fftMag_mfcc[8];pcm_fftMag_mfcc[9];pcm_fftMag_mfcc[10];pcm_fftMag_mfcc[11];pcm_fftMag_mfcc[12];pcm_fftMag_mfcc[13]
0;0.000000;-2.995616e+00;2.170193e+00;6.812505e+00;-3.082151e+00;3.771770e+00;2.383118e+00;-3.864633e+00;-5.910559e+00;1.449716e+00;-9.029160e-01;-7.682351e+00;-3.499750e-01;5.436255e+00;2.202950e+00
1;0.100000;-3.781769e+00;2.294742e+00;2.575778e+00;1.339898e+00;-1.207788e+00;1.185280e+00;-3.417009e+00;-7.450067e+00;1.152146e+00;-3.633675e-02;-5.303654e+00;2.720512e-01;4.179294e+00;2.085106e+00
2;0.200000;-4.068394e+00;2.331304e+00;-2.823979e+00;2.072600e+00;-3.810555e+00;-2.386511e+00;1.840550e+00;-2.076308e+00;-5.549722e-01;-8.669440e-02;3.583085e+00;1.029513e+00;-2.342467e-01;2.036095e+00
3;0.300000;-2.027298e+00;-7.380486e-02;-5.752047e+00;7.633018e-02;-1.824650e+00;-1.719609e+00;4.469586e+00;3.331107e+00;-1.345816e+00;-1.930696e-01;5.635926e+00;-2.433985e-01;-1.423906e-01;2.543060e+00
4;0.400000;7.462921e-01;-1.716733e+00;-6.729303e+00;-2.586929e+00;-3.175240e-01;-1.547121e+00;3.518291e+00;2.814240e+00;-2.472015e+00;3.608425e-01;2.341992e+00;-8.939573e-01;-5.466844e-01;4.561081e-01
5;0.500000;4.635645e+00;-2.095553e+00;-5.171840e-01;-1.674477e+00;2.035868e+00;4.688139e-01;1.209244e+00;3.255300e+00;-1.113144e+00;1.099511e+00;-6.075964e-01;1.552878e+00;-4.507400e+00;-3.333214e+00
6;0.600000;7.491146e+00;-2.910146e+00;6.434230e+00;3.854733e+00;1.352881e+00;1.616029e+00;-3.756027e+00;6.036289e+00;2.884083e+00;-2.413363e-01;2.032598e+00;-1.367112e+00;-4.184827e+00;-5.990189e+00
