frameIndex;frameTime;pcm_fftMag_mfcc[0];pcm_fftMag_mfcc[1];pcm_fftMag_mfcc[2];pcm_fftMag_mfcc[3];pcm_fftMag_mfcc[4];pcm_fftMag_mfcc[5];pcm_fftMag_mfcc[6];pcm_fftMag_mfcc[7];pcm_fftMag_mfcc[8];pcm_fftMag_mfcc[9];pcm_fftMag_mfcc[10];pcm_fftMag_mfcc[11];pcm_fftMag_mfcc[12];pcm_fftMag_mfcc[13]
0;0.000000;-3.698303e+00;2.091940e+00;2.296377e+00;6.972977e+00;-3.768877e+00;2.438731e-01;1.814835e+00;-2.237663e+00;-3.124371e+00;5.891482e+00;-2.708669e-01;8.317804e-01;2.873494e+00;2.014313e-01
1;0.100000;-4.389915e+00;5.989819e+00;5.773744e+00;4.607958e+00;-1.082702e+01;-2.226240e+00;-2.441974e+00;-2.206867e+00;-1.104078e+00;9.433863e+00;4.193964e+00;1.839301e+00;-1.130909e+00;-8.982925e-01
2;0.200000;-2.824333e+00;3.750670e+00;1.282715e+00;4.501774e+00;-1.188318e+01;-5.067303e+00;2.259854e+00;-8.945985e-01;-3.677329e+00;9.657955e-02;3.146033e+00;2.681281e+00;-3.541092e+00;-1.107178e-01
3;0.300000;-1.640403e+00;1.552634e-01;-1.831564e+00;2.844471e+00;-7.167892e-01;-1.716229e+00;5.641126e+00;-9.897184e-01;-3.121981e+00;-1.042591e+01;2.247728e+00;9.712019e-01;5.219336e-01;1.935326e+00
4;0.400000;-9.903631e-01;-3.921815e+00;-2.956517e+00;-3.087788e+00;4.761813e+00;1.576644e+00;2.223371e+00;-1.100097e-01;5.250528e-01;-8.815716e+00;6.119792e+00;2.530460e-01;2.818641e+00;2.124138e+00
5;0.500000;1.663294e-01;-3.699891e+00;-3.537568e+00;-6.063974e+00;9.960766e+00;3.901348e+00;-1.519204e+00;3.849216e+00;3.403528e+00;-1.556563e+00;5.542155e+00;-1.362410e-01;5.757513e-01;4.923248e-01
6;0.600000;2.055449e+00;1.135776e+00;-4.252887e+00;-6.650213e+00;9.010898e+00;4.591646e-01;-3.527907e+00;3.354010e+00;5.388803e+00;6.034636e-01;7.297845e-01;-1.597883e+00;-1.658485e+00;-4.663315e-01
7;0.700000;4.737968e+00;-1.093575e+00;-7.277966e-02;-3.984728e+00;3.729979e+00;1.658276e+00;-1.887557e+00;-5.205116e-01;3.029766e+00;-1.339874e-01;-8.000278e+00;-3.481782e+00;1.242299e+00;-9.512634e-01
8;0.800000;6.583580e+00;-4.408190e+00;3.298488e+00;8.595200e-01;-2.675877e-01;1.170467e+00;-2.562539e+00;-2.438588e-01;-1.319394e+00;4.906784e+00;-1.370831e+01;-1.360717e+00;-1.701638e+00;-2.326645e+00
