frameIndex;frameTime;pcm_fftMag_mfcc[0];pcm_fftMag_mfcc[1];pcm_fftMag_mfcc[2];pcm_fftMag_mfcc[3];pcm_fftMag_mfcc[4];pcm_fftMag_mfcc[5];pcm_fftMag_mfcc[6];pcm_fftMag_mfcc[7];pcm_fftMag_mfcc[8];pcm_fftMag_mfcc[9];pcm_fftMag_mfcc[10];pcm_fftMag_mfcc[11];pcm_fftMag_mfcc[12];pcm_fftMag_mfcc[13]
0;0.000000;-2.498957e+00;-6.553431e-01;-7.722486e+00;5.614385e+00;1.516922e+01;-1.189972e+00;8.354301e+00;-5.292852e-01;9.296293e+00;-7.399319e+00;4.100483e+00;-8.451390e-01;-4.597331e+00;1.838615e+00
1;0.100000;6.423531e-01;-6.060886e+00;-6.950599e+00;5.281123e+00;1.152596e+01;1.188337e+00;6.109378e+00;2.760645e+00;6.393787e+00;-7.769318e+00;-1.510461e+00;9.756854e-01;-6.036277e+00;2.127449e+00
2;0.200000;5.037613e-01;-8.538546e+00;-5.468064e+00;3.590551e+00;3.207602e+00;3.706856e-01;2.711714e+00;4.421165e+00;-1.187468e+00;-3.530602e+00;-5.352320e+00;3.344102e+00;-5.533987e+00;1.475571e+00
3;0.300000;-4.350109e-01;-3.243395e+00;-1.479945e+00;4.594995e+00;-2.642450e+00;1.550964e+00;3.553377e+00;4.085693e+00;-9.284916e-01;-2.826032e+00;-2.697484e+00;1.351436e+00;-2.359859e+00;9.647369e-02
4;0.400000;-7.851200e-01;3.109260e+00;3.470391e+00;2.173040e+00;-7.436783e+00;4.269721e+00;2.731928e+00;-5.028467e-01;-2.886887e-01;-1.216414e+00;1.101818e+00;-1.211211e+00;6.655273e-01;-2.146950e+00
5;0.500000;1.014141e+00;5.675708e+00;5.233773e+00;-2.071047e+00;-5.286095e+00;6.603240e+00;8.146048e-02;-7.778339e+00;-3.180304e+00;-7.099357e-01;2.955122e+00;4.273579e-01;7.645503e+00;-3.328468e+00
6;0.600000;2.210436e+00;3.090805e+00;2.345634e+00;-5.890638e+00;-2.907070e+00;1.596631e+00;-6.175853e+00;-5.971390e+00;-6.029451e+00;2.879397e+00;1.205034e+00;2.821480e+00;9.718162e+00;-2.754242e+00
7;0.700000;-9.422493e-02;3.146551e+00;4.078696e+00;-7.649025e+00;-5.795105e+00;-5.939682e+00;-7.255657e+00;1.962031e+00;-3.686707e+00;8.727199e+00;2.170153e-01;-1.593372e+00;3.731067e+00;7.423859e-01
8;0.800000;-5.573769e-01;3.475844e+00;6.492594e+00;-5.643398e+00;-5.835276e+00;-8.449924e+00;-1.011065e+01;1.552326e+00;-3.889742e-01;1.184503e+01;-1.921082e-02;-5.270339e+00;-3.232806e+00;1.949165e+00
