frameIndex;frameTime;pcm_fftMag_mfcc[0];pcm_fftMag_mfcc[1];pcm_fftMag_mfcc[2];pcm_fftMag_mfcc[3];pcm_fftMag_mfcc[4];pcm_fftMag_mfcc[5];pcm_fftMag_mfcc[6];pcm_fftMag_mfcc[7];pcm_fftMag_mfcc[8];pcm_fftMag_mfcc[9];pcm_fftMag_mfcc[10];pcm_fftMag_mfcc[11];pcm_fftMag_mfcc[12];pcm_fftMag_mfcc[13]
0;0.000000;-7.336998e-01;-1.277830e+00;-5.042759e+00;3.766041e+00;-1.444107e+00;4.709902e-01;3.046539e+00;-7.720432e-01;3.722832e+00;2.203888e+00;-5.752022e+00;-6.675215e-01;-1.617215e+00;2.137596e+00
1;0.100000;3.465557e-02;2.117002e+00;-6.730509e+00;2.997684e+00;2.930470e-01;5.278122e+00;2.599502e+00;-2.396034e+00;3.879500e+00;3.102729e+00;-3.230536e+00;-3.490562e+00;-8.674097e-01;1.617897e+00
2;0.200000;1.120359e+00;1.832745e+00;-5.302866e+00;-1.813274e+00;1.845531e+00;1.066999e+01;5.750656e-03;-3.418273e+00;3.072924e+00;1.033622e+00;1.206868e+00;-3.926191e-01;-2.136955e+00;-1.371002e-02
3;0.300000;-5.133915e-02;-2.444615e+00;-2.205614e+00;-4.050941e+00;2.147140e+00;6.660091e+00;9.483614e-01;-3.219017e+00;1.367700e+00;-5.224056e-01;2.998257e-02;2.600343e+00;-2.850240e+00;-2.803497e-01
4;0.400000;-3.029400e+00;-6.795225e-01;-4.482651e-02;-2.053558e+00;4.418242e+00;-2.021067e+00;4.799827e+00;-2.820343e+00;3.671091e-01;1.185633e+00;-4.068069e-01;2.849134e+00;-1.593200e+00;-4.390488e-01
5;0.500000;-3.407550e+00;-8.130150e-01;4.617048e+00;7.087102e-01;-7.402725e-01;-1.403307e+01;3.574677e+00;3.819752e+00;3.567731e-01;3.936556e+00;3.327501e+00;3.796003e+00;2.103454e+00;-4.821014e-01
6;0.600000;-1.679792e-01;-3.479687e+00;5.652602e+00;7.102499e-01;-2.864251e+00;-1.131464e+01;-1.880678e+00;7.901718e+00;-2.430295e+00;1.626588e+00;2.396383e+00;6.269388e-01;2.725958e+00;1.952057e-01
7;0.700000;2.173638e+00;-2.844763e-01;4.009041e+00;2.959232e+00;-2.462461e+00;-4.749832e+00;-4.842381e+00;5.233603e+00;-6.366629e+00;-5.507168e+00;6.812787e-01;-3.794418e+00;4.748726e+00;-7.217102e-01
8;0.800000;4.061321e+00;5.029397e+00;5.047881e+00;-3.224147e+00;-1.192864e+00;9.039411e+00;-8.251600e+00;-4.329372e+00;-3.969915e+00;-7.059435e+00;1.747350e+00;-1.527299e+00;-5.131178e-01;-2.013870e+00
