frameIndex;frameTime;pcm_fftMag_mfcc[0];pcm_fftMag_mfcc[1];pcm_fftMag_mfcc[2];pcm_fftMag_mfcc[3];pcm_fftMag_mfcc[4];pcm_fftMag_mfcc[5];pcm_fftMag_mfcc[6];pcm_fftMag_mfcc[7];pcm_fftMag_mfcc[8];pcm_fftMag_mfcc[9];pcm_fftMag_mfcc[10];pcm_fftMag_mfcc[11];pcm_fftMag_mfcc[12];pcm_fftMag_mfcc[13]
0;0.000000;1.098861e+00;-1.109257e+00;-1.009516e+00;-5.457973e+00;6.680401e+00;2.321669e+00;4.035001e+00;2.981978e+00;2.545664e+00;4.653272e+00;-5.820014e-01;-3.067599e+00;1.536670e+00;-1.273415e+00
1;0.100000;1.465963e+00;8.932378e-01;1.134685e+00;-6.764460e+00;4.331553e+00;1.415218e+00;9.105263e-01;1.853034e+00;-1.707810e+00;3.362541e+00;2.139559e+00;1.375360e+00;1.517493e+00;-1.164688e+00
2;0.200000;2.763135e+00;-2.632562e-01;8.058643e-02;-5.959341e+00;9.309015e-01;3.378683e-01;-1.440477e+00;1.113675e-01;-3.185845e+00;-3.272557e+00;2.125222e+00;2.423554e+00;3.034197e+00;-8.561783e-01
3;0.300000;1.685357e+00;3.468708e-01;-1.694631e+00;-9.110470e-01;-2.549721e+00;1.602200e-01;-1.084888e+00;-2.117790e+00;-2.915936e-01;-4.762345e+00;3.715904e+00;5.086627e+00;2.839458e+00;-1.345444e+00
4;0.400000;-3.040110e+00;8.137633e-01;3.660049e-01;3.215326e+00;-7.135817e+00;-1.246349e+00;-3.829645e+00;-6.599190e+00;-3.032817e+00;-3.022511e+00;2.628148e-01;3.392233e+00;2.028232e-01;-8.438873e-01
5;0.500000;-2.810346e+00;-4.045046e-01;1.530670e+00;5.467237e+00;-4.664665e+00;-1.207585e+00;-3.452953e+00;-1.683635e+00;-3.625174e-01;1.051946e-01;-1.518906e+00;-1.018774e+00;-1.248002e+00;2.294930e+00
6;0.600000;-1.185959e+00;-1.100124e+00;8.084478e-01;5.144417e+00;-5.697336e-01;-9.633521e-01;-9.063168e-01;1.972749e+00;8.213024e-01;1.337940e+00;-2.584729e+00;-3.460681e+00;-3.203192e+00;2.626587e+00
7;0.700000;2.309704e-02;8.232696e-01;-1.216251e+00;5.265848e+00;2.977085e+00;-8.176881e-01;5.768755e+00;3.481487e+00;5.213615e+00;1.598466e+00;-3.557864e+00;-4.730720e+00;-4.679448e+00;5.620499e-01
