frameIndex;frameTime;pcm_fftMag_mfcc[0];pcm_fftMag_mfcc[1];pcm_fftMag_mfcc[2];pcm_fftMag_mfcc[3];pcm_fftMag_mfcc[4];pcm_fftMag_mfcc[5];pcm_fftMag_mfcc[6];pcm_fftMag_mfcc[7];pcm_fftMag_mfcc[8];pcm_fftMag_mfcc[9];pcm_fftMag_mfcc[10];pcm_fftMag_mfcc[11];pcm_fftMag_mfcc[12];pcm_fftMag_mfcc[13]
0;0.000000;2.518252e+00;-1.337866e+00;-5.203965e+00;-2.739176e+00;-2.231731e-01;4.661400e+00;-1.199331e+00;1.575512e+00;6.115179e+00;8.137013e-01;-1.456427e-01;-9.439795e+00;-8.211821e+00;3.773270e-01
1;0.100000;3.601829e+00;-6.506944e+00;-2.960385e+00;-5.625134e+00;2.953082e+00;-4.798525e+00;-1.930316e+00;5.425606e+00;-1.564800e+00;5.967938e+00;-9.606930e-01;-7.549422e+00;-3.789518e+00;3.453751e-01
2;0.200000;-1.466198e-01;-2.284670e+00;8.761683e-01;2.224464e-01;3.068144e+00;-4.620119e+00;1.265930e+00;4.725517e+00;9.891510e-01;6.338384e+00;-2.716923e-02;-7.225878e-01;2.054935e-01;6.983871e-01
3;0.300000;-5.533913e+00;5.541941e+00;3.838724e+00;4.993487e+00;-8.338871e-01;-5.107244e+00;2.654981e+00;-2.741352e+00;-6.280365e-01;-3.059470e+00;-4.684181e+00;5.057049e-01;-5.630249e-01;-3.153305e-01
4;0.400000;-5.996359e+00;9.223379e+00;3.457173e+00;3.771134e+00;1.839046e-01;1.467266e-01;4.177251e+00;-5.711027e+00;-8.319435e-01;-3.034321e+00;-4.166723e+00;1.041518e+00;1.881927e+00;-2.233276e-01
5;0.500000;-3.153978e+00;6.250241e+00;-2.751311e+00;-1.939000e+00;1.132387e+00;4.425974e+00;1.763516e+00;-1.005316e+01;-4.180378e+00;-1.841960e+00;-1.565823e+00;3.286903e+00;7.917124e+00;-4.883270e-01
6;0.600000;2.129553e+00;-3.047506e+00;-1.003788e+00;-5.572433e-01;-9.457741e-01;3.564899e+00;-6.812954e-01;3.069725e-01;-2.105932e+00;-2.707970e+00;7.228076e+00;7.071956e+00;6.313457e+00;-9.710159e-01
7;0.700000;6.581243e+00;-7.838577e+00;3.747384e+00;1.873487e+00;-5.334679e+00;1.726883e+00;-6.050736e+00;6.471945e+00;2.206760e+00;-2.476303e+00;4.322155e+00;5.805719e+00;-3.753639e+00;5.769348e-01
