frameIndex;frameTime;pcm_fftMag_mfcc[0];pcm_fftMag_mfcc[1];pcm_fftMag_mfcc[2];pcm_fftMag_mfcc[3];pcm_fftMag_mfcc[4];pcm_fftMag_mfcc[5];pcm_fftMag_mfcc[6];pcm_fftMag_mfcc[7];pcm_fftMag_mfcc[8];pcm_fftMag_mfcc[9];pcm_fftMag_mfcc[10];pcm_fftMag_mfcc[11];pcm_fftMag_mfcc[12];pcm_fftMag_mfcc[13]
0;0.000000;-3.142977e+00;5.522967e+00;1.752663e-01;4.140378e+00;1.006748e+00;-3.003773e+00;2.274628e-01;-1.567469e+00;-4.299345e+00;-3.300200e+00;-3.741168e+00;-2.671422e+00;-1.722446e+00;-4.792786e-01
1;0.100000;-2.112064e+00;3.040873e+00;-5.728831e-01;-5.701723e-01;1.549229e+00;4.833864e+00;1.875220e+00;-2.922407e+00;-4.216498e+00;1.028061e-02;3.113405e+00;2.068501e-01;5.205879e-01;-3.356628e-01
2;0.200000;2.846695e+00;-1.900709e+00;-6.662211e-01;-1.842440e+00;7.406158e-01;3.688171e+00;-2.399864e-01;1.274884e+00;1.503011e+00;1.939279e+00;2.648195e+00;1.027102e+00;2.108421e+00;-5.357513e-01
3;0.300000;2.408340e+00;-6.663131e+00;1.063838e+00;-1.727768e+00;-3.296593e+00;-5.518261e+00;-1.862696e+00;3.214993e+00;7.012832e+00;1.350640e+00;-2.020433e+00;1.437469e+00;-9.065638e-01;1.350677e+00
