frameIndex;frameTime;pcm_fftMag_mfcc[0];pcm_fftMag_mfcc[1];pcm_fftMag_mfcc[2];pcm_fftMag_mfcc[3];pcm_fftMag_mfcc[4];pcm_fftMag_mfcc[5];pcm_fftMag_mfcc[6];pcm_fftMag_mfcc[7];pcm_fftMag_mfcc[8];pcm_fftMag_mfcc[9];pcm_fftMag_mfcc[10];pcm_fftMag_mfcc[11];pcm_fftMag_mfcc[12];pcm_fftMag_mfcc[13]
0;0.000000;-2.284012e-01;-7.191612e+00;3.786849e+00;-2.945528e+00;4.051743e-01;-4.157310e+00;-8.363132e-01;3.695519e+00;-5.037219e+00;4.098823e+00;-6.179655e+00;-5.992516e+00;-9.970966e+00;3.132248e+00
1;0.100000;-1.811003e+00;-2.701901e+00;7.907349e+00;-1.512604e+00;-2.070258e+00;-6.570354e+00;2.071518e+00;6.575851e-01;-3.691092e-01;3.273139e+00;-3.410507e+00;-1.031685e+00;-6.729456e+00;2.597816e+00
2;0.200000;-3.471729e+00;2.690948e+00;8.936186e+00;4.115860e+00;-1.984291e+00;-2.153934e+00;3.700104e+00;-2.083572e+00;7.413345e+00;3.390813e+00;-4.570084e-01;9.886675e-01;-3.695693e+00;2.152267e+00
3;0.300000;-4.481173e+00;6.181373e+00;7.292988e+00;7.555231e+00;-3.245558e+00;7.230005e-01;4.278018e+00;-1.405621e+00;9.406291e+00;1.888796e+00;6.275607e-01;3.282137e-01;-3.068960e+00;3.695374e-01
4;0.400000;-1.974839e+00;6.528492e+00;-3.676206e+00;6.904508e+00;-2.303371e+00;3.564065e+00;4.732541e+00;-3.413788e+00;3.333378e+00;-3.267887e+00;2.774499e+00;2.045650e+00;9.710960e-01;-2.200821e+00
5;0.500000;2.920086e+00;2.261474e+00;-1.432589e+01;2.095567e+00;1.213369e+00;1.815845e+00;-2.805290e-01;-1.500978e+00;-1.538477e+00;-4.974387e+00;4.006403e+00;1.342288e+00;5.216380e+00;-2.792213e+00
6;0.600000;6.172462e+00;-2.458109e+00;-1.060764e+01;-5.085945e+00;3.797851e+00;3.755696e+00;-5.910969e+00;2.434932e+00;-5.809240e+00;-2.539099e+00;2.898350e+00;1.668441e+00;8.943423e+00;-2.893654e+00
7;0.700000;2.874593e+00;-5.310664e+00;6.863654e-01;-1.112708e+01;4.187090e+00;3.022991e+00;-7.754372e+00;1.615931e+00;-7.398972e+00;-1.870196e+00;-2.596414e-01;6.509395e-01;8.334174e+00;-3.652573e-01
