frameIndex;frameTime;pcm_fftMag_mfcc[0];pcm_fftMag_mfcc[1];pcm_fftMag_mfcc[2];pcm_fftMag_mfcc[3];pcm_fftMag_mfcc[4];pcm_fftMag_mfcc[5];pcm_fftMag_mfcc[6];pcm_fftMag_mfcc[7];pcm_fftMag_mfcc[8];pcm_fftMag_mfcc[9];pcm_fftMag_mfcc[10];pcm_fftMag_mfcc[11];pcm_fftMag_mfcc[12];pcm_fftMag_mfcc[13]
0;0.000000;-3.750422e+00;2.112911e+00;-2.062790e+00;6.296186e+00;5.405110e+00;-3.764555e+00;2.829753e+00;1.472978e+00;-1.263577e+00;3.688223e+00;-3.766914e+00;-3.283980e+00;1.139381e+00;7.547607e-01
1;0.100000;-3.540080e+00;2.890557e+00;-1.839875e+00;5.744596e+00;5.026332e+00;-4.710700e+00;7.324734e-01;5.379105e-02;-1.330838e+00;3.586803e+00;-2.976025e+00;-2.631705e+00;2.308496e+00;2.131927e+00
2;0.200000;-3.118768e+00;3.355096e+00;-7.917900e-01;3.333741e+00;5.553465e-01;-6.554714e+00;-1.867220e+00;-1.618382e+00;3.496523e-01;9.426479e-01;-4.310865e-01;-1.661848e+00;2.137854e-01;4.950409e-01
3;0.300000;-1.974731e+00;1.461428e+00;-1.939818e+00;-5.539815e+00;-6.426990e+00;-5.732733e+00;-1.360985e+00;-2.228646e+00;-8.196917e-01;-4.497473e+00;3.186046e+00;3.419404e-01;-2.836339e+00;-2.126846e-01
4;0.400000;1.924375e+00;-7.401731e-01;4.617834e-02;-8.120136e+00;-2.813561e+00;4.321635e-01;-6.242943e-02;-7.265043e-01;-3.271904e-01;-3.484116e+00;2.428189e+00;1.041250e+00;-1.864773e+00;-7.220917e-01
5;0.500000;4.803757e+00;-4.680748e+00;2.902080e+00;-2.787304e+00;-1.248429e+00;8.662749e+00;-4.656429e-01;1.617263e+00;1.446803e+00;5.457106e-01;1.258699e+00;3.006670e+00;6.337178e-01;-1.226242e+00
6;0.600000;5.655868e+00;-4.399071e+00;3.686016e+00;1.072732e+00;-4.978113e-01;1.166779e+01;1.940556e-01;1.429501e+00;1.944839e+00;-7.817879e-01;3.010941e-01;3.187668e+00;4.057310e-01;-1.220703e+00
