frameIndex;frameTime;pcm_fftMag_mfcc[0];pcm_fftMag_mfcc[1];pcm_fftMag_mfcc[2];pcm_fftMag_mfcc[3];pcm_fftMag_mfcc[4];pcm_fftMag_mfcc[5];pcm_fftMag_mfcc[6];pcm_fftMag_mfcc[7];pcm_fftMag_mfcc[8];pcm_fftMag_mfcc[9];pcm_fftMag_mfcc[10];pcm_fftMag_mfcc[11];pcm_fftMag_mfcc[12];pcm_fftMag_mfcc[13]
0;0.000000;-1.235348e+01;8.892091e+00;-4.258774e+00;7.055624e+00;1.975117e+00;-9.652383e+00;5.023119e+00;-8.610208e+00;1.616386e+00;8.316441e-01;3.007034e+00;3.414629e+00;-2.882021e+00;3.988419e+00
1;0.100000;-9.468517e+00;7.297316e+00;-1.193368e+00;2.411356e+00;-1.790312e+00;-8.495038e+00;1.964064e+00;-1.064200e+01;1.566887e-03;1.143362e+00;2.232868e+00;-2.447194e+00;-6.560926e+00;3.769966e+00
2;0.200000;-3.596963e+00;4.579762e+00;-1.115715e+00;-3.143604e+00;-1.393347e+00;-1.206121e+00;4.826944e+00;-7.840523e+00;-3.566952e-01;5.790167e-01;3.189430e-01;-4.834159e+00;-2.424248e+00;2.804565e-01
3;0.300000;6.396525e+00;-5.655935e-01;-4.581865e+00;-1.375766e+01;-1.300135e+00;3.208549e+00;4.872332e+00;-6.719308e-01;-3.366209e+00;1.209265e+00;-4.502364e+00;-3.554565e+00;5.610059e+00;-5.821136e+00
4;0.400000;9.362480e+00;-6.390550e-01;-5.992498e+00;-1.326415e+01;4.433765e-01;1.774686e+00;5.925544e+00;3.806206e+00;-1.129017e-01;-1.631701e+00;-5.214947e+00;-7.423954e-01;6.007648e+00;-6.962997e+00
5;0.500000;6.184977e+00;-5.638368e+00;2.307645e+00;2.397870e+00;1.535088e+00;4.559157e+00;-2.925262e-01;1.333363e+01;2.934980e+00;-1.567020e-01;-3.938671e+00;-1.808534e+00;3.911743e+00;-3.053917e+00
6;0.600000;1.573932e+00;-6.180760e+00;8.835391e+00;1.058151e+01;1.577524e+00;5.153711e+00;-1.104220e+01;6.626440e+00;1.902315e+00;1.520486e+00;3.468647e+00;3.630202e+00;-1.024828e-01;2.105896e+00
7;0.700000;1.901043e+00;-7.745389e+00;5.999182e+00;7.719063e+00;-1.047306e+00;4.657441e+00;-1.127728e+01;3.998382e+00;-2.619442e+00;-3.495372e+00;4.628491e+00;6.342020e+00;-3.559765e+00;5.693321e+00
