frameIndex;frameTime;pcm_fftMag_mfcc[0];pcm_fftMag_mfcc[1];pcm_fftMag_mfcc[2];pcm_fftMag_mfcc[3];pcm_fftMag_mfcc[4];pcm_fftMag_mfcc[5];pcm_fftMag_mfcc[6];pcm_fftMag_mfcc[7];pcm_fftMag_mfcc[8];pcm_fftMag_mfcc[9];pcm_fftMag_mfcc[10];pcm_fftMag_mfcc[11];pcm_fftMag_mfcc[12];pcm_fftMag_mfcc[13]
0;0.000000;7.483759e-01;-1.209155e+01;-6.832325e-01;-2.014066e+00;8.326932e+00;-4.309193e+00;-6.143020e+00;9.917583e-01;1.656929e+00;9.890729e+00;4.940770e-01;-2.974323e+00;-5.478090e+00;1.448898e+00
1;0.100000;-1.730131e+00;-4.032295e+00;2.895052e+00;4.535439e+00;2.917080e+00;-5.609450e+00;-4.178830e+00;1.811394e+00;3.628668e+00;5.464519e+00;2.830632e+00;4.864473e-01;2.109707e+00;2.359047e+00
2;0.200000;-4.794198e+00;6.078742e+00;3.275566e-01;7.818354e+00;-3.906551e+00;-8.209127e+00;1.561790e+00;-6.295953e-01;6.635412e+00;1.742707e+00;2.446994e+00;3.855787e+00;2.078843e+00;1.536324e+00
3;0.300000;-7.532945e+00;1.005569e+01;-1.128788e+00;6.483574e+00;-6.165859e+00;-5.745985e+00;7.578302e+00;-6.101116e+00;3.762863e+00;1.205501e+00;3.294448e+00;6.305440e+00;-4.715408e-01;-3.423309e-02
4;0.400000;-6.805095e+00;1.014696e+01;-4.449681e+00;-3.375101e+00;-7.237530e+00;5.593720e+00;1.834395e+01;-8.769331e+00;-5.242130e+00;-2.826435e+00;-1.173242e+00;1.573628e+00;-1.481765e+00;-1.520645e+00
5;0.500000;1.203282e+00;8.062122e+00;-4.512784e+00;-6.512859e+00;-3.102140e+00;8.049805e+00;1.337470e+01;-6.207644e+00;-3.036419e+00;-4.270406e+00;-5.159548e+00;-3.854021e+00;-3.746462e-02;-2.304466e+00
6;0.600000;8.926985e+00;-7.232059e+00;4.784565e+00;-3.580978e+00;3.944351e+00;6.089303e+00;-9.787493e+00;9.384316e+00;-2.857304e-01;-8.245513e+00;-2.302943e+00;-4.429501e+00;1.553070e+00;-2.078392e+00
7;0.700000;9.983729e+00;-1.098761e+01;2.767312e+00;-3.354360e+00;5.223728e+00;4.140922e+00;-2.074940e+01;9.520218e+00;-7.119577e+00;-2.961098e+00;-4.304199e-01;-9.634533e-01;1.727241e+00;5.934982e-01
