frameIndex;frameTime;pcm_fftMag_mfcc[0];pcm_fftMag_mfcc[1];pcm_fftMag_mfcc[2];pcm_fftMag_mfcc[3];pcm_fftMag_mfcc[4];pcm_fftMag_mfcc[5];pcm_fftMag_mfcc[6];pcm_fftMag_mfcc[7];pcm_fftMag_mfcc[8];pcm_fftMag_mfcc[9];pcm_fftMag_mfcc[10];pcm_fftMag_mfcc[11];pcm_fftMag_mfcc[12];pcm_fftMag_mfcc[13]
0;0.000000;-4.082503e+00;-4.958975e+00;2.248154e+00;-4.445045e+00;-4.305631e+00;2.023569e+00;8.214169e-01;6.754248e-01;-3.720513e+00;3.249908e+00;-1.000633e+00;4.475366e+00;-5.666273e+00;3.039062e+00
1;0.100000;-2.585426e+00;-4.840916e+00;2.885133e+00;-2.534646e+00;-5.630665e-01;5.238108e+00;-1.377649e+00;3.482966e-01;-4.510840e-01;8.163452e-04;2.375737e+00;2.762872e+00;-3.367732e+00;2.807236e-01
2;0.200000;5.255890e-02;-2.136729e+00;-3.602455e-01;1.867895e+00;3.447378e+00;6.752972e+00;5.628204e-02;8.088926e-01;1.252724e+00;-3.509827e+00;-7.549224e-01;2.006158e+00;8.936119e-02;-4.456337e+00
3;0.300000;2.427091e+00;-1.053711e+00;-7.991153e+00;6.302110e+00;4.023631e+00;-2.501993e-01;3.315870e+00;4.613723e+00;-4.355284e+00;-3.350799e+00;-3.658427e+00;1.210891e+00;2.716391e+00;-2.476547e+00
4;0.400000;1.242561e+00;-1.394296e-02;-4.796003e+00;3.465908e+00;4.730668e+00;-1.802818e+00;2.813837e+00;3.539343e+00;-4.527548e+00;-2.821268e+00;-3.537256e+00;6.415462e-02;2.536440e+00;-3.628769e-01
5;0.500000;-5.361700e-02;3.406831e+00;8.707721e-01;8.977175e-02;1.128162e+00;-3.877364e+00;1.813667e+00;-1.451553e+00;-6.947764e-01;-7.698650e-01;1.190534e-01;-4.242215e-01;1.436264e+00;1.063080e-01
6;0.600000;-1.271567e-01;3.355917e+00;1.391331e+00;-8.408241e-01;-9.129515e-01;-5.404101e+00;-1.048090e+00;-3.288430e+00;3.587832e+00;2.046667e+00;2.989475e+00;-8.653755e-01;5.940218e-01;1.980080e+00
7;0.700000;1.164756e+00;2.699032e+00;1.744351e+00;-1.986092e+00;-2.804045e+00;-3.992416e+00;-2.777336e+00;-3.062890e+00;4.809491e+00;2.883438e+00;2.036803e+00;-3.152327e+00;7.753325e-01;2.323578e+00
8;0.800000;1.961736e+00;3.542494e+00;4.007660e+00;-1.919076e+00;-4.744134e+00;1.312244e+00;-3.617989e+00;-2.182808e+00;4.099159e+00;2.270933e+00;1.430171e+00;-6.077519e+00;8.861971e-01;-4.338913e-01
