frameIndex;frameTime;pcm_fftMag_mfcc[0];pcm_fftMag_mfcc[1];pcm_fftMag_mfcc[2];pcm_fftMag_mfcc[3];pcm_fftMag_mfcc[4];pcm_fftMag_mfcc[5];pcm_fftMag_mfcc[6];pcm_fftMag_mfcc[7];pcm_fftMag_mfcc[8];pcm_fftMag_mfcc[9];pcm_fftMag_mfcc[10];pcm_fftMag_mfcc[11];pcm_fftMag_mfcc[12];pcm_fftMag_mfcc[13]
0;0.000000;-9.585171e-01;-1.430058e+00;-5.144270e+00;-5.288304e+00;2.837035e+00;1.391290e+00;2.513203e+00;5.648634e+00;-5.766470e-01;-1.287716e+00;-2.556169e+00;-5.582305e+00;-6.148161e-01;2.266907e+00
1;0.100000;-1.632674e+00;1.367396e+00;-1.366636e+00;5.435867e-01;-8.175726e-01;-2.030879e+00;-1.084443e+00;-1.161669e+00;2.103352e+00;7.398345e-01;1.476544e+00;4.739860e-01;2.129778e+00;8.035049e-01
2;0.200000;1.005780e+00;-9.010792e-02;6.234226e-01;2.778185e+00;-1.740267e+00;-1.274978e+00;-1.625242e+00;-1.848961e+00;9.924333e-01;3.296941e-01;2.360090e+00;1.183295e+00;1.128237e+00;-1.705399e-01
3;0.300000;1.585411e+00;1.527698e-01;5.887483e+00;1.966533e+00;-2.791958e-01;1.914566e+00;1.964808e-01;-2.638004e+00;-2.519139e+00;2.181872e-01;-1.280467e+00;3.925025e+00;-2.643198e+00;-2.899879e+00
