frameIndex;frameTime;pcm_fftMag_mfcc[0];pcm_fftMag_mfcc[1];pcm_fftMag_mfcc[2];pcm_fftMag_mfcc[3];pcm_fftMag_mfcc[4];pcm_fftMag_mfcc[5];pcm_fftMag_mfcc[6];pcm_fftMag_mfcc[7];pcm_fftMag_mfcc[8];pcm_fftMag_mfcc[9];pcm_fftMag_mfcc[10];pcm_fftMag_mfcc[11];pcm_fftMag_mfcc[12];pcm_fftMag_mfcc[13]
0;0.000000;2.276953e+00;-1.663819e+00;-3.464301e+00;-2.884674e+00;-3.824407e+00;-7.652819e-01;1.600545e+00;-4.195185e+00;-6.662731e-01;4.017349e+00;6.115371e+00;3.400478e-01;-6.652718e-01;3.942337e-01
1;0.100000;2.177139e+00;-1.705904e+00;-4.287391e+00;-1.931128e+00;-1.603953e+00;2.722272e+00;3.019845e+00;-3.886335e+00;-2.385277e+00;4.859302e+00;3.891040e+00;3.759599e-01;-2.965031e-01;-7.876358e-01
2;0.200000;5.541103e-01;1.878930e+00;-7.324401e+00;2.283175e+00;3.083361e+00;1.583641e+00;-6.416941e-02;1.212979e+00;-1.689905e+00;3.091274e+00;1.382133e+00;-6.658602e-01;-1.125084e+00;-8.113022e-01
3;0.300000;-8.082020e-01;1.586021e+00;-5.044744e+00;2.785286e+00;1.178417e+00;-3.160287e+00;-1.886581e+00;3.841224e+00;-5.972195e-01;2.191119e-01;-1.033630e+00;-1.538071e+00;-1.797107e+00;4.603729e-01
4;0.400000;-8.681643e-01;2.958508e-01;2.926580e+00;2.056787e+00;-3.059090e+00;-2.189223e+00;-1.896934e+00;1.342077e+00;1.585207e-01;-1.816878e+00;-4.117278e+00;-1.319834e+00;-1.049285e+00;4.281769e-01
5;0.500000;-8.611901e-01;2.420349e-01;9.355089e+00;1.240396e+00;-2.863925e+00;4.714575e-01;-9.364467e-01;1.509950e-01;-1.221452e-01;-3.707600e+00;-3.168003e+00;3.181458e-03;5.528450e-01;3.442383e-01
6;0.600000;-1.211140e+00;-5.321655e-01;5.905148e+00;-8.711300e-01;1.853410e+00;1.170988e+00;2.097273e-02;4.156513e-01;1.528425e+00;-3.682438e+00;-2.747552e+00;1.279703e+00;1.586183e+00;9.880829e-01
7;0.700000;-1.259505e+00;-1.009483e-01;1.934014e+00;-2.678711e+00;5.236187e+00;1.664333e-01;1.427670e-01;1.118593e+00;3.773874e+00;-2.980119e+00;-3.220797e-01;1.524875e+00;2.794227e+00;-1.016167e+00
