frameIndex;frameTime;pcm_fftMag_mfcc[0];pcm_fftMag_mfcc[1];pcm_fftMag_mfcc[2];pcm_fftMag_mfcc[3];pcm_fftMag_mfcc[4];pcm_fftMag_mfcc[5];pcm_fftMag_mfcc[6];pcm_fftMag_mfcc[7];pcm_fftMag_mfcc[8];pcm_fftMag_mfcc[9];pcm_fftMag_mfcc[10];pcm_fftMag_mfcc[11];pcm_fftMag_mfcc[12];pcm_fftMag_mfcc[13]
0;0.000000;-8.416164e+00;3.053280e+00;-1.760704e+00;7.687922e+00;-3.080513e+00;-1.297272e+01;3.200836e-01;-3.846302e+00;5.018480e+00;-1.154972e+00;-3.112685e+00;-3.003197e+00;-1.323855e+00;3.369980e+00
1;0.100000;-3.702385e+00;-1.849906e+00;-2.499861e+00;7.468049e+00;-1.583104e+00;-1.059753e+01;-1.465185e+00;-4.580585e+00;2.813286e+00;1.207829e+00;-1.075462e+00;1.577201e+00;5.377581e-01;3.428566e+00
2;0.200000;1.379547e-01;-3.308631e+00;-1.823044e-02;2.116313e+00;1.020568e+00;-1.693881e+00;-3.398279e+00;-1.135179e+00;1.721053e+00;-1.679943e+00;-3.663578e-01;4.861322e+00;6.030042e-01;1.719032e+00
3;0.300000;8.531685e-01;3.922281e-01;2.506081e+00;-5.733068e+00;2.751904e+00;9.495209e+00;8.756447e-02;1.023388e+00;-1.938448e-01;-4.256113e+00;-9.889603e-03;3.348281e+00;1.213968e+00;2.791061e-01
4;0.400000;2.708018e+00;2.171393e+00;1.656283e+00;-9.051661e+00;2.118051e+00;1.183007e+01;2.302043e+00;1.049439e+00;-3.260791e+00;-1.019196e+00;1.706766e+00;-1.266366e+00;-4.543583e-01;-2.228851e+00
5;0.500000;8.419406e+00;-4.583652e-01;1.164327e-01;-2.487557e+00;-1.226906e+00;3.938843e+00;2.153768e+00;7.489240e+00;-6.098182e+00;6.902394e+00;2.857628e+00;-5.517241e+00;-5.765162e-01;-6.567818e+00
