frameIndex;frameTime;pcm_fftMag_mfcc[0];pcm_fftMag_mfcc[1];pcm_fftMag_mfcc[2];pcm_fftMag_mfcc[3];pcm_fftMag_mfcc[4];pcm_fftMag_mfcc[5];pcm_fftMag_mfcc[6];pcm_fftMag_mfcc[7];pcm_fftMag_mfcc[8];pcm_fftMag_mfcc[9];pcm_fftMag_mfcc[10];pcm_fftMag_mfcc[11];pcm_fftMag_mfcc[12];pcm_fftMag_mfcc[13]
0;0.000000;4.652218e+00;1.151175e+00;-2.127581e+00;-3.059834e+00;1.966829e-01;-2.606216e+00;-5.826062e+00;-5.052225e+00;3.578134e-01;4.550853e+00;2.400593e+00;1.463300e+00;-2.641748e+00;4.256271e+00
1;0.010000;2.399232e+00;2.164339e+00;-9.275913e-02;-6.481886e-01;-9.442379e-01;-3.217333e+00;-3.727352e+00;-1.729862e+00;6.301832e-01;1.264556e+00;2.455168e+00;1.065043e-01;-2.948303e+00;1.409325e+00
2;0.020000;-6.172924e-01;6.246033e-01;2.260700e+00;1.807146e+00;5.238588e-01;5.984696e-01;2.125794e+00;1.619091e-01;-1.822061e+00;-2.979161e+00;-1.861094e-01;6.462717e-02;2.131064e-01;-5.959091e-01
3;0.030000;-2.316626e+00;-1.611531e+00;5.428207e-01;9.577971e-01;5.911214e-01;2.685470e+00;4.767491e+00;2.343563e+00;-8.794818e-01;-2.018008e+00;-2.750035e+00;-1.320810e+00;2.184338e+00;-1.855675e+00
4;0.040000;-4.117533e+00;-2.328585e+00;-5.831797e-01;9.430804e-01;-3.674252e-01;2.539609e+00;2.660130e+00;4.276613e+00;1.713546e+00;-8.182411e-01;-1.919616e+00;-3.136197e-01;3.192606e+00;-3.213982e+00
