frameIndex;frameTime;pcm_fftMag_mfcc[0];pcm_fftMag_mfcc[1];pcm_fftMag_mfcc[2];pcm_fftMag_mfcc[3];pcm_fftMag_mfcc[4];pcm_fftMag_mfcc[5];pcm_fftMag_mfcc[6];pcm_fftMag_mfcc[7];pcm_fftMag_mfcc[8];pcm_fftMag_mfcc[9];pcm_fftMag_mfcc[10];pcm_fftMag_mfcc[11];pcm_fftMag_mfcc[12];pcm_fftMag_mfcc[13]
0;0.000000;3.527417e-01;3.998566e-02;9.600005e-01;1.023985e+00;-7.745633e-01;5.446873e-01;-7.961622e-01;1.424428e+00;1.026287e+00;2.321248e+00;1.175137e+00;1.159770e+00;-2.673435e-02;-1.334534e-01
1;0.010000;-3.527417e-01;-3.998566e-02;-9.600005e-01;-1.023984e+00;7.745633e-01;-5.446873e-01;7.961622e-01;-1.424428e+00;-1.026288e+00;-2.321249e+00;-1.175137e+00;-1.159770e+00;2.673483e-02;1.334457e-01
