frameIndex;frameTime;pcm_fftMag_mfcc[0];pcm_fftMag_mfcc[1];pcm_fftMag_mfcc[2];pcm_fftMag_mfcc[3];pcm_fftMag_mfcc[4];pcm_fftMag_mfcc[5];pcm_fftMag_mfcc[6];pcm_fftMag_mfcc[7];pcm_fftMag_mfcc[8];pcm_fftMag_mfcc[9];pcm_fftMag_mfcc[10];pcm_fftMag_mfcc[11];pcm_fftMag_mfcc[12];pcm_fftMag_mfcc[13]
0;0.000000;2.343019e+00;6.458774e-01;2.319736e-01;-3.723779e+00;-1.931207e+00;-1.557973e+00;-3.617445e+00;-4.378647e+00;-2.823702e+00;-3.249593e+00;-3.798230e+00;-3.810086e+00;7.976155e-01;6.037643e+00
1;0.010000;1.108613e+00;-3.902688e-01;8.511953e-01;-8.647547e-01;-6.108083e-01;4.865074e-02;6.646860e-01;-4.506302e-02;-7.855239e-01;-5.949031e+00;-2.802699e+00;-1.122966e+00;-2.319470e+00;4.749519e+00
2;0.020000;-1.439705e-01;-1.417560e+00;8.775768e-01;6.538210e-01;6.551601e-01;-5.746136e-01;1.366367e-01;-1.873746e-01;-2.050675e+00;-4.853904e+00;-2.232848e+00;-1.176854e+00;-4.088259e+00;2.688400e+00
3;0.030000;-3.796911e-01;-1.393203e+00;-4.660490e-01;-8.924074e-01;4.989887e-01;-5.706406e-01;9.749687e-01;4.185867e-01;-9.688768e-01;-6.403220e-01;-8.518229e-01;-2.800543e-01;-1.314700e+00;6.674042e-01
4;0.040000;1.092596e-01;-6.827736e-02;-9.274147e-01;-1.455811e+00;6.085890e-01;-5.003681e-01;1.341708e+00;2.367994e+00;1.145516e+00;5.113770e+00;1.058377e+00;-3.297296e-01;2.511451e+00;-1.027733e+00
5;0.050000;-4.044561e-01;5.122540e-01;6.634331e-02;1.677214e+00;8.458514e-01;-1.115693e+00;4.597535e-01;2.390153e+00;1.382997e+00;3.137216e+00;8.194466e-01;1.537368e+00;1.929669e+00;-2.749352e+00
6;0.060000;-1.240670e+00;3.126395e-01;-2.683289e-01;2.697818e+00;6.440288e-01;1.047938e+00;8.633585e-01;5.512104e-01;1.970878e+00;2.308253e+00;3.851396e+00;3.832626e+00;2.085923e+00;-4.437462e+00
7;0.070000;-1.392104e+00;1.798540e+00;-3.652983e-01;1.907898e+00;-7.106031e-01;3.222699e+00;-8.236656e-01;-1.116863e+00;2.129386e+00;4.133612e+00;3.956377e+00;1.349696e+00;3.977683e-01;-5.928383e+00
