frameIndex;frameTime;pcm_fftMag_mfcc[0];pcm_fftMag_mfcc[1];pcm_fftMag_mfcc[2];pcm_fftMag_mfcc[3];pcm_fftMag_mfcc[4];pcm_fftMag_mfcc[5];pcm_fftMag_mfcc[6];pcm_fftMag_mfcc[7];pcm_fftMag_mfcc[8];pcm_fftMag_mfcc[9];pcm_fftMag_mfcc[10];pcm_fftMag_mfcc[11];pcm_fftMag_mfcc[12];pcm_fftMag_mfcc[13]
0;0.000000;2.675819e+00;-4.966684e+00;1.189019e+00;4.090112e+00;-4.025016e+00;-7.871706e+00;-1.944750e+00;4.957441e+00;-5.242224e-01;6.463814e+00;-3.254572e+00;-1.248385e+00;2.617927e+00;1.551872e+00
1;0.020000;2.501807e+00;-3.044442e+00;2.817952e+00;1.426403e+00;-5.357585e+00;-7.398245e+00;-9.631982e-01;3.438832e+00;-6.018641e+00;2.941980e+00;-1.132273e+00;7.707119e-03;-3.508792e-01;7.607117e-01
2;0.040000;1.964608e+00;7.708244e-01;9.635582e-01;-3.892355e-01;-1.953367e+00;-2.818737e+00;-1.118884e-01;4.067809e+00;-5.325324e+00;-2.934011e+00;-2.446861e+00;-2.798954e+00;-2.067597e+00;-7.086716e-01
3;0.060000;-4.650149e-01;4.018610e+00;-1.192638e+00;-2.000610e+00;3.589209e+00;4.125812e+00;1.411548e-01;3.689570e-01;4.005701e+00;-5.420862e+00;-1.810429e+00;-2.608123e+00;-2.108846e+00;-8.295822e-01
4;0.080000;-2.955178e+00;2.386173e+00;-1.628675e+00;-2.079363e+00;4.601455e+00;7.259017e+00;3.225837e-01;-6.772439e+00;4.040106e+00;-2.312306e+00;1.829342e+00;7.903433e-01;-4.250460e-01;1.698990e-01
5;0.100000;-3.722042e+00;8.355203e-01;-2.149214e+00;-1.047303e+00;3.145300e+00;6.703862e+00;2.556100e+00;-6.060599e+00;3.822384e+00;1.261386e+00;6.814798e+00;5.857411e+00;2.334441e+00;-9.442368e-01
