frameIndex;frameTime;pcm_fftMag_mfcc[0];pcm_fftMag_mfcc[1];pcm_fftMag_mfcc[2];pcm_fftMag_mfcc[3];pcm_fftMag_mfcc[4];pcm_fftMag_mfcc[5];pcm_fftMag_mfcc[6];pcm_fftMag_mfcc[7];pcm_fftMag_mfcc[8];pcm_fftMag_mfcc[9];pcm_fftMag_mfcc[10];pcm_fftMag_mfcc[11];pcm_fftMag_mfcc[12];pcm_fftMag_mfcc[13]
0;0.000000;-2.422012e-01;2.913761e-02;4.725739e+00;-3.521906e+00;1.415190e+00;-2.406752e+00;8.858509e-01;1.340698e+00;-3.016174e+00;-1.714381e+00;-2.388884e+00;-3.030226e+00;-9.319763e-01;7.682037e-02
1;0.020000;6.949688e-01;-1.709292e+00;3.617752e+00;-4.394280e+00;-5.975800e-01;-6.515446e-01;-3.389360e+00;1.113565e+00;-3.746994e+00;-1.432380e+00;3.711519e-01;-2.957582e-02;1.404154e+00;1.934891e-01
2;0.040000;6.631595e-01;-1.869554e+00;2.750778e-01;-5.826406e-01;-1.539672e+00;-2.428207e-01;-3.294184e+00;-3.096137e-01;-7.611694e-01;1.553148e+00;6.795139e-01;5.492778e-01;1.688811e+00;-4.102402e-01
3;0.060000;-1.115927e+00;3.549709e+00;-8.618569e+00;8.498827e+00;7.220612e-01;3.301117e+00;5.797691e+00;-2.144650e+00;7.524337e+00;1.593612e+00;1.338221e+00;2.510524e+00;-2.160989e+00;1.399307e-01
