frameIndex;frameTime;pcm_fftMag_mfcc[0];pcm_fftMag_mfcc[1];pcm_fftMag_mfcc[2];pcm_fftMag_mfcc[3];pcm_fftMag_mfcc[4];pcm_fftMag_mfcc[5];pcm_fftMag_mfcc[6];pcm_fftMag_mfcc[7];pcm_fftMag_mfcc[8];pcm_fftMag_mfcc[9];pcm_fftMag_mfcc[10];pcm_fftMag_mfcc[11];pcm_fftMag_mfcc[12];pcm_fftMag_mfcc[13]
0;0.000000;4.416343e+00;3.796148e+00;9.620311e-01;4.836252e-01;-1.875102e+00;-4.176546e+00;-9.389709e+00;-9.452962e+00;-7.776495e+00;-1.966216e+00;7.207565e-01;-6.849284e-01;-3.513504e+00;1.775902e+00
1;0.020000;3.062782e+00;1.108533e+00;-4.769731e-02;-3.567109e+00;-8.321962e-01;-3.845016e+00;-2.601378e+00;-4.144349e+00;-4.296527e+00;7.311305e-01;-1.294369e+00;-3.658907e-01;-2.698720e+00;1.836037e+00
2;0.040000;1.637489e+00;-1.519951e-01;-1.594348e+00;-6.208219e+00;-4.584320e-01;-3.140635e+00;3.736022e+00;1.756147e+00;5.015421e-02;2.523740e+00;-7.853541e-01;8.521388e-01;-1.781405e+00;2.398972e+00
3;0.060000;4.940205e-01;2.490144e-01;-1.658662e+00;-4.085269e+00;-4.985000e-01;-1.095879e+00;3.980793e+00;4.182858e+00;1.778012e+00;2.578871e+00;1.000273e+00;1.209007e+00;-7.098345e-01;1.243004e+00
4;0.080000;-1.037309e+00;1.580189e-01;4.049058e-01;2.318970e+00;1.016467e+00;2.902031e+00;7.968652e-01;-4.428629e-01;1.496664e+00;2.159209e+00;2.228226e+00;1.515777e-01;8.574398e-01;-7.547989e-01
5;0.100000;-1.665456e+00;-1.010309e+00;1.505569e+00;3.568636e+00;8.256567e-01;2.639790e+00;-8.122392e-01;1.666646e+00;1.337395e+00;-2.879304e-01;6.262247e-01;-2.009805e+00;3.627324e-01;-1.117943e+00
6;0.120000;-2.134071e+00;-1.584975e+00;7.300822e-01;2.091316e+00;5.775344e-01;1.865255e+00;-3.319726e-01;3.555561e+00;1.553634e+00;-2.365304e+00;-7.743530e-01;-5.634885e-01;1.856674e+00;-1.216591e+00
7;0.140000;-2.530237e+00;-1.369139e+00;3.138748e-01;2.485752e+00;2.246656e-01;2.034780e+00;2.009809e+00;2.196552e+00;3.320335e+00;-2.022906e+00;-1.281663e+00;8.024256e-01;3.652633e+00;-1.871490e+00
8;0.160000;-2.243565e+00;-1.195297e+00;-6.157563e-01;2.912297e+00;1.019907e+00;2.816222e+00;2.611811e+00;6.824113e-01;2.536829e+00;-1.350595e+00;-4.397414e-01;6.089661e-01;1.973985e+00;-2.293068e+00
