frameIndex;frameTime;pcm_fftMag_mfcc[0];pcm_fftMag_mfcc[1];pcm_fftMag_mfcc[2];pcm_fftMag_mfcc[3];pcm_fftMag_mfcc[4];pcm_fftMag_mfcc[5];pcm_fftMag_mfcc[6];pcm_fftMag_mfcc[7];pcm_fftMag_mfcc[8];pcm_fftMag_mfcc[9];pcm_fftMag_mfcc[10];pcm_fftMag_mfcc[11];pcm_fftMag_mfcc[12];pcm_fftMag_mfcc[13]
0;0.000000;2.024601e+00;-4.733492e+00;1.816563e+00;-1.123066e+01;-1.902164e+00;4.648463e+00;-5.693337e+00;-2.309294e-01;-3.977516e+00;-7.895803e+00;-5.039680e+00;-9.318031e+00;-2.375682e+00;5.207146e+00
1;0.020000;3.051495e+00;-2.151923e+00;2.124323e+00;-6.381348e+00;-2.064087e+00;4.007143e+00;-4.216664e+00;-7.311859e-01;-6.780807e+00;-8.310858e+00;-5.723866e+00;-6.880346e+00;-3.421326e-01;2.577362e+00
2;0.040000;2.857561e+00;-3.797746e-01;-2.041127e+00;-1.109619e-01;-2.044086e+00;-1.028491e+00;7.201538e-01;-2.512143e+00;-6.140390e+00;-3.680096e+00;-3.799105e+00;-3.450557e+00;-1.377784e+00;1.098557e+00
3;0.060000;4.824885e-01;5.974245e-02;-3.143013e+00;8.321762e-01;-2.171472e+00;-2.604714e+00;8.556938e-02;-3.448007e+00;-1.391934e+00;1.512013e+00;7.114565e-01;3.736644e-01;-1.184365e+00;-8.957672e-02
4;0.080000;-2.480938e+00;-1.248026e-01;-2.905320e+00;3.459320e-01;-2.103536e+00;-3.171920e+00;-1.550987e+00;-2.342299e+00;3.522441e+00;6.028265e+00;5.991940e+00;5.669044e+00;1.668176e+00;-2.083763e+00
5;0.100000;-2.758847e+00;3.576541e+00;7.455378e-01;5.368255e+00;2.808852e+00;-3.701854e-01;3.671569e+00;2.073078e+00;4.903600e+00;5.826759e+00;5.225066e+00;7.220557e+00;2.178784e+00;-3.380417e+00
6;0.120000;-3.176360e+00;3.753709e+00;3.403036e+00;1.117661e+01;7.476491e+00;-1.480295e+00;6.983702e+00;7.191484e+00;9.864607e+00;6.519723e+00;2.634189e+00;6.385670e+00;1.433007e+00;-3.329292e+00
