frameIndex;frameTime;pcm_fftMag_mfcc[0];pcm_fftMag_mfcc[1];pcm_fftMag_mfcc[2];pcm_fftMag_mfcc[3];pcm_fftMag_mfcc[4];pcm_fftMag_mfcc[5];pcm_fftMag_mfcc[6];pcm_fftMag_mfcc[7];pcm_fftMag_mfcc[8];pcm_fftMag_mfcc[9];pcm_fftMag_mfcc[10];pcm_fftMag_mfcc[11];pcm_fftMag_mfcc[12];pcm_fftMag_mfcc[13]
0;0.000000;-5.283132e-01;-1.180344e+00;-4.069538e-01;-2.019538e+00;-5.332685e+00;-4.817947e+00;2.465620e-01;-5.061721e-01;8.812561e-01;-3.939759e+00;-5.044065e+00;-3.001116e+00;-4.804686e+00;2.595856e+00
1;0.020000;-2.509928e-01;-1.146877e+00;-9.587440e-01;-8.951588e-01;-1.859738e+00;-3.279780e+00;4.576588e-02;5.004284e-01;2.943444e-01;-3.213959e-01;-5.542016e-01;3.140499e-02;-1.274242e+00;2.101326e+00
2;0.040000;-1.359541e-01;-6.899061e-01;-4.354801e-01;1.758175e-01;1.932961e+00;-1.921217e+00;-1.621180e-01;1.274235e+00;1.114116e-01;8.557825e-01;2.500472e+00;3.061621e+00;1.594316e+00;1.351898e+00
3;0.060000;-2.696037e-02;5.695636e-01;3.555241e-01;-2.203293e-01;3.495787e+00;7.970879e-01;1.507988e-01;-6.972945e-02;-1.508499e+00;4.420729e-01;2.275860e+00;1.598617e+00;1.184656e+00;2.590561e-01
4;0.080000;2.191460e-01;5.878978e-01;-1.331844e-01;-1.122653e+00;1.556387e+00;2.594286e+00;2.253389e-01;-1.086525e+00;-2.822627e+00;4.907818e-01;2.009290e+00;2.450988e-01;6.128993e-01;-9.241867e-01
5;0.100000;2.007878e-01;1.955805e-01;-4.450798e-02;7.593536e-01;3.826108e-01;3.725888e+00;3.836823e-01;-5.165733e-01;-5.640554e-02;1.407396e+00;4.383304e-01;-3.014429e-01;1.135777e+00;-2.094368e+00
6;0.120000;5.222871e-01;1.664083e+00;1.623350e+00;3.322511e+00;-1.753182e-01;2.901682e+00;-8.900299e-01;4.043362e-01;3.100520e+00;1.065124e+00;-1.625684e+00;-1.634183e+00;1.551280e+00;-3.289558e+00
