frameIndex;frameTime;pcm_fftMag_mfcc[0];pcm_fftMag_mfcc[1];pcm_fftMag_mfcc[2];pcm_fftMag_mfcc[3];pcm_fftMag_mfcc[4];pcm_fftMag_mfcc[5];pcm_fftMag_mfcc[6];pcm_fftMag_mfcc[7];pcm_fftMag_mfcc[8];pcm_fftMag_mfcc[9];pcm_fftMag_mfcc[10];pcm_fftMag_mfcc[11];pcm_fftMag_mfcc[12];pcm_fftMag_mfcc[13]
0;0.000000;-8.213623e-01;9.352622e-01;8.107631e-01;2.282362e+00;4.024059e+00;-3.585303e+00;1.744261e+00;4.521907e+00;5.019560e+00;-4.192811e+00;2.340563e+00;8.559217e-01;2.181575e+00;8.881836e-01
1;0.020000;2.369989e-01;-1.114129e+00;-4.060591e-01;1.121439e+00;-1.577907e+00;4.304385e-01;-5.195770e-01;1.595907e-01;-3.278742e-01;9.372606e-01;-1.019683e+00;-7.889414e-01;-5.729389e-01;5.232391e-01
2;0.040000;5.843633e-01;1.788669e-01;-4.047039e-01;-3.403800e+00;-2.446157e+00;3.154865e+00;-1.224683e+00;-4.681498e+00;-4.691688e+00;3.255550e+00;-1.320880e+00;-6.698036e-02;-1.608636e+00;-1.411438e+00
