frameIndex;frameTime;pcm_fftMag_mfcc[0];pcm_fftMag_mfcc[1];pcm_fftMag_mfcc[2];pcm_fftMag_mfcc[3];pcm_fftMag_mfcc[4];pcm_fftMag_mfcc[5];pcm_fftMag_mfcc[6];pcm_fftMag_mfcc[7];pcm_fftMag_mfcc[8];pcm_fftMag_mfcc[9];pcm_fftMag_mfcc[10];pcm_fftMag_mfcc[11];pcm_fftMag_mfcc[12];pcm_fftMag_mfcc[13]
0;0.000000;1.881342e+00;-1.831414e+00;-4.947855e+00;-7.134828e+00;1.262582e+00;-1.829501e+00;-5.658820e+00;-4.365909e+00;-2.937163e+00;-1.671633e-01;-2.946812e+00;-2.244758e+00;2.349314e+00;4.211281e+00
1;0.020000;1.492334e+00;-1.124547e+00;-2.951081e+00;-5.680099e+00;-1.214185e-01;-1.706648e-01;-1.957245e+00;-3.229264e+00;-2.272157e+00;1.047948e+00;-4.443826e+00;-2.750419e+00;2.836013e-01;2.382851e+00
2;0.040000;5.747652e-01;-5.777209e-01;-1.497083e+00;-2.442357e+00;-5.436916e-01;-2.572613e-01;1.067292e+00;-4.013903e-01;-1.288353e-01;2.567331e+00;-1.769049e+00;-1.999617e+00;-2.011254e+00;7.715225e-01
3;0.060000;-3.193951e-02;-1.297717e-01;8.118153e-02;1.837652e+00;9.726210e-01;1.522680e+00;2.790448e+00;1.858794e+00;-1.707137e-02;3.930628e-01;1.155039e+00;3.283091e-01;-8.157573e-01;-7.928619e-01
4;0.080000;-7.199192e-01;3.842673e-01;1.621784e+00;4.148801e+00;2.782655e+00;3.042338e+00;1.471006e+00;2.099998e+00;1.013079e+00;-9.547676e-01;1.511389e+00;7.396436e-02;1.211540e+00;-1.724258e+00
5;0.100000;-1.238019e+00;1.023989e+00;3.064491e+00;4.462188e+00;-8.365450e-01;-3.835659e-01;6.754309e-01;1.933213e+00;1.902227e+00;-1.052213e+00;2.493803e+00;2.077570e+00;-1.833470e-01;-2.125961e+00
6;0.120000;-1.958565e+00;2.255199e+00;4.628562e+00;4.808642e+00;-3.516202e+00;-1.924033e+00;1.611888e+00;2.104557e+00;2.439919e+00;-1.834198e+00;3.999456e+00;4.514948e+00;-8.340991e-01;-2.722626e+00
