frameIndex;frameTime;pcm_fftMag_mfcc[0];pcm_fftMag_mfcc[1];pcm_fftMag_mfcc[2];pcm_fftMag_mfcc[3];pcm_fftMag_mfcc[4];pcm_fftMag_mfcc[5];pcm_fftMag_mfcc[6];pcm_fftMag_mfcc[7];pcm_fftMag_mfcc[8];pcm_fftMag_mfcc[9];pcm_fftMag_mfcc[10];pcm_fftMag_mfcc[11];pcm_fftMag_mfcc[12];pcm_fftMag_mfcc[13]
0;0.000000;-3.960515e-01;-7.630642e+00;-3.301123e+00;2.332214e+00;-1.054287e+01;3.789606e-01;-1.019737e+01;-3.465904e+00;-2.232042e+00;-2.343622e+00;-2.951517e-01;-4.870699e+00;-1.101238e+00;4.145317e+00
1;0.020000;-9.363291e-01;-6.388878e+00;-2.627136e+00;6.582452e+00;-1.349681e+01;9.087155e-01;-6.026588e+00;-5.458902e+00;2.848565e+00;-4.310687e+00;-4.002066e+00;-1.600257e+00;-4.670055e+00;2.006882e+00
2;0.040000;4.536150e-01;-4.843454e+00;-6.200686e-01;5.224811e+00;-1.259651e+01;2.347052e+00;-5.790375e+00;-5.774537e+00;3.207218e+00;-5.502162e+00;-4.526531e+00;-1.166282e+00;-5.248278e+00;6.642303e-01
3;0.060000;2.745558e+00;-1.359215e+00;1.244820e+00;2.957094e+00;-5.533927e+00;5.997831e+00;-1.728303e+00;-1.108184e+00;3.746918e+00;-2.846095e+00;-1.712348e+00;-4.842762e-01;-1.671607e+00;-6.468048e-01
4;0.080000;1.316926e+00;2.928565e+00;3.182388e+00;-3.166591e+00;8.512251e+00;8.736544e-01;6.600296e+00;3.561502e+00;1.059572e+00;5.234784e+00;1.698569e+00;3.469683e+00;2.973094e+00;-6.526947e-01
5;0.100000;-1.079641e+00;5.126899e+00;3.345283e+00;-5.617054e+00;1.412818e+01;-2.867792e+00;1.012413e+01;5.216543e+00;-1.021664e+00;6.734261e+00;4.005090e+00;3.685362e+00;5.510235e+00;-4.930344e-01
6;0.120000;-1.515880e+00;6.592320e+00;1.235332e+00;-5.523747e+00;1.232008e+01;-4.430952e+00;6.479019e+00;5.524976e+00;-3.448033e+00;4.272958e+00;1.784090e+00;1.675452e+00;3.868889e+00;-1.326988e+00
7;0.140000;-5.881979e-01;5.574402e+00;-2.459494e+00;-2.789178e+00;7.209604e+00;-3.207471e+00;5.391874e-01;1.504507e+00;-4.160535e+00;-1.239436e+00;3.048342e+00;-7.089819e-01;3.389583e-01;-3.696869e+00
