frameIndex;frameTime;pcm_fftMag_mfcc[0];pcm_fftMag_mfcc[1];pcm_fftMag_mfcc[2];pcm_fftMag_mfcc[3];pcm_fftMag_mfcc[4];pcm_fftMag_mfcc[5];pcm_fftMag_mfcc[6];pcm_fftMag_mfcc[7];pcm_fftMag_mfcc[8];pcm_fftMag_mfcc[9];pcm_fftMag_mfcc[10];pcm_fftMag_mfcc[11];pcm_fftMag_mfcc[12];pcm_fftMag_mfcc[13]
0;0.000000;1.491079e-01;1.920938e-02;-8.238695e-01;1.111728e+00;-4.049511e-01;-1.118237e+00;1.272508e+00;6.097560e-01;-1.036606e-01;2.535238e-01;-6.912518e-02;-4.688904e-01;5.769610e-01;4.116745e-01
1;0.020000;-1.491079e-01;-1.920950e-02;8.238695e-01;-1.111728e+00;4.049511e-01;1.118237e+00;-1.272508e+00;-6.097560e-01;1.036606e-01;-2.535243e-01;6.912518e-02;4.688907e-01;-5.769610e-01;-4.116745e-01
