frameIndex;frameTime;pcm_fftMag_mfcc[0];pcm_fftMag_mfcc[1];pcm_fftMag_mfcc[2];pcm_fftMag_mfcc[3];pcm_fftMag_mfcc[4];pcm_fftMag_mfcc[5];pcm_fftMag_mfcc[6];pcm_fftMag_mfcc[7];pcm_fftMag_mfcc[8];pcm_fftMag_mfcc[9];pcm_fftMag_mfcc[10];pcm_fftMag_mfcc[11];pcm_fftMag_mfcc[12];pcm_fftMag_mfcc[13]
0;0.000000;2.827887e+00;1.082149e+00;2.160157e+00;7.063298e-01;-3.834977e+00;-5.911142e+00;-4.640375e+00;-3.812357e+00;-2.695488e+00;-9.758506e-01;7.583077e-01;-1.100374e+00;1.748463e+00;2.075989e+00
1;0.010000;1.711531e+00;6.505805e-01;2.257044e+00;6.393671e-03;-2.749584e+00;-3.944162e+00;-3.057480e-02;-3.364550e+00;-3.531631e+00;1.340749e+00;2.320199e+00;-4.227418e-01;-2.523200e+00;1.415596e+00
2;0.020000;1.519730e+00;7.844400e-02;5.170295e-01;-5.634482e-01;-1.716903e+00;-8.340979e-02;2.437272e+00;-1.573610e+00;-4.893466e+00;1.611633e-01;2.005739e+00;-5.535867e-01;-3.887847e+00;8.968430e-01
3;0.030000;1.399246e+00;4.789948e-01;-5.494391e-01;3.183508e-01;-1.706600e-02;3.207452e-01;1.343562e+00;-3.941898e-01;-2.280794e+00;-2.428025e+00;-6.277646e-01;1.939123e-01;3.532159e-01;5.287933e-01
4;0.040000;8.752537e-02;5.365988e-01;-6.332958e-01;1.395761e+00;-1.933866e-01;6.484644e-01;-2.196259e-01;-1.030127e+00;-8.784695e-01;-3.686089e+00;1.108424e+00;2.123777e+00;1.640376e+00;-1.619644e-01
5;0.050000;-1.166059e+00;3.799330e-01;7.015486e-01;1.234301e+00;1.008969e+00;3.002859e+00;-4.616795e-01;3.235054e-01;1.638631e+00;-5.493338e-01;8.017981e-01;-4.236143e-01;1.255929e-01;-9.199982e-01
6;0.060000;-1.779591e+00;-7.483532e-01;9.539803e-01;-1.796834e-01;3.375477e+00;4.489878e+00;2.150170e+00;5.255126e+00;5.247488e+00;1.829491e+00;-3.103229e+00;-2.659620e+00;6.428273e-01;-1.162895e+00
7;0.070000;-2.101254e+00;-1.268215e+00;-8.365873e-01;-1.165092e+00;2.849118e+00;1.838484e+00;1.782379e+00;4.443167e+00;4.876819e+00;1.879556e+00;-2.307767e+00;4.812276e-01;1.255142e+00;-1.435059e+00
8;0.080000;-2.499016e+00;-1.190133e+00;-4.570438e+00;-1.752914e+00;1.278353e+00;-3.617164e-01;-2.361125e+00;1.530375e-01;2.516908e+00;2.428339e+00;-9.557076e-01;2.361019e+00;6.454296e-01;-1.237305e+00
