frameIndex;frameTime;pcm_fftMag_mfcc[0];pcm_fftMag_mfcc[1];pcm_fftMag_mfcc[2];pcm_fftMag_mfcc[3];pcm_fftMag_mfcc[4];pcm_fftMag_mfcc[5];pcm_fftMag_mfcc[6];pcm_fftMag_mfcc[7];pcm_fftMag_mfcc[8];pcm_fftMag_mfcc[9];pcm_fftMag_mfcc[10];pcm_fftMag_mfcc[11];pcm_fftMag_mfcc[12];pcm_fftMag_mfcc[13]
0;0.000000;-6.978893e-01;-1.316562e+00;-1.008886e+01;7.959666e+00;-3.617881e+00;6.008574e+00;1.759322e+00;4.524396e+00;-2.061355e+00;-1.226883e+00;-5.902971e+00;-5.112096e+00;6.050239e+00;2.821426e-01
1;0.100000;2.622272e+00;-1.470912e+00;1.304854e+00;1.766520e+00;2.298561e+00;1.924747e+00;-1.122873e+00;5.548821e+00;3.545377e+00;-1.835445e+00;-2.554677e+00;2.694216e-01;5.524633e+00;-4.438477e-01
2;0.200000;2.418129e+00;-1.302280e+00;6.225995e+00;6.419771e-01;1.666636e+00;-2.151872e+00;-1.424334e+00;5.921331e+00;5.011263e+00;-1.726739e-01;5.304766e-01;4.502112e+00;2.916720e+00;-2.513657e-01
3;0.300000;3.914589e+00;-2.446610e+00;3.176919e+00;-3.811611e-01;1.079626e-01;8.580589e-02;-3.212186e+00;-2.840037e-01;5.612895e-01;2.200994e+00;2.163789e+00;1.086426e+00;-1.398439e-01;-6.342545e-01
4;0.400000;5.021095e-03;6.240898e-01;-2.277467e+00;-4.185835e+00;-1.265547e+00;-3.457137e+00;6.757526e-01;-9.270872e+00;-3.660505e+00;2.426392e-01;1.299687e+00;-1.792048e+00;-7.078926e+00;-1.159286e-01
5;0.500000;-8.262125e+00;5.912271e+00;1.658565e+00;-5.801168e+00;8.102674e-01;-2.410122e+00;3.324316e+00;-6.439675e+00;-3.396070e+00;7.913693e-01;4.463696e+00;1.046184e+00;-7.272824e+00;1.163284e+00
