frameIndex;frameTime;pcm_fftMag_mfcc[0];pcm_fftMag_mfcc[1];pcm_fftMag_mfcc[2];pcm_fftMag_mfcc[3];pcm_fftMag_mfcc[4];pcm_fftMag_mfcc[5];pcm_fftMag_mfcc[6];pcm_fftMag_mfcc[7];pcm_fftMag_mfcc[8];pcm_fftMag_mfcc[9];pcm_fftMag_mfcc[10];pcm_fftMag_mfcc[11];pcm_fftMag_mfcc[12];pcm_fftMag_mfcc[13]
0;0.000000;-5.656843e-01;-5.239943e+00;5.228791e+00;-5.249424e-01;5.391496e+00;1.338192e+00;-9.040065e-01;7.101311e+00;-7.962491e+00;-5.086355e+00;-6.456872e+00;-1.903652e+00;-2.082099e+00;7.333603e-01
1;0.100000;4.485321e-02;-3.833939e+00;2.631468e+00;2.587694e+00;-2.227289e+00;4.080162e-01;1.978672e+00;9.132589e+00;-4.822513e+00;-4.181093e+00;-2.251562e+00;-2.207902e+00;-5.369316e+00;1.300262e+00
2;0.200000;5.676966e-01;-3.191332e+00;7.098826e-01;2.931686e+00;-6.649561e+00;3.064013e+00;3.523745e+00;3.356286e+00;-1.331989e+00;-1.205266e+00;-1.234380e+00;-3.905915e+00;-6.259588e+00;1.308128e+00
3;0.300000;8.301210e-01;-8.170881e-01;2.137091e+00;-7.106781e-03;-3.670527e+00;4.321362e+00;4.482415e+00;-3.313988e+00;2.258924e+00;1.843037e+00;-3.511109e-01;-5.092284e+00;-3.906641e+00;-1.527023e-01
4;0.400000;-4.501276e-01;5.780369e+00;-2.083991e+00;-2.275740e+00;1.486377e+00;-3.799404e+00;-9.035048e-01;-9.671347e+00;4.064958e+00;3.260299e+00;3.368454e+00;7.915244e-01;4.928123e+00;-1.734665e+00
5;0.500000;-4.268599e-01;7.301932e+00;-8.623241e+00;-2.711596e+00;5.669503e+00;-5.332176e+00;-8.177322e+00;-6.604853e+00;7.793111e+00;5.369378e+00;6.925470e+00;1.231823e+01;1.268952e+01;-1.454399e+00
