frameIndex;frameTime;pcm_fftMag_mfcc[0];pcm_fftMag_mfcc[1];pcm_fftMag_mfcc[2];pcm_fftMag_mfcc[3];pcm_fftMag_mfcc[4];pcm_fftMag_mfcc[5];pcm_fftMag_mfcc[6];pcm_fftMag_mfcc[7];pcm_fftMag_mfcc[8];pcm_fftMag_mfcc[9];pcm_fftMag_mfcc[10];pcm_fftMag_mfcc[11];pcm_fftMag_mfcc[12];pcm_fftMag_mfcc[13]
0;0.000000;2.299750e+00;-5.151786e+00;-3.882791e+00;-5.538533e+00;5.792650e+00;2.905272e+00;-1.452847e+00;4.544487e+00;3.529338e+00;-6.586607e+00;-2.277878e+00;-1.747804e+00;-5.502992e+00;1.361069e+00
1;0.100000;2.094121e+00;-5.794910e+00;-2.662181e+00;-4.530620e+00;2.989811e+00;-1.922026e-01;-6.961689e-01;5.598119e+00;-1.131616e+00;-2.049981e+00;-2.404465e+00;5.064931e+00;-2.341115e+00;2.006882e+00
2;0.200000;1.318181e+00;-4.421570e+00;-7.752056e-01;-2.824706e+00;-2.806244e-01;-2.852188e+00;2.924793e+00;2.531984e+00;5.404949e-01;3.406767e+00;-2.334414e-01;6.028615e+00;-1.722215e+00;1.489594e+00
3;0.300000;-4.990368e-01;2.706470e-01;2.124418e+00;2.453740e+00;-4.608133e+00;-3.031693e+00;4.123898e+00;-1.332037e+00;2.213891e+00;2.918824e+00;-3.499880e-01;1.335003e+00;-2.385699e+00;3.993759e-01
4;0.400000;-2.721759e+00;6.304857e+00;3.586420e+00;6.670585e+00;-4.669235e+00;-4.178524e-01;1.845653e+00;-2.481837e+00;6.739264e-01;9.569604e-01;8.996363e-01;-4.298662e+00;1.031150e+00;-2.071938e+00
5;0.500000;-2.491254e+00;8.792763e+00;1.609340e+00;3.769534e+00;7.755260e-01;3.588665e+00;-6.745322e+00;-8.860717e+00;-5.826035e+00;1.354036e+00;4.366137e+00;-6.382088e+00;1.092087e+01;-3.185013e+00
