frameIndex;frameTime;pcm_fftMag_mfcc[0];pcm_fftMag_mfcc[1];pcm_fftMag_mfcc[2];pcm_fftMag_mfcc[3];pcm_fftMag_mfcc[4];pcm_fftMag_mfcc[5];pcm_fftMag_mfcc[6];pcm_fftMag_mfcc[7];pcm_fftMag_mfcc[8];pcm_fftMag_mfcc[9];pcm_fftMag_mfcc[10];pcm_fftMag_mfcc[11];pcm_fftMag_mfcc[12];pcm_fftMag_mfcc[13]
0;0.000000;-1.388454e-01;-1.507570e+00;-5.831947e-01;-3.230001e+00;-1.091775e+01;3.854156e+00;-1.281656e+01;-2.138434e+00;-1.672070e+00;-4.429733e+00;-8.665606e+00;-1.022017e+01;-5.811875e+00;2.978806e+00
1;0.100000;-2.755690e+00;-7.299232e-02;-1.961634e-01;-3.612288e+00;-9.235878e+00;2.447006e+00;-7.300931e+00;-5.232521e+00;1.776463e+00;-3.108032e+00;-7.527194e+00;-7.849197e+00;-7.293385e+00;3.412666e+00
2;0.200000;-4.771864e+00;2.200264e+00;-3.906145e-01;-2.570102e+00;-9.772083e+00;-3.617752e+00;-3.446762e+00;-7.885170e+00;2.022820e+00;-4.511312e+00;-6.337329e+00;-2.714591e+00;-5.723760e+00;-1.342392e-01
3;0.300000;-1.507462e+00;4.483890e+00;3.566247e+00;7.416508e+00;3.487720e-01;-1.110658e+01;5.748834e+00;9.631399e-01;1.767159e-02;-1.303056e+00;2.216347e+00;8.759542e+00;5.936410e+00;-2.866882e+00
4;0.400000;4.710443e+00;-1.730839e+00;3.287880e-01;1.987688e+00;1.491951e+01;-1.780125e+00;1.157921e+01;4.791891e+00;-1.406784e+00;4.046477e+00;1.013341e+01;8.666848e+00;7.283045e+00;-2.875931e+00
5;0.500000;4.463419e+00;-3.372746e+00;-2.725062e+00;8.197784e-03;1.465743e+01;1.020329e+01;6.236217e+00;9.501096e+00;-7.381001e-01;9.305655e+00;1.018037e+01;3.357567e+00;5.609566e+00;-5.144043e-01
