frameIndex;frameTime;pcm_fftMag_mfcc[0];pcm_fftMag_mfcc[1];pcm_fftMag_mfcc[2];pcm_fftMag_mfcc[3];pcm_fftMag_mfcc[4];pcm_fftMag_mfcc[5];pcm_fftMag_mfcc[6];pcm_fftMag_mfcc[7];pcm_fftMag_mfcc[8];pcm_fftMag_mfcc[9];pcm_fftMag_mfcc[10];pcm_fftMag_mfcc[11];pcm_fftMag_mfcc[12];pcm_fftMag_mfcc[13]
0;0.000000;-2.255172e+00;4.406076e+00;-3.854851e+00;-5.201651e+00;-1.386518e+00;-1.489735e-02;7.266951e-01;-6.077760e+00;8.192681e+00;5.112370e+00;2.989993e-01;-3.443967e+00;2.447984e+00;7.581863e-01
1;0.100000;-2.714160e+00;3.741314e+00;4.111101e+00;-3.042170e+00;-3.774442e+00;-5.500078e-01;-1.253529e-01;-6.197330e+00;1.965233e+00;2.376395e+00;1.218543e-01;-1.545954e+00;1.639769e+00;-2.465820e-02
2;0.200000;-1.286221e-02;-3.102000e+00;3.481077e+00;-2.426231e+00;2.264776e-01;1.636419e+00;-5.002408e+00;-3.077146e+00;-4.337224e+00;3.440191e+00;-6.692324e-01;-1.221077e+00;1.995983e+00;-6.942825e-01
3;0.300000;3.701172e+00;-5.542133e+00;3.623698e-01;-3.102913e-01;4.248702e+00;1.751654e+00;-3.228660e+00;3.787595e+00;-5.873909e+00;3.099732e-01;-1.103166e+00;3.775986e-01;4.176455e-01;-1.186852e+00
4;0.400000;2.551473e+00;-2.962876e+00;-1.321889e+00;3.318870e+00;1.888902e+00;-1.017644e+00;1.891615e+00;5.937213e+00;-1.187902e+00;-4.505146e+00;3.668313e-01;2.883089e+00;-2.948316e+00;2.611618e-01
5;0.500000;-1.270450e+00;3.459617e+00;-2.777809e+00;7.661466e+00;-1.203127e+00;-1.805520e+00;5.738111e+00;5.627429e+00;1.241118e+00;-6.733784e+00;9.847145e-01;2.950310e+00;-3.553066e+00;8.864517e-01
