frameIndex;frameTime;pcm_fftMag_mfcc[0];pcm_fftMag_mfcc[1];pcm_fftMag_mfcc[2];pcm_fftMag_mfcc[3];pcm_fftMag_mfcc[4];pcm_fftMag_mfcc[5];pcm_fftMag_mfcc[6];pcm_fftMag_mfcc[7];pcm_fftMag_mfcc[8];pcm_fftMag_mfcc[9];pcm_fftMag_mfcc[10];pcm_fftMag_mfcc[11];pcm_fftMag_mfcc[12];pcm_fftMag_mfcc[13]
0;0.000000;7.205925e+00;-9.258232e-01;1.123324e+00;-1.066809e+01;-3.271837e+00;7.190340e+00;9.245065e+00;-1.222937e+00;-1.023933e+01;-3.143660e+00;2.545372e+00;2.562671e+00;1.898627e-01;-2.933533e+00
1;0.100000;3.452038e+00;-3.380970e+00;6.650169e+00;-3.633305e+00;-6.436287e+00;6.848050e+00;2.670485e+00;5.695112e+00;-9.874542e+00;-4.829078e+00;4.050809e+00;-5.949621e-01;2.936642e+00;-5.464935e-02
2;0.200000;-4.311371e-01;-3.251876e+00;7.584618e+00;-5.654933e-01;-4.846291e+00;-2.071297e+00;-1.362333e+00;4.053873e+00;-1.673554e+00;-2.880239e-01;2.478349e+00;-1.885933e+00;4.686459e-01;1.582855e+00
3;0.300000;-3.545164e+00;-1.005383e+00;5.998275e-01;2.902950e+00;-2.767754e-01;-5.641998e+00;-2.729845e+00;-1.650836e+00;3.587734e+00;1.190617e+00;-6.471086e-02;-2.189578e+00;-1.951802e+00;1.853256e+00
4;0.400000;-4.334520e+00;3.631466e+00;-5.964970e+00;8.118224e+00;6.788823e+00;-5.295424e+00;-3.147566e+00;-3.991482e+00;7.640754e+00;2.737979e+00;-3.954939e+00;2.924480e-01;-5.376022e-01;-6.797791e-02
5;0.500000;-2.347144e+00;4.932585e+00;-9.992970e+00;3.845719e+00;8.042365e+00;-1.029675e+00;-4.675812e+00;-2.883729e+00;1.055895e+01;4.332170e+00;-5.054880e+00;1.815353e+00;-1.105746e+00;-3.799744e-01
