frameIndex;frameTime;pcm_fftMag_mfcc[0];pcm_fftMag_mfcc[1];pcm_fftMag_mfcc[2];pcm_fftMag_mfcc[3];pcm_fftMag_mfcc[4];pcm_fftMag_mfcc[5];pcm_fftMag_mfcc[6];pcm_fftMag_mfcc[7];pcm_fftMag_mfcc[8];pcm_fftMag_mfcc[9];pcm_fftMag_mfcc[10];pcm_fftMag_mfcc[11];pcm_fftMag_mfcc[12];pcm_fftMag_mfcc[13]
0;0.000000;-3.613329e+00;-2.647174e+00;2.018827e+00;-1.585903e+00;-7.823715e-01;2.473612e+00;5.482973e+00;1.650746e+00;2.102077e+00;-2.928514e+00;-2.420576e+00;4.926387e+00;-1.678478e+00;4.931503e+00
1;0.100000;-4.475137e+00;2.642839e-01;4.532270e+00;-5.311961e-01;-2.229374e+00;1.517460e+00;-9.746552e-04;-4.985028e+00;1.410284e+00;-1.977429e+00;-1.523007e+00;4.266090e+00;-1.379328e+00;2.428650e+00
2;0.200000;7.262421e-02;-7.067561e-02;1.799426e+00;-1.808023e-02;-2.191544e+00;-5.311365e-01;-2.748322e+00;-2.408211e+00;-1.459720e+00;-3.356066e-01;6.581442e-01;4.063797e-01;6.322694e-01;2.499390e-02
3;0.300000;3.255262e+00;-1.272808e+00;-2.508086e+00;-3.820539e-01;3.689957e-02;-1.803136e+00;-2.631427e+00;3.240488e+00;-3.149702e+00;2.610620e+00;1.870468e-01;-3.482872e+00;2.315348e+00;-2.240685e+00
4;0.400000;2.603266e+00;4.229383e-01;-4.116845e+00;-2.308269e-01;2.012869e+00;-1.127962e+00;-1.428994e+00;2.035028e+00;-3.735895e-01;1.817400e+00;1.151758e+00;-3.711141e+00;-6.271148e-02;-2.146187e+00
5;0.500000;2.157311e+00;3.303435e+00;-1.725593e+00;2.748061e+00;3.153515e+00;-5.288405e-01;1.326742e+00;4.669766e-01;1.470649e+00;8.135324e-01;1.946635e+00;-2.404847e+00;1.729004e-01;-2.998314e+00
