frameIndex;frameTime;pcm_fftMag_mfcc[0];pcm_fftMag_mfcc[1];pcm_fftMag_mfcc[2];pcm_fftMag_mfcc[3];pcm_fftMag_mfcc[4];pcm_fftMag_mfcc[5];pcm_fftMag_mfcc[6];pcm_fftMag_mfcc[7];pcm_fftMag_mfcc[8];pcm_fftMag_mfcc[9];pcm_fftMag_mfcc[10];pcm_fftMag_mfcc[11];pcm_fftMag_mfcc[12];pcm_fftMag_mfcc[13]
0;0.000000;1.666448e+00;-7.340565e+00;2.219350e+00;1.147498e-01;3.160426e+00;-1.306306e+00;7.761069e+00;3.638917e+00;-3.826893e+00;1.328907e-01;-3.088636e-01;2.193347e+00;5.114409e+00;-1.169357e+00
1;0.100000;-1.358594e+00;-4.713178e+00;-3.964977e-01;1.823123e+00;-3.516924e+00;3.603506e-01;5.015522e+00;1.580868e+00;-3.881207e+00;1.071053e+00;2.309103e-01;2.617911e+00;5.419485e+00;1.007393e+00
2;0.200000;-1.875037e+00;1.019303e+00;-1.299743e+00;3.988470e+00;-7.273239e+00;-1.397460e+00;1.072512e-01;-2.148934e+00;-2.673096e+00;-2.406244e+00;-2.525482e+00;-2.149429e+00;-3.667748e-01;1.627693e+00
3;0.300000;-1.144872e+00;5.751709e+00;-3.856831e-01;2.663885e+00;-3.847736e+00;-2.310710e+00;-4.864674e+00;-7.069016e-01;2.180945e+00;-4.907506e+00;-4.887261e+00;-1.662294e+00;-1.951261e+00;6.365662e-01
4;0.400000;4.672909e-01;5.420367e+00;4.167185e-01;-2.592525e+00;3.673507e+00;8.776531e-01;-5.619485e+00;-7.610652e-01;3.797824e+00;-1.438923e-01;1.394468e+00;1.563910e+00;-2.873770e+00;-8.975830e-01
5;0.500000;2.244765e+00;-1.376352e-01;-5.541420e-01;-5.997703e+00;7.803958e+00;3.776472e+00;-2.399684e+00;-1.602883e+00;4.402425e+00;6.253696e+00;6.096223e+00;-2.563447e+00;-5.342088e+00;-1.204742e+00
