frameIndex;frameTime;pcm_fftMag_mfcc[0];pcm_fftMag_mfcc[1];pcm_fftMag_mfcc[2];pcm_fftMag_mfcc[3];pcm_fftMag_mfcc[4];pcm_fftMag_mfcc[5];pcm_fftMag_mfcc[6];pcm_fftMag_mfcc[7];pcm_fftMag_mfcc[8];pcm_fftMag_mfcc[9];pcm_fftMag_mfcc[10];pcm_fftMag_mfcc[11];pcm_fftMag_mfcc[12];pcm_fftMag_mfcc[13]
0;0.000000;-3.660595e+00;-1.929467e-01;6.153340e+00;-3.539660e+00;-3.528571e+00;-3.735106e+00;3.199876e+00;6.959920e+00;-6.612358e-01;-6.095521e+00;-4.646235e-01;1.184673e+00;-3.254739e+00;2.400635e+00
1;0.100000;-2.796179e+00;2.080520e+00;7.621476e+00;-2.600701e+00;-1.024123e+00;-3.038218e+00;-1.285116e+00;1.959131e+00;-9.259663e-01;-2.794678e+00;1.030648e+00;-8.713531e-02;-4.513586e+00;7.619934e-01
2;0.200000;3.344917e-01;6.803846e-01;1.684606e+00;-3.019480e+00;3.033113e+00;-8.355379e-01;-6.137317e+00;-3.860708e+00;5.368509e-01;2.454504e+00;8.766556e-02;-5.303893e-01;-1.264608e+00;-6.575623e-01
3;0.300000;2.717611e+00;-1.473962e+00;-4.739981e+00;1.869110e+00;2.411346e-01;1.755965e+00;3.254719e-01;-5.671186e+00;-2.844048e-01;4.578182e+00;-7.920170e-02;3.665266e-01;1.837346e+00;-1.075241e+00
4;0.400000;2.420094e+00;-1.209105e+00;-7.219878e+00;3.990777e+00;-5.275230e-01;3.595030e+00;4.101930e+00;-3.568268e+00;1.748819e-01;2.615366e+00;-1.158718e+00;-1.019549e+00;3.317349e+00;-8.689194e-01
5;0.500000;9.845815e-01;1.151114e-01;-3.499564e+00;3.299953e+00;1.805969e+00;2.257859e+00;-2.048473e-01;4.181113e+00;1.159871e+00;-7.578521e-01;5.842352e-01;8.587599e-02;3.878237e+00;-5.609055e-01
