frameIndex;frameTime;pcm_fftMag_mfcc[0];pcm_fftMag_mfcc[1];pcm_fftMag_mfcc[2];pcm_fftMag_mfcc[3];pcm_fftMag_mfcc[4];pcm_fftMag_mfcc[5];pcm_fftMag_mfcc[6];pcm_fftMag_mfcc[7];pcm_fftMag_mfcc[8];pcm_fftMag_mfcc[9];pcm_fftMag_mfcc[10];pcm_fftMag_mfcc[11];pcm_fftMag_mfcc[12];pcm_fftMag_mfcc[13]
0;0.000000;2.954421e+00;-3.049297e+00;-2.515888e+00;-3.410326e+00;5.889371e+00;1.295679e+00;-1.635139e+00;2.158588e+00;3.304405e-01;-5.545621e+00;-2.126073e+00;-3.899184e+00;-5.609020e+00;1.930466e-01
1;0.100000;2.415349e+00;-4.921671e+00;8.967686e-02;-4.648907e+00;7.602118e+00;8.725758e-01;1.336863e-01;1.377903e+00;1.432449e+00;-2.656438e+00;-5.677627e+00;-1.768843e+00;-2.473748e+00;5.179138e-01
2;0.200000;2.292805e-01;9.451752e-01;9.474158e-02;9.761448e-01;-1.071396e-01;1.677835e+00;-1.003473e+00;2.012477e-01;1.188311e+00;1.205149e-01;-5.008362e+00;-2.649090e-01;-1.661150e+00;3.729248e-02
3;0.300000;-1.471109e+00;6.209038e+00;7.430451e-01;5.059051e+00;-6.429181e+00;-9.363842e-01;1.659335e+00;-8.499146e-03;8.182411e-01;2.813645e+00;2.177549e+00;6.618574e-01;-2.308687e-01;-7.542877e-01
4;0.400000;-3.279469e+00;3.023530e+00;1.833791e+00;3.816815e+00;-5.293959e+00;-2.917717e+00;1.417396e+00;1.098554e+00;-6.164169e-01;2.891104e+00;5.217003e+00;3.423960e+00;3.825409e+00;-3.132095e-01
5;0.500000;-8.484745e-01;-2.206778e+00;-2.453682e-01;-1.792778e+00;-1.661207e+00;8.001328e-03;-5.718076e-01;-4.827793e+00;-3.153027e+00;2.376796e+00;5.417516e+00;1.847119e+00;6.149378e+00;3.192596e-01
