frameIndex;frameTime;pcm_fftMag_mfcc[0];pcm_fftMag_mfcc[1];pcm_fftMag_mfcc[2];pcm_fftMag_mfcc[3];pcm_fftMag_mfcc[4];pcm_fftMag_mfcc[5];pcm_fftMag_mfcc[6];pcm_fftMag_mfcc[7];pcm_fftMag_mfcc[8];pcm_fftMag_mfcc[9];pcm_fftMag_mfcc[10];pcm_fftMag_mfcc[11];pcm_fftMag_mfcc[12];pcm_fftMag_mfcc[13]
0;0.000000;-6.197405e-01;2.008481e+00;-1.238718e+01;4.801989e-01;1.841502e+01;4.522083e+00;-1.371530e+00;9.420664e+00;3.294457e+00;-3.690650e+00;1.497944e+00;-2.377938e+00;-4.856253e-02;2.601723e+00
1;0.100000;-2.548950e+00;2.898901e+00;-7.174356e+00;1.934894e+00;4.524874e+00;6.770129e+00;2.151285e+00;-4.049865e+00;2.508161e+00;8.516126e-01;2.916794e+00;-7.271003e-01;3.252916e+00;2.562263e+00
2;0.200000;-2.860068e+00;3.140348e+00;2.026889e+00;-2.362026e+00;-7.358198e+00;3.700126e+00;3.726048e+00;-8.707564e+00;-1.088378e+00;2.618624e+00;1.506945e+00;-9.221667e-01;-1.365974e+00;2.268654e+00
3;0.300000;-7.480421e-01;-2.776384e-01;7.171651e+00;-3.485359e+00;-8.898251e+00;-1.076827e+00;1.578543e+00;-4.269634e+00;-2.689472e+00;2.953440e+00;-8.821111e-01;9.078521e-01;-2.889713e+00;1.139359e+00
4;0.400000;1.859288e+00;-4.205506e+00;7.657097e+00;-4.395609e-01;-6.397778e+00;-5.731177e+00;-1.551833e+00;1.451562e+00;-2.150282e+00;6.062613e-01;-3.912037e+00;3.037011e+00;-9.068984e-01;-2.390739e+00
5;0.500000;4.917511e+00;-3.564585e+00;2.705898e+00;3.871853e+00;-2.856693e-01;-8.184336e+00;-4.532510e+00;6.154840e+00;1.255145e-01;-3.339288e+00;-1.127532e+00;8.234191e-02;1.958231e+00;-6.181290e+00
