frameIndex;frameTime;pcm_fftMag_mfcc[0];pcm_fftMag_mfcc[1];pcm_fftMag_mfcc[2];pcm_fftMag_mfcc[3];pcm_fftMag_mfcc[4];pcm_fftMag_mfcc[5];pcm_fftMag_mfcc[6];pcm_fftMag_mfcc[7];pcm_fftMag_mfcc[8];pcm_fftMag_mfcc[9];pcm_fftMag_mfcc[10];pcm_fftMag_mfcc[11];pcm_fftMag_mfcc[12];pcm_fftMag_mfcc[13]
0;0.000000;-2.297782e+00;5.580250e+00;2.911820e-01;2.280303e+00;9.134834e+00;7.665857e+00;6.958356e+00;-8.651829e-01;6.007798e-01;-2.377641e+00;-1.565881e+00;-2.132521e+00;1.082181e+00;1.756378e+00
1;0.100000;-3.476871e+00;7.798162e+00;3.973444e+00;1.564149e+00;7.076133e+00;4.685531e+00;1.644395e+00;-8.665543e-01;2.646530e+00;2.119713e-01;2.432937e+00;1.478866e-01;1.575687e+00;7.367096e-01
2;0.200000;-8.233995e-01;4.417779e-01;2.011220e+00;2.884750e-01;-1.716703e+00;-4.367449e+00;-2.591592e+00;2.881656e-01;2.406114e+00;3.785025e+00;3.413477e+00;-7.065301e-01;-4.443817e-01;8.301697e-01
3;0.300000;1.411096e+00;-5.279413e+00;2.967405e-01;-3.668998e+00;-7.673702e+00;-7.396841e+00;-3.269306e+00;5.885296e-01;-1.407685e+00;3.134133e+00;-2.039921e+00;7.109144e-01;-1.114214e+00;6.027679e-01
4;0.400000;2.567898e+00;-4.546373e+00;-6.889949e-01;-2.478889e+00;-6.248425e+00;-4.906338e+00;-6.801133e-01;1.866738e+00;-7.776234e-01;-9.212284e-01;-1.962028e+00;2.436558e+00;-1.701635e+00;-8.793793e-01
5;0.500000;2.619057e+00;-3.994403e+00;-5.883589e+00;2.014963e+00;-5.721350e-01;4.319238e+00;-2.061739e+00;-1.011695e+00;-3.468114e+00;-3.832263e+00;-2.785842e-01;-4.563078e-01;6.023636e-01;-3.046608e+00
