frameIndex;frameTime;pcm_fftMag_mfcc[0];pcm_fftMag_mfcc[1];pcm_fftMag_mfcc[2];pcm_fftMag_mfcc[3];pcm_fftMag_mfcc[4];pcm_fftMag_mfcc[5];pcm_fftMag_mfcc[6];pcm_fftMag_mfcc[7];pcm_fftMag_mfcc[8];pcm_fftMag_mfcc[9];pcm_fftMag_mfcc[10];pcm_fftMag_mfcc[11];pcm_fftMag_mfcc[12];pcm_fftMag_mfcc[13]
0;0.000000;2.933307e+00;2.343393e+00;-7.258834e+00;-1.876327e+00;1.053333e+01;5.868521e-01;-1.809583e+00;1.137894e+00;1.205596e+00;1.210487e-01;4.306237e+00;-6.346203e+00;-4.449696e+00;-1.029579e+00
1;0.100000;2.774767e+00;-3.853917e+00;-3.350710e-01;-1.362060e+00;4.031618e+00;3.586284e+00;5.523663e-01;-3.882973e+00;-1.536760e-01;2.066499e+00;9.000626e-01;-4.667263e+00;-4.349966e+00;-3.623352e-01
2;0.200000;-4.442816e-01;-4.417974e+00;4.011418e+00;-3.033227e+00;-7.061024e-01;1.132473e+00;1.708060e+00;-5.462650e+00;-8.645554e-01;1.426688e+00;-5.340290e-01;2.562404e-01;-1.221271e+00;1.388954e+00
3;0.300000;-1.902106e+00;-2.089097e+00;5.788125e+00;-2.634892e+00;-4.161083e+00;-4.040184e-01;2.494031e+00;-8.056164e-01;-2.389402e-01;1.499609e+00;-1.105232e-01;3.710190e+00;2.849093e+00;1.484352e+00
4;0.400000;-2.067479e+00;2.232452e+00;2.689702e+00;1.570413e+00;-6.169580e+00;-1.779963e+00;-5.604267e-01;2.163527e+00;-1.131046e+00;-9.663937e-01;-1.973894e+00;4.081598e+00;3.644879e+00;3.242111e-01
5;0.500000;-1.294202e+00;5.785145e+00;-4.895340e+00;7.336095e+00;-3.528187e+00;-3.121626e+00;-2.384449e+00;6.849815e+00;1.182622e+00;-4.147450e+00;-2.587852e+00;2.965435e+00;3.526957e+00;-1.805580e+00
