frameIndex;frameTime;pcm_fftMag_mfcc[0];pcm_fftMag_mfcc[1];pcm_fftMag_mfcc[2];pcm_fftMag_mfcc[3];pcm_fftMag_mfcc[4];pcm_fftMag_mfcc[5];pcm_fftMag_mfcc[6];pcm_fftMag_mfcc[7];pcm_fftMag_mfcc[8];pcm_fftMag_mfcc[9];pcm_fftMag_mfcc[10];pcm_fftMag_mfcc[11];pcm_fftMag_mfcc[12];pcm_fftMag_mfcc[13]
0;0.000000;-1.044739e+00;6.420226e+00;-3.701806e+00;-3.349071e+00;6.136005e+00;-1.285093e+00;-1.228512e+01;7.451543e-01;4.439073e+00;5.603273e+00;-4.730934e+00;-6.842535e+00;1.421677e+00;-9.984055e-01
1;0.100000;1.393452e+00;2.925675e+00;1.391960e+00;-1.280370e+00;1.920390e-01;-1.759098e+00;-1.418669e+00;4.041338e+00;3.298246e+00;3.754234e+00;6.821346e-02;-3.501032e+00;-1.349182e+00;-6.709900e-01
2;0.200000;1.147829e+00;-1.376359e+00;4.044029e+00;-1.847266e+00;-8.212852e-01;1.940830e+00;4.787320e+00;3.167734e+00;-5.329790e-01;-1.547834e+00;1.155464e+00;1.914395e+00;-1.492589e+00;4.257050e-01
3;0.300000;-1.055880e-01;-5.590014e+00;5.096836e-01;-1.426843e+00;1.278894e+00;2.461561e+00;4.406258e+00;-1.439324e+00;-1.838976e+00;-4.498959e+00;8.663654e-01;2.272342e+00;-3.052664e-01;1.133652e+00
4;0.400000;-5.704241e-01;-4.651445e+00;-7.922001e-01;1.680852e+00;3.389740e-02;9.656601e-01;3.907142e+00;-2.873482e+00;-2.392789e+00;-2.545454e+00;1.244448e+00;2.835395e+00;9.937408e-01;8.532333e-01
5;0.500000;-8.205328e-01;2.271917e+00;-1.451672e+00;6.222704e+00;-6.819553e+00;-2.323856e+00;6.030641e-01;-3.641420e+00;-2.972574e+00;-7.652609e-01;1.396442e+00;3.321435e+00;7.316197e-01;-7.431488e-01
