frameIndex;frameTime;pcm_fftMag_mfcc[0];pcm_fftMag_mfcc[1];pcm_fftMag_mfcc[2];pcm_fftMag_mfcc[3];pcm_fftMag_mfcc[4];pcm_fftMag_mfcc[5];pcm_fftMag_mfcc[6];pcm_fftMag_mfcc[7];pcm_fftMag_mfcc[8];pcm_fftMag_mfcc[9];pcm_fftMag_mfcc[10];pcm_fftMag_mfcc[11];pcm_fftMag_mfcc[12];pcm_fftMag_mfcc[13]
0;0.000000;-1.366873e+00;7.547435e+00;-2.599847e-01;2.392729e+00;-2.141905e+00;2.991676e-01;-1.130664e+01;7.382753e+00;-5.216436e+00;-4.339466e-01;-5.402179e+00;3.438520e-01;5.778274e+00;-1.505424e+00
1;0.100000;-2.995472e-01;-3.410988e-01;2.445519e+00;-3.128319e+00;3.070518e+00;-2.257931e+00;7.404990e-01;4.600343e+00;-2.184565e+00;-3.083901e-01;-4.000249e+00;1.969481e-01;5.997811e+00;-9.277878e-01
2;0.200000;-4.439049e-01;-2.462692e+00;3.388941e+00;-2.844685e+00;7.275131e+00;1.362167e+00;7.073592e+00;-2.208040e+00;-1.093067e+00;1.225039e+00;-3.635777e-01;-1.245614e+00;3.708363e-02;8.052979e-01
3;0.300000;-8.962917e-01;-5.134102e+00;-1.332642e+00;-2.059654e+00;2.592551e+00;1.068819e+00;4.621838e+00;-5.268582e+00;9.540424e-01;2.264840e+00;4.240754e+00;1.123791e-01;-1.363162e+00;1.790802e+00
4;0.400000;3.958588e-01;-3.170036e+00;-3.034062e+00;1.107456e+00;-3.232119e+00;1.766859e+00;8.442492e-01;-4.161328e+00;3.813666e+00;2.495630e+00;7.304871e+00;2.088726e+00;-3.194134e+00;7.546387e-01
5;0.500000;2.610760e+00;3.560497e+00;-1.207771e+00;4.532469e+00;-7.564174e+00;-2.239080e+00;-1.973538e+00;-3.451500e-01;3.726361e+00;-5.243173e+00;-1.779619e+00;-1.496292e+00;-7.255877e+00;-9.174957e-01
