frameIndex;frameTime;pcm_fftMag_mfcc[0];pcm_fftMag_mfcc[1];pcm_fftMag_mfcc[2];pcm_fftMag_mfcc[3];pcm_fftMag_mfcc[4];pcm_fftMag_mfcc[5];pcm_fftMag_mfcc[6];pcm_fftMag_mfcc[7];pcm_fftMag_mfcc[8];pcm_fftMag_mfcc[9];pcm_fftMag_mfcc[10];pcm_fftMag_mfcc[11];pcm_fftMag_mfcc[12];pcm_fftMag_mfcc[13]
0;0.000000;1.197525e+00;-1.474955e+00;1.285453e+00;-3.398170e+00;1.967499e+00;1.124317e+00;1.668081e+00;-5.810986e+00;1.450581e+00;8.258905e-01;-8.045244e-01;-2.327064e+00;-1.793073e+00;1.479095e+00
1;0.100000;-1.968991e+00;-1.195480e+00;2.708511e+00;-2.611008e+00;-1.749329e+00;9.202538e-01;6.826425e-01;-4.742055e+00;1.558706e+00;9.293165e-01;-1.167112e+00;-6.886494e-01;3.055070e+00;2.525856e+00
2;0.200000;-2.843228e+00;1.062478e+00;2.331701e+00;-4.700203e-01;-4.471134e+00;2.070831e+00;-1.554936e+00;-3.480143e+00;1.039921e+00;1.854269e+00;-6.253066e-01;1.658445e+00;6.911466e+00;5.868683e-01
3;0.300000;-9.564848e-01;2.892506e+00;8.787861e-01;3.045071e+00;-5.868446e+00;-4.238588e+00;-2.182757e+00;3.772286e+00;-2.937241e-01;-1.918550e+00;-4.685893e-01;1.569471e+00;1.697485e+00;-8.316422e-01
4;0.400000;4.209013e-01;6.525955e-01;-7.263169e-01;1.963053e+00;3.001499e-01;-2.928585e+00;1.914351e-01;5.551356e+00;-3.026487e+00;-2.829628e+00;8.296070e-01;1.138029e-01;-4.710123e+00;-1.295792e+00
5;0.500000;4.150282e+00;-1.937143e+00;-6.478135e+00;1.471069e+00;9.821269e+00;3.051767e+00;1.195536e+00;4.709536e+00;-7.290039e-01;1.138702e+00;2.235923e+00;-3.260050e-01;-5.160825e+00;-2.464363e+00
