frameIndex;frameTime;pcm_fftMag_mfcc[0];pcm_fftMag_mfcc[1];pcm_fftMag_mfcc[2];pcm_fftMag_mfcc[3];pcm_fftMag_mfcc[4];pcm_fftMag_mfcc[5];pcm_fftMag_mfcc[6];pcm_fftMag_mfcc[7];pcm_fftMag_mfcc[8];pcm_fftMag_mfcc[9];pcm_fftMag_mfcc[10];pcm_fftMag_mfcc[11];pcm_fftMag_mfcc[12];pcm_fftMag_mfcc[13]
0;0.000000;5.270615e-01;-4.813370e+00;-2.419918e+00;-4.368925e+00;-2.358684e+00;4.522416e+00;-7.242471e+00;5.159781e+00;-6.217607e+00;2.233253e+00;-1.267008e+00;-7.281542e+00;-1.852981e+00;4.364853e-01
1;0.100000;-1.007438e-01;-6.886454e+00;-1.238060e+00;-2.807621e+00;-4.776125e+00;4.938917e-01;-4.454736e+00;3.219075e+00;-2.114943e+00;1.590467e+00;-5.537452e+00;-4.445704e+00;-5.773540e+00;1.421028e+00
2;0.200000;-1.155300e+00;-4.205873e+00;1.152782e-01;2.037689e+00;-5.449506e+00;-4.242398e+00;1.992175e+00;-2.178824e+00;6.447334e+00;-4.908359e+00;-4.216057e+00;-3.528314e+00;-5.613116e+00;-1.242294e-01
3;0.300000;-1.396515e+00;5.295035e+00;1.776663e+00;1.687584e+00;2.375841e-01;-2.329959e+00;5.528440e+00;-2.749637e+00;-2.340681e+00;-9.890621e+00;3.224002e+00;2.821565e+00;3.355010e+00;-1.575386e+00
4;0.400000;9.068255e-01;9.273020e+00;-9.208870e-02;-9.276943e-01;8.169532e+00;1.096291e+00;2.181445e+00;-4.009497e+00;-7.827950e-02;2.639217e+00;6.594662e+00;3.715604e+00;6.705470e+00;-1.435493e+00
5;0.500000;1.218671e+00;1.337638e+00;1.858129e+00;4.378961e+00;4.177197e+00;4.597592e-01;1.995143e+00;5.590963e-01;4.304169e+00;8.336035e+00;1.201853e+00;8.718390e+00;3.179158e+00;1.277557e+00
