frameIndex;frameTime;pcm_fftMag_mfcc[0];pcm_fftMag_mfcc[1];pcm_fftMag_mfcc[2];pcm_fftMag_mfcc[3];pcm_fftMag_mfcc[4];pcm_fftMag_mfcc[5];pcm_fftMag_mfcc[6];pcm_fftMag_mfcc[7];pcm_fftMag_mfcc[8];pcm_fftMag_mfcc[9];pcm_fftMag_mfcc[10];pcm_fftMag_mfcc[11];pcm_fftMag_mfcc[12];pcm_fftMag_mfcc[13]
0;0.000000;2.749854e+00;-5.982669e+00;1.495563e+00;-6.681828e+00;4.557919e+00;9.408782e+00;2.650142e+00;-4.977932e-01;-3.823445e+00;-3.397264e+00;-2.316535e+00;-7.513330e+00;-6.417804e+00;-9.126282e-02
1;0.100000;-2.676205e+00;3.162584e+00;5.092720e+00;1.240668e+00;3.145905e+00;2.361803e+00;3.961797e+00;1.294223e+00;-2.735539e+00;-3.050785e+00;-3.233817e+00;-2.839058e+00;-3.327175e+00;-9.018860e-01
2;0.200000;-5.080141e+00;1.004626e+01;5.920064e+00;6.998794e+00;1.695229e+00;-1.691474e+00;4.675994e+00;3.285399e+00;2.979412e-01;-3.373517e+00;-3.487780e+00;4.498518e+00;2.018211e+00;-2.757973e+00
3;0.300000;-1.910753e+00;4.556559e+00;-2.608438e+00;4.149546e+00;-2.457823e+00;-4.999774e+00;-2.218819e-02;2.372813e-01;3.283098e+00;2.367278e+00;9.604535e-01;4.693830e+00;3.075399e+00;-1.749420e-01
4;0.400000;1.427320e+00;-3.760761e+00;-5.378009e+00;-1.362722e+00;-4.660635e+00;-4.132545e+00;-4.905073e+00;-1.251027e+00;2.058826e+00;3.438375e+00;3.490849e+00;1.695275e+00;2.595563e+00;2.393402e+00
5;0.500000;5.489918e+00;-8.021976e+00;-4.521901e+00;-4.344458e+00;-2.280598e+00;-9.467926e-01;-6.360671e+00;-3.068084e+00;9.191189e-01;4.015912e+00;4.586829e+00;-5.352343e-01;2.055805e+00;1.532669e+00
