frameIndex;frameTime;pcm_fftMag_mfcc[0];pcm_fftMag_mfcc[1];pcm_fftMag_mfcc[2];pcm_fftMag_mfcc[3];pcm_fftMag_mfcc[4];pcm_fftMag_mfcc[5];pcm_fftMag_mfcc[6];pcm_fftMag_mfcc[7];pcm_fftMag_mfcc[8];pcm_fftMag_mfcc[9];pcm_fftMag_mfcc[10];pcm_fftMag_mfcc[11];pcm_fftMag_mfcc[12];pcm_fftMag_mfcc[13]
0;0.000000;2.679764e+00;-2.505264e+00;3.776449e+00;-5.242971e+00;5.864665e+00;-1.075731e+00;2.086067e-01;-5.011582e+00;-2.270617e+00;9.292603e-01;-8.328485e-01;-2.586508e+00;5.495818e-01;1.024887e+00
1;0.100000;2.610708e+00;-8.581705e-01;4.815701e+00;-4.878160e+00;2.393575e+00;-5.501384e+00;-4.191448e+00;-2.067969e+00;-1.053484e+00;-8.404865e-01;-1.852668e+00;1.513422e+00;2.221585e+00;4.176788e-01
2;0.200000;2.027391e+00;-2.348725e+00;-4.659752e+00;2.096931e+00;1.803519e+00;-3.648120e+00;-4.791502e+00;5.178849e+00;-1.719000e+00;-4.003004e+00;1.502056e-01;3.515292e+00;-1.366432e-01;7.654877e-01
3;0.300000;-4.642525e-01;-1.588228e-01;-9.472946e+00;7.413883e+00;1.439556e+00;-1.247157e+00;-1.893044e-02;6.499720e+00;1.092313e+00;-5.131021e+00;2.150539e+00;1.520743e+00;-2.957430e+00;1.753235e-02
4;0.400000;-3.325390e+00;1.915045e+00;-1.783969e+00;4.022182e+00;-4.804952e+00;4.405318e+00;3.376269e+00;3.806496e-01;3.589217e+00;1.863105e+00;4.277515e-01;3.242016e-02;8.285819e-01;-9.038391e-01
5;0.500000;-3.528215e+00;3.955936e+00;7.324522e+00;-3.411869e+00;-6.696364e+00;7.067072e+00;5.416995e+00;-4.979668e+00;3.615723e-01;7.182149e+00;-4.298401e-02;-3.995368e+00;-5.056751e-01;-1.321754e+00
