frameIndex;frameTime;pcm_fftMag_mfcc[0];pcm_fftMag_mfcc[1];pcm_fftMag_mfcc[2];pcm_fftMag_mfcc[3];pcm_fftMag_mfcc[4];pcm_fftMag_mfcc[5];pcm_fftMag_mfcc[6];pcm_fftMag_mfcc[7];pcm_fftMag_mfcc[8];pcm_fftMag_mfcc[9];pcm_fftMag_mfcc[10];pcm_fftMag_mfcc[11];pcm_fftMag_mfcc[12];pcm_fftMag_mfcc[13]
0;0.000000;1.282156e+00;-2.978000e+00;1.288271e-01;-1.594627e+00;6.630517e+00;5.203984e+00;5.136447e+00;6.392001e+00;-5.976647e+00;2.939067e+00;-1.051455e+00;2.221659e+00;3.955452e+00;1.099762e+00
1;0.100000;-6.538897e-01;-1.449256e+00;-4.409470e+00;-4.099659e+00;1.681454e+00;-1.043767e+00;4.268775e+00;1.965807e+00;-3.983127e+00;-2.735780e+00;-2.463396e+00;1.199350e-01;7.243996e-01;1.478043e-01
2;0.200000;-1.667258e+00;6.257648e+00;-3.454350e+00;-1.043648e+00;-4.937777e+00;-4.969528e+00;7.062001e+00;-1.560845e+00;-1.253655e+00;-4.687443e+00;-3.217163e-01;4.022994e-01;-4.175976e+00;-8.333740e-01
3;0.300000;-6.932907e-01;6.665295e+00;8.039689e-01;3.040746e+00;-2.068817e+00;-3.655192e+00;4.873648e-01;-3.827055e+00;5.416771e+00;1.634271e+00;1.658679e+00;-1.780131e-01;-1.545178e+00;-3.345337e-01
4;0.400000;9.794173e-01;-1.661685e+00;3.952024e+00;2.825379e+00;5.633225e-01;6.868551e-01;-6.422546e+00;-2.081561e+00;5.030304e+00;2.945784e+00;1.625332e+00;-3.567695e-01;3.786497e-01;3.817673e-01
5;0.500000;7.528620e-01;-6.834002e+00;2.979002e+00;8.718091e-01;-1.868698e+00;3.777649e+00;-1.053204e+01;-8.883476e-01;7.663534e-01;-9.590030e-02;5.525579e-01;-2.209110e+00;6.626558e-01;-4.614182e-01
