frameIndex;frameTime;pcm_fftMag_mfcc[0];pcm_fftMag_mfcc[1];pcm_fftMag_mfcc[2];pcm_fftMag_mfcc[3];pcm_fftMag_mfcc[4];pcm_fftMag_mfcc[5];pcm_fftMag_mfcc[6];pcm_fftMag_mfcc[7];pcm_fftMag_mfcc[8];pcm_fftMag_mfcc[9];pcm_fftMag_mfcc[10];pcm_fftMag_mfcc[11];pcm_fftMag_mfcc[12];pcm_fftMag_mfcc[13]
0;0.000000;-3.086567e-01;-2.555281e+00;-3.741140e-01;3.746808e+00;-1.202234e+00;-3.688370e+00;-4.268852e+00;1.546956e+00;-5.923747e+00;-4.221029e+00;-2.721147e+00;-6.366306e+00;-7.855528e+00;-2.574310e-01
1;0.100000;-2.615238e+00;1.795411e+00;-4.585781e-01;4.889935e+00;1.867872e+00;-1.017441e+01;-2.718979e+00;-1.474644e+00;1.758494e-01;-1.904273e+00;-1.588666e+00;-4.549751e-01;-4.491797e+00;7.063217e-01
2;0.200000;-2.844059e+00;3.721842e+00;1.059199e+00;2.412176e+00;3.136251e+00;-6.678043e+00;-2.022669e+00;-3.252533e+00;5.509363e+00;1.659502e+00;-9.638319e-01;5.869837e-01;-1.310310e+00;1.040367e+00
3;0.300000;-1.435636e+00;2.161992e+00;3.679334e+00;-8.310556e-02;9.647284e-01;-1.946774e+00;-1.628532e-01;-3.423080e-01;4.594824e+00;1.180697e+00;-1.796996e+00;2.235689e-01;1.816916e+00;2.559433e-01
4;0.400000;3.218744e+00;-1.330265e+00;1.086018e+00;-5.241951e+00;1.733932e-01;9.185749e+00;5.588383e+00;4.118974e+00;-2.936312e+00;-1.587095e-01;2.656692e-01;5.811545e+00;5.918509e+00;-1.716141e+00
5;0.500000;3.984847e+00;-3.793700e+00;-4.991858e+00;-5.723863e+00;-4.940009e+00;1.330184e+01;3.584974e+00;-5.964437e-01;-1.419979e+00;3.443810e+00;6.804973e+00;1.991873e-01;5.922209e+00;-2.908325e-02
