frameIndex;frameTime;pcm_fftMag_mfcc[0];pcm_fftMag_mfcc[1];pcm_fftMag_mfcc[2];pcm_fftMag_mfcc[3];pcm_fftMag_mfcc[4];pcm_fftMag_mfcc[5];pcm_fftMag_mfcc[6];pcm_fftMag_mfcc[7];pcm_fftMag_mfcc[8];pcm_fftMag_mfcc[9];pcm_fftMag_mfcc[10];pcm_fftMag_mfcc[11];pcm_fftMag_mfcc[12];pcm_fftMag_mfcc[13]
0;0.000000;4.256667e+00;-4.236313e+00;1.772294e-01;-3.475734e+00;-2.523279e+00;7.283932e+00;-1.009938e+00;3.464615e+00;3.025401e-01;-3.901196e+00;-4.737000e-01;-7.635640e+00;-3.638101e+00;-3.357391e-01
1;0.100000;-3.695078e-01;-2.099002e-01;1.198315e+00;-1.580705e+00;-1.144413e+00;1.564417e+00;1.406789e+00;5.263386e-01;5.125595e-01;3.981967e-01;-2.206068e+00;-5.145286e+00;-2.893476e+00;1.610558e+00
2;0.200000;-3.060692e+00;4.638021e+00;3.393272e+00;1.607232e+00;-1.452112e+00;-5.618614e+00;3.679724e-01;-1.067310e+00;8.144352e-01;1.540431e+00;-3.676905e+00;-2.125282e-01;-7.020659e-01;4.316177e-01
3;0.300000;-1.797558e+00;4.591380e+00;2.191932e+00;2.844862e+00;-5.214748e-01;-6.837700e+00;1.068077e+00;3.315449e-01;1.579848e+00;-7.983470e-01;-4.656221e+00;7.121111e+00;2.487979e+00;-1.033134e+00
4;0.400000;1.992455e+00;-2.961230e+00;-5.511842e-01;-7.248116e-01;2.890177e+00;2.215446e+00;-1.170134e+00;2.136784e-01;3.260328e-01;6.139975e-01;3.257021e+00;5.305280e+00;3.492372e+00;-1.642807e+00
5;0.500000;-1.021363e+00;-1.821958e+00;-6.409566e+00;1.329159e+00;2.751101e+00;1.392521e+00;-6.627645e-01;-3.468861e+00;-3.535415e+00;2.146920e+00;7.755871e+00;5.670576e-01;1.253289e+00;9.695358e-01
