frameIndex;frameTime;pcm_fftMag_mfcc[0];pcm_fftMag_mfcc[1];pcm_fftMag_mfcc[2];pcm_fftMag_mfcc[3];pcm_fftMag_mfcc[4];pcm_fftMag_mfcc[5];pcm_fftMag_mfcc[6];pcm_fftMag_mfcc[7];pcm_fftMag_mfcc[8];pcm_fftMag_mfcc[9];pcm_fftMag_mfcc[10];pcm_fftMag_mfcc[11];pcm_fftMag_mfcc[12];pcm_fftMag_mfcc[13]
0;0.000000;3.858624e+00;-4.153103e+00;3.152541e+00;-1.214739e+00;-2.465998e+00;7.911873e-01;6.159636e+00;-4.888075e+00;1.236712e+00;3.481236e+00;2.259812e+00;-2.341524e+00;-5.555352e+00;6.089020e-01
1;0.100000;8.983469e-01;-1.570633e+00;-2.280733e+00;4.424373e+00;-6.572304e+00;7.585154e+00;-2.917881e-01;-2.707722e+00;-1.477104e+00;1.240294e+00;2.930188e+00;-1.143870e+00;-1.998998e+00;1.577950e+00
2;0.200000;-2.382709e+00;2.871951e+00;-4.367523e+00;5.801171e+00;-6.071910e+00;6.300872e+00;-2.670870e+00;-8.843589e-01;-1.772970e+00;1.629825e-01;1.813219e+00;1.027650e+00;6.317172e-01;-3.457413e-01
3;0.300000;-3.934226e+00;3.275385e+00;-2.554806e+00;2.323967e+00;-1.148902e+00;-3.580469e+00;-2.223947e+00;7.483496e+00;-8.207645e-01;1.970447e+00;-1.884324e+00;2.543722e+00;4.470699e+00;-1.847916e-01
4;0.400000;-1.285199e+00;5.872412e-01;1.531156e+00;-1.915810e+00;4.985202e+00;-5.700046e+00;-7.845249e-01;3.795013e+00;-9.484386e-01;-2.726970e-01;-3.678348e+00;1.951338e+00;2.528718e+00;2.586060e-01
5;0.500000;2.845163e+00;-1.010842e+00;4.519363e+00;-9.418968e+00;1.127391e+01;-5.396702e+00;-1.885042e-01;-2.798353e+00;3.782572e+00;-6.582261e+00;-1.440549e+00;-2.037315e+00;-7.678413e-02;-1.914940e+00
