frameIndex;frameTime;pcm_fftMag_mfcc[0];pcm_fftMag_mfcc[1];pcm_fftMag_mfcc[2];pcm_fftMag_mfcc[3];pcm_fftMag_mfcc[4];pcm_fftMag_mfcc[5];pcm_fftMag_mfcc[6];pcm_fftMag_mfcc[7];pcm_fftMag_mfcc[8];pcm_fftMag_mfcc[9];pcm_fftMag_mfcc[10];pcm_fftMag_mfcc[11];pcm_fftMag_mfcc[12];pcm_fftMag_mfcc[13]
0;0.000000;2.577087e+00;-4.514239e+00;2.993429e-01;1.737884e+00;-8.694151e+00;-2.131958e-01;6.978598e-01;1.237887e+00;-5.979128e-01;3.674655e+00;3.470600e+00;4.300551e-01;-3.514374e+00;1.592171e+00
1;0.100000;-1.833057e-01;2.696126e+00;-2.447742e+00;9.103539e+00;1.419033e+00;1.647753e+00;-5.708818e-01;-2.264686e-01;2.811341e+00;2.086853e+00;5.834732e-01;1.657204e+00;-2.357916e+00;-4.274849e+00
2;0.200000;3.611927e-01;-8.002505e-01;2.669633e+00;8.604088e-01;-1.191841e+00;4.650273e+00;-3.222877e+00;4.705372e-01;-2.797083e+00;8.973184e-01;-2.165920e+00;-3.270850e+00;3.042146e+00;-2.791512e+00
3;0.300000;4.650402e-01;-1.219646e+00;3.462900e+00;-5.035395e+00;-2.415600e-01;1.181511e+00;-1.469847e+00;-4.231174e+00;-1.686029e+00;1.735274e+00;-1.790916e+00;-1.138405e+00;3.048884e+00;3.052292e-01
4;0.400000;-1.664486e+00;2.104489e+00;1.327423e+00;-4.182884e+00;2.971718e+00;-3.831066e+00;3.212242e-01;-3.438030e+00;2.595463e+00;6.567335e-02;3.628123e-01;4.072838e-01;1.122542e+00;2.092239e+00
5;0.500000;-1.555529e+00;1.733519e+00;-5.311555e+00;-2.483547e+00;5.736807e+00;-3.435282e+00;4.244523e+00;6.187248e+00;-3.257771e-01;-8.459775e+00;-4.600494e-01;1.914711e+00;-1.341283e+00;3.076714e+00
