frameIndex;frameTime;pcm_fftMag_mfcc[0];pcm_fftMag_mfcc[1];pcm_fftMag_mfcc[2];pcm_fftMag_mfcc[3];pcm_fftMag_mfcc[4];pcm_fftMag_mfcc[5];pcm_fftMag_mfcc[6];pcm_fftMag_mfcc[7];pcm_fftMag_mfcc[8];pcm_fftMag_mfcc[9];pcm_fftMag_mfcc[10];pcm_fftMag_mfcc[11];pcm_fftMag_mfcc[12];pcm_fftMag_mfcc[13]
0;0.000000;1.312953e+00;-8.936405e-02;1.720941e+00;7.349189e+00;-1.287005e+01;1.002854e+00;-1.790278e+00;-3.031434e+00;-2.221779e+00;-8.802343e+00;-2.426826e+00;-4.762450e+00;-4.641164e+00;1.586426e+00
1;0.100000;-1.377941e+00;-2.213664e-01;2.830679e+00;5.872609e+00;-7.604507e+00;-2.146883e+00;-2.239870e+00;-2.424149e+00;-4.176321e+00;-9.533260e+00;-3.758069e+00;-1.337542e+00;-2.600514e+00;4.349976e-01
2;0.200000;-2.418494e+00;5.497179e+00;3.797233e+00;4.055735e+00;-2.852345e-01;-5.870059e+00;-2.766008e-01;-3.272223e+00;-3.633721e+00;-7.923375e+00;7.008743e-02;3.206920e+00;-2.147455e-01;-1.626663e+00
3;0.300000;5.995607e-01;3.404716e+00;-4.331965e+00;-4.114277e+00;5.917418e+00;1.855258e+00;1.293346e+00;-1.255930e+00;2.761709e+00;4.829380e+00;2.704876e+00;-1.001673e-01;2.818403e+00;-1.100967e+00
4;0.400000;8.802571e-01;-3.918972e+00;-3.312092e+00;-7.273674e+00;7.105618e+00;3.268412e+00;1.918346e+00;4.770903e+00;3.977179e+00;1.103159e+01;2.125453e+00;9.777946e-01;2.448717e+00;6.169968e-01
5;0.500000;1.003663e+00;-4.672193e+00;-7.047968e-01;-5.889576e+00;7.736763e+00;1.890418e+00;1.095061e+00;5.212833e+00;3.292934e+00;1.039801e+01;1.284477e+00;2.015438e+00;2.189295e+00;8.923340e-02
