frameIndex;frameTime;pcm_fftMag_mfcc[0];pcm_fftMag_mfcc[1];pcm_fftMag_mfcc[2];pcm_fftMag_mfcc[3];pcm_fftMag_mfcc[4];pcm_fftMag_mfcc[5];pcm_fftMag_mfcc[6];pcm_fftMag_mfcc[7];pcm_fftMag_mfcc[8];pcm_fftMag_mfcc[9];pcm_fftMag_mfcc[10];pcm_fftMag_mfcc[11];pcm_fftMag_mfcc[12];pcm_fftMag_mfcc[13]
0;0.000000;1.057469e+00;-6.282520e+00;-1.063483e+00;-8.074541e-01;1.636443e+00;2.994120e+00;-1.665191e+00;6.208232e+00;-4.844548e+00;-5.687382e-01;-5.799961e-01;-2.730309e+00;2.959676e-01;1.598618e+00
1;0.100000;6.685867e-01;-2.744994e+00;-1.806836e-01;-9.190350e-01;2.070624e+00;1.302340e+00;-5.273967e+00;8.871155e+00;-2.277533e+00;-3.011055e-01;-1.141329e-01;-1.536895e+00;1.186265e+00;9.267578e-01
2;0.200000;6.179037e-01;-2.752813e+00;-1.244418e+00;2.202818e+00;1.975243e+00;-1.452423e+00;-1.983024e+00;6.501330e+00;2.045310e+00;9.334195e-01;-5.186491e-01;1.989264e+00;-1.016181e+00;8.468170e-01
3;0.300000;1.267891e-01;-1.314239e+00;3.355398e-01;3.116720e+00;-2.841652e+00;-1.075606e+00;1.467347e+00;-9.721990e-01;3.951736e+00;3.417802e+00;-1.800525e+00;2.803633e+00;-8.022100e-01;1.568909e-01
4;0.400000;-1.109948e+00;3.471828e+00;2.233126e+00;6.265316e-01;-3.453212e+00;-1.174910e+00;4.956562e+00;-8.727665e+00;2.866345e+00;1.013992e+00;-2.683678e-01;-1.783240e-02;-1.335425e+00;-1.423485e+00
5;0.500000;-1.360799e+00;9.622738e+00;-8.008146e-02;-4.219579e+00;6.125498e-01;-5.935230e-01;2.498271e+00;-1.188085e+01;-1.741317e+00;-4.495368e+00;3.281669e+00;-5.078596e-01;1.671584e+00;-2.105568e+00
