frameIndex;frameTime;pcm_fftMag_mfcc[0];pcm_fftMag_mfcc[1];pcm_fftMag_mfcc[2];pcm_fftMag_mfcc[3];pcm_fftMag_mfcc[4];pcm_fftMag_mfcc[5];pcm_fftMag_mfcc[6];pcm_fftMag_mfcc[7];pcm_fftMag_mfcc[8];pcm_fftMag_mfcc[9];pcm_fftMag_mfcc[10];pcm_fftMag_mfcc[11];pcm_fftMag_mfcc[12];pcm_fftMag_mfcc[13]
0;0.000000;1.301569e+00;-6.428653e+00;-1.295135e+01;-1.522746e+00;4.558511e+00;-5.306870e+00;-2.119468e+00;-2.157660e+00;-5.197175e+00;-7.132875e+00;-5.070607e+00;-2.239728e+00;1.781224e+00;1.916374e+00
1;0.100000;6.639762e-01;-6.944128e+00;-9.057137e+00;-2.628024e+00;1.555557e+00;-5.150647e+00;-2.392711e+00;-2.409402e+00;-6.023443e+00;-5.340511e+00;-6.033271e+00;3.920507e-01;3.314261e-01;1.964729e+00
2;0.200000;1.442359e+00;-8.851399e-01;-6.752112e-01;7.687721e-01;9.275131e-01;-7.129087e-01;6.652176e-01;8.952525e-01;-3.444917e+00;-1.668600e+00;-2.501082e+00;1.441685e+00;1.461006e+00;-1.093239e+00
3;0.300000;9.761477e-01;6.029474e+00;4.246039e+00;2.985686e+00;-2.179502e+00;1.778934e+00;1.211595e+00;7.333548e-01;3.306231e+00;1.966527e+00;4.181494e+00;1.151522e+00;-3.669471e-01;-3.204430e+00
4;0.400000;-1.033999e+00;3.725811e+00;8.778002e+00;1.180756e+00;-2.080960e+00;4.929615e+00;1.071651e+00;2.659811e+00;5.580962e+00;5.865232e+00;5.081811e+00;4.655764e-01;-1.825364e+00;-2.765961e-01
5;0.500000;-3.350053e+00;4.502633e+00;9.659653e+00;-7.844424e-01;-2.781119e+00;4.461871e+00;1.563716e+00;2.786422e-01;5.778344e+00;6.310227e+00;4.341655e+00;-1.211105e+00;-1.381346e+00;6.931229e-01
