frameIndex;frameTime;pcm_fftMag_mfcc[0];pcm_fftMag_mfcc[1];pcm_fftMag_mfcc[2];pcm_fftMag_mfcc[3];pcm_fftMag_mfcc[4];pcm_fftMag_mfcc[5];pcm_fftMag_mfcc[6];pcm_fftMag_mfcc[7];pcm_fftMag_mfcc[8];pcm_fftMag_mfcc[9];pcm_fftMag_mfcc[10];pcm_fftMag_mfcc[11];pcm_fftMag_mfcc[12];pcm_fftMag_mfcc[13]
0;0.000000;-3.576475e+00;1.178607e+00;6.112367e+00;7.539644e-01;-2.896574e+00;3.176907e-01;1.149044e-01;-8.561325e-02;-2.180611e+00;-7.775145e-01;3.573475e+00;9.154797e-02;-4.123243e+00;5.444870e-01
1;0.100000;-1.483149e+00;-3.966913e-01;2.931432e+00;5.437794e-01;-3.781269e+00;1.709731e+00;2.344173e+00;-8.150406e-01;-4.880322e+00;-2.340041e+00;4.962912e+00;1.456315e+00;-6.951124e+00;1.131363e+00
2;0.200000;8.910313e-01;-8.431504e-01;-2.242116e+00;-1.422654e+00;-3.581421e+00;1.934848e+00;2.776342e+00;-3.306959e+00;-5.469030e+00;-4.649148e+00;2.853017e+00;7.516098e-01;-5.871199e+00;1.736908e-01
3;0.300000;2.432210e+00;-4.656010e-01;-4.044101e+00;-2.303969e+00;-7.914906e-01;3.237152e+00;1.326698e+00;-2.537409e+00;7.306023e-01;-1.885194e+00;-1.096569e+00;-8.081789e-01;1.893564e+00;-6.719589e-01
4;0.400000;2.600662e+00;-1.046259e+00;-3.193548e+00;9.987459e-01;2.540386e+00;-4.559500e-01;-2.313819e+00;2.588810e+00;4.818442e+00;3.127098e+00;-4.863290e+00;-1.544763e+00;6.822124e+00;-8.719025e-01
5;0.500000;-8.642740e-01;1.573095e+00;4.359660e-01;1.430133e+00;8.510365e+00;-6.743472e+00;-4.248296e+00;4.156203e+00;6.980922e+00;6.524798e+00;-5.429547e+00;5.347252e-02;8.229881e+00;-3.056259e-01
