frameIndex;frameTime;pcm_fftMag_mfcc[0];pcm_fftMag_mfcc[1];pcm_fftMag_mfcc[2];pcm_fftMag_mfcc[3];pcm_fftMag_mfcc[4];pcm_fftMag_mfcc[5];pcm_fftMag_mfcc[6];pcm_fftMag_mfcc[7];pcm_fftMag_mfcc[8];pcm_fftMag_mfcc[9];pcm_fftMag_mfcc[10];pcm_fftMag_mfcc[11];pcm_fftMag_mfcc[12];pcm_fftMag_mfcc[13]
0;0.000000;2.077898e+00;-1.481762e+00;2.770184e+00;-1.552788e+00;9.851184e-01;-3.784667e+00;2.592219e+00;3.329612e+00;-2.883523e-01;7.748232e-01;-1.810879e+00;2.751662e+00;1.511233e+00;-1.322937e+00
1;0.100000;3.081346e-01;1.318015e+00;-3.626519e+00;-1.322023e+00;1.218267e+00;1.772205e+00;-4.052744e+00;-4.589608e+00;1.121917e-01;1.017455e+00;-2.982335e-01;-4.193820e+00;1.013442e+00;-1.310417e+00
2;0.200000;-2.386031e+00;1.637478e-01;8.563352e-01;2.874811e+00;-2.203385e+00;2.012463e+00;1.460525e+00;1.259997e+00;1.761602e-01;-1.792279e+00;2.109112e+00;1.442159e+00;-2.524675e+00;2.633347e+00
