frameIndex;frameTime;pcm_fftMag_mfcc[0];pcm_fftMag_mfcc[1];pcm_fftMag_mfcc[2];pcm_fftMag_mfcc[3];pcm_fftMag_mfcc[4];pcm_fftMag_mfcc[5];pcm_fftMag_mfcc[6];pcm_fftMag_mfcc[7];pcm_fftMag_mfcc[8];pcm_fftMag_mfcc[9];pcm_fftMag_mfcc[10];pcm_fftMag_mfcc[11];pcm_fftMag_mfcc[12];pcm_fftMag_mfcc[13]
0;0.000000;4.252085e+00;-1.128665e+01;5.757101e+00;2.414579e-01;-1.081893e+00;1.125125e+01;-4.103104e+00;7.827292e+00;3.158113e+00;1.001113e+00;9.975395e-01;-2.117285e+00;3.545551e+00;6.265030e-01
1;0.100000;1.114412e+00;-9.959478e+00;1.562141e+00;-7.726231e-01;2.091431e-01;7.171364e+00;-1.308867e+00;1.795482e+00;4.921474e+00;7.967997e-02;-1.591892e+00;1.062171e+00;1.242001e+00;2.063400e+00
2;0.200000;-3.357152e+00;-1.279387e+00;-2.611658e+00;1.472733e+00;1.893099e+00;7.295704e-02;2.161269e+00;-5.760240e+00;3.007714e+00;-5.248475e-01;-3.763337e+00;1.052248e+00;-1.092850e+00;1.759903e+00
3;0.300000;-4.448884e+00;9.835663e+00;-3.260859e+00;1.331786e+00;3.373219e+00;-6.673425e+00;4.436238e+00;-5.443843e+00;-1.671958e+00;3.630525e+00;4.252701e-01;2.690077e+00;4.190445e-03;-1.208237e+00
4;0.400000;-8.959713e-01;1.333565e+01;-2.839722e+00;-3.390160e+00;-1.339912e+00;-8.605245e+00;6.443710e+00;-1.081461e+00;-6.878353e+00;-3.421297e-01;4.429418e+00;1.541187e+00;-2.683394e+00;-2.377258e+00
5;0.500000;3.335510e+00;-6.457934e-01;1.392999e+00;1.116807e+00;-3.053656e+00;-3.216902e+00;-7.629246e+00;2.662772e+00;-2.536990e+00;-3.844343e+00;-4.969921e-01;-4.228401e+00;-1.015498e+00;-8.643112e-01
