frameIndex;frameTime;pcm_fftMag_mfcc[0];pcm_fftMag_mfcc[1];pcm_fftMag_mfcc[2];pcm_fftMag_mfcc[3];pcm_fftMag_mfcc[4];pcm_fftMag_mfcc[5];pcm_fftMag_mfcc[6];pcm_fftMag_mfcc[7];pcm_fftMag_mfcc[8];pcm_fftMag_mfcc[9];pcm_fftMag_mfcc[10];pcm_fftMag_mfcc[11];pcm_fftMag_mfcc[12];pcm_fftMag_mfcc[13]
0;0.000000;-4.221548e+00;5.754052e+00;2.651595e+00;-3.775730e+00;-1.202761e+01;5.536036e+00;-3.144282e+00;1.762596e+00;1.031736e+00;9.263990e+00;7.871570e+00;7.557554e+00;3.779955e+00;4.302979e-02
1;0.100000;-2.129284e+00;-3.344422e+00;3.351481e+00;-3.836331e+00;-4.167830e+00;-2.589470e+00;3.952856e-01;2.007209e+00;3.822482e+00;4.795498e+00;4.791205e+00;7.121240e+00;3.708058e+00;9.735870e-01
2;0.200000;-1.641310e+00;-6.369032e+00;-4.201117e-01;6.486318e-01;3.106680e+00;-2.317884e+00;7.494774e+00;4.166026e+00;3.212945e+00;8.625574e-01;8.964796e-01;4.785450e+00;2.666506e+00;1.668243e+00
3;0.300000;8.626204e-01;-3.347070e+00;-7.907572e-01;3.670150e+00;5.259371e+00;-2.676117e+00;5.404424e+00;1.672931e+00;-3.366301e+00;-5.478681e+00;-5.304454e+00;-3.079221e+00;-1.427211e+00;1.069527e+00
4;0.400000;2.843459e+00;2.743124e+00;-1.047345e+00;4.186529e+00;3.316549e+00;-2.279057e+00;-2.312032e+00;-3.985732e+00;-5.088308e+00;-6.500243e+00;-5.936265e+00;-9.509014e+00;-4.227446e+00;-1.618767e+00
5;0.500000;4.286058e+00;4.563347e+00;-3.744862e+00;-8.932490e-01;4.512829e+00;4.326487e+00;-7.838172e+00;-5.623031e+00;3.874483e-01;-2.943119e+00;-2.318542e+00;-6.876008e+00;-4.499863e+00;-2.135651e+00
