frameIndex;frameTime;pcm_fftMag_mfcc[0];pcm_fftMag_mfcc[1];pcm_fftMag_mfcc[2];pcm_fftMag_mfcc[3];pcm_fftMag_mfcc[4];pcm_fftMag_mfcc[5];pcm_fftMag_mfcc[6];pcm_fftMag_mfcc[7];pcm_fftMag_mfcc[8];pcm_fftMag_mfcc[9];pcm_fftMag_mfcc[10];pcm_fftMag_mfcc[11];pcm_fftMag_mfcc[12];pcm_fftMag_mfcc[13]
0;0.000000;-8.834066e-01;-8.990326e-01;-6.420012e-01;2.332888e+00;6.685571e+00;1.074395e+00;-1.584444e-01;1.667519e-01;5.631341e+00;-2.283453e+00;-7.554035e+00;-3.975755e+00;-1.361275e-01;-8.564758e-02
1;0.100000;7.326746e-01;9.756422e-01;-8.342028e-01;4.312153e-01;6.853080e+00;4.330568e-01;-2.664232e+00;1.836284e+00;5.119226e+00;-1.572034e+00;-5.937115e+00;-5.433284e+00;-3.835452e+00;-9.252396e-01
2;0.200000;2.605278e+00;-5.602646e-02;-1.146770e+00;-1.009706e+00;4.646722e+00;3.803654e-01;-4.627114e+00;1.872225e-01;-5.902815e-02;9.337237e-01;-1.656698e+00;-4.391819e+00;-5.171876e+00;-9.464645e-01
3;0.300000;2.714331e+00;-2.963770e+00;8.758831e-02;-2.035957e+00;-3.148648e+00;3.371000e-02;-1.335401e+00;-7.302494e-01;-2.194764e+00;2.134693e-01;4.456137e+00;8.075678e-01;-1.622135e+00;7.945633e-01
4;0.400000;-4.537668e-01;-2.157772e+00;4.261408e-01;-1.379650e+00;-7.176610e+00;2.164278e-01;2.866899e+00;1.486416e-01;-2.365934e+00;1.417060e+00;7.129690e+00;5.802179e+00;3.742615e+00;1.252068e+00
5;0.500000;-4.715111e+00;5.100960e+00;2.109252e+00;1.661219e+00;-7.860108e+00;-2.137957e+00;5.918294e+00;-1.608645e+00;-6.130840e+00;1.291236e+00;3.562022e+00;7.191110e+00;7.022976e+00;-8.929443e-02
