frameIndex;frameTime;pcm_fftMag_mfcc[0];pcm_fftMag_mfcc[1];pcm_fftMag_mfcc[2];pcm_fftMag_mfcc[3];pcm_fftMag_mfcc[4];pcm_fftMag_mfcc[5];pcm_fftMag_mfcc[6];pcm_fftMag_mfcc[7];pcm_fftMag_mfcc[8];pcm_fftMag_mfcc[9];pcm_fftMag_mfcc[10];pcm_fftMag_mfcc[11];pcm_fftMag_mfcc[12];pcm_fftMag_mfcc[13]
0;0.000000;4.118240e+00;-7.689564e+00;8.918166e-01;-4.705763e+00;-1.559255e+00;2.106521e+00;-2.930744e+00;1.822325e+00;-3.933480e+00;-2.201919e+00;-1.466208e-01;5.178795e-01;-1.659902e+00;-1.363243e+00
1;0.100000;-4.607868e-01;-5.127898e+00;-1.052932e+00;6.953106e-01;-3.053153e+00;-2.111052e+00;-5.000139e+00;-5.885113e-01;-2.667743e+00;-5.518081e+00;6.746411e-01;-1.276007e-01;-8.768948e-01;2.180275e+00
2;0.200000;-2.529860e+00;-1.157408e+00;5.884018e-01;5.044779e+00;-1.175775e+00;-5.142548e+00;-4.780869e+00;-5.778888e-01;1.323962e+00;-2.004196e+00;4.299591e-01;-3.003454e-01;2.612817e-01;2.479149e+00
3;0.300000;-1.909559e+00;1.662499e+00;6.817088e-01;4.276955e+00;9.076023e-01;-3.704453e+00;-1.724060e+00;1.009783e+00;4.436255e+00;2.290936e+00;-7.853352e-01;-1.761205e+00;8.241539e-01;3.829422e-01
4;0.400000;2.147289e+00;2.681815e+00;5.390759e-01;-1.584446e+00;2.841371e+00;2.422872e+00;4.873004e+00;1.458552e+00;1.078940e+00;3.888332e+00;-1.249294e+00;-1.222854e+00;-2.375820e-01;-2.292496e+00
5;0.500000;-1.365317e+00;9.630559e+00;-1.648067e+00;-3.726839e+00;2.039210e+00;6.428659e+00;9.562812e+00;-3.124259e+00;-2.379332e-01;3.544928e+00;1.076650e+00;2.894119e+00;1.688944e+00;-1.386581e+00
