frameIndex;frameTime;pcm_fftMag_mfcc[0];pcm_fftMag_mfcc[1];pcm_fftMag_mfcc[2];pcm_fftMag_mfcc[3];pcm_fftMag_mfcc[4];pcm_fftMag_mfcc[5];pcm_fftMag_mfcc[6];pcm_fftMag_mfcc[7];pcm_fftMag_mfcc[8];pcm_fftMag_mfcc[9];pcm_fftMag_mfcc[10];pcm_fftMag_mfcc[11];pcm_fftMag_mfcc[12];pcm_fftMag_mfcc[13]
0;0.000000;3.531091e+00;-9.776644e+00;-2.409748e+00;-7.153341e+00;1.902517e+00;-1.933365e+00;-3.418855e+00;9.772110e-01;-3.816719e+00;4.806749e+00;-1.331663e-01;1.243080e+00;1.041304e+00;2.995354e+00
1;0.100000;4.206572e+00;-7.501874e+00;-3.053552e+00;-7.155840e+00;1.988348e+00;-3.934853e+00;-8.814650e-01;2.474962e+00;2.775903e+00;6.195221e+00;-6.361880e-01;2.250978e+00;3.829876e+00;8.087463e-01
2;0.200000;4.202131e+00;-5.087567e+00;-3.360584e+00;-1.983547e+00;3.947432e+00;-7.889200e+00;1.226178e+00;4.487363e+00;7.324822e+00;2.500686e+00;-4.870443e-01;1.057812e+00;3.425253e+00;-2.138214e-01
3;0.300000;1.269932e-01;2.522640e-01;-1.452513e+00;3.140182e+00;-3.295021e-01;-3.219732e+00;-7.549028e-01;3.551586e+00;5.413849e+00;-1.512981e+00;-1.502946e+00;4.614315e-01;-1.315854e+00;7.317352e-01
4;0.400000;-4.548473e+00;8.660357e+00;3.201436e+00;7.960920e+00;-3.600286e+00;2.536689e+00;-5.483186e-01;-1.013930e+00;1.439005e+00;-4.360523e+00;3.208995e-01;-1.713552e-01;-3.517215e+00;-1.198753e+00
5;0.500000;-7.518316e+00;1.345347e+01;7.074961e+00;5.191618e+00;-3.908503e+00;1.444046e+01;4.377364e+00;-1.047719e+01;-1.313686e+01;-7.629154e+00;2.438444e+00;-4.841948e+00;-3.463365e+00;-3.123260e+00
