frameIndex;frameTime;pcm_fftMag_mfcc[0];pcm_fftMag_mfcc[1];pcm_fftMag_mfcc[2];pcm_fftMag_mfcc[3];pcm_fftMag_mfcc[4];pcm_fftMag_mfcc[5];pcm_fftMag_mfcc[6];pcm_fftMag_mfcc[7];pcm_fftMag_mfcc[8];pcm_fftMag_mfcc[9];pcm_fftMag_mfcc[10];pcm_fftMag_mfcc[11];pcm_fftMag_mfcc[12];pcm_fftMag_mfcc[13]
0;0.000000;2.720728e-01;4.213524e+00;-7.907134e+00;1.946792e+00;5.788670e+00;4.941411e+00;-1.788744e+00;-5.713479e+00;2.691375e+00;4.195790e-01;5.898018e-01;-3.780414e+00;-1.994073e+00;-9.331131e-01
1;0.100000;-7.975016e-01;1.201810e+00;2.075924e+00;9.526978e-01;-3.632286e+00;-3.191080e-01;9.504242e-01;-7.486506e-01;-3.943329e-01;-1.991711e-01;2.191400e+00;1.533135e+00;5.749936e-01;2.768707e-01
2;0.200000;5.254269e-01;-5.415335e+00;5.831210e+00;-2.899490e+00;-2.156382e+00;-4.622303e+00;8.383207e-01;6.462129e+00;-2.297042e+00;-2.204080e-01;-2.781201e+00;2.247280e+00;1.419079e+00;6.562653e-01
