frameIndex;frameTime;pcm_fftMag_mfcc[0];pcm_fftMag_mfcc[1];pcm_fftMag_mfcc[2];pcm_fftMag_mfcc[3];pcm_fftMag_mfcc[4];pcm_fftMag_mfcc[5];pcm_fftMag_mfcc[6];pcm_fftMag_mfcc[7];pcm_fftMag_mfcc[8];pcm_fftMag_mfcc[9];pcm_fftMag_mfcc[10];pcm_fftMag_mfcc[11];pcm_fftMag_mfcc[12];pcm_fftMag_mfcc[13]
0;0.000000;5.773145e+00;-5.609246e+00;-9.935002e+00;1.772017e+00;-1.784446e+00;6.628815e+00;-6.307011e-01;4.596007e-01;-1.152753e+00;4.494457e+00;-6.099456e+00;4.661107e+00;1.036489e+00;-1.487679e+00
1;0.100000;3.829085e+00;-4.797814e+00;-7.118001e+00;3.179062e+00;-3.836053e+00;7.556588e+00;-1.484957e+00;1.312478e+00;4.396706e-01;6.238778e+00;-5.408593e+00;2.676434e+00;-2.671210e+00;-7.836990e-01
2;0.200000;4.036379e-01;-3.869209e-01;-6.361513e-01;3.196716e-03;-1.795394e+00;-2.522738e+00;-3.555164e-01;4.568322e-01;9.299250e-01;1.509822e+00;4.303011e+00;2.547636e-01;-2.778738e+00;5.951462e-01
3;0.300000;-4.961495e+00;6.536762e+00;9.033516e+00;-2.282623e+00;-2.629398e+00;-8.533719e+00;8.843403e-01;6.532087e-01;-6.942582e-01;-1.839395e+00;8.814217e+00;-1.175963e+00;-2.893346e+00;3.845444e-01
4;0.400000;-5.125093e+00;5.280567e+00;7.063376e+00;-2.241423e+00;3.727626e+00;-2.875873e+00;1.231337e-01;-1.349035e+00;-1.124840e-01;-4.842399e+00;1.346840e+00;-3.049786e+00;2.334356e+00;7.419281e-01
5;0.500000;8.072281e-02;-1.023347e+00;1.592257e+00;-4.302340e-01;6.317667e+00;-2.530699e-01;1.463703e+00;-1.533086e+00;5.898991e-01;-5.561264e+00;-2.956012e+00;-3.366554e+00;4.972446e+00;5.497971e-01
