frameIndex;frameTime;pcm_fftMag_mfcc[0];pcm_fftMag_mfcc[1];pcm_fftMag_mfcc[2];pcm_fftMag_mfcc[3];pcm_fftMag_mfcc[4];pcm_fftMag_mfcc[5];pcm_fftMag_mfcc[6];pcm_fftMag_mfcc[7];pcm_fftMag_mfcc[8];pcm_fftMag_mfcc[9];pcm_fftMag_mfcc[10];pcm_fftMag_mfcc[11];pcm_fftMag_mfcc[12];pcm_fftMag_mfcc[13]
0;0.000000;3.051464e+00;-4.201126e+00;-1.773468e+00;-6.333262e-01;2.041336e+00;7.548461e-01;3.522101e+00;-3.608173e+00;-1.370332e+00;-5.102496e-01;-3.073528e+00;2.547907e+00;-2.831337e-01;-2.739944e-01
1;0.100000;-1.312025e+00;2.326891e+00;1.517076e+00;5.474713e+00;1.230839e+00;1.107630e+00;1.215324e+00;-5.850955e+00;-4.098475e+00;-5.990983e+00;-1.452206e+00;3.669954e+00;-1.828339e+00;-3.873444e-02
2;0.200000;-5.171056e+00;8.333341e+00;7.650657e+00;7.507860e+00;-2.264095e+00;-1.279715e+00;5.035872e-01;-4.965720e+00;-5.395532e+00;-6.831703e+00;1.325255e+00;6.406357e+00;-1.380850e+00;-1.161514e+00
3;0.300000;-4.326823e+00;5.836038e+00;-1.003704e-01;1.433162e+00;-3.051924e+00;-1.605402e+00;-5.946741e-01;2.689871e+00;5.900352e+00;1.186846e+00;2.321639e-01;3.597593e-01;-3.518108e+00;-1.451500e+00
4;0.400000;1.839859e+00;-2.822172e+00;-5.267105e+00;-3.877211e+00;-1.391851e+00;-2.862725e-01;-2.457391e+00;6.557834e+00;3.984798e+00;5.756906e+00;1.847153e+00;-4.746519e+00;1.869637e+00;1.059845e+00
5;0.500000;5.918585e+00;-9.472969e+00;-2.026789e+00;-9.905197e+00;3.435698e+00;1.308912e+00;-2.188948e+00;5.177144e+00;9.791890e-01;6.389183e+00;1.121159e+00;-8.237459e+00;5.140793e+00;1.865959e+00
