frameIndex;frameTime;pcm_fftMag_mfcc[0];pcm_fftMag_mfcc[1];pcm_fftMag_mfcc[2];pcm_fftMag_mfcc[3];pcm_fftMag_mfcc[4];pcm_fftMag_mfcc[5];pcm_fftMag_mfcc[6];pcm_fftMag_mfcc[7];pcm_fftMag_mfcc[8];pcm_fftMag_mfcc[9];pcm_fftMag_mfcc[10];pcm_fftMag_mfcc[11];pcm_fftMag_mfcc[12];pcm_fftMag_mfcc[13]
0;0.000000;-1.843849e+00;-1.837576e+00;-3.753080e+00;4.107953e+00;-7.755938e+00;6.626290e+00;2.495234e+00;-1.327095e-01;1.127600e+00;1.898977e+00;-2.649416e+00;-4.130983e+00;-1.259556e+00;-1.479515e+00
1;0.100000;1.357327e-01;3.339002e+00;-4.363446e-01;8.194198e+00;-2.870691e+00;4.482297e+00;-2.020264e-01;3.079082e+00;3.449898e-01;6.415110e-01;8.820143e-01;-5.780442e-01;-4.871011e-01;-3.140137e+00
2;0.200000;4.113996e+00;-8.358850e-01;4.444288e+00;-2.279174e+00;-8.049488e-01;5.811102e+00;-5.791259e+00;7.240772e-01;9.067831e-01;-1.236909e+00;-1.583253e+00;1.211657e+00;1.424924e+00;-9.867630e-01
3;0.300000;1.398594e+00;-1.147822e+00;2.655719e+00;-7.360668e+00;4.700346e+00;-1.836634e+00;-7.606764e-01;-6.867901e+00;1.912221e+00;-8.209929e-01;-3.612046e-01;1.599664e+00;2.192595e+00;1.489288e+00
4;0.400000;-2.002977e+00;-6.043749e-01;-6.597140e-01;-3.481156e+00;4.648838e+00;-6.413564e+00;1.705737e+00;-2.540590e+00;-1.767657e+00;2.697353e-01;2.601451e+00;2.317104e+00;1.403411e+00;2.412422e+00
5;0.500000;-1.801491e+00;1.086656e+00;-2.250870e+00;8.188468e-01;2.082384e+00;-8.669496e+00;2.552995e+00;5.738033e+00;-2.523935e+00;-7.523160e-01;1.110407e+00;-4.193964e-01;-3.274274e+00;1.704720e+00
