frameIndex;frameTime;pcm_fftMag_mfcc[0];pcm_fftMag_mfcc[1];pcm_fftMag_mfcc[2];pcm_fftMag_mfcc[3];pcm_fftMag_mfcc[4];pcm_fftMag_mfcc[5];pcm_fftMag_mfcc[6];pcm_fftMag_mfcc[7];pcm_fftMag_mfcc[8];pcm_fftMag_mfcc[9];pcm_fftMag_mfcc[10];pcm_fftMag_mfcc[11];pcm_fftMag_mfcc[12];pcm_fftMag_mfcc[13]
0;0.000000;-1.328624e+00;-1.369911e+00;-4.234343e-01;8.863874e+00;-2.980206e+00;-5.323498e+00;4.302872e+00;3.394112e+00;3.814275e+00;-6.005417e+00;1.293661e+00;1.104791e+00;-5.511337e+00;2.038422e-01
1;0.100000;1.099558e-01;-2.657937e+00;-1.266256e+00;1.575021e+00;1.462278e-01;-3.131977e+00;-3.805161e-01;2.627572e+00;1.605821e+00;-2.301044e+00;-1.511167e+00;-4.611800e-01;-1.726914e+00;2.346497e-01
2;0.200000;1.186018e+00;-2.373827e+00;-5.036447e+00;-3.146715e+00;2.103018e+00;-5.757332e-03;-2.879519e+00;-7.493252e-02;-2.211261e+00;7.199469e-01;-1.336052e+00;-1.169699e+00;-7.573371e-01;1.359734e+00
3;0.300000;2.510312e+00;-5.384822e-01;-6.988190e+00;-3.469063e+00;3.784959e+00;2.417707e+00;-2.502305e+00;1.269026e+00;-3.914094e+00;1.822454e+00;3.732433e-01;-1.669433e+00;-1.825094e-01;7.941437e-02
4;0.400000;1.023582e+00;2.337372e+00;2.650771e+00;-5.813965e+00;9.697523e-01;7.787913e+00;1.212342e+00;-4.683553e+00;-2.800085e+00;4.945437e+00;1.190626e+00;1.044886e+00;2.934924e+00;-1.758133e+00
5;0.500000;-3.501245e+00;4.602787e+00;1.106355e+01;1.990848e+00;-4.023746e+00;-1.744383e+00;2.471256e-01;-2.532224e+00;3.505343e+00;8.186216e-01;-1.031780e-02;1.150636e+00;5.243176e+00;-1.194839e-01
