frameIndex;frameTime;pcm_fftMag_mfcc[0];pcm_fftMag_mfcc[1];pcm_fftMag_mfcc[2];pcm_fftMag_mfcc[3];pcm_fftMag_mfcc[4];pcm_fftMag_mfcc[5];pcm_fftMag_mfcc[6];pcm_fftMag_mfcc[7];pcm_fftMag_mfcc[8];pcm_fftMag_mfcc[9];pcm_fftMag_mfcc[10];pcm_fftMag_mfcc[11];pcm_fftMag_mfcc[12];pcm_fftMag_mfcc[13]
0;0.000000;-1.055229e+00;1.790464e+00;4.218734e+00;2.496080e+00;-5.341507e+00;-3.796401e+00;1.532742e+00;-5.784363e+00;-4.773787e+00;-1.732449e+00;4.227780e+00;3.577149e+00;-4.566606e+00;-1.844345e+00
1;0.100000;-3.517158e+00;5.942759e+00;4.462557e-01;3.363093e+00;-1.589239e+00;-2.607614e+00;6.766367e-01;-2.958513e+00;-2.256379e+00;-4.272184e-01;-2.245396e+00;2.850295e+00;-4.082938e-01;-6.822815e-01
2;0.200000;-3.555251e+00;2.881069e+00;-2.480110e+00;4.322448e-01;-1.422689e+00;-1.666414e+00;-2.525444e-01;2.072588e+00;1.654762e+00;-9.193039e-02;-3.303906e+00;1.673781e+00;1.789965e+00;1.572220e+00
3;0.300000;-1.730463e+00;-8.225133e-01;5.213747e-01;-1.123002e+00;-2.771494e+00;3.718734e-02;-2.095690e+00;3.304388e+00;1.669145e+00;-2.762365e-01;-1.072307e+00;4.546423e-01;2.073684e+00;1.883186e+00
4;0.400000;2.867569e+00;-4.193742e+00;1.467226e+00;-2.394317e+00;2.513193e+00;3.760860e+00;-1.644863e+00;2.342898e+00;1.986637e+00;7.286015e-01;4.134934e-01;-1.897829e+00;1.307345e+00;2.593994e-01
5;0.500000;6.990528e+00;-5.598036e+00;-4.173479e+00;-2.774100e+00;8.611746e+00;4.272384e+00;1.783718e+00;1.023003e+00;1.719625e+00;1.799237e+00;1.980336e+00;-6.658038e+00;-1.960952e-01;-1.188187e+00
