frameIndex;frameTime;pcm_fftMag_mfcc[0];pcm_fftMag_mfcc[1];pcm_fftMag_mfcc[2];pcm_fftMag_mfcc[3];pcm_fftMag_mfcc[4];pcm_fftMag_mfcc[5];pcm_fftMag_mfcc[6];pcm_fftMag_mfcc[7];pcm_fftMag_mfcc[8];pcm_fftMag_mfcc[9];pcm_fftMag_mfcc[10];pcm_fftMag_mfcc[11];pcm_fftMag_mfcc[12];pcm_fftMag_mfcc[13]
0;0.000000;6.604240e+00;-8.002720e-01;-8.701815e+00;-6.995206e+00;9.160916e+00;4.967606e+00;2.964878e-01;2.785358e-01;-2.319205e+00;3.367744e+00;-5.859779e+00;-2.884491e+00;-6.603840e+00;-8.176422e-02
1;0.100000;5.442790e+00;-4.855332e+00;4.086965e-01;-2.058974e+00;1.434721e+00;5.708099e+00;4.584719e+00;1.405095e+00;-1.386182e+00;2.108485e+00;7.187643e-01;-1.371834e+00;-1.995338e+00;9.760590e-01
2;0.200000;2.900080e+00;-5.423319e+00;6.996223e+00;-2.062491e+00;-1.182972e+00;1.246099e-01;2.447397e+00;1.689354e+00;1.828211e+00;5.346499e+00;2.626481e+00;1.232715e+00;5.412202e-01;9.831924e-01
3;0.300000;-1.463044e+00;-1.255860e+00;3.543438e+00;-6.117065e-01;-6.393591e+00;-1.259569e+00;2.530203e-01;-1.198196e-02;2.854832e+00;2.736014e+00;3.054012e+00;-7.812548e-01;2.931336e+00;9.048462e-03
4;0.400000;-5.925201e+00;4.936330e+00;-9.381659e-01;5.158789e+00;-3.692280e+00;-6.263076e+00;-2.617833e+00;-1.947899e+00;2.212377e-01;-3.244174e+00;1.474784e+00;1.297631e+00;3.416016e+00;-6.845093e-01
5;0.500000;-7.558865e+00;7.398455e+00;-1.308377e+00;6.569589e+00;6.731968e-01;-3.277675e+00;-4.963789e+00;-1.413101e+00;-1.198895e+00;-1.031457e+01;-2.014264e+00;2.507234e+00;1.710606e+00;-1.202042e+00
