frameIndex;frameTime;pcm_fftMag_mfcc[0];pcm_fftMag_mfcc[1];pcm_fftMag_mfcc[2];pcm_fftMag_mfcc[3];pcm_fftMag_mfcc[4];pcm_fftMag_mfcc[5];pcm_fftMag_mfcc[6];pcm_fftMag_mfcc[7];pcm_fftMag_mfcc[8];pcm_fftMag_mfcc[9];pcm_fftMag_mfcc[10];pcm_fftMag_mfcc[11];pcm_fftMag_mfcc[12];pcm_fftMag_mfcc[13]
0;0.000000;-4.097642e+00;2.844785e+00;-1.194907e+00;-4.742607e+00;5.364776e+00;-2.951715e+00;2.314282e+00;-9.004163e+00;4.896881e+00;-2.042014e+00;-1.172413e+00;7.563505e-01;1.165294e+00;4.908676e-01
1;0.100000;-1.398831e+00;-5.977478e-01;-5.116183e+00;-7.125673e-01;4.571422e+00;-4.143631e-02;2.872702e+00;-1.805264e+00;6.228684e+00;-4.564771e+00;-2.121428e+00;-1.511344e-01;-7.814580e-01;2.297394e+00
2;0.200000;-4.527130e-01;-3.664725e+00;-3.316993e+00;-5.366955e-01;1.194232e+00;2.813155e+00;1.764083e+00;3.548355e+00;2.398250e+00;-7.521065e-01;-3.331847e+00;7.549607e-01;-2.137994e+00;3.449043e+00
3;0.300000;4.354582e-01;-2.700732e+00;-7.928205e-01;-2.752552e-01;-3.241221e+00;2.935547e-01;-3.171139e-01;1.691541e+00;-1.952282e+00;-5.767557e-01;-3.322754e+00;7.324624e-01;-2.595689e+00;1.610085e+00
4;0.400000;2.593218e+00;1.089806e+00;3.649375e+00;2.421334e+00;-5.172488e+00;-1.189659e-01;-3.997844e+00;1.711176e+00;-4.746808e+00;2.890272e+00;1.696127e+00;9.751892e-02;5.595043e-01;-2.766853e+00
5;0.500000;2.920513e+00;3.028614e+00;6.771527e+00;3.845786e+00;-2.716720e+00;5.407095e-03;-2.636113e+00;3.858355e+00;-6.824723e+00;5.045375e+00;8.252310e+00;-2.190158e+00;3.790343e+00;-5.080551e+00
