frameIndex;frameTime;pcm_fftMag_mfcc[0];pcm_fftMag_mfcc[1];pcm_fftMag_mfcc[2];pcm_fftMag_mfcc[3];pcm_fftMag_mfcc[4];pcm_fftMag_mfcc[5];pcm_fftMag_mfcc[6];pcm_fftMag_mfcc[7];pcm_fftMag_mfcc[8];pcm_fftMag_mfcc[9];pcm_fftMag_mfcc[10];pcm_fftMag_mfcc[11];pcm_fftMag_mfcc[12];pcm_fftMag_mfcc[13]
0;0.000000;-8.717947e-01;3.417312e+00;6.555270e+00;-5.008469e+00;-3.963804e+00;-1.581669e-02;-4.910097e+00;-1.698324e+00;-3.355033e+00;3.910022e+00;-4.648619e-01;1.130798e+00;-1.018069e+00;2.478180e-01
1;0.100000;-8.524189e-01;4.159899e+00;1.495590e+00;9.684343e-01;-4.893805e+00;-1.661564e+00;1.088595e-01;-3.290607e+00;1.172527e+00;-1.054057e+00;3.376760e+00;6.457199e-01;-3.063116e+00;-1.047264e+00
2;0.200000;-1.297654e+00;3.754169e+00;-2.053012e+00;2.929425e+00;-3.049900e+00;-6.747332e-01;4.868402e+00;-2.903495e+00;1.186843e+00;-3.634026e+00;2.205934e+00;-3.122202e+00;-1.016406e+00;-6.189117e-01
3;0.300000;-1.221214e+00;1.816525e-01;-8.280700e-01;-8.372860e-01;-1.233227e+00;-1.048604e+00;5.165926e+00;-9.484377e-01;2.945518e-02;-9.923196e-01;1.443356e+00;-2.471873e+00;1.160701e+00;7.456589e-01
4;0.400000;8.196669e-01;-4.647710e+00;-6.488794e-01;-3.545990e-01;4.325275e+00;-4.667139e-01;6.690638e-01;1.107722e+00;5.698156e-01;2.544111e+00;-1.244300e+00;8.626021e-01;2.107696e+00;5.667953e-01
5;0.500000;3.423422e+00;-6.865320e+00;-4.520897e+00;2.302494e+00;8.815454e+00;3.867431e+00;-5.902155e+00;7.733139e+00;3.963900e-01;-7.737303e-01;-5.316891e+00;2.954956e+00;1.829194e+00;1.058807e-01
