frameIndex;frameTime;pcm_fftMag_mfcc[0];pcm_fftMag_mfcc[1];pcm_fftMag_mfcc[2];pcm_fftMag_mfcc[3];pcm_fftMag_mfcc[4];pcm_fftMag_mfcc[5];pcm_fftMag_mfcc[6];pcm_fftMag_mfcc[7];pcm_fftMag_mfcc[8];pcm_fftMag_mfcc[9];pcm_fftMag_mfcc[10];pcm_fftMag_mfcc[11];pcm_fftMag_mfcc[12];pcm_fftMag_mfcc[13]
0;0.000000;-1.307206e+00;5.987013e+00;3.059497e+00;1.040997e+00;-1.411377e+01;-4.654074e+00;-2.265147e+00;2.768262e+00;-2.195322e+00;4.915759e+00;5.264768e+00;-1.031726e+00;-2.820587e+00;-6.811142e-01
1;0.100000;-1.855675e+00;4.949229e+00;6.348964e+00;1.410522e+00;-6.038492e+00;-5.082338e+00;6.199293e-01;4.958016e-01;1.333273e+00;8.552254e+00;5.089080e+00;-8.093216e-01;-2.967604e+00;-1.576958e+00
2;0.200000;-2.293331e+00;-3.737319e-01;2.545800e+00;1.597930e+00;2.712023e+00;3.918362e-01;5.503538e+00;-4.636615e+00;2.558761e+00;3.134975e+00;6.729417e-01;-3.578732e-01;1.167474e-01;5.198822e-01
3;0.300000;-9.180365e-01;-3.545467e+00;-2.819873e+00;2.068424e-01;5.210678e+00;2.986126e+00;4.575545e+00;-2.984581e+00;7.345953e-01;-4.393206e+00;-3.140281e+00;9.230256e-01;6.801052e-01;2.595184e+00
4;0.400000;1.943378e+00;-4.213504e+00;-5.616848e+00;-1.527190e+00;5.568156e+00;2.048046e+00;-1.366012e+00;-3.477486e-01;-3.325806e-01;-6.996202e+00;-3.780865e+00;1.989227e+00;8.467364e-01;1.594284e+00
5;0.500000;4.430870e+00;-2.803540e+00;-3.517540e+00;-2.729105e+00;6.661395e+00;4.310396e+00;-7.067861e+00;4.704881e+00;-2.098732e+00;-5.213579e+00;-4.105644e+00;-7.133324e-01;4.144603e+00;-2.451241e+00
