frameIndex;frameTime;pcm_fftMag_mfcc[0];pcm_fftMag_mfcc[1];pcm_fftMag_mfcc[2];pcm_fftMag_mfcc[3];pcm_fftMag_mfcc[4];pcm_fftMag_mfcc[5];pcm_fftMag_mfcc[6];pcm_fftMag_mfcc[7];pcm_fftMag_mfcc[8];pcm_fftMag_mfcc[9];pcm_fftMag_mfcc[10];pcm_fftMag_mfcc[11];pcm_fftMag_mfcc[12];pcm_fftMag_mfcc[13]
0;0.000000;9.188519e-01;-2.655271e+00;-3.948489e+00;2.349829e+00;-3.930092e+00;3.565119e+00;-2.842300e+00;5.468542e+00;2.113120e+00;1.548533e+00;1.611224e+00;-1.671377e+00;2.361984e+00;1.277878e+00
1;0.100000;6.713772e-01;-9.359148e-01;3.777687e+00;2.159257e+00;-2.465540e+00;4.743969e+00;-6.204062e-01;2.587922e+00;-1.097264e+00;3.029555e+00;5.012799e+00;-8.434296e-02;4.579544e-01;-9.106522e-01
2;0.200000;4.949379e-02;4.622884e+00;4.700432e+00;-2.845554e+00;1.793859e+00;-3.958409e-01;1.513750e+00;-4.149281e+00;-7.726965e-01;3.535313e+00;1.566454e+00;1.572863e+00;-1.354806e+00;-1.702599e+00
3;0.300000;-4.350567e-01;8.718108e-01;2.325478e+00;-3.796519e+00;9.698410e-01;1.927638e-02;2.251673e-01;-2.775615e+00;-1.735037e+00;-1.667253e+00;-1.432928e+00;-2.649498e-02;-1.916732e+00;3.912125e-01
4;0.400000;-8.753166e-01;-2.583640e+00;-2.686961e+00;-2.503907e+00;-6.034145e-01;-3.000247e+00;-2.382397e+00;-2.142735e+00;-8.459864e-01;-5.532413e+00;-4.246253e+00;-2.575209e+00;-2.016757e+00;6.031036e-01
5;0.500000;-3.293495e-01;6.801317e-01;-4.168146e+00;4.636892e+00;4.235340e+00;-4.932278e+00;4.106186e+00;1.011175e+00;2.337864e+00;-9.137373e-01;-2.511298e+00;2.784565e+00;2.468353e+00;3.410339e-01
