frameIndex;frameTime;pcm_fftMag_mfcc[0];pcm_fftMag_mfcc[1];pcm_fftMag_mfcc[2];pcm_fftMag_mfcc[3];pcm_fftMag_mfcc[4];pcm_fftMag_mfcc[5];pcm_fftMag_mfcc[6];pcm_fftMag_mfcc[7];pcm_fftMag_mfcc[8];pcm_fftMag_mfcc[9];pcm_fftMag_mfcc[10];pcm_fftMag_mfcc[11];pcm_fftMag_mfcc[12];pcm_fftMag_mfcc[13]
0;0.000000;-1.303666e+00;-4.232584e+00;-8.475018e-01;3.339590e+00;2.468447e+00;-1.154499e-01;6.339682e+00;-2.940126e+00;-5.944048e+00;-7.431178e-01;2.358836e+00;8.694077e-02;9.027593e-01;1.554260e+00
1;0.100000;-1.061046e+00;-2.695605e+00;-1.259274e+00;-7.558727e-01;2.796021e-01;7.249899e-01;1.838143e+00;2.018189e+00;-1.027918e-02;-3.965627e+00;-3.424766e+00;-7.968607e-01;-1.463054e+00;1.932892e+00
2;0.200000;-1.138484e+00;-2.287466e+00;4.726686e-01;-1.022158e+00;-2.732950e+00;1.446185e+00;-1.584173e+00;6.467934e+00;2.602341e+00;-5.536644e+00;-6.599938e+00;-1.281435e+00;-1.749423e+00;1.953568e+00
3;0.300000;-3.030720e-01;-1.614838e-01;6.576653e-01;4.143505e-01;-4.065170e+00;1.735740e+00;-1.720789e+00;4.078372e+00;3.090407e+00;-7.192557e+00;-1.591347e+00;9.922276e-01;-1.298070e+00;-3.965759e-02
4;0.400000;1.915740e+00;5.230567e+00;1.485691e-01;-4.669285e-01;1.459895e+00;-1.083210e+00;-1.448145e+00;-3.251261e+00;1.358781e+00;3.766777e+00;6.077369e+00;2.967241e+00;1.233513e+00;-2.911369e+00
5;0.500000;1.890528e+00;4.146570e+00;8.278723e-01;-1.508986e+00;2.590179e+00;-2.708263e+00;-3.424713e+00;-6.373108e+00;-1.097204e+00;1.367117e+01;3.179844e+00;-1.968117e+00;2.374275e+00;-2.489677e+00
