frameIndex;frameTime;pcm_fftMag_mfcc[0];pcm_fftMag_mfcc[1];pcm_fftMag_mfcc[2];pcm_fftMag_mfcc[3];pcm_fftMag_mfcc[4];pcm_fftMag_mfcc[5];pcm_fftMag_mfcc[6];pcm_fftMag_mfcc[7];pcm_fftMag_mfcc[8];pcm_fftMag_mfcc[9];pcm_fftMag_mfcc[10];pcm_fftMag_mfcc[11];pcm_fftMag_mfcc[12];pcm_fftMag_mfcc[13]
0;0.000000;4.603939e-01;1.486970e+00;5.613289e-01;7.824042e+00;1.077129e+00;3.834222e+00;5.012101e+00;-6.103188e+00;1.639095e+00;-7.894642e+00;4.381635e+00;9.121788e+00;-4.216825e+00;-1.055672e+00
1;0.100000;1.225183e+00;-3.575775e-01;2.440248e+00;5.333788e+00;-3.693409e-01;3.104129e+00;2.444216e+00;-4.297106e+00;4.345050e-01;-7.810111e+00;4.921316e+00;7.258454e+00;-3.258416e+00;-1.401344e+00
2;0.200000;6.757736e-01;-1.833470e+00;1.990767e+00;-3.898530e+00;1.297464e+00;-3.901992e+00;-1.940834e+00;8.659763e-01;-6.161337e-01;8.593382e-01;-9.488020e-01;-4.025632e+00;8.191917e-01;-8.681030e-01
3;0.300000;4.571438e-02;-2.103319e+00;-2.512283e-01;-5.742356e+00;2.162024e+00;-3.742170e+00;-1.090672e+00;1.651742e+00;1.559939e-01;4.200841e+00;-2.270655e+00;-6.157262e+00;2.237273e+00;2.302345e+00
4;0.400000;-9.220381e-01;-2.973649e-01;-2.629775e+00;-3.991206e+00;-9.560394e-02;-8.906131e-01;-2.053040e+00;3.668267e+00;-6.159930e-01;5.612371e+00;-3.487221e+00;-4.867749e+00;1.915630e+00;2.211388e+00
5;0.500000;-1.485025e+00;3.104762e+00;-2.111339e+00;4.742641e-01;-4.071668e+00;1.596424e+00;-2.371765e+00;4.214307e+00;-9.974666e-01;5.032203e+00;-2.596271e+00;-1.329599e+00;2.503147e+00;-1.188614e+00
