frameIndex;frameTime;pcm_fftMag_mfcc[0];pcm_fftMag_mfcc[1];pcm_fftMag_mfcc[2];pcm_fftMag_mfcc[3];pcm_fftMag_mfcc[4];pcm_fftMag_mfcc[5];pcm_fftMag_mfcc[6];pcm_fftMag_mfcc[7];pcm_fftMag_mfcc[8];pcm_fftMag_mfcc[9];pcm_fftMag_mfcc[10];pcm_fftMag_mfcc[11];pcm_fftMag_mfcc[12];pcm_fftMag_mfcc[13]
0;0.000000;-2.454339e+00;-8.307795e+00;2.926629e+00;2.119328e+00;-4.253693e+00;4.216818e+00;-2.945487e+00;2.221990e+00;5.284128e-01;-5.003513e+00;-5.404063e+00;1.990480e+00;3.672002e+00;6.237511e+00
1;0.100000;-4.362781e+00;-4.705610e+00;-5.384951e-01;4.593255e+00;-3.390289e+00;4.098320e+00;-1.721106e+00;1.584635e+00;1.317126e+00;-4.962985e+00;-4.646377e+00;7.753028e-01;4.045468e+00;5.119011e+00
2;0.200000;-3.281641e+00;2.325748e+00;-1.830287e+00;5.276998e+00;-2.059556e+00;-2.223105e-01;-2.203374e+00;2.029217e+00;1.864962e+00;-1.713069e+00;-1.631346e+00;-7.574251e-01;2.058977e+00;1.134346e+00
3;0.300000;1.011546e+00;6.569890e+00;-1.234308e+00;3.025998e+00;1.110907e+00;-1.018432e+00;3.120017e-01;3.671323e+00;8.035011e-01;2.921117e+00;3.840649e+00;-1.936983e+00;-1.286258e+00;-3.677238e+00
4;0.400000;3.961088e+00;3.422364e+00;1.249639e+00;-5.904290e+00;3.082677e+00;-3.866180e+00;4.531816e+00;-3.158913e+00;-2.319953e+00;3.816087e+00;3.388928e+00;1.004159e-01;-4.597403e+00;-5.042503e+00
5;0.500000;5.126128e+00;6.954012e-01;-5.731764e-01;-9.111293e+00;5.509953e+00;-3.208219e+00;2.026147e+00;-6.348252e+00;-2.194049e+00;4.942369e+00;4.452207e+00;-1.717920e-01;-3.892784e+00;-3.771103e+00
