frameIndex;frameTime;pcm_fftMag_mfcc[0];pcm_fftMag_mfcc[1];pcm_fftMag_mfcc[2];pcm_fftMag_mfcc[3];pcm_fftMag_mfcc[4];pcm_fftMag_mfcc[5];pcm_fftMag_mfcc[6];pcm_fftMag_mfcc[7];pcm_fftMag_mfcc[8];pcm_fftMag_mfcc[9];pcm_fftMag_mfcc[10];pcm_fftMag_mfcc[11];pcm_fftMag_mfcc[12];pcm_fftMag_mfcc[13]
0;0.000000;-9.986196e-01;-2.011430e+00;1.952444e+00;1.173998e+00;-5.155811e-01;-7.634057e+00;8.162272e+00;1.152849e+01;5.108795e+00;1.221158e+00;-5.685981e+00;-5.473669e+00;4.012477e+00;3.527122e+00
1;0.100000;-4.909439e-01;-2.629176e-01;9.136772e-01;4.834986e-02;-1.583527e+00;1.783497e-01;-4.317551e-01;6.365999e+00;8.070581e-01;-1.401201e+00;-2.123137e+00;-3.649869e+00;-9.648495e-01;-8.847275e-01
2;0.200000;-1.644573e-01;9.006064e-01;-7.681999e-01;-1.278609e+00;-2.614428e+00;8.330825e+00;-2.862173e+00;-5.761426e+00;-6.002726e+00;-1.309117e+00;4.076197e+00;-8.157315e-01;-2.524994e+00;-2.556084e+00
3;0.300000;1.365196e+00;9.388161e-01;-1.799853e+00;-1.731613e+00;-1.136576e+00;3.493872e+00;-9.405270e-01;-5.003692e+00;-4.934077e+00;-8.568292e-01;3.701577e+00;1.919168e+00;-2.235770e+00;-2.728134e+00
4;0.400000;1.482215e+00;-8.952665e-02;-4.618206e-01;6.999035e-01;2.829992e+00;-1.327562e+00;-1.820688e+00;-2.396392e+00;4.975817e-01;1.307905e+00;1.369025e+00;4.659835e+00;-1.618853e-01;-2.074127e-01
5;0.500000;-1.193389e+00;5.244515e-01;1.637478e-01;1.087970e+00;3.020123e+00;-3.041426e+00;-2.107134e+00;-4.732975e+00;4.523369e+00;1.038084e+00;-1.337681e+00;3.360268e+00;1.875023e+00;2.849228e+00
