frameIndex;frameTime;pcm_fftMag_mfcc[0];pcm_fftMag_mfcc[1];pcm_fftMag_mfcc[2];pcm_fftMag_mfcc[3];pcm_fftMag_mfcc[4];pcm_fftMag_mfcc[5];pcm_fftMag_mfcc[6];pcm_fftMag_mfcc[7];pcm_fftMag_mfcc[8];pcm_fftMag_mfcc[9];pcm_fftMag_mfcc[10];pcm_fftMag_mfcc[11];pcm_fftMag_mfcc[12];pcm_fftMag_mfcc[13]
0;0.000000;3.314177e+00;1.771397e+00;4.179621e-01;9.169171e+00;4.419559e+00;4.283567e+00;3.468530e+00;-4.001778e+00;6.030509e+00;1.964810e+00;-2.356108e+00;7.910904e+00;-1.911752e-01;6.949158e-01
1;0.100000;3.718440e+00;5.478928e+00;-2.066040e-01;8.405190e+00;5.166054e+00;6.598528e+00;3.319161e+00;-1.748103e+00;6.023300e+00;3.456038e+00;-8.808968e-01;6.183688e+00;1.474679e+00;-1.290718e+00
2;0.200000;3.174992e+00;-7.868090e-01;-6.456423e-01;3.241840e+00;5.362988e+00;7.058409e+00;3.494550e+00;3.222221e+00;4.131699e-01;3.299535e+00;3.339283e+00;-7.125177e-01;-4.978154e-01;-9.084167e-01
3;0.300000;9.851847e-01;-7.135654e+00;-1.035742e+00;-4.944617e+00;-2.393318e+00;-2.069836e+00;-2.143306e+00;1.120595e+00;-3.247723e+00;-3.063998e-01;3.116333e-01;-2.458163e+00;-1.350241e+00;5.034866e-01
4;0.400000;-4.645812e+00;-3.078343e+00;-1.908355e+00;-8.619456e+00;-7.168442e+00;-8.998583e+00;-5.560296e+00;-8.636141e-01;-4.925954e+00;-4.632756e+00;-1.717267e+00;-5.726810e+00;6.703850e-01;1.013702e+00
5;0.500000;-6.546981e+00;3.750481e+00;3.378378e+00;-7.252127e+00;-5.386841e+00;-6.872085e+00;-2.578640e+00;2.270679e+00;-4.293298e+00;-3.781229e+00;1.303356e+00;-5.197103e+00;-1.058319e-01;-1.289368e-02
