frameIndex;frameTime;pcm_fftMag_mfcc[0];pcm_fftMag_mfcc[1];pcm_fftMag_mfcc[2];pcm_fftMag_mfcc[3];pcm_fftMag_mfcc[4];pcm_fftMag_mfcc[5];pcm_fftMag_mfcc[6];pcm_fftMag_mfcc[7];pcm_fftMag_mfcc[8];pcm_fftMag_mfcc[9];pcm_fftMag_mfcc[10];pcm_fftMag_mfcc[11];pcm_fftMag_mfcc[12];pcm_fftMag_mfcc[13]
0;0.000000;3.897145e+00;-3.062542e+00;1.681327e+00;-2.397262e+00;1.899992e+00;3.893905e+00;2.360678e+00;2.999301e+00;1.004072e+00;-4.896104e+00;4.942658e+00;1.645077e+00;-2.241204e+00;-3.867340e-02
1;0.100000;3.113385e+00;-5.897179e-01;-6.160126e-01;-3.234955e+00;1.836539e+00;7.281786e+00;-1.149282e+00;-2.124872e-01;-2.004293e+00;-2.742318e+00;3.365383e+00;-2.575626e+00;-5.334996e+00;-7.426529e-01
2;0.200000;-2.544142e+00;3.496583e+00;-2.116676e+00;-2.271929e-01;7.122040e-01;-2.022673e+00;-1.439985e+00;-2.316339e+00;-2.032804e+00;7.632122e-01;-3.403792e+00;-8.773966e-01;1.122709e+00;-9.295807e-01
3;0.300000;-3.621590e+00;1.264696e+00;5.068426e-01;4.070208e+00;-1.536676e+00;-6.044508e+00;3.762894e-01;-6.587315e-02;2.073479e+00;3.793557e+00;-4.395096e+00;4.727612e-01;4.202974e+00;6.267624e-01
4;0.400000;-8.448019e-01;-1.109019e+00;5.445204e-01;1.789201e+00;-2.912056e+00;-3.108511e+00;-1.477108e-01;-4.045963e-01;9.595470e-01;3.081655e+00;-5.091529e-01;1.335183e+00;2.250516e+00;1.084160e+00
