frameIndex;frameTime;pcm_fftMag_mfcc[0];pcm_fftMag_mfcc[1];pcm_fftMag_mfcc[2];pcm_fftMag_mfcc[3];pcm_fftMag_mfcc[4];pcm_fftMag_mfcc[5];pcm_fftMag_mfcc[6];pcm_fftMag_mfcc[7];pcm_fftMag_mfcc[8];pcm_fftMag_mfcc[9];pcm_fftMag_mfcc[10];pcm_fftMag_mfcc[11];pcm_fftMag_mfcc[12];pcm_fftMag_mfcc[13]
0;0.000000;1.912231e-01;-1.527154e+00;-6.957834e-01;4.915122e+00;-8.110673e+00;-4.503001e+00;8.542833e-01;-1.770523e+00;3.017359e+00;1.839416e+00;2.094485e+00;4.463603e+00;-8.863003e-01;8.579254e-01
1;0.100000;-1.777391e-01;1.977816e+00;3.269634e+00;7.847543e+00;-2.951259e+00;-2.832181e+00;4.529214e+00;2.004087e+00;3.235475e+00;1.144861e+00;3.376288e+00;5.720959e-01;-2.958097e-01;-2.964172e-01
2;0.200000;-2.391435e+00;5.270321e+00;6.580292e+00;5.012753e+00;2.654027e+00;1.461254e+00;3.106957e+00;2.418409e+00;1.317484e+00;-5.570953e-01;1.631284e+00;-3.670033e+00;1.577002e+00;-4.718323e-01
3;0.300000;-2.338849e+00;1.369515e+00;2.560715e+00;-1.456080e+00;2.632995e+00;2.067425e+00;3.245087e-01;2.976261e+00;2.707403e+00;2.426185e+00;-1.593323e+00;-3.653576e+00;2.421912e+00;9.299469e-01
4;0.400000;-5.088444e-01;-2.826644e+00;-3.331212e+00;-7.255470e+00;1.628801e+00;1.032091e+00;-2.921830e+00;-3.016672e-01;-1.936227e+00;1.651966e+00;-3.154617e+00;-1.253342e+00;9.133615e-01;5.461121e-02
5;0.500000;5.225647e+00;-4.263855e+00;-8.383644e+00;-9.063866e+00;4.146111e+00;2.774414e+00;-5.893136e+00;-5.326571e+00;-8.341495e+00;-6.505332e+00;-2.354117e+00;3.541255e+00;-3.730165e+00;-1.074249e+00
