frameIndex;frameTime;pcm_fftMag_mfcc[0];pcm_fftMag_mfcc[1];pcm_fftMag_mfcc[2];pcm_fftMag_mfcc[3];pcm_fftMag_mfcc[4];pcm_fftMag_mfcc[5];pcm_fftMag_mfcc[6];pcm_fftMag_mfcc[7];pcm_fftMag_mfcc[8];pcm_fftMag_mfcc[9];pcm_fftMag_mfcc[10];pcm_fftMag_mfcc[11];pcm_fftMag_mfcc[12];pcm_fftMag_mfcc[13]
0;0.000000;-2.407669e+00;1.415898e+01;2.549723e+00;3.477752e+00;7.127311e+00;7.359223e-01;-2.160407e+00;-8.857881e+00;8.466620e-01;6.845513e+00;1.067201e+01;-3.334342e+00;-4.605271e+00;2.937241e+00
1;0.100000;2.583225e+00;5.814440e+00;6.824803e+00;6.334126e+00;1.279022e+00;-1.412719e+00;5.653449e+00;2.165134e+00;2.470063e+00;5.251067e+00;8.730223e+00;1.582546e+00;-6.394277e-01;1.111992e+00
2;0.200000;4.220323e+00;-2.458711e+00;5.131060e+00;1.889391e+00;6.152487e-02;4.845888e+00;5.790288e+00;9.494849e+00;3.470208e+00;5.162319e+00;-3.088692e-01;5.480785e+00;2.024994e+00;1.553963e+00
3;0.300000;1.642900e+00;-7.257277e+00;-4.390669e-01;-3.603677e+00;1.504871e+00;6.285614e+00;1.436284e+00;9.738811e+00;1.251585e+00;5.212108e+00;-5.473121e+00;5.318688e+00;2.293933e+00;1.300354e+00
4;0.400000;-2.438050e+00;-9.885934e+00;-7.491784e+00;-8.625605e+00;-4.437837e+00;-3.764431e+00;-5.944421e+00;-3.864559e+00;-5.491419e+00;-8.309095e+00;-9.883710e+00;-3.894587e+00;-1.273362e+00;-1.656761e+00
5;0.500000;-3.600730e+00;-3.714972e-01;-6.574733e+00;5.280108e-01;-5.534890e+00;-6.690273e+00;-4.775194e+00;-8.676353e+00;-2.547101e+00;-1.416191e+01;-3.736535e+00;-5.153090e+00;2.199134e+00;-5.246796e+00
