frameIndex;frameTime;pcm_fftMag_mfcc[0];pcm_fftMag_mfcc[1];pcm_fftMag_mfcc[2];pcm_fftMag_mfcc[3];pcm_fftMag_mfcc[4];pcm_fftMag_mfcc[5];pcm_fftMag_mfcc[6];pcm_fftMag_mfcc[7];pcm_fftMag_mfcc[8];pcm_fftMag_mfcc[9];pcm_fftMag_mfcc[10];pcm_fftMag_mfcc[11];pcm_fftMag_mfcc[12];pcm_fftMag_mfcc[13]
0;0.000000;-2.377125e+00;2.095955e+00;-3.198557e-01;2.514295e+00;6.249239e+00;-2.910320e+00;2.506772e+00;-2.138615e+00;1.664580e+00;-9.065893e+00;-3.355262e+00;-4.862030e-01;4.618273e+00;-1.106972e+00
1;0.100000;3.660374e-01;-1.900918e+00;-2.649569e+00;4.407231e+00;5.925609e+00;-1.812687e-01;2.459521e+00;-2.794175e+00;2.435894e-01;-5.334095e+00;-2.267982e+00;2.858460e+00;9.552399e+00;-2.200615e+00
2;0.200000;-2.521515e-02;-9.975243e-01;-3.928315e+00;1.827468e+00;-5.306282e-01;2.153685e+00;-2.098200e+00;1.270854e+00;2.308814e+00;2.670523e+00;4.070634e+00;3.933692e+00;2.838874e+00;-1.223106e+00
3;0.300000;3.285141e-01;2.325788e-01;1.243146e+00;-3.158601e+00;-5.340679e+00;1.031784e+00;-1.881005e+00;2.105412e+00;-8.052464e-01;5.701293e+00;2.123442e+00;-1.538167e+00;-5.986426e+00;2.134918e+00
4;0.400000;1.707785e+00;5.699105e-01;5.654591e+00;-5.590397e+00;-6.303543e+00;-9.388351e-02;-9.870882e-01;1.556523e+00;-3.411738e+00;6.028173e+00;-5.708308e-01;-4.767783e+00;-1.102312e+01;2.395744e+00
