frameIndex;frameTime;pcm_fftMag_mfcc[0];pcm_fftMag_mfcc[1];pcm_fftMag_mfcc[2];pcm_fftMag_mfcc[3];pcm_fftMag_mfcc[4];pcm_fftMag_mfcc[5];pcm_fftMag_mfcc[6];pcm_fftMag_mfcc[7];pcm_fftMag_mfcc[8];pcm_fftMag_mfcc[9];pcm_fftMag_mfcc[10];pcm_fftMag_mfcc[11];pcm_fftMag_mfcc[12];pcm_fftMag_mfcc[13]
0;0.000000;2.358901e+00;-6.736158e+00;3.357652e+00;-4.875098e+00;2.301172e+00;-5.649237e+00;-1.156400e+00;1.318241e+00;-1.477343e+00;2.100897e+00;-2.736189e+00;-1.881446e+00;4.470775e+00;5.690689e-01
1;0.100000;2.533973e+00;-3.725857e+00;3.546627e+00;-5.673885e-01;1.284001e+00;-3.683459e+00;1.217961e+00;2.707505e+00;2.959021e+00;-8.808453e-01;-3.462659e+00;-7.103624e-01;8.108473e-01;5.540771e-01
2;0.200000;-9.024162e-01;1.970475e+00;4.018786e+00;5.177115e+00;-2.397640e+00;-7.601838e-01;3.060033e+00;5.013343e+00;1.508181e+00;-4.853843e+00;-2.754881e+00;-1.999082e+00;-1.310277e+00;4.087448e-01
3;0.300000;-2.042105e+00;4.586679e+00;-1.552478e+00;5.414495e+00;-2.304168e+00;2.130816e+00;5.729485e-01;-1.810038e-01;-6.647211e-01;-2.156914e+00;2.675762e+00;1.103374e+00;-3.099331e+00;-6.317139e-01
4;0.400000;-1.948347e+00;3.904862e+00;-9.370591e+00;-5.149121e+00;1.116635e+00;7.962063e+00;-3.694541e+00;-8.858086e+00;-2.325138e+00;5.790705e+00;6.277967e+00;3.487516e+00;-8.720140e-01;-9.001923e-01
