frameIndex;frameTime;pcm_fftMag_mfcc[0];pcm_fftMag_mfcc[1];pcm_fftMag_mfcc[2];pcm_fftMag_mfcc[3];pcm_fftMag_mfcc[4];pcm_fftMag_mfcc[5];pcm_fftMag_mfcc[6];pcm_fftMag_mfcc[7];pcm_fftMag_mfcc[8];pcm_fftMag_mfcc[9];pcm_fftMag_mfcc[10];pcm_fftMag_mfcc[11];pcm_fftMag_mfcc[12];pcm_fftMag_mfcc[13]
0;0.000000;7.793074e-01;2.688591e+00;7.572184e-01;-3.025675e+00;1.428415e+00;-3.866213e+00;-5.304565e-01;-2.717954e+00;-7.933261e-01;3.757468e+00;7.361648e+00;6.470155e+00;-7.610049e+00;-7.717667e-01
1;0.100000;2.355111e+00;-1.883721e+00;2.653233e+00;1.381178e-01;-3.232224e+00;2.232676e-01;-2.430635e+00;6.740541e+00;-1.558156e+00;1.650176e+00;3.615307e+00;1.094165e+00;1.802881e+00;3.659210e-01
2;0.200000;2.570942e+00;-6.202193e+00;-2.433281e-01;6.125984e-01;-1.035731e+00;6.434148e+00;-1.942129e+00;7.541927e+00;-2.411812e+00;1.642295e+00;-1.225464e+00;-1.673211e+00;4.406085e+00;1.098717e+00
3;0.300000;2.181911e-02;-5.073781e+00;-3.714551e+00;-6.115885e-01;7.490091e-01;3.243094e+00;1.996929e+00;3.668671e-01;-2.034925e-01;-2.920736e+00;-4.339200e+00;-3.445221e+00;8.892838e-01;1.041962e+00
4;0.400000;-2.383971e+00;2.436459e+00;-2.572405e+00;1.676350e-01;1.674975e+00;-1.160490e+00;3.501745e+00;-4.202212e+00;2.219859e+00;-3.493817e+00;-4.063372e+00;-2.154591e+00;7.350971e-01;5.931854e-02
5;0.500000;-3.343208e+00;8.034645e+00;3.119836e+00;2.718909e+00;4.155626e-01;-4.873806e+00;-5.954552e-01;-7.729170e+00;2.746928e+00;-6.353855e-01;-1.348921e+00;-2.912946e-01;-2.232975e-01;-1.794151e+00
