frameIndex;frameTime;pcm_fftMag_mfcc[0];pcm_fftMag_mfcc[1];pcm_fftMag_mfcc[2];pcm_fftMag_mfcc[3];pcm_fftMag_mfcc[4];pcm_fftMag_mfcc[5];pcm_fftMag_mfcc[6];pcm_fftMag_mfcc[7];pcm_fftMag_mfcc[8];pcm_fftMag_mfcc[9];pcm_fftMag_mfcc[10];pcm_fftMag_mfcc[11];pcm_fftMag_mfcc[12];pcm_fftMag_mfcc[13]
0;0.000000;2.163171e+00;7.176831e+00;-8.382095e+00;4.849731e+00;-1.111342e+00;1.093297e+01;2.530289e-02;6.702235e+00;2.099737e+00;1.353660e+00;-2.918825e+00;4.253823e+00;2.327453e+00;-2.699455e+00
1;0.100000;2.494075e+00;1.244817e+00;-2.068076e+00;-2.210918e+00;3.738869e+00;4.896889e+00;-2.803765e+00;7.717179e+00;2.166555e+00;4.723409e+00;3.634133e-01;9.201560e-01;-2.898822e-01;-5.064468e-01
2;0.200000;1.786459e+00;-6.419588e+00;2.729930e+00;-4.430065e+00;6.079240e+00;-3.090464e+00;-1.340302e+00;1.525362e-01;9.712639e-01;1.232016e+00;2.746763e+00;2.136849e+00;-9.660339e-01;1.570732e+00
3;0.300000;-2.244186e-01;-7.458063e+00;1.552982e+00;-2.079548e+00;2.341426e+00;-2.307869e+00;-9.507437e-01;-2.082155e+00;-1.911539e+00;-1.080990e+00;6.095047e-01;2.621160e+00;-4.327641e-01;2.010849e+00
4;0.400000;-2.435845e+00;-1.812997e+00;8.772659e-01;2.019770e+00;-3.553311e+00;-2.645000e+00;2.297651e+00;-5.840574e+00;-2.128656e+00;-4.772308e+00;-4.802537e-01;-2.154076e+00;-1.072260e+00;8.755341e-01
5;0.500000;-3.783439e+00;7.268998e+00;5.289992e+00;1.851027e+00;-7.494881e+00;-7.786524e+00;2.771859e+00;-6.649223e+00;-1.197365e+00;-1.455788e+00;-3.206005e-01;-7.777911e+00;4.334874e-01;-1.251221e+00
