frameIndex;frameTime;pcm_fftMag_mfcc[0];pcm_fftMag_mfcc[1];pcm_fftMag_mfcc[2];pcm_fftMag_mfcc[3];pcm_fftMag_mfcc[4];pcm_fftMag_mfcc[5];pcm_fftMag_mfcc[6];pcm_fftMag_mfcc[7];pcm_fftMag_mfcc[8];pcm_fftMag_mfcc[9];pcm_fftMag_mfcc[10];pcm_fftMag_mfcc[11];pcm_fftMag_mfcc[12];pcm_fftMag_mfcc[13]
0;0.000000;-3.456438e+00;-4.434613e+00;3.314074e+00;5.203188e+00;-1.710083e+00;-9.388834e+00;7.790190e+00;6.670493e+00;-2.251779e+00;-1.250032e+00;-5.833295e+00;5.878213e+00;1.615037e+00;3.004532e+00
1;0.100000;-6.520579e-01;8.058329e-01;-2.834330e-01;5.388971e+00;-1.292997e+00;-6.713165e+00;6.086782e+00;1.065813e+00;-7.562603e+00;-4.806226e+00;-8.759733e+00;5.889788e+00;2.823872e+00;4.268112e-01
2;0.200000;1.813480e+00;4.081947e+00;-1.162621e+00;-1.293716e-01;-5.184326e-01;3.971357e-01;-1.381229e+00;-3.547174e+00;-6.348413e+00;-2.219069e+00;-4.291194e+00;-2.269127e+00;-2.682638e+00;-2.273178e+00
3;0.300000;2.006809e+00;4.753990e-01;-2.242193e-01;-4.651418e+00;1.428177e+00;6.628717e+00;-7.180874e+00;-3.624027e+00;6.152162e+00;2.481950e+00;7.211143e+00;-6.128866e+00;-1.179220e+00;-8.383713e-01
4;0.400000;2.882078e-01;-9.285660e-01;-1.643802e+00;-5.811366e+00;2.093334e+00;9.076146e+00;-5.314859e+00;-5.651035e-01;1.001063e+01;5.793376e+00;1.167308e+01;-3.370008e+00;-5.770515e-01;-3.198242e-01
