frameIndex;frameTime;pcm_fftMag_mfcc[0];pcm_fftMag_mfcc[1];pcm_fftMag_mfcc[2];pcm_fftMag_mfcc[3];pcm_fftMag_mfcc[4];pcm_fftMag_mfcc[5];pcm_fftMag_mfcc[6];pcm_fftMag_mfcc[7];pcm_fftMag_mfcc[8];pcm_fftMag_mfcc[9];pcm_fftMag_mfcc[10];pcm_fftMag_mfcc[11];pcm_fftMag_mfcc[12];pcm_fftMag_mfcc[13]
0;0.000000;-3.419368e+00;1.357341e+01;-2.098958e+00;-4.890051e+00;1.026537e+00;8.733933e+00;-1.184493e+00;-5.461835e+00;-5.976421e+00;2.630386e+00;3.591603e+00;6.517500e+00;-3.349772e+00;3.842468e-01
1;0.100000;-1.435038e+00;3.302807e+00;2.580601e+00;1.542326e+00;-3.650675e+00;9.599600e-01;-9.535131e-01;2.463385e+00;-4.453660e+00;-1.618315e+00;4.763331e+00;5.120334e+00;-1.485797e+00;2.465057e-01
2;0.200000;1.898140e+00;-4.876292e+00;6.174179e+00;1.554985e-01;-1.086746e+00;-5.018105e+00;-1.504209e+00;7.346164e+00;-4.950352e-01;7.455668e-01;1.618988e+00;4.416344e-01;-1.050419e+00;3.421021e-01
3;0.300000;1.656386e+00;-7.372159e+00;8.658743e-01;-1.622789e+00;3.077260e+00;-3.904196e+00;1.504908e+00;3.501938e+00;2.495283e+00;4.771731e-01;-7.136698e-01;-3.094249e+00;2.980494e-01;6.367493e-01
4;0.400000;9.056921e-01;-6.171645e+00;-4.042408e+00;-7.035427e-01;2.625236e+00;-2.015804e+00;2.748955e+00;-2.825741e+00;3.352430e+00;-6.446345e-01;-5.532769e+00;-4.773869e+00;1.806694e+00;-5.037689e-01
5;0.500000;3.941946e-01;1.543873e+00;-3.479290e+00;5.518557e+00;-1.991611e+00;1.244208e+00;-6.116447e-01;-5.023911e+00;5.077403e+00;-1.590176e+00;-3.727485e+00;-4.211349e+00;3.781245e+00;-1.105888e+00
