frameIndex;frameTime;pcm_fftMag_mfcc[0];pcm_fftMag_mfcc[1];pcm_fftMag_mfcc[2];pcm_fftMag_mfcc[3];pcm_fftMag_mfcc[4];pcm_fftMag_mfcc[5];pcm_fftMag_mfcc[6];pcm_fftMag_mfcc[7];pcm_fftMag_mfcc[8];pcm_fftMag_mfcc[9];pcm_fftMag_mfcc[10];pcm_fftMag_mfcc[11];pcm_fftMag_mfcc[12];pcm_fftMag_mfcc[13]
0;0.000000;-2.481104e+00;4.302378e+00;2.096436e+00;4.546485e-01;-3.461588e+00;2.008644e+00;-7.935429e-02;2.773669e+00;2.860870e+00;2.452379e+00;3.514157e+00;6.828382e-01;2.926258e+00;-3.040573e+00
1;0.100000;7.743940e-01;1.549158e+00;-4.532267e+00;2.778125e-02;2.916117e+00;2.319526e+00;-4.480014e+00;9.202385e-02;4.574788e+00;-2.492599e-01;-2.147882e+00;1.357816e+00;4.562571e+00;-2.445068e+00
2;0.200000;3.049424e+00;2.131823e-01;-6.776100e+00;-1.945230e+00;9.076104e+00;1.108963e+00;-4.303075e+00;2.257343e+00;-6.860409e-01;-5.088471e+00;-2.262981e+00;-3.365927e+00;-7.725902e-01;-1.513451e+00
3;0.300000;8.665190e-01;-1.737093e+00;-5.066013e-01;-6.745672e-02;2.403177e+00;-4.214644e-01;2.644027e+00;-2.772378e+00;-5.206908e+00;-2.090962e+00;-3.999710e-01;-1.024175e+00;-2.094347e+00;1.353447e+00
4;0.400000;-1.080640e+00;-2.072330e+00;4.290061e+00;9.581546e-01;-4.045073e+00;-2.326279e+00;3.328209e+00;-2.588034e+00;-2.416905e+00;1.974627e+00;1.012395e+00;1.908832e+00;-2.018237e+00;3.109367e+00
5;0.500000;-1.128589e+00;-2.255296e+00;5.428472e+00;5.721020e-01;-6.888741e+00;-2.689390e+00;2.890208e+00;2.373829e-01;8.741984e-01;3.001688e+00;2.842808e-01;4.406152e-01;-2.603651e+00;2.536301e+00
