frameIndex;frameTime;pcm_fftMag_mfcc[0];pcm_fftMag_mfcc[1];pcm_fftMag_mfcc[2];pcm_fftMag_mfcc[3];pcm_fftMag_mfcc[4];pcm_fftMag_mfcc[5];pcm_fftMag_mfcc[6];pcm_fftMag_mfcc[7];pcm_fftMag_mfcc[8];pcm_fftMag_mfcc[9];pcm_fftMag_mfcc[10];pcm_fftMag_mfcc[11];pcm_fftMag_mfcc[12];pcm_fftMag_mfcc[13]
0;0.000000;-1.416015e+00;-3.612337e-01;4.285434e+00;-5.086179e-01;3.718758e-02;-4.767286e+00;-1.630596e+00;9.662819e-02;-2.595862e+00;1.975897e+00;-9.220457e-01;6.728992e-01;-3.041647e+00;2.345352e-01
1;0.100000;8.506746e-01;-2.116415e+00;4.956049e+00;7.449584e-01;-2.315979e-01;-1.235203e+00;-1.377243e+00;6.503005e-01;-3.530318e+00;-7.519722e-01;1.650320e+00;1.677490e+00;-3.976610e+00;-2.750702e-01
2;0.200000;5.143663e+00;-3.675826e+00;2.062800e-01;-1.567157e+00;-1.737305e+00;8.758832e+00;-3.408382e+00;-1.055007e-01;-3.128675e+00;-1.618882e+00;3.124795e+00;-1.112211e-01;-3.706256e+00;-1.515602e+00
3;0.300000;3.050971e+00;-1.652606e+00;-3.287880e+00;-2.209054e+00;9.581165e-01;7.012673e+00;3.327723e-01;-2.226284e+00;1.854602e+00;-1.193529e+00;1.156560e+00;-2.525084e+00;7.957702e-01;-4.020844e-01
4;0.400000;-2.312920e+00;1.861966e+00;-3.715515e+00;1.636998e+00;2.309505e+00;-1.788727e+00;3.209435e+00;-9.033756e-01;2.739245e+00;3.021517e-01;-5.070834e-01;-1.035519e-01;4.221761e+00;1.266960e+00
5;0.500000;-5.316374e+00;5.944113e+00;-2.444370e+00;1.902874e+00;-1.335907e+00;-7.980287e+00;2.874016e+00;2.488234e+00;4.661016e+00;1.286335e+00;-4.502550e+00;3.894688e-01;5.706980e+00;6.912766e-01
