frameIndex;frameTime;pcm_fftMag_mfcc[0];pcm_fftMag_mfcc[1];pcm_fftMag_mfcc[2];pcm_fftMag_mfcc[3];pcm_fftMag_mfcc[4];pcm_fftMag_mfcc[5];pcm_fftMag_mfcc[6];pcm_fftMag_mfcc[7];pcm_fftMag_mfcc[8];pcm_fftMag_mfcc[9];pcm_fftMag_mfcc[10];pcm_fftMag_mfcc[11];pcm_fftMag_mfcc[12];pcm_fftMag_mfcc[13]
0;0.000000;3.321203e+00;-3.196245e+00;-5.317594e+00;-8.302612e-01;9.397717e+00;4.662441e+00;3.363819e+00;1.335636e+00;1.836471e+00;1.323954e+00;-5.607547e+00;-5.787280e+00;-6.824908e-01;3.410492e-01
1;0.100000;-5.241423e-01;2.450517e+00;-7.469316e-01;3.637521e+00;4.242800e+00;2.352032e+00;3.683367e-01;-1.679574e+00;-5.544062e-01;-5.945106e-01;-2.304405e+00;-3.213116e+00;9.901047e-01;-4.742355e-01
2;0.200000;-1.050776e+00;2.745129e+00;3.238321e+00;1.982946e+00;-2.665617e+00;-3.998070e-01;6.662064e-01;-5.327202e-01;-2.314234e+00;-1.516447e+00;2.531034e+00;3.213042e+00;4.842610e-01;-3.018265e-01
3;0.300000;8.836040e-01;-2.119677e+00;3.809503e+00;-1.771024e+00;-3.081078e+00;-1.571607e+00;-2.217373e+00;1.223705e+00;-1.823505e+00;1.887546e-01;2.985201e+00;3.766750e+00;8.561716e-01;-6.052399e-01
4;0.400000;-2.130308e-01;-1.530564e+00;2.193503e+00;-2.327006e+00;-4.225252e+00;-3.740337e+00;-3.598930e+00;-7.643036e-01;-3.312626e-01;1.438055e-01;2.749235e+00;2.491341e+00;-3.341460e-01;-2.103806e-01
5;0.500000;-2.416859e+00;1.650840e+00;-3.176802e+00;-6.921763e-01;-3.668573e+00;-1.302725e+00;1.417942e+00;4.172566e-01;3.186938e+00;4.544411e-01;-3.535187e-01;-4.707389e-01;-1.313900e+00;1.250603e+00
