frameIndex;frameTime;pcm_fftMag_mfcc[0];pcm_fftMag_mfcc[1];pcm_fftMag_mfcc[2];pcm_fftMag_mfcc[3];pcm_fftMag_mfcc[4];pcm_fftMag_mfcc[5];pcm_fftMag_mfcc[6];pcm_fftMag_mfcc[7];pcm_fftMag_mfcc[8];pcm_fftMag_mfcc[9];pcm_fftMag_mfcc[10];pcm_fftMag_mfcc[11];pcm_fftMag_mfcc[12];pcm_fftMag_mfcc[13]
0;0.000000;3.972341e+00;6.562107e-01;1.238337e+01;6.415195e-01;1.074373e+00;-7.209504e-01;-2.476545e+00;5.500580e+00;-9.170380e-01;4.886858e+00;-1.762815e-01;3.434501e+00;-2.923489e-03;-6.511833e+00
1;0.100000;1.327782e+00;3.963032e+00;7.770704e+00;-6.755815e+00;-5.205822e-01;4.595130e+00;-4.630855e+00;-3.328103e+00;2.253056e-02;4.196714e+00;-2.025779e+00;-1.009317e+00;1.099731e+00;-1.627640e+00
2;0.200000;-1.651248e+00;5.865740e+00;2.106577e-01;-3.617684e+00;-1.285860e+00;3.005430e+00;-4.403273e+00;-7.511156e+00;2.154657e+00;-1.020571e+00;-1.476994e-01;-1.061810e+00;7.004710e-01;8.005524e-01
3;0.300000;-2.684813e+00;4.567986e+00;-7.084797e+00;3.883852e+00;-5.461922e-01;-2.630010e+00;-2.504163e-01;-4.730057e+00;2.241749e+00;-5.570893e+00;1.773633e+00;1.351908e+00;-2.512367e-01;3.842316e-01
4;0.400000;-1.150760e+00;-2.879753e+00;-9.465949e+00;5.992942e+00;-6.152706e-01;-3.519902e+00;6.490613e+00;2.225624e+00;7.021847e-01;-4.218472e+00;2.131898e+00;-1.785312e+00;-8.193593e-01;1.958496e+00
5;0.500000;1.866980e-01;-1.217322e+01;-3.813990e+00;-1.448135e-01;1.893532e+00;-7.296979e-01;5.270476e+00;7.843113e+00;-4.204082e+00;1.726363e+00;-1.555768e+00;-9.299681e-01;-7.266841e-01;4.996201e+00
