frameIndex;frameTime;pcm_fftMag_mfcc[0];pcm_fftMag_mfcc[1];pcm_fftMag_mfcc[2];pcm_fftMag_mfcc[3];pcm_fftMag_mfcc[4];pcm_fftMag_mfcc[5];pcm_fftMag_mfcc[6];pcm_fftMag_mfcc[7];pcm_fftMag_mfcc[8];pcm_fftMag_mfcc[9];pcm_fftMag_mfcc[10];pcm_fftMag_mfcc[11];pcm_fftMag_mfcc[12];pcm_fftMag_mfcc[13]
0;0.000000;-2.672837e+00;3.099113e+00;-1.314194e+00;1.026081e+00;2.073783e+00;5.629407e+00;6.026184e+00;-3.646294e+00;-3.726357e+00;-3.472050e+00;-1.264012e-01;-1.377105e+00;2.780038e+00;1.495583e+00
1;0.100000;-5.194810e+00;6.461730e+00;2.426713e+00;1.464430e+00;-1.638099e+00;-1.156855e+00;-1.601768e-02;4.083249e-02;7.325840e-02;-1.113837e+00;4.684531e+00;1.599390e+00;3.282725e+00;7.126083e-01
2;0.200000;-2.179889e+00;5.519625e+00;1.654159e+00;3.605728e-01;-3.315428e+00;-3.550060e+00;-4.321802e+00;-7.873775e-02;1.937849e+00;1.211944e-01;4.001910e+00;7.810833e-01;1.510043e+00;2.933121e-01
3;0.300000;1.525518e+00;-1.898900e+00;1.297271e+00;-3.829514e+00;-1.811893e+00;-1.187632e+00;-2.792676e+00;6.764666e-01;5.541735e-01;2.525624e+00;-6.103439e-01;6.943355e-01;-1.467776e+00;-9.130859e-02
4;0.400000;3.280746e+00;-7.120234e+00;-6.496131e-01;-2.316057e+00;1.282991e+00;-8.605957e-03;2.482483e-01;3.136049e+00;5.024204e-01;3.455214e+00;-4.765378e+00;-3.442018e-01;-5.827571e+00;-5.261612e-01
5;0.500000;5.241285e+00;-6.061334e+00;-3.414337e+00;3.294493e+00;3.408646e+00;2.737484e-01;8.560643e-01;-1.283166e-01;6.586609e-01;-1.516145e+00;-3.184319e+00;-1.353503e+00;-2.774611e-01;-1.883987e+00
