frameIndex;frameTime;pcm_fftMag_mfcc[0];pcm_fftMag_mfcc[1];pcm_fftMag_mfcc[2];pcm_fftMag_mfcc[3];pcm_fftMag_mfcc[4];pcm_fftMag_mfcc[5];pcm_fftMag_mfcc[6];pcm_fftMag_mfcc[7];pcm_fftMag_mfcc[8];pcm_fftMag_mfcc[9];pcm_fftMag_mfcc[10];pcm_fftMag_mfcc[11];pcm_fftMag_mfcc[12];pcm_fftMag_mfcc[13]
0;0.000000;6.662855e-01;2.302446e+00;-7.725625e+00;7.841703e+00;1.444305e+00;7.774674e+00;1.099335e+00;3.241858e+00;9.787884e-01;6.235471e-01;-7.161045e-02;7.108440e-01;4.250563e+00;3.062492e+00
1;0.100000;1.316197e+00;-4.614576e+00;-5.410096e+00;-2.994872e+00;3.920559e+00;-1.471593e+00;4.716050e+00;8.164263e-01;3.169489e+00;2.385489e+00;-7.681412e+00;2.345932e+00;1.389779e+00;-7.063675e-01
2;0.200000;1.638282e+00;-7.219231e+00;-3.165458e+00;-9.326473e+00;1.808650e+00;-6.138628e+00;9.526376e-01;-6.414723e-01;1.913861e-01;-8.718505e-01;-8.237691e+00;4.944773e-01;-2.688824e+00;-1.631393e+00
3;0.300000;1.197166e+00;-5.836522e+00;-7.650681e-01;-6.407753e+00;-4.169159e+00;-1.902278e+00;-6.763633e+00;1.387239e-01;-4.638658e+00;-1.537603e+00;-7.553825e-01;-4.398519e+00;-1.810406e+00;-1.280350e+00
4;0.400000;-1.329344e+00;2.796012e+00;4.200217e+00;3.400333e+00;-1.934951e+00;9.012790e-01;-1.367794e+00;-2.016122e+00;-4.791270e-01;-3.088417e-01;6.687704e+00;-3.053182e+00;-3.746327e-01;-2.704468e-01
5;0.500000;-3.488590e+00;1.257187e+01;1.286603e+01;7.487064e+00;-1.069406e+00;8.365464e-01;1.363405e+00;-1.539413e+00;7.781206e-01;-2.907391e-01;1.005840e+01;3.900450e+00;-7.664787e-01;8.260727e-01
