frameIndex;frameTime;pcm_fftMag_mfcc[0];pcm_fftMag_mfcc[1];pcm_fftMag_mfcc[2];pcm_fftMag_mfcc[3];pcm_fftMag_mfcc[4];pcm_fftMag_mfcc[5];pcm_fftMag_mfcc[6];pcm_fftMag_mfcc[7];pcm_fftMag_mfcc[8];pcm_fftMag_mfcc[9];pcm_fftMag_mfcc[10];pcm_fftMag_mfcc[11];pcm_fftMag_mfcc[12];pcm_fftMag_mfcc[13]
0;0.000000;-2.638993e-01;-3.692023e+00;-4.147816e-02;-1.179705e-01;1.161942e+00;-4.985369e+00;-8.380208e-01;5.788158e+00;-4.400799e+00;-3.930225e-01;-2.527659e+00;2.238867e+00;4.481946e-01;3.136215e-01
1;0.100000;3.065580e+00;9.281999e-01;-3.078409e+00;-5.334783e-01;6.686806e+00;-9.523458e-01;-1.757058e+00;1.646855e+00;4.471509e-01;1.258063e-02;-4.676657e-01;2.066975e+00;1.634961e+00;-1.661194e+00
2;0.200000;2.562857e-02;3.057365e+00;-1.248797e+00;1.496109e+00;1.027843e+00;1.912355e+00;-4.523783e-01;-4.114128e+00;3.112594e+00;2.413098e+00;2.067326e+00;-2.001512e+00;-1.824875e-01;-5.147858e-01
3;0.300000;-2.827310e+00;-2.935417e-01;4.368685e+00;-8.446598e-01;-8.876589e+00;4.025359e+00;3.047460e+00;-3.320884e+00;8.410540e-01;-2.032657e+00;9.279987e-01;-2.304330e+00;-1.900669e+00;1.862350e+00
