frameIndex;frameTime;pcm_fftMag_mfcc[0];pcm_fftMag_mfcc[1];pcm_fftMag_mfcc[2];pcm_fftMag_mfcc[3];pcm_fftMag_mfcc[4];pcm_fftMag_mfcc[5];pcm_fftMag_mfcc[6];pcm_fftMag_mfcc[7];pcm_fftMag_mfcc[8];pcm_fftMag_mfcc[9];pcm_fftMag_mfcc[10];pcm_fftMag_mfcc[11];pcm_fftMag_mfcc[12];pcm_fftMag_mfcc[13]
0;0.000000;-2.781817e+00;1.126374e+01;3.897816e+00;-1.034325e+00;-2.750311e-01;4.948519e+00;3.704729e-01;-6.270454e+00;6.302405e+00;-5.584119e+00;6.618512e+00;-2.785059e+00;2.319320e+00;-1.478127e+00
1;0.100000;-1.138285e+00;8.812221e+00;2.435199e+00;-6.333714e-01;1.203229e+00;4.039995e+00;3.235219e+00;-3.423552e+00;2.784874e+00;-5.071346e+00;2.683125e+00;-4.552652e+00;-1.813912e+00;-1.218773e+00
2;0.200000;2.464142e+00;1.449752e+00;7.431555e-02;1.760418e+00;2.434396e+00;1.005213e+00;-3.884315e-03;-4.118309e-01;1.318499e+00;-1.408878e+00;-2.681741e+00;8.672953e-02;-7.223577e-01;-1.201164e+00
3;0.300000;4.397291e+00;-6.694283e+00;-3.117794e+00;1.347235e+00;3.795013e-01;-2.691362e+00;-3.431612e+00;1.772193e+00;-2.130707e+00;3.881434e+00;-4.743874e+00;4.924400e+00;4.920244e-01;-8.297272e-01
4;0.400000;8.413792e-01;-8.896706e+00;-2.270144e+00;-7.382278e-01;-1.409271e+00;-4.423864e+00;-1.037689e+00;3.235399e+00;-3.594610e+00;5.133240e+00;-2.503218e+00;3.434383e+00;6.492548e-01;1.926811e+00
5;0.500000;-3.782706e+00;-5.934727e+00;-1.019390e+00;-7.017212e-01;-2.332823e+00;-2.878498e+00;8.674922e-01;5.098242e+00;-4.680462e+00;3.049669e+00;6.271944e-01;-1.107802e+00;-9.243269e-01;2.800980e+00
