frameIndex;frameTime;pcm_fftMag_mfcc[0];pcm_fftMag_mfcc[1];pcm_fftMag_mfcc[2];pcm_fftMag_mfcc[3];pcm_fftMag_mfcc[4];pcm_fftMag_mfcc[5];pcm_fftMag_mfcc[6];pcm_fftMag_mfcc[7];pcm_fftMag_mfcc[8];pcm_fftMag_mfcc[9];pcm_fftMag_mfcc[10];pcm_fftMag_mfcc[11];pcm_fftMag_mfcc[12];pcm_fftMag_mfcc[13]
0;0.000000;-7.401085e-02;-7.640734e-01;-2.780939e+00;6.113682e-01;2.902508e+00;-3.378239e-01;-6.823769e-01;-1.093292e-02;2.539981e+00;1.586034e+00;-2.281368e+00;-1.657891e-02;1.728132e+00;1.908043e+00
1;0.100000;-2.451487e-01;-4.603574e+00;-1.457755e+00;-1.030135e+00;2.907272e+00;-9.423890e-01;9.158330e-01;-3.158901e+00;6.314526e-01;6.303082e-01;-1.606369e-02;8.556855e-01;3.489613e+00;2.245827e+00
2;0.200000;-8.417416e-02;-3.386217e+00;4.966412e-01;-4.884090e-01;1.698729e+00;-4.050937e-01;3.663144e-01;-2.599378e+00;1.823673e-01;1.329012e-01;2.474568e+00;3.566707e+00;5.368543e+00;4.954224e-01
3;0.300000;7.757053e-01;2.364165e+00;7.555580e-02;7.025528e-01;-2.353365e+00;-1.749443e+00;-3.740835e+00;9.902935e-01;4.216099e-01;-1.305004e+00;1.147576e+00;7.911780e-01;-3.586321e-01;-1.175385e+00
4;0.400000;-1.619005e-01;4.261962e+00;1.125400e+00;9.557314e-01;-3.224470e+00;9.660578e-02;-1.635991e+00;2.690374e+00;-9.373646e-01;-3.218741e-01;2.923908e-01;-2.452242e+00;-4.318244e+00;-1.579330e+00
5;0.500000;-2.104692e-01;2.127736e+00;2.541096e+00;-7.511129e-01;-1.930679e+00;3.338143e+00;4.777053e+00;2.088547e+00;-2.838045e+00;-7.223649e-01;-1.617102e+00;-2.744750e+00;-5.909411e+00;-1.894554e+00
