frameIndex;frameTime;pcm_fftMag_mfcc[0];pcm_fftMag_mfcc[1];pcm_fftMag_mfcc[2];pcm_fftMag_mfcc[3];pcm_fftMag_mfcc[4];pcm_fftMag_mfcc[5];pcm_fftMag_mfcc[6];pcm_fftMag_mfcc[7];pcm_fftMag_mfcc[8];pcm_fftMag_mfcc[9];pcm_fftMag_mfcc[10];pcm_fftMag_mfcc[11];pcm_fftMag_mfcc[12];pcm_fftMag_mfcc[13]
0;0.000000;-9.793711e-02;-7.197202e+00;-8.365555e+00;-7.247815e+00;5.767222e+00;1.316410e+01;-2.039133e+00;-5.830386e+00;-9.969468e-01;-9.286480e-01;-2.234335e-01;-1.008471e+00;4.447264e+00;8.641663e-01
1;0.100000;4.579802e-01;1.704494e+00;-5.646464e+00;-3.731755e+00;5.109262e+00;5.159297e+00;-6.510012e+00;-4.602590e+00;-8.765645e-01;3.056618e+00;-1.047911e+00;1.935177e+00;5.325612e+00;-1.033707e+00
2;0.200000;-8.935142e-01;5.340590e+00;-6.084938e-01;2.483106e+00;1.241981e+00;-5.080611e+00;-1.798903e+00;5.489373e-02;2.305250e-01;1.943238e+00;1.060375e+00;9.255180e-01;3.157242e+00;-2.094757e+00
3;0.300000;-5.684733e-01;1.419091e+00;7.636304e-01;3.390183e+00;-1.666730e+00;-7.284642e+00;7.514930e+00;1.939069e+00;2.153659e+00;-9.410715e-02;-7.265701e-01;-1.335707e-01;-3.494064e+00;8.090973e-02
4;0.400000;1.012555e+00;-9.679155e-01;3.745680e+00;3.333217e+00;-2.608008e+00;-5.553409e+00;6.529602e+00;2.793286e+00;2.355870e+00;-5.063481e-01;-1.343860e+00;5.925884e-01;-5.439105e+00;1.419327e+00
5;0.500000;8.939171e-02;-2.990532e-01;1.011120e+01;1.773064e+00;-7.843726e+00;-4.047337e-01;-3.696474e+00;5.645729e+00;-2.866543e+00;-3.470755e+00;2.281404e+00;-2.311245e+00;-3.996950e+00;7.640076e-01
