frameIndex;frameTime;pcm_fftMag_mfcc[0];pcm_fftMag_mfcc[1];pcm_fftMag_mfcc[2];pcm_fftMag_mfcc[3];pcm_fftMag_mfcc[4];pcm_fftMag_mfcc[5];pcm_fftMag_mfcc[6];pcm_fftMag_mfcc[7];pcm_fftMag_mfcc[8];pcm_fftMag_mfcc[9];pcm_fftMag_mfcc[10];pcm_fftMag_mfcc[11];pcm_fftMag_mfcc[12];pcm_fftMag_mfcc[13]
0;0.000000;6.937809e-01;-6.565974e-01;1.126351e+00;-2.939961e+00;1.509686e+00;2.073581e+00;6.764765e+00;1.960066e+00;2.044749e+00;3.329641e+00;-4.498577e-02;-1.250190e+00;4.839163e-01;2.103523e+00
1;0.100000;7.117319e-02;-1.261221e+00;1.168284e+00;-3.852445e+00;-1.150611e+00;2.635955e+00;1.286428e+00;1.910488e+00;1.653492e+00;2.494654e+00;2.988653e-01;-2.441649e+00;7.506399e-01;6.445007e-01
2;0.200000;9.277122e-01;1.887407e+00;9.215088e-01;-1.602245e+00;-2.223193e+00;2.585390e+00;-2.688080e+00;-3.420401e-02;-3.675241e-01;-1.423766e+00;-1.166392e+00;-4.950390e-01;1.017046e+00;-3.096756e+00
3;0.300000;2.846360e-01;1.775092e+00;-1.508652e+00;3.451918e+00;6.606197e-01;-6.370760e-01;-2.099876e+00;-5.087124e+00;-8.041887e-01;-2.051801e+00;2.193264e+00;3.750248e+00;-1.251572e+00;-1.306961e+00
4;0.400000;-6.552587e-01;2.606094e-02;-1.505237e+00;2.400155e+00;1.103072e+00;-1.433286e+00;-3.159658e+00;-2.015584e+00;-1.529236e-01;-5.528157e-01;3.164967e+00;1.493335e+00;-7.917998e-01;5.829697e-01
5;0.500000;-1.322045e+00;-1.770742e+00;-2.022514e-01;2.542580e+00;1.004362e-01;-5.224564e+00;-1.035805e-01;3.266358e+00;-2.373603e+00;-1.795913e+00;-4.445720e+00;-1.056708e+00;-2.082312e-01;1.072678e+00
