frameIndex;frameTime;pcm_fftMag_mfcc[0];pcm_fftMag_mfcc[1];pcm_fftMag_mfcc[2];pcm_fftMag_mfcc[3];pcm_fftMag_mfcc[4];pcm_fftMag_mfcc[5];pcm_fftMag_mfcc[6];pcm_fftMag_mfcc[7];pcm_fftMag_mfcc[8];pcm_fftMag_mfcc[9];pcm_fftMag_mfcc[10];pcm_fftMag_mfcc[11];pcm_fftMag_mfcc[12];pcm_fftMag_mfcc[13]
0;0.000000;5.344775e+00;-2.825194e+00;-2.213387e+00;-1.134644e+01;6.226598e+00;8.822849e+00;-8.101587e-01;-2.574716e+00;-1.871394e+00;6.312901e+00;-2.748232e+00;-3.641216e+00;-2.356778e+00;-1.722458e+00
1;0.100000;2.392130e+00;4.038663e+00;-7.506897e+00;-7.948554e+00;3.357132e+00;6.983388e+00;4.381650e+00;-5.836936e+00;4.810114e-01;2.420168e+00;-3.675897e+00;-3.169351e+00;-2.358273e-01;-4.492111e-01
2;0.200000;-1.844195e+00;6.723025e+00;-8.471528e+00;-7.618809e-01;1.283970e-01;1.504092e+00;8.975565e+00;-1.758623e+00;-1.046429e+00;-4.013694e+00;-2.836327e+00;1.355835e+00;-1.119334e+00;-5.032272e-01
3;0.300000;-5.470885e+00;1.944089e+00;2.477290e+00;7.410975e+00;-6.684135e+00;-6.064515e+00;2.603045e+00;2.678167e+00;3.180017e-01;-8.099214e+00;-5.188007e-01;2.361297e+00;1.655308e+00;5.932922e-01
4;0.400000;-2.796273e+00;-3.129050e+00;6.258144e+00;7.947622e+00;-4.792728e+00;-6.964255e+00;-6.733183e+00;2.315475e+00;1.903384e+00;-1.489554e+00;4.414677e+00;9.921408e-01;7.975931e-01;1.875122e+00
5;0.500000;2.374443e+00;-6.751535e+00;9.456383e+00;4.698283e+00;1.764730e+00;-4.281564e+00;-8.416918e+00;5.176636e+00;2.154255e-01;4.869392e+00;5.364576e+00;2.101292e+00;1.259037e+00;2.064514e-01
