frameIndex;frameTime;pcm_fftMag_mfcc[0];pcm_fftMag_mfcc[1];pcm_fftMag_mfcc[2];pcm_fftMag_mfcc[3];pcm_fftMag_mfcc[4];pcm_fftMag_mfcc[5];pcm_fftMag_mfcc[6];pcm_fftMag_mfcc[7];pcm_fftMag_mfcc[8];pcm_fftMag_mfcc[9];pcm_fftMag_mfcc[10];pcm_fftMag_mfcc[11];pcm_fftMag_mfcc[12];pcm_fftMag_mfcc[13]
0;0.000000;4.431131e+00;-1.212048e+00;2.201742e+00;-9.337344e-01;3.079269e+00;5.422734e+00;-4.927085e+00;2.184167e+00;-1.725965e+00;-5.448775e-01;-3.914295e+00;2.415586e-02;1.465492e+00;-6.304558e+00
1;0.100000;7.161055e-01;-5.708154e+00;1.489248e-01;-8.720291e-01;1.754898e+00;5.897877e+00;-7.161664e+00;2.571587e+00;-2.306492e+00;-1.384556e+00;-9.871092e-01;7.980239e-02;3.214137e+00;3.852997e-01
2;0.200000;-8.900633e-01;-7.223826e+00;-8.419323e-01;-1.249049e+00;1.748301e+00;4.098420e+00;-6.990918e+00;2.055974e+00;-2.762423e+00;-1.618721e+00;-9.134402e-01;4.078140e-01;2.048498e+00;2.825607e+00
3;0.300000;-1.402771e+00;-3.605853e+00;-1.721419e+00;-1.463853e+00;1.621618e+00;-1.728218e+00;-3.736711e+00;-1.586912e+00;2.004976e-01;-2.402202e+00;-7.654896e-01;2.729443e-01;-1.571437e+00;2.369080e+00
4;0.400000;-1.597628e+00;7.918427e+00;-1.577801e+00;1.521135e+00;-1.136376e+00;-7.589021e+00;4.390859e+00;-3.230716e+00;5.452033e+00;5.073032e-01;2.919554e+00;5.061743e-01;-5.070408e+00;4.673386e-01
5;0.500000;-1.256776e+00;9.831451e+00;1.790489e+00;2.997531e+00;-7.067709e+00;-6.101791e+00;1.842553e+01;-1.994101e+00;1.142352e+00;5.443048e+00;3.660780e+00;-1.290891e+00;-8.628157e-02;2.573090e-01
