frameIndex;frameTime;pcm_fftMag_mfcc[0];pcm_fftMag_mfcc[1];pcm_fftMag_mfcc[2];pcm_fftMag_mfcc[3];pcm_fftMag_mfcc[4];pcm_fftMag_mfcc[5];pcm_fftMag_mfcc[6];pcm_fftMag_mfcc[7];pcm_fftMag_mfcc[8];pcm_fftMag_mfcc[9];pcm_fftMag_mfcc[10];pcm_fftMag_mfcc[11];pcm_fftMag_mfcc[12];pcm_fftMag_mfcc[13]
0;0.000000;1.329130e+00;-6.077499e-01;3.715422e+00;-5.871198e+00;2.622016e+00;9.527872e-01;-6.222492e+00;-2.920822e+00;-3.597272e-01;4.393980e+00;4.094029e+00;-6.897507e-01;-3.729638e+00;1.704178e-01
1;0.100000;-1.122334e+00;-2.191710e+00;3.559702e+00;-7.609328e+00;-6.093684e+00;-1.013247e+00;-4.163011e+00;-2.145260e+00;2.508576e-01;2.416416e+00;3.362357e+00;-1.944148e+00;-3.205114e+00;9.785767e-01
2;0.200000;-2.715730e+00;1.320889e+00;2.054293e+00;-3.062925e-01;-4.528873e+00;-1.766675e-01;-2.422867e-01;-6.546755e-01;3.446196e+00;2.319154e+00;3.752308e+00;-2.348969e+00;-4.284255e+00;1.636154e+00
3;0.300000;-2.223623e+00;4.557305e+00;-2.180441e+00;5.164698e+00;-3.281345e-01;1.436148e-01;2.497969e+00;7.044261e-01;2.094745e+00;-6.843604e-01;7.937400e-01;-4.002333e-01;-4.701746e-01;-6.414337e-01
4;0.400000;1.260553e+00;1.523737e+00;-6.041019e+00;5.770494e+00;3.949614e+00;2.126583e+00;4.262760e-01;2.929820e+00;-3.365666e+00;-5.495464e+00;-3.870181e+00;1.124738e+00;7.717423e+00;-1.587692e+00
5;0.500000;3.472003e+00;-4.602472e+00;-1.107962e+00;2.851627e+00;4.379065e+00;-2.033070e+00;7.703545e+00;2.086511e+00;-2.066405e+00;-2.949725e+00;-8.132253e+00;4.258364e+00;3.971758e+00;-5.559769e-01
