frameIndex;frameTime;pcm_fftMag_mfcc[0];pcm_fftMag_mfcc[1];pcm_fftMag_mfcc[2];pcm_fftMag_mfcc[3];pcm_fftMag_mfcc[4];pcm_fftMag_mfcc[5];pcm_fftMag_mfcc[6];pcm_fftMag_mfcc[7];pcm_fftMag_mfcc[8];pcm_fftMag_mfcc[9];pcm_fftMag_mfcc[10];pcm_fftMag_mfcc[11];pcm_fftMag_mfcc[12];pcm_fftMag_mfcc[13]
0;0.000000;6.499064e+00;-1.105043e+01;1.334529e+01;-6.615994e+00;1.104038e+01;7.095306e+00;-8.454294e-01;1.132523e+01;3.475750e+00;7.357337e+00;5.510025e-01;3.591368e+00;4.019629e+00;1.795563e+00
1;0.100000;6.635151e-01;-8.007443e+00;5.478689e+00;-6.610117e-01;8.702494e+00;9.170199e+00;2.139616e+00;1.178132e+01;6.871478e+00;4.465104e+00;2.618569e+00;2.090481e+00;5.054950e+00;4.301270e+00
2;0.200000;-4.901052e+00;-2.663020e+00;-1.185749e+00;4.533823e+00;6.725930e+00;7.189584e+00;4.236055e+00;6.179015e+00;7.520295e+00;-1.087749e+00;3.467293e-01;1.022659e+00;3.536935e+00;2.805305e+00
3;0.300000;-4.776139e+00;8.700245e+00;-5.657131e+00;3.460040e+00;-9.710379e-01;-5.989523e+00;-7.854748e-01;-4.909782e+00;1.462600e+00;-3.601264e+00;-3.065368e+00;-4.821396e-01;2.195609e-01;-1.317230e+00
4;0.400000;-1.567563e+00;1.324320e+01;-7.117769e+00;-1.495144e+00;-1.270642e+01;-1.144790e+01;4.605346e+00;-1.349371e+01;-1.116565e+01;-1.289501e+00;-2.494569e-01;2.618828e-01;-1.746735e+00;-4.387970e+00
5;0.500000;4.082180e+00;-2.225428e-01;-4.863335e+00;7.782850e-01;-1.279135e+01;-6.017672e+00;-9.350112e+00;-1.088207e+01;-8.164473e+00;-5.843929e+00;-2.014751e-01;-6.484244e+00;-1.108434e+01;-3.196907e+00
