frameIndex;frameTime;pcm_fftMag_mfcc[0];pcm_fftMag_mfcc[1];pcm_fftMag_mfcc[2];pcm_fftMag_mfcc[3];pcm_fftMag_mfcc[4];pcm_fftMag_mfcc[5];pcm_fftMag_mfcc[6];pcm_fftMag_mfcc[7];pcm_fftMag_mfcc[8];pcm_fftMag_mfcc[9];pcm_fftMag_mfcc[10];pcm_fftMag_mfcc[11];pcm_fftMag_mfcc[12];pcm_fftMag_mfcc[13]
0;0.000000;4.417493e+00;-4.690770e+00;3.054651e+00;-2.338377e+00;2.046926e+00;1.200547e+01;-7.193756e-01;3.643151e+00;-3.464308e-01;4.294330e-01;1.188212e+00;3.018590e+00;2.936348e+00;-2.099342e+00
1;0.100000;3.635735e+00;-1.566116e+00;3.674734e+00;-6.041632e+00;-2.536018e+00;8.187872e+00;-1.314067e+00;-2.036216e+00;-2.527575e+00;4.993866e-01;2.176291e+00;4.453361e+00;3.137288e+00;-1.074677e+00
2;0.200000;-6.250849e-01;-7.788539e-03;-2.030855e+00;-4.761812e+00;-1.725288e+00;6.320326e-01;-1.593500e+00;-7.577422e+00;-2.309747e+00;8.285995e-01;4.596987e-01;1.366561e+00;-9.758959e-01;1.757469e+00
3;0.300000;-3.210036e+00;2.857189e+00;-3.069101e+00;1.071236e+00;9.540520e-01;-5.242536e+00;-9.009538e-01;-5.860885e+00;-1.654613e+00;2.795833e-01;4.280376e-02;1.853293e+00;-2.151119e+00;1.736839e+00
4;0.400000;-4.256478e+00;4.789128e+00;1.177269e+00;7.097995e+00;6.222076e-01;-1.101963e+01;1.037948e+00;2.653828e+00;-1.122608e-01;-2.445371e+00;-1.929806e+00;-2.587689e+00;-1.820568e+00;-3.263855e-01
5;0.500000;3.836823e-02;-1.381642e+00;-2.806705e+00;4.972596e+00;6.381226e-01;-4.563203e+00;3.489949e+00;9.177540e+00;6.950628e+00;4.083686e-01;-1.937198e+00;-8.104115e+00;-1.126054e+00;6.080627e-03
