frameIndex;frameTime;pcm_fftMag_mfcc[0];pcm_fftMag_mfcc[1];pcm_fftMag_mfcc[2];pcm_fftMag_mfcc[3];pcm_fftMag_mfcc[4];pcm_fftMag_mfcc[5];pcm_fftMag_mfcc[6];pcm_fftMag_mfcc[7];pcm_fftMag_mfcc[8];pcm_fftMag_mfcc[9];pcm_fftMag_mfcc[10];pcm_fftMag_mfcc[11];pcm_fftMag_mfcc[12];pcm_fftMag_mfcc[13]
0;0.000000;-4.829455e+00;1.050046e+01;-3.179756e+00;7.727909e+00;-4.125788e-01;1.963446e+00;1.154476e+01;-3.955112e+00;-5.548074e+00;-2.357208e+00;2.478127e+00;-1.076710e+00;-3.643475e-01;-5.509949e-02
1;0.100000;-2.937817e+00;4.376566e+00;-5.317422e+00;3.314909e+00;9.461956e-01;2.378876e+00;3.230442e+00;-1.674649e+00;8.149647e+00;1.475797e+00;4.688869e+00;1.411144e+00;-1.095565e+00;2.035278e+00
2;0.200000;2.800360e-01;-2.587740e+00;-1.523941e+00;-1.668338e+00;-7.449969e-01;2.544298e-01;-2.579696e+00;1.226657e+00;5.359793e+00;8.559179e-01;2.766226e+00;4.509277e-01;1.534527e+00;1.676132e+00
3;0.300000;7.487236e+00;-1.228928e+01;1.002112e+01;-9.374477e+00;2.113800e-01;-4.596751e+00;-1.219551e+01;4.403103e+00;-7.961365e+00;2.549362e-02;-9.933222e+00;-7.853613e-01;-7.461405e-02;-3.656311e+00
