frameIndex;frameTime;pcm_fftMag_mfcc[0];pcm_fftMag_mfcc[1];pcm_fftMag_mfcc[2];pcm_fftMag_mfcc[3];pcm_fftMag_mfcc[4];pcm_fftMag_mfcc[5];pcm_fftMag_mfcc[6];pcm_fftMag_mfcc[7];pcm_fftMag_mfcc[8];pcm_fftMag_mfcc[9];pcm_fftMag_mfcc[10];pcm_fftMag_mfcc[11];pcm_fftMag_mfcc[12];pcm_fftMag_mfcc[13]
0;0.000000;1.337011e+00;-7.004685e+00;4.333167e+00;-3.240399e+00;5.909095e+00;-4.494810e-01;-2.390240e+00;2.425880e-01;-6.706343e-01;-1.313195e-01;-3.317579e+00;6.058942e+00;2.698503e+00;1.471664e+00
1;0.100000;-8.327980e-01;-8.976748e+00;2.028079e+00;-1.757980e+00;7.665018e+00;4.013863e-01;-9.339676e-01;2.548255e+00;-3.342152e-03;-5.584145e-02;-4.106024e+00;5.712935e+00;-5.368248e-01;2.763802e+00
2;0.200000;-1.140594e+00;-5.541393e+00;2.120475e+00;1.830849e+00;6.117405e+00;-1.663761e-01;-2.719226e+00;1.979483e+00;-1.087232e+00;-1.821293e+00;-4.228827e+00;1.398669e+00;-2.921421e+00;1.634018e+00
3;0.300000;-1.761214e+00;3.564338e+00;-5.085144e-01;6.556694e+00;3.517866e-01;-7.942247e-01;-2.910348e+00;9.349213e-01;1.719702e+00;-3.392430e+00;-7.343674e-01;-2.333551e+00;-4.066414e-01;-1.015030e+00
4;0.400000;-4.553289e-01;9.275415e+00;-5.102062e+00;1.388712e+00;-7.798439e+00;-2.141963e+00;2.225474e+00;-9.623547e-01;2.193985e+00;1.184589e+00;4.135773e+00;-3.275187e+00;2.342943e+00;-2.485062e+00
5;0.500000;2.852927e+00;8.683071e+00;-2.871141e+00;-4.777874e+00;-1.224486e+01;3.150659e+00;6.728307e+00;-4.742894e+00;-2.152476e+00;4.216295e+00;8.251022e+00;-7.561807e+00;-1.176559e+00;-2.369469e+00
