frameIndex;frameTime;pcm_fftMag_mfcc[0];pcm_fftMag_mfcc[1];pcm_fftMag_mfcc[2];pcm_fftMag_mfcc[3];pcm_fftMag_mfcc[4];pcm_fftMag_mfcc[5];pcm_fftMag_mfcc[6];pcm_fftMag_mfcc[7];pcm_fftMag_mfcc[8];pcm_fftMag_mfcc[9];pcm_fftMag_mfcc[10];pcm_fftMag_mfcc[11];pcm_fftMag_mfcc[12];pcm_fftMag_mfcc[13]
0;0.000000;-3.739452e-02;-6.254349e-01;-1.377172e+01;4.986276e+00;-7.756113e+00;6.287220e+00;5.420804e-01;1.473213e+00;-8.214297e-01;2.578376e+00;-5.262824e+00;-3.695044e+00;3.507821e+00;3.558121e-01
1;0.100000;3.176538e+00;-7.310067e+00;-8.084505e+00;1.638272e+00;-6.699889e+00;7.746438e+00;-2.934446e-01;4.007506e+00;1.738270e+00;-9.547687e-01;-1.003467e+00;-4.489484e+00;7.074391e+00;-5.341339e-01
2;0.200000;2.029794e+00;-3.440830e+00;-1.552681e+00;-1.498487e+00;1.518297e-02;-1.629030e+00;2.418469e+00;7.507267e-01;4.495143e+00;-2.168487e+00;-1.696926e+00;2.872290e+00;4.003980e+00;4.437943e-01
3;0.300000;-1.795483e+00;4.598423e+00;7.669232e+00;-3.674224e+00;2.400250e+00;-8.820284e+00;-1.550366e+00;2.551157e+00;1.483746e+00;-4.357211e+00;-5.449066e-01;7.568773e+00;-2.073566e+00;3.451462e-01
4;0.400000;-3.011028e+00;7.133195e+00;1.187463e+01;-1.865492e+00;5.634208e+00;-5.215183e+00;-1.016708e+00;-2.155056e+00;-1.735874e+00;2.064147e+00;5.739964e+00;2.948456e+00;-7.299863e+00;-3.361206e-01
5;0.500000;-3.624268e-01;-3.552856e-01;3.865049e+00;4.136515e-01;6.406360e+00;1.630842e+00;-1.000309e-01;-6.627542e+00;-5.159856e+00;2.837944e+00;2.768158e+00;-5.204993e+00;-5.212759e+00;-2.744598e-01
