frameIndex;frameTime;pcm_fftMag_mfcc[0];pcm_fftMag_mfcc[1];pcm_fftMag_mfcc[2];pcm_fftMag_mfcc[3];pcm_fftMag_mfcc[4];pcm_fftMag_mfcc[5];pcm_fftMag_mfcc[6];pcm_fftMag_mfcc[7];pcm_fftMag_mfcc[8];pcm_fftMag_mfcc[9];pcm_fftMag_mfcc[10];pcm_fftMag_mfcc[11];pcm_fftMag_mfcc[12];pcm_fftMag_mfcc[13]
0;0.000000;7.451324e-01;-5.752645e-01;-8.030176e+00;3.014410e+00;-6.710098e+00;-4.296657e+00;-3.521423e+00;7.819093e+00;5.785043e+00;-6.766628e+00;-1.508146e+00;5.975792e+00;3.715191e+00;-1.216286e+00
1;0.100000;4.726353e-01;-3.683801e-01;-5.128594e+00;-5.692527e+00;-3.189253e+00;2.716445e+00;-7.535231e+00;-4.061356e-01;4.528560e+00;1.747001e+00;2.647709e+00;5.252173e+00;5.391234e+00;-1.493500e+00
2;0.200000;-6.635246e-01;-1.459041e+00;-5.778973e-01;-4.897949e+00;2.071557e+00;-1.191744e+00;-1.525778e+00;-2.063910e+00;-2.033398e+00;1.795327e+00;1.551898e+00;1.282182e+00;1.241019e+00;-5.731964e-02
3;0.300000;-1.932495e+00;1.713948e-01;3.588484e+00;-8.936670e-01;4.289210e+00;-7.021141e-01;1.965443e+00;-6.967735e-01;-4.185025e+00;-9.572535e-01;-1.903868e+00;-1.518480e+00;-7.641091e-01;1.534286e+00
4;0.400000;-7.961483e-01;1.256839e+00;5.548653e+00;1.047735e+00;3.942977e+00;1.025062e+00;4.110149e+00;-1.039566e+00;-2.434467e+00;1.006654e+00;-2.478854e+00;-4.972839e+00;-4.165411e+00;1.044502e+00
5;0.500000;2.174403e+00;9.744501e-01;4.599528e+00;7.421998e+00;-4.043865e-01;2.449002e+00;6.506832e+00;-3.612710e+00;-1.660713e+00;3.174897e+00;1.691262e+00;-6.018826e+00;-5.417922e+00;1.883545e-01
