frameIndex;frameTime;pcm_fftMag_mfcc[0];pcm_fftMag_mfcc[1];pcm_fftMag_mfcc[2];pcm_fftMag_mfcc[3];pcm_fftMag_mfcc[4];pcm_fftMag_mfcc[5];pcm_fftMag_mfcc[6];pcm_fftMag_mfcc[7];pcm_fftMag_mfcc[8];pcm_fftMag_mfcc[9];pcm_fftMag_mfcc[10];pcm_fftMag_mfcc[11];pcm_fftMag_mfcc[12];pcm_fftMag_mfcc[13]
0;0.000000;-3.243847e-01;-4.866623e+00;2.795209e+00;2.984403e+00;-2.317211e+00;-1.785322e+00;3.073931e+00;8.832293e+00;1.080918e+01;2.726158e+00;-9.317327e-01;2.031517e-02;-6.051662e+00;1.795067e+00
1;0.100000;-5.099373e-01;-2.739148e-01;-2.035181e+00;1.146301e+00;-2.145118e+00;-4.719963e-01;-1.224566e-01;-8.756351e-02;4.650582e+00;1.043117e-01;1.210833e-01;-1.569782e+00;-2.328134e+00;-3.983078e-01
2;0.200000;-7.550812e-01;3.678627e+00;-1.980907e+00;-2.703392e+00;9.254017e-01;2.297624e+00;-1.349134e+00;-7.312249e+00;-7.371428e+00;-1.078812e+00;8.931098e-01;-1.162720e+00;2.795819e+00;-5.401764e-01
3;0.300000;1.589400e+00;1.461910e+00;1.220880e+00;-1.427309e+00;3.536926e+00;-4.030561e-02;-1.602337e+00;-1.432480e+00;-8.088332e+00;-1.751658e+00;-8.245993e-02;2.712187e+00;5.583979e+00;-8.566132e-01
