frameIndex;frameTime;pcm_fftMag_mfcc[0];pcm_fftMag_mfcc[1];pcm_fftMag_mfcc[2];pcm_fftMag_mfcc[3];pcm_fftMag_mfcc[4];pcm_fftMag_mfcc[5];pcm_fftMag_mfcc[6];pcm_fftMag_mfcc[7];pcm_fftMag_mfcc[8];pcm_fftMag_mfcc[9];pcm_fftMag_mfcc[10];pcm_fftMag_mfcc[11];pcm_fftMag_mfcc[12];pcm_fftMag_mfcc[13]
0;0.000000;-6.972618e-01;-8.894653e+00;4.711533e-01;-1.338172e-01;1.833530e+00;-1.504734e+00;3.140740e+00;-4.446687e+00;-2.301262e+00;-6.195730e+00;2.176221e+00;-9.672682e-01;-5.643993e+00;2.353180e+00
1;0.100000;-2.714347e+00;-2.890589e+00;-2.750788e+00;6.945671e+00;1.975161e-01;1.517282e+00;2.868525e+00;-1.258511e+00;-8.744826e-01;-4.675055e+00;3.153394e+00;-2.472969e-01;-3.120299e+00;3.092880e-01
2;0.200000;-1.686866e+00;4.416591e+00;-3.683653e+00;7.694396e+00;-1.217596e+00;1.242898e+00;3.645858e+00;3.398350e+00;3.675916e+00;-2.731083e+00;2.988958e-01;-9.977187e-01;1.289361e+00;-1.259911e+00
3;0.300000;7.635326e-01;3.970819e+00;-2.253906e+00;2.729076e+00;2.879721e-01;2.492052e+00;2.385802e+00;2.221261e+00;1.896719e+00;-4.648785e-01;5.024805e-01;7.317472e-02;3.591471e+00;-4.436951e-01
4;0.400000;2.822321e+00;1.996863e+00;2.357487e+00;-6.947951e+00;1.038677e+00;1.050686e+00;-1.517880e+00;-3.287981e-01;-1.526167e-01;3.778245e+00;-1.400709e-01;2.991563e+00;3.473843e+00;-1.003967e+00
5;0.500000;1.512620e+00;1.400970e+00;5.859703e+00;-1.028738e+01;-2.140099e+00;-4.798184e+00;-1.052304e+01;4.143864e-01;-2.244274e+00;1.028850e+01;-5.990924e+00;-8.524535e-01;4.096165e-01;4.510498e-02
