frameIndex;frameTime;pcm_fftMag_mfcc[0];pcm_fftMag_mfcc[1];pcm_fftMag_mfcc[2];pcm_fftMag_mfcc[3];pcm_fftMag_mfcc[4];pcm_fftMag_mfcc[5];pcm_fftMag_mfcc[6];pcm_fftMag_mfcc[7];pcm_fftMag_mfcc[8];pcm_fftMag_mfcc[9];pcm_fftMag_mfcc[10];pcm_fftMag_mfcc[11];pcm_fftMag_mfcc[12];pcm_fftMag_mfcc[13]
0;0.000000;-2.224866e+00;1.114994e+00;3.107608e+00;1.823387e-01;-3.498847e+00;-5.312101e+00;-5.353093e+00;1.015737e+01;4.084436e+00;-7.242918e-02;-1.190916e+00;8.381134e+00;1.892442e+00;3.768234e+00
1;0.100000;-1.226562e+00;-1.457476e+00;3.590347e+00;-1.830664e+00;-3.134691e+00;-5.017122e+00;-6.810672e+00;1.142656e+01;9.788423e-01;3.872261e-01;1.316138e+00;1.134551e+01;3.685472e+00;-2.383278e+00
2;0.200000;1.727863e+00;3.372682e+00;-1.619301e-01;1.250885e+00;-3.502963e-01;-1.114801e+00;-1.030519e+00;-6.003485e-01;-4.900508e-01;-5.434729e+00;6.320602e+00;2.386247e+00;7.417774e-01;-9.181610e+00
3;0.300000;2.144341e+00;-2.430911e-01;-4.247462e+00;-1.283890e+00;3.183675e+00;3.839701e+00;3.856135e+00;-8.433743e+00;-1.727302e+00;2.931069e+00;-3.287280e+00;-9.297181e+00;1.179988e+00;-1.768784e+00
4;0.400000;9.516840e-01;-2.239698e+00;-2.354249e+00;-9.632769e-01;3.935834e+00;4.610386e+00;3.686578e+00;-6.656303e+00;-2.769075e+00;3.661118e+00;-4.789607e+00;-7.807969e+00;-1.077994e+00;3.444160e+00
5;0.500000;-1.372459e+00;-5.474110e-01;6.568527e-02;2.644600e+00;-1.356761e-01;2.993938e+00;5.651576e+00;-5.893533e+00;-7.684851e-02;-1.472256e+00;1.631067e+00;-5.007738e+00;-6.421684e+00;6.121284e+00
