frameIndex;frameTime;pcm_fftMag_mfcc[0];pcm_fftMag_mfcc[1];pcm_fftMag_mfcc[2];pcm_fftMag_mfcc[3];pcm_fftMag_mfcc[4];pcm_fftMag_mfcc[5];pcm_fftMag_mfcc[6];pcm_fftMag_mfcc[7];pcm_fftMag_mfcc[8];pcm_fftMag_mfcc[9];pcm_fftMag_mfcc[10];pcm_fftMag_mfcc[11];pcm_fftMag_mfcc[12];pcm_fftMag_mfcc[13]
0;0.000000;1.656004e+00;-1.880656e+00;2.443583e+00;5.329298e+00;1.687565e-01;3.136553e+00;5.010033e-02;1.097092e+00;6.519430e+00;1.063344e+01;1.706127e+00;-3.187072e+00;-2.338409e-02;1.616959e+00
1;0.100000;-1.439460e+00;1.567250e+00;-2.776432e-02;5.354123e+00;1.409375e+00;2.506985e+00;1.800481e+00;6.020608e-01;3.766975e+00;5.189621e+00;-9.444432e-01;-3.365715e+00;-1.763720e+00;2.390648e+00
2;0.200000;-2.405783e+00;3.436843e+00;-8.580608e-01;2.139998e+00;-8.382530e-01;1.040059e+00;3.391926e+00;-3.490396e-01;-4.688403e+00;-5.531304e+00;-4.266528e+00;-3.248613e+00;-3.494361e+00;8.835983e-01
3;0.300000;-2.223206e-01;2.053624e+00;-2.590674e+00;-4.116695e+00;-2.477428e+00;2.446909e-01;3.163815e-01;-2.351260e+00;-7.946671e+00;-8.739221e+00;-2.464678e+00;-3.060436e-02;-2.003791e+00;-1.950447e+00
4;0.400000;1.287186e+00;-2.102494e+00;1.061913e+00;-4.093936e+00;4.909420e-01;-4.251209e+00;-3.634334e+00;-1.107521e-01;1.498738e-01;-1.534712e+00;1.574694e+00;4.158058e+00;4.138087e+00;-2.194901e+00
5;0.500000;1.124373e+00;-3.074566e+00;-2.899551e-02;-4.612789e+00;1.246607e+00;-2.677077e+00;-1.924558e+00;1.111901e+00;2.198796e+00;-1.781940e-02;4.394830e+00;5.673944e+00;3.147172e+00;-7.458725e-01
