frameIndex;frameTime;pcm_fftMag_mfcc[0];pcm_fftMag_mfcc[1];pcm_fftMag_mfcc[2];pcm_fftMag_mfcc[3];pcm_fftMag_mfcc[4];pcm_fftMag_mfcc[5];pcm_fftMag_mfcc[6];pcm_fftMag_mfcc[7];pcm_fftMag_mfcc[8];pcm_fftMag_mfcc[9];pcm_fftMag_mfcc[10];pcm_fftMag_mfcc[11];pcm_fftMag_mfcc[12];pcm_fftMag_mfcc[13]
0;0.000000;4.538579e+00;-6.995607e+00;-2.798988e+00;3.117689e+00;-1.046824e+01;-5.371823e+00;4.190187e-01;-7.193184e-02;4.815948e+00;-3.594919e+00;3.187204e+00;1.951947e-01;-4.969172e-01;1.580681e+00
1;0.100000;1.208253e+00;5.479889e-01;-1.526232e+00;5.504856e+00;-7.090994e+00;-4.241714e-01;2.610274e+00;1.159909e+00;2.563935e+00;1.698179e-01;2.666335e+00;6.447248e-01;-8.965840e-01;-2.154991e+00
2;0.200000;1.790979e+00;2.950797e+00;-3.957247e+00;4.695048e+00;-3.165379e-01;4.601692e+00;3.341796e+00;-3.239613e+00;1.609325e-02;3.418221e+00;-4.872127e-01;-8.051038e-01;4.208026e-01;-3.589714e+00
3;0.300000;2.424482e+00;-7.312374e-01;6.688602e-01;-4.038324e+00;4.698763e+00;4.337358e-01;7.445140e-01;-6.937962e-01;-5.049250e+00;1.587853e+00;-1.113749e+00;-2.596557e+00;2.866955e-01;-1.221748e+00
4;0.400000;-3.490648e+00;7.526159e-01;3.587249e+00;-7.234603e+00;7.291201e+00;-5.936861e-01;-2.632216e+00;-5.126705e-01;-2.519514e+00;-1.081929e+00;-2.119018e+00;3.913269e-01;-4.411759e-01;1.922607e+00
5;0.500000;-6.471640e+00;3.475442e+00;4.026360e+00;-2.044670e+00;5.885817e+00;1.354253e+00;-4.483388e+00;3.358099e+00;1.727896e-01;-4.990444e-01;-2.133561e+00;2.170413e+00;1.127177e+00;3.463196e+00
