frameIndex;frameTime;pcm_fftMag_mfcc[0];pcm_fftMag_mfcc[1];pcm_fftMag_mfcc[2];pcm_fftMag_mfcc[3];pcm_fftMag_mfcc[4];pcm_fftMag_mfcc[5];pcm_fftMag_mfcc[6];pcm_fftMag_mfcc[7];pcm_fftMag_mfcc[8];pcm_fftMag_mfcc[9];pcm_fftMag_mfcc[10];pcm_fftMag_mfcc[11];pcm_fftMag_mfcc[12];pcm_fftMag_mfcc[13]
0;0.000000;1.180036e+00;1.765423e+00;-8.390705e+00;1.595374e+00;4.804916e+00;-2.692251e-01;-9.259872e-01;-3.708620e+00;2.681955e+00;8.882310e-01;-1.952779e+00;-3.790665e+00;1.990827e+00;-7.110443e-01
1;0.100000;1.127007e+00;1.314831e+00;-4.161581e+00;5.208672e+00;5.132126e+00;-1.518188e+00;-2.471132e+00;-2.935000e+00;1.691636e+00;2.988238e+00;-2.564557e+00;-3.749285e-01;2.133806e+00;-1.228874e+00
2;0.200000;1.773188e+00;-2.838182e-01;5.340996e-01;2.384271e+00;2.486904e+00;-3.980179e-01;-7.829857e-01;-1.136880e-01;1.912838e+00;5.400479e-01;-4.032803e-02;-1.290664e+00;1.082660e+00;-9.423218e-01
3;0.300000;-5.800858e-01;-7.562561e-01;3.438910e+00;-2.620382e+00;-1.613880e+00;1.489815e+00;3.254450e+00;1.383292e+00;-7.846756e-01;-2.711270e+00;2.396412e+00;-8.053126e-01;-1.513710e+00;6.972427e-01
4;0.400000;-2.517721e+00;-1.542089e+00;3.709554e+00;-4.455111e+00;-5.720201e+00;3.218269e-02;1.737013e+00;2.251834e+00;-2.461411e+00;-1.202600e+00;1.887035e+00;2.635450e+00;-2.392855e+00;1.282898e+00
5;0.500000;-9.824247e-01;-4.980927e-01;4.869720e+00;-2.112823e+00;-5.089863e+00;6.634312e-01;-8.113556e-01;3.122180e+00;-3.040342e+00;-5.026464e-01;2.742176e-01;3.626120e+00;-1.300729e+00;9.021072e-01
