frameIndex;frameTime;pcm_fftMag_mfcc[0];pcm_fftMag_mfcc[1];pcm_fftMag_mfcc[2];pcm_fftMag_mfcc[3];pcm_fftMag_mfcc[4];pcm_fftMag_mfcc[5];pcm_fftMag_mfcc[6];pcm_fftMag_mfcc[7];pcm_fftMag_mfcc[8];pcm_fftMag_mfcc[9];pcm_fftMag_mfcc[10];pcm_fftMag_mfcc[11];pcm_fftMag_mfcc[12];pcm_fftMag_mfcc[13]
0;0.000000;-1.284843e+00;5.198977e+00;-3.612510e+00;-3.558086e+00;3.920602e+00;-3.262858e-01;-3.820362e-01;-3.067279e+00;2.746064e+00;-6.667555e+00;9.067056e+00;-1.048573e+00;3.463243e+00;1.143997e+00
1;0.100000;-1.614367e+00;4.505977e+00;-1.122476e+00;-3.008437e+00;1.798238e+00;-1.675835e+00;-1.311705e+00;-3.218347e+00;5.028950e+00;-4.284571e+00;5.981968e+00;-3.968260e+00;5.388827e-01;4.060669e-01
2;0.200000;1.809864e-01;1.478181e+00;4.945402e-01;-2.139663e+00;-5.962158e-02;-2.654593e+00;-3.248825e-01;-1.203847e+00;1.198734e+00;-1.210116e+00;6.443393e-01;-2.390708e+00;-1.111970e-01;-5.932312e-01
3;0.300000;2.066729e+00;-3.921097e+00;-1.976208e+00;2.556351e+00;-1.806439e-01;-1.934593e+00;7.837315e-01;2.466613e+00;-3.695560e+00;4.844905e+00;-5.155097e+00;1.461978e-01;1.878150e-01;-8.017731e-02
4;0.400000;2.338022e+00;-5.539595e+00;-1.997874e+00;5.517616e+00;-1.157521e+00;1.599275e+00;1.543711e+00;3.577776e+00;-2.736890e+00;2.885761e+00;-4.713064e+00;1.527177e+00;-1.760844e+00;-7.439728e-01
5;0.500000;-1.686527e+00;-1.722443e+00;8.214530e+00;6.322241e-01;-4.321053e+00;4.992031e+00;-3.088074e-01;1.445087e+00;-2.541296e+00;4.431576e+00;-5.825202e+00;5.734165e+00;-2.317900e+00;-1.327362e-01
