frameIndex;frameTime;pcm_fftMag_mfcc[0];pcm_fftMag_mfcc[1];pcm_fftMag_mfcc[2];pcm_fftMag_mfcc[3];pcm_fftMag_mfcc[4];pcm_fftMag_mfcc[5];pcm_fftMag_mfcc[6];pcm_fftMag_mfcc[7];pcm_fftMag_mfcc[8];pcm_fftMag_mfcc[9];pcm_fftMag_mfcc[10];pcm_fftMag_mfcc[11];pcm_fftMag_mfcc[12];pcm_fftMag_mfcc[13]
0;0.000000;1.746156e+00;-2.016877e+00;-5.736627e+00;-1.914165e+00;-1.862708e+00;-1.648187e+00;-2.528574e+00;-1.049251e+00;-3.957396e-01;-3.000949e+00;-7.881002e-01;5.410091e-01;1.768718e+00;2.344475e+00
1;0.100000;-7.345839e-01;-4.542630e-01;-1.583250e+00;-3.701666e+00;-1.772161e+00;2.055230e+00;-4.172106e-01;-1.462695e+00;1.282368e-01;1.825181e+00;-8.523836e-01;-5.588064e-01;4.689648e-01;1.664650e+00
2;0.200000;-9.670200e-01;8.492085e-01;3.211981e+00;8.621597e-02;-3.098707e-01;9.603240e-01;9.399900e-01;1.245890e+00;-6.423874e-01;1.828589e+00;2.972422e-01;2.241756e-01;-7.942424e-01;-1.596069e-02
3;0.300000;-4.455090e-02;1.621932e+00;4.107896e+00;5.529612e+00;3.944736e+00;-1.367368e+00;2.005795e+00;1.266055e+00;9.098902e-01;-6.528206e-01;1.343239e+00;-2.063783e-01;-1.443439e+00;-3.993164e+00
