frameIndex;frameTime;pcm_fftMag_mfcc[0];pcm_fftMag_mfcc[1];pcm_fftMag_mfcc[2];pcm_fftMag_mfcc[3];pcm_fftMag_mfcc[4];pcm_fftMag_mfcc[5];pcm_fftMag_mfcc[6];pcm_fftMag_mfcc[7];pcm_fftMag_mfcc[8];pcm_fftMag_mfcc[9];pcm_fftMag_mfcc[10];pcm_fftMag_mfcc[11];pcm_fftMag_mfcc[12];pcm_fftMag_mfcc[13]
0;0.000000;-6.049561e+00;2.018247e+00;-1.505279e+00;-7.793407e-01;1.051944e+01;1.328182e-02;8.795233e+00;7.379139e+00;8.131547e-01;-1.913853e+00;-3.602963e+00;1.909321e+00;3.635378e+00;7.097397e-01
1;0.100000;-9.461575e-01;-2.951202e+00;-2.937463e+00;-3.943996e-01;5.620432e+00;6.754427e-01;6.653228e+00;4.485856e+00;1.224102e+00;-3.148095e+00;-7.760000e+00;1.752381e+00;3.214758e+00;2.048416e+00
2;0.200000;1.918904e+00;-5.274845e+00;-7.193179e-01;1.554162e+00;-3.171323e+00;3.216391e+00;3.069451e+00;3.821908e+00;1.719121e+00;-3.014436e+00;-3.403997e+00;-1.261504e+00;1.603136e+00;1.724304e+00
3;0.300000;2.689485e+00;-1.699907e+00;5.730104e-02;1.628059e+00;-8.989511e+00;-2.491951e-01;-6.496553e-01;-2.012433e+00;3.976846e-01;2.039855e-01;2.521419e+00;-1.928014e+00;-1.777947e+00;-4.358673e-02
4;0.400000;2.384952e+00;2.596309e+00;2.519360e-01;-5.066233e-01;-4.176075e+00;-2.036473e+00;-7.153332e+00;-7.450057e+00;-4.246505e+00;7.113952e+00;6.498034e+00;-1.737123e-01;-2.731177e+00;-2.209015e+00
5;0.500000;2.376556e-03;5.311399e+00;4.852822e+00;-1.501868e+00;1.970353e-01;-1.619450e+00;-1.071492e+01;-6.224412e+00;9.244394e-02;7.584479e-01;5.747509e+00;-2.984729e-01;-3.944147e+00;-2.229881e+00
