frameIndex;frameTime;pcm_fftMag_mfcc[0];pcm_fftMag_mfcc[1];pcm_fftMag_mfcc[2];pcm_fftMag_mfcc[3];pcm_fftMag_mfcc[4];pcm_fftMag_mfcc[5];pcm_fftMag_mfcc[6];pcm_fftMag_mfcc[7];pcm_fftMag_mfcc[8];pcm_fftMag_mfcc[9];pcm_fftMag_mfcc[10];pcm_fftMag_mfcc[11];pcm_fftMag_mfcc[12];pcm_fftMag_mfcc[13]
0;0.000000;-2.793744e+00;-4.120779e+00;4.063926e+00;-3.112970e+00;-4.428362e+00;3.874260e+00;-7.754789e+00;1.644075e+00;-6.625978e+00;1.172600e+00;1.283065e+00;-3.242586e+00;7.470441e-02;3.946808e+00
1;0.100000;-3.489265e-01;-7.467413e+00;7.310878e+00;-5.119244e+00;-6.350765e-01;6.458721e-01;-5.976622e+00;3.421186e+00;-5.021623e+00;2.452347e+00;2.257543e-01;-2.017123e+00;2.929358e-01;2.255173e+00
2;0.200000;2.875719e+00;-3.219568e+00;4.815594e+00;-1.735761e+00;1.426697e+00;-2.696037e+00;-1.217117e+00;2.783506e+00;-1.475699e+00;7.547016e-01;-2.679884e-03;1.227582e+00;7.383779e-01;-5.934982e-01
3;0.300000;4.599551e+00;3.429611e-01;1.756950e+00;1.617478e+00;-1.566868e-01;-5.048935e+00;4.283805e+00;-2.576079e-01;-6.049309e-01;-7.282062e-01;1.174473e-01;4.158897e+00;-1.856197e-01;-2.384117e+00
4;0.400000;-1.560191e+00;8.508906e+00;-4.019618e-01;5.827037e+00;-5.429495e+00;-2.957691e+00;6.405256e+00;-4.020376e+00;2.163550e+00;-4.599422e+00;3.299463e+00;4.292295e+00;-1.215085e+00;-3.144417e+00
5;0.500000;-2.772410e+00;5.955892e+00;-1.754539e+01;2.523459e+00;9.222930e+00;6.182535e+00;4.259470e+00;-3.570783e+00;1.156468e+01;9.479823e-01;-4.923049e+00;-4.419069e+00;2.946870e-01;-7.994080e-02
