frameIndex;frameTime;pcm_fftMag_mfcc[0];pcm_fftMag_mfcc[1];pcm_fftMag_mfcc[2];pcm_fftMag_mfcc[3];pcm_fftMag_mfcc[4];pcm_fftMag_mfcc[5];pcm_fftMag_mfcc[6];pcm_fftMag_mfcc[7];pcm_fftMag_mfcc[8];pcm_fftMag_mfcc[9];pcm_fftMag_mfcc[10];pcm_fftMag_mfcc[11];pcm_fftMag_mfcc[12];pcm_fftMag_mfcc[13]
0;0.000000;8.069047e+00;-1.045890e+01;-4.030631e+00;-4.532673e+00;2.655129e+00;-3.226852e+00;8.084517e-01;5.424395e+00;2.468336e+00;1.020154e+01;-3.819806e+00;-2.719910e+00;-1.987314e+00;-2.428322e+00
1;0.100000;5.203067e+00;-5.798752e+00;6.455001e+00;-7.283921e+00;-4.726495e+00;5.520142e+00;-1.155545e+00;8.535810e-01;-3.539902e+00;3.111463e-01;6.302916e+00;-2.446542e+00;-1.980863e+00;-1.561432e-01
2;0.200000;-1.007253e+00;-9.613657e-02;5.507957e+00;-1.004726e+00;-4.291867e+00;3.704376e+00;-8.564606e-01;-4.482766e+00;-3.787889e+00;-2.293362e+00;7.213085e+00;-4.752042e-01;-2.927418e+00;3.197937e+00
3;0.300000;-5.916964e+00;3.720112e+00;4.217731e+00;5.468229e+00;-1.896704e+00;-2.281389e+00;-3.176115e+00;-4.575229e+00;-4.766755e-01;-2.852603e+00;2.495193e+00;1.128845e+00;-1.499343e+00;2.206085e+00
4;0.400000;-5.654848e+00;6.046743e+00;-4.011526e+00;5.215543e+00;2.484663e+00;-4.425269e+00;-5.306149e-02;8.339195e-01;3.484462e+00;-3.652694e+00;-5.360183e+00;2.639967e+00;3.509655e+00;-2.124023e-01
5;0.500000;-6.930523e-01;6.586934e+00;-8.138532e+00;2.137549e+00;5.775275e+00;7.089930e-01;4.432728e+00;1.946102e+00;1.851669e+00;-1.714027e+00;-6.831205e+00;1.872843e+00;4.885283e+00;-2.607147e+00
