frameIndex;frameTime;pcm_fftMag_mfcc[0];pcm_fftMag_mfcc[1];pcm_fftMag_mfcc[2];pcm_fftMag_mfcc[3];pcm_fftMag_mfcc[4];pcm_fftMag_mfcc[5];pcm_fftMag_mfcc[6];pcm_fftMag_mfcc[7];pcm_fftMag_mfcc[8];pcm_fftMag_mfcc[9];pcm_fftMag_mfcc[10];pcm_fftMag_mfcc[11];pcm_fftMag_mfcc[12];pcm_fftMag_mfcc[13]
0;0.000000;-2.822155e+00;5.619475e+00;-4.966905e+00;8.813362e+00;-9.759712e-01;-5.116618e+00;1.006927e+00;1.032633e+01;1.284594e+01;1.628045e+00;-5.398335e+00;-1.078335e+00;6.157885e-01;-4.795914e-01
1;0.100000;-4.814721e+00;9.292841e+00;-1.006393e-01;5.362797e-01;1.536592e+00;2.384226e+00;-4.568385e+00;-5.597516e+00;4.433992e+00;1.277887e+00;-1.290496e+00;-7.940991e-01;4.261746e+00;-2.933426e-01
2;0.200000;-3.310966e+00;6.399401e+00;2.347843e+00;-4.182164e+00;-2.042007e-02;4.400848e+00;-4.515009e+00;-1.016445e+01;-2.952871e-01;4.361241e+00;1.522641e+00;-3.348768e+00;4.217998e+00;5.898285e-01
3;0.300000;9.126930e-01;-1.163198e+00;2.729921e+00;-3.824284e+00;-1.740906e+00;1.193190e+00;-5.471692e-01;-2.224160e+00;-5.060439e+00;1.947017e+00;5.143271e+00;-1.400092e+00;1.970525e+00;-3.965302e-01
4;0.400000;4.887499e+00;-9.150800e+00;-1.790085e-01;-1.898072e+00;-2.140980e-01;-2.009628e+00;3.821528e+00;3.404720e+00;-6.527172e+00;-4.316218e+00;9.470453e-01;2.565827e+00;-4.810953e+00;-5.866241e-02
5;0.500000;5.147651e+00;-1.099772e+01;1.687882e-01;5.548773e-01;1.414799e+00;-8.520172e-01;4.802107e+00;4.255065e+00;-5.397033e+00;-4.897971e+00;-9.241252e-01;4.055467e+00;-6.255104e+00;6.382828e-01
