frameIndex;frameTime;pcm_fftMag_mfcc[0];pcm_fftMag_mfcc[1];pcm_fftMag_mfcc[2];pcm_fftMag_mfcc[3];pcm_fftMag_mfcc[4];pcm_fftMag_mfcc[5];pcm_fftMag_mfcc[6];pcm_fftMag_mfcc[7];pcm_fftMag_mfcc[8];pcm_fftMag_mfcc[9];pcm_fftMag_mfcc[10];pcm_fftMag_mfcc[11];pcm_fftMag_mfcc[12];pcm_fftMag_mfcc[13]
0;0.000000;-1.013050e-01;-3.036558e+00;-4.664119e+00;3.458323e+00;-7.411277e+00;-6.636577e-01;4.094380e+00;8.227985e+00;-3.023897e+00;-3.950849e+00;-4.591254e+00;7.323503e-02;-5.237952e+00;1.117561e+00
1;0.100000;-2.939873e-01;8.881760e-02;-9.501038e-01;4.868344e+00;-4.336619e+00;3.380573e+00;4.806361e+00;5.241106e+00;-2.802347e+00;-1.469099e+00;-2.032136e+00;-1.116080e+00;-3.914202e+00;-3.883286e-01
2;0.200000;3.042622e-01;2.282252e+00;3.461840e+00;-1.232584e+00;4.663694e+00;3.980581e+00;1.135821e+00;1.570696e+00;-2.764997e+00;7.616739e-01;1.018617e+00;-3.734479e+00;1.553254e+00;-2.364761e+00
3;0.300000;6.378078e-01;-5.256681e-01;3.419400e+00;-5.386274e+00;7.864406e+00;4.933963e-01;-3.930637e+00;-1.846590e+00;2.366207e+00;-1.927261e+00;4.293251e-01;-2.728952e+00;3.746690e+00;-1.014633e+00
4;0.400000;3.440475e-01;-1.048060e+00;-2.217560e-01;-3.084463e+00;1.706458e+00;-1.784235e+00;-6.914829e+00;-5.396141e+00;2.489997e+00;2.662954e-01;8.213644e-01;1.767570e+00;2.758898e+00;9.649429e-01
5;0.500000;-8.908253e-01;2.239218e+00;-1.045259e+00;1.376659e+00;-2.486658e+00;-5.406658e+00;8.089046e-01;-7.797060e+00;3.735038e+00;6.319238e+00;4.354087e+00;5.738708e+00;1.093313e+00;1.685165e+00
