frameIndex;frameTime;pcm_fftMag_mfcc[0];pcm_fftMag_mfcc[1];pcm_fftMag_mfcc[2];pcm_fftMag_mfcc[3];pcm_fftMag_mfcc[4];pcm_fftMag_mfcc[5];pcm_fftMag_mfcc[6];pcm_fftMag_mfcc[7];pcm_fftMag_mfcc[8];pcm_fftMag_mfcc[9];pcm_fftMag_mfcc[10];pcm_fftMag_mfcc[11];pcm_fftMag_mfcc[12];pcm_fftMag_mfcc[13]
0;0.000000;1.064558e+00;9.687376e-01;-8.180437e-01;-1.417732e+00;-1.667603e+00;3.194505e+00;1.293550e+00;5.371885e-01;-4.009664e-01;-9.640400e-01;-2.756052e+00;1.041336e-01;4.280351e-01;-2.046928e+00
1;0.100000;5.881252e+00;-1.380888e+00;7.042160e-01;-4.649657e+00;-4.612458e+00;7.981328e+00;2.927876e-01;-4.834522e+00;-3.543299e+00;1.073868e+00;2.418563e+00;3.806682e-01;-1.693297e+00;7.454529e-01
2;0.200000;4.163838e+00;-2.369559e+00;5.518332e-01;-4.194207e+00;3.212357e-02;2.405361e+00;-7.389746e-01;-4.673556e+00;-3.289255e+00;1.474276e+00;3.457902e+00;4.532161e-01;-1.168144e+00;2.909012e+00
3;0.300000;-1.343916e+00;-7.285562e-01;-9.406853e-01;-8.637093e-01;3.552466e+00;-3.198014e+00;-2.719694e+00;-2.891324e+00;-1.608598e+00;5.150819e-01;3.299560e+00;1.450650e+00;-9.599890e-01;2.186630e+00
4;0.400000;-5.888591e+00;9.576211e-01;1.427427e+00;4.256215e+00;4.226325e+00;-5.696845e+00;-1.436397e+00;1.694107e+00;1.447083e+00;-8.677270e-01;2.656760e-01;2.269019e+00;1.372983e+00;-1.479942e+00
5;0.500000;-3.877142e+00;2.552642e+00;-9.247427e-01;6.869092e+00;-1.530855e+00;-4.686343e+00;3.308722e+00;1.016811e+01;7.395035e+00;-1.231459e+00;-6.685650e+00;-4.657685e+00;2.020413e+00;-2.314255e+00
