frameIndex;frameTime;pcm_fftMag_mfcc[0];pcm_fftMag_mfcc[1];pcm_fftMag_mfcc[2];pcm_fftMag_mfcc[3];pcm_fftMag_mfcc[4];pcm_fftMag_mfcc[5];pcm_fftMag_mfcc[6];pcm_fftMag_mfcc[7];pcm_fftMag_mfcc[8];pcm_fftMag_mfcc[9];pcm_fftMag_mfcc[10];pcm_fftMag_mfcc[11];pcm_fftMag_mfcc[12];pcm_fftMag_mfcc[13]
0;0.000000;-2.119408e-01;1.031403e+00;-1.515307e+00;1.316955e+01;-1.807133e+00;-1.140746e+01;-3.149122e+00;4.079375e+00;6.112792e+00;1.941304e+00;-2.973894e+00;7.604825e-01;3.167515e+00;9.837723e-01
1;0.100000;-3.019483e+00;3.930202e+00;1.703052e+00;9.492336e+00;6.011691e-01;-8.724456e+00;-6.259469e+00;1.320041e+00;7.468488e+00;2.791995e+00;-7.904606e-01;1.502874e+00;2.387313e+00;2.078629e-01
2;0.200000;-5.337146e+00;3.353245e+00;2.629091e+00;2.376984e+00;7.888288e-01;-2.865100e+00;2.462149e-02;4.496329e-01;2.450597e+00;6.694643e-01;1.111234e+00;3.464363e+00;1.426764e+00;-1.482971e+00
3;0.300000;-1.611991e+00;1.782759e+00;-2.587540e+00;-6.974833e+00;-1.238008e+00;5.409578e+00;6.771048e+00;-6.274015e-01;-5.047695e+00;-1.836982e+00;2.249838e+00;2.145816e+00;-2.722743e+00;-4.764023e-01
4;0.400000;3.667028e+00;-2.416758e+00;-2.103275e+00;-8.807191e+00;-2.851553e-01;9.637865e+00;2.594262e+00;-2.773299e+00;-5.514622e+00;-1.312986e+00;1.022533e+00;-2.800311e+00;-2.005192e+00;6.967697e-01
5;0.500000;6.513529e+00;-7.680852e+00;1.873981e+00;-9.256844e+00;1.940296e+00;7.949575e+00;1.866007e-02;-2.448348e+00;-5.469559e+00;-2.252795e+00;-6.192508e-01;-5.073223e+00;-2.253658e+00;7.091522e-02
