frameIndex;frameTime;pcm_fftMag_mfcc[0];pcm_fftMag_mfcc[1];pcm_fftMag_mfcc[2];pcm_fftMag_mfcc[3];pcm_fftMag_mfcc[4];pcm_fftMag_mfcc[5];pcm_fftMag_mfcc[6];pcm_fftMag_mfcc[7];pcm_fftMag_mfcc[8];pcm_fftMag_mfcc[9];pcm_fftMag_mfcc[10];pcm_fftMag_mfcc[11];pcm_fftMag_mfcc[12];pcm_fftMag_mfcc[13]
0;0.000000;7.226548e-01;-1.993953e+00;2.489041e+00;-1.069735e+00;1.786783e+00;-2.873424e+00;-4.876099e-01;2.718837e+00;-1.598086e+00;-3.558037e+00;-6.631694e+00;-4.981945e-01;-3.069783e+00;2.967201e+00
1;0.100000;-1.840893e+00;-3.547163e+00;9.137344e-01;-2.368088e+00;8.783340e-01;-5.032946e+00;-2.147805e+00;2.306554e+00;-1.651634e+00;-3.871494e+00;-7.040498e+00;-2.075035e+00;-4.828079e+00;2.599495e+00
2;0.200000;-2.107888e+00;-7.510238e-01;1.769733e+00;-5.710068e-01;1.020056e+00;-4.159923e+00;-1.612227e+00;2.847272e+00;8.843012e-01;-7.157531e-01;-4.177880e+00;-9.755309e-01;-2.450124e+00;-8.158569e-01
3;0.300000;-7.502489e-01;4.185576e+00;4.879716e+00;1.927848e+00;-8.400297e-01;3.475642e-01;-4.051123e-01;-1.461833e+00;7.417707e-01;2.847034e+00;1.045915e+00;6.611731e-01;5.720264e+00;-4.409607e+00
4;0.400000;2.630052e+00;2.304801e+00;-3.068516e+00;9.906616e-01;-1.529163e+00;5.974461e+00;4.298085e+00;-4.120938e+00;-1.216812e-01;2.634397e+00;7.023138e+00;2.136758e+00;2.562807e+00;-1.838005e+00
5;0.500000;1.346324e+00;-1.982361e-01;-6.983712e+00;1.090330e+00;-1.315977e+00;5.744268e+00;3.546705e-01;-2.289893e+00;1.745332e+00;2.663851e+00;9.781018e+00;7.508295e-01;2.064915e+00;1.496834e+00
