frameIndex;frameTime;pcm_fftMag_mfcc[0];pcm_fftMag_mfcc[1];pcm_fftMag_mfcc[2];pcm_fftMag_mfcc[3];pcm_fftMag_mfcc[4];pcm_fftMag_mfcc[5];pcm_fftMag_mfcc[6];pcm_fftMag_mfcc[7];pcm_fftMag_mfcc[8];pcm_fftMag_mfcc[9];pcm_fftMag_mfcc[10];pcm_fftMag_mfcc[11];pcm_fftMag_mfcc[12];pcm_fftMag_mfcc[13]
0;0.000000;-5.283611e+00;1.915455e+00;-1.204885e+00;-6.026427e+00;5.834999e+00;2.462863e+00;-1.728086e-01;-7.255559e-01;3.027436e+00;-7.520790e-01;-2.867249e+00;-1.087190e+00;-1.906643e+00;1.138306e+00
1;0.100000;-2.569513e-01;1.217802e+00;-3.825543e+00;-6.229609e+00;7.285314e+00;4.326242e+00;-3.118038e-02;-1.972558e+00;3.136593e+00;5.273604e-01;-2.400976e+00;-1.639109e+00;-9.621022e-01;7.666931e-01
2;0.200000;5.806118e+00;-4.194162e+00;-1.671246e+00;-1.362038e+00;2.356696e+00;6.691074e-01;1.823521e-01;3.060131e+00;-5.856191e-01;1.061054e+00;7.838233e-01;-2.633874e-01;-3.883443e-01;-1.006485e+00
3;0.300000;6.135460e+00;-5.481071e+00;3.386981e+00;9.407768e-01;-2.279981e+00;-2.184774e+00;-5.935469e-01;5.446587e+00;-2.732703e+00;1.179036e+00;7.353528e-01;1.428916e-01;1.611756e+00;-1.676674e+00
4;0.400000;-4.259300e-02;7.063003e-01;2.435551e+00;5.200551e+00;-6.638357e+00;-2.458782e+00;-8.785915e-02;-7.091546e-01;-1.594089e+00;-9.475822e-01;1.575738e+00;5.304554e-01;1.277586e+00;-1.955948e-01
5;0.500000;-6.358417e+00;5.835672e+00;8.791409e-01;7.476747e+00;-6.558676e+00;-2.814655e+00;7.030430e-01;-5.099447e+00;-1.251618e+00;-1.067790e+00;2.173311e+00;2.316339e+00;3.677477e-01;9.737244e-01
