frameIndex;frameTime;pcm_fftMag_mfcc[0];pcm_fftMag_mfcc[1];pcm_fftMag_mfcc[2];pcm_fftMag_mfcc[3];pcm_fftMag_mfcc[4];pcm_fftMag_mfcc[5];pcm_fftMag_mfcc[6];pcm_fftMag_mfcc[7];pcm_fftMag_mfcc[8];pcm_fftMag_mfcc[9];pcm_fftMag_mfcc[10];pcm_fftMag_mfcc[11];pcm_fftMag_mfcc[12];pcm_fftMag_mfcc[13]
0;0.000000;-6.711626e-02;5.195383e+00;5.845118e-02;-1.671922e+00;6.297461e+00;-4.768844e+00;-8.539870e+00;-3.544329e+00;1.754023e+00;5.926730e+00;2.443965e+00;2.971963e+00;-5.937524e+00;-2.012146e+00
1;0.100000;1.694373e+00;8.272243e-02;-1.898267e+00;-7.064791e-01;1.650589e+00;2.252359e-01;-1.438652e+00;1.182599e+00;6.493360e-01;2.434802e+00;8.874989e-01;-1.804747e+00;-3.439870e-01;-6.407471e-01
2;0.200000;1.113750e+00;-4.052902e+00;-3.749228e+00;-1.434839e+00;1.670193e+00;2.516987e+00;4.644617e+00;4.290700e+00;1.904653e-01;1.008811e+00;-4.607906e-01;-5.288343e+00;1.651337e+00;1.433266e+00
3;0.300000;4.173732e-01;-4.781240e+00;-2.073877e+00;-1.218048e+00;-1.776752e-01;2.171736e+00;5.216090e+00;4.080711e+00;-1.523251e+00;-1.731048e+00;-1.902093e+00;-2.786682e+00;2.297554e+00;1.831131e+00
4;0.400000;-2.446575e-01;-1.722860e+00;2.859502e+00;5.098400e-01;-3.720531e+00;1.970940e+00;9.741230e-01;3.385067e-02;-3.254180e+00;-4.373622e+00;-1.697270e+00;1.435251e+00;2.502182e+00;3.209381e-01
5;0.500000;-2.913723e+00;5.278897e+00;4.803418e+00;4.521450e+00;-5.720034e+00;-2.116060e+00;-8.563061e-01;-6.043533e+00;2.183607e+00;-3.265672e+00;7.286959e-01;5.472558e+00;-1.695595e-01;-9.324722e-01
