frameIndex;frameTime;pcm_fftMag_mfcc[0];pcm_fftMag_mfcc[1];pcm_fftMag_mfcc[2];pcm_fftMag_mfcc[3];pcm_fftMag_mfcc[4];pcm_fftMag_mfcc[5];pcm_fftMag_mfcc[6];pcm_fftMag_mfcc[7];pcm_fftMag_mfcc[8];pcm_fftMag_mfcc[9];pcm_fftMag_mfcc[10];pcm_fftMag_mfcc[11];pcm_fftMag_mfcc[12];pcm_fftMag_mfcc[13]
0;0.000000;1.338517e+00;-2.366705e-01;-2.654383e+00;-2.426918e+00;-1.884004e-01;7.250681e+00;4.255850e+00;-2.749481e-01;-1.745387e+00;-1.750141e+00;-1.125245e+00;1.690373e+00;1.546117e+00;4.867401e-01
1;0.100000;-2.626619e-01;1.217720e+00;2.064393e+00;-7.724571e-02;-1.160365e+00;3.514225e+00;1.221123e-01;-3.305445e-01;-1.538708e+00;-2.484803e+00;4.357767e-01;1.740432e-02;1.010662e+00;-5.137100e-01
2;0.200000;-1.707454e+00;1.266358e+00;3.885143e+00;-6.133976e-01;-6.198908e-01;-2.867447e+00;-2.469110e+00;-3.867149e-03;4.390640e-01;-6.690154e-01;-2.230392e-01;-3.345742e-01;-1.224439e+00;-3.895569e-02
3;0.300000;-3.134233e-02;-7.703147e-01;5.864844e-01;4.585381e-01;1.064391e+00;-4.065149e+00;-2.351719e+00;8.445473e-01;2.194898e+00;1.117079e+00;-1.456723e-01;-6.687490e-01;-1.631443e+00;9.779053e-01
4;0.400000;6.629407e-01;-1.477091e+00;-3.881637e+00;2.659018e+00;9.042658e-01;-3.832312e+00;4.428606e-01;-2.351913e-01;6.501350e-01;3.786880e+00;1.058180e+00;-7.044537e-01;2.991018e-01;-9.120026e-01
