frameIndex;frameTime;pcm_fftMag_mfcc[0];pcm_fftMag_mfcc[1];pcm_fftMag_mfcc[2];pcm_fftMag_mfcc[3];pcm_fftMag_mfcc[4];pcm_fftMag_mfcc[5];pcm_fftMag_mfcc[6];pcm_fftMag_mfcc[7];pcm_fftMag_mfcc[8];pcm_fftMag_mfcc[9];pcm_fftMag_mfcc[10];pcm_fftMag_mfcc[11];pcm_fftMag_mfcc[12];pcm_fftMag_mfcc[13]
0;0.000000;2.681209e+00;-5.386783e+00;-6.411971e+00;-1.601607e+00;5.715840e+00;3.107100e-01;-4.129464e+00;6.178254e+00;-1.910688e+00;5.312909e+00;-8.826843e+00;-2.772490e+00;-6.680164e-01;5.723152e+00
1;0.100000;3.381320e+00;-7.202584e+00;-6.991904e+00;-8.900050e-01;6.587887e+00;6.779737e-01;-2.473496e+00;7.608332e+00;-7.817867e-01;1.506980e+00;-9.701666e+00;-3.485587e+00;-7.356524e-01;3.318619e+00
2;0.200000;2.955760e+00;-4.690525e+00;-7.234722e+00;1.327549e+00;4.988770e+00;2.103656e+00;-1.908235e+00;4.470654e+00;2.819600e+00;-2.484025e+00;-6.022006e+00;-4.180765e+00;1.373226e+00;-2.608688e+00
3;0.300000;-2.394643e+00;6.598615e+00;6.088820e+00;9.243265e-01;-4.029524e+00;3.388564e+00;-2.135280e+00;-9.265107e+00;-6.348400e-01;1.014720e-01;6.650617e+00;1.426570e-01;1.735843e+00;-4.718918e+00
4;0.400000;-3.677144e+00;6.996294e+00;9.026896e+00;2.098987e-01;-7.181352e+00;-1.825861e+00;3.430489e+00;-6.333768e+00;-1.019397e+00;-2.314878e+00;9.273856e+00;3.848672e+00;-8.335383e-01;-2.006058e+00
5;0.500000;-2.946501e+00;3.684983e+00;5.522882e+00;2.983773e-02;-6.081622e+00;-4.655045e+00;7.215991e+00;-2.658365e+00;1.527112e+00;-2.122459e+00;8.626039e+00;6.447514e+00;-8.718624e-01;2.918930e-01
