frameIndex;frameTime;pcm_fftMag_mfcc[0];pcm_fftMag_mfcc[1];pcm_fftMag_mfcc[2];pcm_fftMag_mfcc[3];pcm_fftMag_mfcc[4];pcm_fftMag_mfcc[5];pcm_fftMag_mfcc[6];pcm_fftMag_mfcc[7];pcm_fftMag_mfcc[8];pcm_fftMag_mfcc[9];pcm_fftMag_mfcc[10];pcm_fftMag_mfcc[11];pcm_fftMag_mfcc[12];pcm_fftMag_mfcc[13]
0;0.000000;-2.728790e+00;-9.119267e+00;-2.373494e+00;2.048539e+00;3.729947e+00;4.307993e+00;-3.906974e+00;-2.010512e-01;1.378098e-01;2.820708e+00;-2.930372e+00;1.683465e+00;-4.587593e-01;4.601868e+00
1;0.100000;-2.489962e+00;-5.913316e+00;-1.796963e-01;2.729094e-01;7.043977e-01;1.483339e+00;6.679535e-01;2.344068e+00;-4.666712e+00;3.100362e+00;-3.412508e+00;2.507601e+00;-4.934467e-01;4.003807e+00
2;0.200000;-4.317871e-01;-1.336874e+00;2.493892e+00;-1.702237e+00;-3.331595e+00;-1.508329e+00;2.672591e+00;3.580857e+00;-7.096094e+00;1.027778e+00;-2.809087e+00;3.079235e+00;-1.872149e+00;2.014305e+00
3;0.300000;2.036235e+00;2.696596e+00;1.791353e+00;-9.807253e-01;-3.298068e+00;-3.878189e+00;8.616381e-01;-6.975613e-01;-1.871364e+00;-1.460670e+00;8.390875e-01;-6.237390e-01;-1.336312e+00;-1.516609e+00
4;0.400000;1.863806e+00;5.669867e+00;-1.175738e+00;-5.694970e-01;-5.398419e-01;-1.304318e+00;-1.301011e+00;-3.241877e+00;5.175878e+00;-2.444130e+00;3.409774e+00;-3.642421e+00;1.954754e+00;-3.415604e+00
5;0.500000;1.750499e+00;8.002996e+00;-5.563154e-01;9.310104e-01;2.735158e+00;8.995055e-01;1.005797e+00;-1.784435e+00;8.320481e+00;-3.044048e+00;4.903106e+00;-3.004142e+00;2.205913e+00;-5.687798e+00
