frameIndex;frameTime;pcm_fftMag_mfcc[0];pcm_fftMag_mfcc[1];pcm_fftMag_mfcc[2];pcm_fftMag_mfcc[3];pcm_fftMag_mfcc[4];pcm_fftMag_mfcc[5];pcm_fftMag_mfcc[6];pcm_fftMag_mfcc[7];pcm_fftMag_mfcc[8];pcm_fftMag_mfcc[9];pcm_fftMag_mfcc[10];pcm_fftMag_mfcc[11];pcm_fftMag_mfcc[12];pcm_fftMag_mfcc[13]
0;0.000000;1.152652e+00;2.262907e+00;1.059689e+01;3.186733e+00;-3.893821e+00;-2.911714e+00;-2.292812e+00;-7.026815e-01;-7.626881e+00;-1.340971e+00;2.750869e+00;1.619953e+00;-4.251627e-01;2.866005e+00
1;0.100000;2.830910e+00;-3.289386e+00;5.124969e+00;-1.229525e+00;-3.270292e+00;-1.692742e+00;-1.669871e+00;4.284599e+00;-4.707074e+00;-3.155494e-01;-4.287562e+00;2.031492e+00;-1.434120e-01;3.866470e+00
2;0.200000;2.666950e-02;-5.942947e+00;-3.273282e+00;-3.950114e+00;-3.596141e+00;-1.823318e+00;-2.057062e+00;4.242640e+00;-9.025192e-01;-1.815179e+00;-6.610304e+00;8.198552e-01;-1.268193e+00;2.881111e+00
3;0.300000;-2.579013e+00;-3.731990e+00;-5.437302e+00;-1.895470e+00;-5.128684e-01;2.405930e-01;1.793223e+00;5.260282e+00;5.244370e+00;-3.164768e+00;-2.815302e+00;-5.567117e-01;1.819562e+00;-1.336136e-01
4;0.400000;-1.497768e+00;4.810385e+00;-3.784666e+00;4.486650e+00;4.400526e+00;1.162056e+00;1.327043e+00;-1.019848e+00;6.562368e+00;7.339478e-02;3.429332e+00;-1.725905e+00;2.868432e+00;-4.403526e+00
5;0.500000;6.655216e-02;5.891031e+00;-3.226609e+00;-5.982738e-01;6.872599e+00;5.025124e+00;2.899480e+00;-1.206499e+01;1.429734e+00;6.563073e+00;7.532968e+00;-2.188680e+00;-2.851225e+00;-5.076408e+00
