frameIndex;frameTime;pcm_fftMag_mfcc[0];pcm_fftMag_mfcc[1];pcm_fftMag_mfcc[2];pcm_fftMag_mfcc[3];pcm_fftMag_mfcc[4];pcm_fftMag_mfcc[5];pcm_fftMag_mfcc[6];pcm_fftMag_mfcc[7];pcm_fftMag_mfcc[8];pcm_fftMag_mfcc[9];pcm_fftMag_mfcc[10];pcm_fftMag_mfcc[11];pcm_fftMag_mfcc[12];pcm_fftMag_mfcc[13]
0;0.000000;4.492065e+00;-7.614422e+00;2.333532e+00;-3.912035e+00;2.694132e+00;-4.120328e+00;3.903945e+00;6.729706e+00;-2.148683e+00;2.971996e+00;7.703016e-01;4.852000e+00;-2.510025e+00;-6.592865e-01
1;0.100000;7.938175e-01;-5.844860e-01;-8.097330e-01;3.548566e+00;-3.794588e+00;-2.821162e+00;6.116518e+00;2.476028e+00;1.238085e+00;4.426117e-01;1.882862e+00;2.224503e+00;-2.025996e+00;-1.509857e-02
2;0.200000;-3.236887e+00;4.916255e+00;-1.228906e+00;5.680661e+00;-3.552029e+00;-3.087290e+00;6.098940e+00;2.196535e+00;2.139256e+00;-3.665664e-01;2.018403e+00;1.467315e+00;-1.950707e+00;-3.392181e-01
3;0.300000;-4.199350e+00;5.283604e+00;-5.891628e-01;2.221571e+00;5.286274e-01;1.390258e+00;-1.748503e+00;-3.089160e+00;-1.797438e-02;-1.664398e+00;2.769382e-01;-1.642574e+00;3.964021e-01;3.682327e-01
4;0.400000;-1.261759e+00;1.313567e+00;-4.028995e-01;-2.460200e+00;1.017750e+00;3.490324e+00;-7.235645e+00;-5.006452e+00;2.259259e-01;-1.151596e+00;-2.414437e+00;-3.621871e+00;2.596761e+00;1.388992e+00
5;0.500000;3.412107e+00;-3.314518e+00;6.971689e-01;-5.078563e+00;3.106121e+00;5.148198e+00;-7.135256e+00;-3.306653e+00;-1.436609e+00;-2.320487e-01;-2.534066e+00;-3.279372e+00;3.493564e+00;-7.436371e-01
