frameIndex;frameTime;pcm_fftMag_mfcc[0];pcm_fftMag_mfcc[1];pcm_fftMag_mfcc[2];pcm_fftMag_mfcc[3];pcm_fftMag_mfcc[4];pcm_fftMag_mfcc[5];pcm_fftMag_mfcc[6];pcm_fftMag_mfcc[7];pcm_fftMag_mfcc[8];pcm_fftMag_mfcc[9];pcm_fftMag_mfcc[10];pcm_fftMag_mfcc[11];pcm_fftMag_mfcc[12];pcm_fftMag_mfcc[13]
0;0.000000;3.099417e+00;-1.405761e+00;-1.243591e+01;6.333248e+00;3.307864e+00;5.736052e+00;1.169931e+00;1.641451e+00;3.788118e+00;-1.618504e+00;-1.803013e+00;-4.618609e-01;4.352860e+00;-1.828392e+00
1;0.100000;4.848851e+00;-6.035557e+00;-7.494039e+00;2.634272e+00;4.370995e+00;3.774047e+00;5.643039e-01;3.264341e+00;6.122568e-01;-5.149336e-01;-3.002855e+00;-2.791018e-01;5.513799e+00;6.647034e-01
2;0.200000;2.311937e+00;-5.225804e+00;-3.811229e+00;3.064117e-01;5.597575e-01;-4.714489e-01;1.455428e+00;7.335188e-01;1.372738e-01;-3.335452e-01;-1.755126e+00;1.465782e+00;7.933674e-01;1.783661e+00
3;0.300000;-2.552810e+00;6.627872e-01;3.936752e+00;-3.427731e+00;-4.684555e+00;-4.359561e+00;9.026899e-01;-5.500031e-02;-1.270025e+00;9.489250e-02;2.272619e+00;6.385396e-01;-4.266726e+00;1.646812e+00
4;0.400000;-5.604259e+00;7.330376e+00;1.204716e+01;-4.718983e+00;-6.097449e+00;-3.287124e+00;5.654535e-01;-2.201835e+00;-2.427896e+00;3.083392e+00;4.876487e+00;-1.058984e+00;-5.843129e+00;-6.438828e-01
5;0.500000;-2.103136e+00;4.673958e+00;7.757266e+00;-1.127216e+00;2.543389e+00;-1.391965e+00;-4.657803e+00;-3.382475e+00;-8.397264e-01;-7.113047e-01;-5.881062e-01;-3.043733e-01;-5.501711e-01;-1.622894e+00
