frameIndex;frameTime;pcm_fftMag_mfcc[0];pcm_fftMag_mfcc[1];pcm_fftMag_mfcc[2];pcm_fftMag_mfcc[3];pcm_fftMag_mfcc[4];pcm_fftMag_mfcc[5];pcm_fftMag_mfcc[6];pcm_fftMag_mfcc[7];pcm_fftMag_mfcc[8];pcm_fftMag_mfcc[9];pcm_fftMag_mfcc[10];pcm_fftMag_mfcc[11];pcm_fftMag_mfcc[12];pcm_fftMag_mfcc[13]
0;0.000000;-1.222520e-01;1.341628e+00;-2.862415e-01;5.196658e+00;4.477203e+00;-3.619495e+00;9.901865e+00;-3.523116e+00;-3.031373e-01;6.799953e+00;-3.628518e+00;2.422934e-01;2.908241e+00;-6.097649e+00
1;0.100000;1.693837e+00;3.956830e+00;-1.765677e+00;-3.315924e+00;-3.850384e-01;-2.521000e+00;6.889744e+00;1.105108e+00;-9.500113e-01;3.227339e+00;-4.259291e+00;-7.745223e-01;2.129738e+00;-4.692566e+00
2;0.200000;1.703032e+00;4.990082e-01;-1.190035e+00;-5.341607e+00;-4.131964e+00;6.754577e-01;-1.752460e+00;3.758534e+00;-1.227526e+00;-6.646862e-01;-4.159496e-01;-7.875528e-01;-3.555708e-01;5.793762e-01
3;0.300000;2.911153e-01;-1.983427e+00;-9.012604e-02;-1.543980e+00;-3.288700e+00;2.140142e+00;-5.480213e+00;1.608607e+00;4.350119e-01;-3.088871e+00;1.954326e+00;-1.219515e+00;-1.881945e+00;4.197235e+00
4;0.400000;-1.159282e+00;-2.417843e+00;1.326054e+00;1.785781e+00;-2.860641e-01;2.154479e+00;-5.894085e+00;-1.266297e+00;8.436821e-01;-3.671524e+00;3.058254e+00;2.825322e-01;-1.903075e+00;4.596344e+00
5;0.500000;-2.406452e+00;-1.396197e+00;2.006030e+00;3.219071e+00;3.614560e+00;1.170415e+00;-3.664841e+00;-1.682834e+00;1.201981e+00;-2.602209e+00;3.291179e+00;2.256763e+00;-8.973923e-01;1.417305e+00
