frameIndex;frameTime;pcm_fftMag_mfcc[0];pcm_fftMag_mfcc[1];pcm_fftMag_mfcc[2];pcm_fftMag_mfcc[3];pcm_fftMag_mfcc[4];pcm_fftMag_mfcc[5];pcm_fftMag_mfcc[6];pcm_fftMag_mfcc[7];pcm_fftMag_mfcc[8];pcm_fftMag_mfcc[9];pcm_fftMag_mfcc[10];pcm_fftMag_mfcc[11];pcm_fftMag_mfcc[12];pcm_fftMag_mfcc[13]
0;0.000000;1.232038e+00;1.496772e+00;1.108629e+01;-1.613651e+00;-7.365002e+00;2.548973e+00;-7.517425e+00;-3.344940e+00;6.248117e+00;2.117867e+00;3.998890e+00;4.796523e+00;-3.592005e+00;-2.149658e-01
1;0.100000;7.854490e-01;4.516672e+00;1.296891e+01;-2.706322e+00;-6.943541e+00;9.187402e-01;-5.578871e+00;-5.551180e+00;1.238347e+00;4.634008e-01;6.690681e+00;3.570466e+00;1.053572e+00;-2.952042e+00
2;0.200000;4.458848e+00;-3.942065e+00;1.895991e+00;-2.508450e-02;2.042420e+00;3.065332e+00;-4.519274e+00;1.992799e+00;-5.959631e+00;9.540668e-01;-1.078804e+00;1.306758e+00;3.236269e+00;-2.128441e+00
3;0.300000;1.769288e+00;-5.762479e+00;-5.950853e+00;9.728632e-01;3.337338e+00;1.391660e+00;1.908771e+00;4.148133e+00;-3.441224e+00;-6.995544e-01;-2.796225e+00;-4.555719e+00;1.663879e+00;1.386429e+00
4;0.400000;-2.226059e+00;-1.136032e+00;-1.020750e+01;2.120670e+00;3.552933e+00;-2.738230e+00;7.227444e+00;5.823069e-01;4.420388e-01;-2.040996e+00;-3.873794e+00;-3.900544e+00;-9.308810e-01;3.078590e+00
5;0.500000;-6.019567e+00;4.827133e+00;-9.792843e+00;1.251530e+00;5.375851e+00;-5.186476e+00;8.479350e+00;2.172881e+00;1.472354e+00;-7.947855e-01;-2.940752e+00;-1.217486e+00;-1.430833e+00;8.304596e-01
