frameIndex;frameTime;pcm_fftMag_mfcc[0];pcm_fftMag_mfcc[1];pcm_fftMag_mfcc[2];pcm_fftMag_mfcc[3];pcm_fftMag_mfcc[4];pcm_fftMag_mfcc[5];pcm_fftMag_mfcc[6];pcm_fftMag_mfcc[7];pcm_fftMag_mfcc[8];pcm_fftMag_mfcc[9];pcm_fftMag_mfcc[10];pcm_fftMag_mfcc[11];pcm_fftMag_mfcc[12];pcm_fftMag_mfcc[13]
0;0.000000;5.265584e-01;2.487309e+00;6.725141e+00;-3.838310e-01;-3.652472e-01;2.064297e-01;-3.153900e+00;-8.499242e+00;-6.863050e-01;-8.417501e-01;3.993457e+00;3.077892e+00;6.424769e-01;-3.517334e+00
1;0.100000;-3.831717e+00;3.316653e+00;7.972356e+00;-6.723976e-02;1.518127e+00;-3.376930e+00;3.945484e-01;-2.264089e+00;-1.708709e+00;-5.199490e-01;5.829281e+00;-3.115749e-01;-4.116001e-01;-1.530846e+00
2;0.200000;-3.122959e+00;-4.220461e-01;7.343382e-01;-2.593180e+00;4.530790e+00;-1.659092e+00;3.133880e+00;3.066803e+00;1.061093e+00;-1.971554e+00;1.449588e+00;-3.153929e+00;-7.482671e-01;2.714081e-01
3;0.300000;7.158718e-01;-3.471760e+00;-6.179274e+00;-2.355145e+00;2.692112e+00;8.967273e-01;6.918850e-01;4.007074e+00;2.419775e+00;-7.512856e-01;-5.100765e+00;-1.794518e+00;-8.152246e-01;1.507111e+00
4;0.400000;2.869995e+00;-2.429285e+00;-6.079845e+00;1.744217e+00;-3.028897e+00;2.609993e+00;-9.896698e-01;3.447300e+00;3.867149e-02;1.501278e+00;-5.244796e+00;2.037458e-01;1.149922e+00;2.393082e+00
5;0.500000;2.842249e+00;5.191286e-01;-3.172716e+00;3.655184e+00;-5.346884e+00;1.322870e+00;-7.674599e-02;2.421526e-01;-1.124523e+00;2.583252e+00;-9.267635e-01;1.978382e+00;1.826923e-01;8.765411e-01
