frameIndex;frameTime;pcm_fftMag_mfcc[0];pcm_fftMag_mfcc[1];pcm_fftMag_mfcc[2];pcm_fftMag_mfcc[3];pcm_fftMag_mfcc[4];pcm_fftMag_mfcc[5];pcm_fftMag_mfcc[6];pcm_fftMag_mfcc[7];pcm_fftMag_mfcc[8];pcm_fftMag_mfcc[9];pcm_fftMag_mfcc[10];pcm_fftMag_mfcc[11];pcm_fftMag_mfcc[12];pcm_fftMag_mfcc[13]
0;0.000000;1.533125e+00;-3.274116e+00;1.055771e+00;3.959465e+00;-2.836810e+00;-7.846900e+00;-3.236377e+00;4.434054e+00;-1.441643e+00;3.178730e-01;-5.207358e+00;-1.253011e+00;4.944945e+00;2.061783e+00
1;0.100000;-1.340696e+00;-4.387781e-01;1.685123e-01;7.367949e+00;-2.261796e-01;-6.739043e+00;3.095037e+00;3.550727e+00;4.864752e+00;1.415940e+00;-3.942933e+00;1.068828e+00;4.452294e+00;1.347961e-01
2;0.200000;-2.454235e+00;3.693855e+00;-3.708834e+00;5.992338e+00;2.414401e+00;-2.785139e-01;4.779610e+00;-2.380843e+00;6.612031e+00;1.311427e+00;-7.219759e-01;-7.626152e-02;-4.067438e+00;-1.743103e+00
3;0.300000;-4.159622e-01;1.983732e+00;-2.956081e+00;1.182022e-01;2.062411e+00;2.707187e+00;2.676797e+00;-2.795382e+00;2.388134e+00;3.401828e-01;1.600566e+00;-1.042012e+00;-6.948129e+00;1.074142e-01
4;0.400000;1.555757e+00;-3.209139e-01;5.629292e-01;-5.766022e+00;4.929285e-01;4.623240e+00;-1.715808e+00;-1.415708e+00;-3.623420e+00;-7.787886e-01;3.185694e+00;-6.494141e-01;-1.885743e+00;3.734589e-02
5;0.500000;1.122017e+00;-1.643780e+00;4.877695e+00;-1.167194e+01;-1.906751e+00;7.534036e+00;-5.599257e+00;-1.392847e+00;-8.799855e+00;-2.606635e+00;5.086008e+00;1.951867e+00;3.504071e+00;-5.982208e-01
