frameIndex;frameTime;pcm_fftMag_mfcc[0];pcm_fftMag_mfcc[1];pcm_fftMag_mfcc[2];pcm_fftMag_mfcc[3];pcm_fftMag_mfcc[4];pcm_fftMag_mfcc[5];pcm_fftMag_mfcc[6];pcm_fftMag_mfcc[7];pcm_fftMag_mfcc[8];pcm_fftMag_mfcc[9];pcm_fftMag_mfcc[10];pcm_fftMag_mfcc[11];pcm_fftMag_mfcc[12];pcm_fftMag_mfcc[13]
0;0.000000;-3.387785e+00;-4.428223e+00;4.649296e+00;1.072878e+00;-1.803430e+00;-9.345092e+00;8.651671e-01;6.945742e+00;-6.627097e+00;1.614995e+00;-6.264182e+00;1.834623e+00;3.076105e+00;3.998581e+00
1;0.100000;1.074684e+00;-1.832586e+00;1.375895e-01;2.537798e+00;-6.000912e+00;-4.246997e+00;-7.207947e-01;2.886278e+00;-2.336383e-01;-3.161826e+00;-1.576832e+00;-1.354059e+00;5.209875e+00;2.356110e-01
2;0.200000;1.610936e+00;1.650680e+00;-2.627907e-01;1.472282e+00;-5.005100e+00;1.349654e+00;-2.080005e+00;-1.652636e+00;4.626710e+00;-2.672871e+00;2.100091e+00;-3.630225e+00;3.728623e+00;-1.727951e+00
3;0.300000;4.354436e-01;2.284713e+00;-5.821438e-01;-1.043718e+00;4.288005e+00;3.965993e+00;3.281760e-01;-4.360977e+00;1.295489e+00;9.811077e-01;4.812063e+00;-4.272265e-01;-3.927877e+00;-1.671440e+00
4;0.400000;2.667208e-01;2.325416e+00;-3.941948e+00;-4.039240e+00;8.521439e+00;8.276438e+00;1.607454e+00;-3.818405e+00;9.385350e-01;3.238593e+00;9.288621e-01;3.576890e+00;-8.086726e+00;-8.348083e-01
