frameIndex;frameTime;pcm_fftMag_mfcc[0];pcm_fftMag_mfcc[1];pcm_fftMag_mfcc[2];pcm_fftMag_mfcc[3];pcm_fftMag_mfcc[4];pcm_fftMag_mfcc[5];pcm_fftMag_mfcc[6];pcm_fftMag_mfcc[7];pcm_fftMag_mfcc[8];pcm_fftMag_mfcc[9];pcm_fftMag_mfcc[10];pcm_fftMag_mfcc[11];pcm_fftMag_mfcc[12];pcm_fftMag_mfcc[13]
0;0.000000;-2.587714e+00;1.232448e+00;-1.386821e+00;-5.643454e-01;-1.043514e+00;-1.476513e+00;-4.166183e-01;-4.594157e+00;5.275272e+00;2.916773e+00;-3.820866e+00;-3.105520e+00;-1.039892e+00;3.366295e+00
1;0.100000;-3.674601e+00;4.592078e+00;3.429838e+00;-4.150466e+00;-5.426199e+00;-8.887177e-01;6.093461e+00;-3.875473e+00;-1.626766e+00;4.153252e-04;-5.249033e-01;-3.456923e+00;-4.180232e+00;1.972382e+00
2;0.200000;-3.696054e+00;1.849607e+00;3.729137e+00;-8.812380e-01;-1.567211e-01;-4.124422e+00;2.843612e+00;-1.442320e+00;-2.557068e-01;-5.667126e-01;-3.976059e-02;-1.718671e+00;-1.886828e+00;9.873199e-01
3;0.300000;-6.324863e-01;3.082047e-01;1.156577e+00;1.155705e+00;5.057099e+00;-1.164204e+00;2.648355e+00;-1.474243e+00;-7.289829e-01;1.088358e+00;4.056315e+00;2.232733e+00;1.238719e+00;-5.751877e-01
4;0.400000;4.234542e+00;-2.103095e+00;-4.978964e+00;5.742817e-01;1.125910e+00;3.527097e+00;-2.090850e+00;-2.464771e-03;-2.834438e+00;-9.200463e-01;1.114751e+00;2.421627e+00;1.942872e+00;-3.611755e+00
5;0.500000;6.356316e+00;-5.879244e+00;-1.949768e+00;3.866055e+00;4.434204e-01;4.126758e+00;-9.077968e+00;1.138866e+01;1.706161e-01;-2.518788e+00;-7.855380e-01;3.626752e+00;3.925363e+00;-2.139023e+00
