frameIndex;frameTime;pcm_fftMag_mfcc[0];pcm_fftMag_mfcc[1];pcm_fftMag_mfcc[2];pcm_fftMag_mfcc[3];pcm_fftMag_mfcc[4];pcm_fftMag_mfcc[5];pcm_fftMag_mfcc[6];pcm_fftMag_mfcc[7];pcm_fftMag_mfcc[8];pcm_fftMag_mfcc[9];pcm_fftMag_mfcc[10];pcm_fftMag_mfcc[11];pcm_fftMag_mfcc[12];pcm_fftMag_mfcc[13]
0;0.000000;4.268124e+00;-3.177651e+00;2.974856e+00;9.425488e-01;1.598740e-02;-4.232870e+00;2.227784e+00;2.549998e+00;-6.573653e+00;4.337540e+00;-2.015077e+00;9.791490e-01;-1.421357e+00;-6.264709e+00
1;0.100000;1.287845e+00;-3.953181e+00;2.280462e+00;-1.118484e+00;3.778806e+00;-4.089672e+00;5.151614e+00;-2.210188e+00;-5.513315e-01;-1.276541e-01;-6.437778e-01;2.592663e+00;-2.421597e+00;-2.679008e+00
2;0.200000;9.836597e-01;-3.448602e+00;-1.645577e+00;-2.234020e-01;2.613017e+00;-5.043316e-01;4.103432e+00;-1.660120e+00;-6.826859e-01;5.010223e-01;-4.340725e-01;3.079841e+00;2.287731e-01;1.606895e+00
3;0.300000;3.347950e-01;9.930161e-01;-5.666883e+00;3.346425e+00;-1.136132e+00;1.874088e+00;1.512176e+00;-6.008430e-01;-5.276775e-02;-2.628536e-01;1.436203e+00;3.659301e-01;2.395893e+00;3.468849e+00
4;0.400000;-1.649907e+00;4.987662e+00;-3.669250e+00;1.078476e+00;-2.338830e+00;2.957283e+00;-3.986808e+00;8.564353e-01;2.797270e+00;-3.110865e+00;2.113263e+00;-1.920788e+00;1.536365e+00;2.648399e+00
5;0.500000;-5.224516e+00;4.598756e+00;5.726389e+00;-4.025560e+00;-2.932848e+00;3.995502e+00;-9.008196e+00;1.064718e+00;5.063165e+00;-1.337193e+00;-4.565382e-01;-5.096795e+00;-3.180785e-01;1.219536e+00
