frameIndex;frameTime;pcm_fftMag_mfcc[0];pcm_fftMag_mfcc[1];pcm_fftMag_mfcc[2];pcm_fftMag_mfcc[3];pcm_fftMag_mfcc[4];pcm_fftMag_mfcc[5];pcm_fftMag_mfcc[6];pcm_fftMag_mfcc[7];pcm_fftMag_mfcc[8];pcm_fftMag_mfcc[9];pcm_fftMag_mfcc[10];pcm_fftMag_mfcc[11];pcm_fftMag_mfcc[12];pcm_fftMag_mfcc[13]
0;0.000000;-9.738026e-01;2.088239e+00;8.231639e-01;-3.572592e+00;-5.543049e+00;5.044789e-01;5.663300e-02;-4.236386e+00;-2.536164e+00;7.963548e-01;5.655360e-01;-1.165436e+00;4.079690e+00;3.269531e+00
1;0.100000;-5.556383e-01;2.917068e+00;-1.932662e+00;-6.614389e+00;-7.687435e-01;4.973230e-01;-3.982794e+00;-4.519570e+00;-6.697254e-01;-4.589987e-01;-2.483233e+00;-6.633816e-01;1.874900e+00;3.765282e+00
2;0.200000;-2.160692e-01;1.196617e+00;-1.371705e+00;-2.504406e+00;2.443938e+00;-1.208257e+00;-2.009071e+00;-7.436180e-02;3.888626e-01;2.485619e-01;-1.217130e+00;9.046171e-01;-4.411411e-01;2.183266e+00
3;0.300000;-3.974056e-02;-2.130555e+00;5.482400e-01;3.221706e+00;2.709314e+00;-1.741685e+00;1.652250e+00;4.289640e+00;9.589410e-01;7.586846e-01;1.940932e-01;8.940582e-01;-3.144571e+00;-1.903374e+00
4;0.400000;1.785252e+00;-4.071368e+00;1.932963e+00;9.469684e+00;1.158540e+00;1.948141e+00;4.282978e+00;4.540678e+00;1.858086e+00;-1.344604e+00;2.940735e+00;3.014231e-02;-2.368877e+00;-7.314705e+00
