frameIndex;frameTime;pcm_fftMag_mfcc[0];pcm_fftMag_mfcc[1];pcm_fftMag_mfcc[2];pcm_fftMag_mfcc[3];pcm_fftMag_mfcc[4];pcm_fftMag_mfcc[5];pcm_fftMag_mfcc[6];pcm_fftMag_mfcc[7];pcm_fftMag_mfcc[8];pcm_fftMag_mfcc[9];pcm_fftMag_mfcc[10];pcm_fftMag_mfcc[11];pcm_fftMag_mfcc[12];pcm_fftMag_mfcc[13]
0;0.000000;-1.158081e+00;3.004835e+00;-5.821349e+00;7.151793e+00;-1.666381e+00;-4.192457e-01;5.391725e+00;2.330959e+00;8.205046e+00;-1.024596e+01;5.098797e+00;-3.991158e+00;4.519607e+00;8.479004e-01
1;0.100000;-1.539373e+00;3.977685e-01;-7.403784e-01;3.464861e-01;-5.587540e-01;-1.684664e+00;8.689173e-01;1.806942e+00;4.225062e+00;-3.799681e+00;1.641715e+00;-2.717306e+00;3.382066e+00;3.618851e-01
2;0.200000;-1.015943e+00;-2.287640e+00;-9.950684e-01;-1.607209e+00;2.807381e+00;-1.096376e+00;-1.623212e+00;2.014343e+00;-7.747383e-01;5.275491e+00;-1.968123e+00;6.005893e-01;-2.075005e+00;-7.929230e-02
3;0.300000;7.876835e-01;-1.920709e+00;-4.708231e+00;-2.537479e-01;4.649981e+00;-4.096508e-01;-2.582991e-02;1.456761e+00;-2.573912e+00;7.499353e+00;-1.154705e+00;1.416314e+00;-3.701230e+00;-7.608566e-01
4;0.400000;1.965641e+00;-9.721174e-01;2.064532e+00;-1.964896e+00;-6.787310e-01;2.728464e+00;-1.631124e+00;-3.295499e+00;-3.803867e+00;2.809463e+00;-8.036642e-01;1.957652e+00;-2.832952e+00;-2.848206e-01
5;0.500000;9.600706e-01;1.777864e+00;1.020050e+01;-3.672427e+00;-4.553491e+00;8.814745e-01;-2.980475e+00;-4.313508e+00;-5.277596e+00;-1.538668e+00;-2.814017e+00;2.733908e+00;7.075100e-01;-8.486176e-02
