frameIndex;frameTime;pcm_fftMag_mfcc[0];pcm_fftMag_mfcc[1];pcm_fftMag_mfcc[2];pcm_fftMag_mfcc[3];pcm_fftMag_mfcc[4];pcm_fftMag_mfcc[5];pcm_fftMag_mfcc[6];pcm_fftMag_mfcc[7];pcm_fftMag_mfcc[8];pcm_fftMag_mfcc[9];pcm_fftMag_mfcc[10];pcm_fftMag_mfcc[11];pcm_fftMag_mfcc[12];pcm_fftMag_mfcc[13]
0;0.000000;-1.643118e+00;-4.915609e+00;-1.761656e+00;-5.417233e+00;8.070898e-01;-1.367556e+00;1.418180e+00;-2.646291e+00;4.457103e+00;2.714377e+00;-6.746449e+00;6.290020e+00;-4.100721e+00;5.200348e+00
1;0.100000;-1.054645e+00;-1.763797e+00;3.243239e+00;-2.843935e+00;1.335847e+00;-5.239228e+00;-8.893471e-01;6.385710e-01;2.638725e+00;1.328474e+00;-1.236362e-01;1.290548e+00;-2.339542e+00;2.351379e+00
2;0.200000;-5.421724e-01;1.208860e+00;5.081530e+00;-2.025576e+00;6.611862e-01;-3.914515e+00;-1.913803e+00;3.148777e+00;-1.334875e+00;2.470846e-01;4.349998e+00;-4.005036e+00;-4.028883e-01;-2.271042e-01
3;0.300000;1.675478e+00;-8.343792e-02;9.871254e-01;-7.127180e-01;-1.598958e+00;2.786763e-01;-6.572847e-01;2.754848e+00;-1.561588e+00;-1.248021e+00;2.222418e+00;-3.118021e+00;3.712959e-01;-9.960480e-01
4;0.400000;7.414770e-01;2.088748e+00;-2.260905e+00;5.047205e+00;-3.134326e+00;3.121988e+00;9.119997e-01;6.819522e-01;7.873809e-02;-1.943321e+00;6.686115e-01;-8.869872e-01;5.828342e-01;-2.214035e+00
5;0.500000;8.229799e-01;3.465239e+00;-5.289331e+00;5.952254e+00;1.929162e+00;7.120634e+00;1.130257e+00;-4.577857e+00;-4.278102e+00;-1.098595e+00;-3.709440e-01;4.294748e-01;5.889019e+00;-4.114502e+00
