frameIndex;frameTime;pcm_fftMag_mfcc[0];pcm_fftMag_mfcc[1];pcm_fftMag_mfcc[2];pcm_fftMag_mfcc[3];pcm_fftMag_mfcc[4];pcm_fftMag_mfcc[5];pcm_fftMag_mfcc[6];pcm_fftMag_mfcc[7];pcm_fftMag_mfcc[8];pcm_fftMag_mfcc[9];pcm_fftMag_mfcc[10];pcm_fftMag_mfcc[11];pcm_fftMag_mfcc[12];pcm_fftMag_mfcc[13]
0;0.000000;-2.971915e+00;1.695768e+00;-6.177839e+00;4.661432e+00;6.785464e+00;1.594892e+00;7.302387e+00;6.772731e+00;-1.973238e+00;-1.115243e+01;3.976754e+00;-2.011529e+00;-1.172898e+00;2.153908e+00
1;0.100000;-4.707074e+00;6.855978e+00;-3.711889e+00;3.026629e+00;8.142385e+00;2.611288e+00;1.718559e+00;3.773788e+00;2.991083e-01;-8.643813e+00;7.586862e+00;1.499200e+00;2.246772e+00;1.010857e+00
2;0.200000;-2.328746e+00;7.186137e+00;1.656308e-01;1.257768e-01;1.081035e+00;1.654624e+00;-4.173201e+00;-6.886206e+00;2.956131e+00;1.581429e+00;5.289262e+00;-1.029329e+00;2.848360e+00;3.865662e-01
3;0.300000;1.215308e+00;-9.225464e-01;4.458455e+00;-3.358065e+00;-5.614964e+00;-2.936293e+00;-1.692287e+00;-4.908552e+00;-3.657846e-01;6.480733e+00;-2.763224e+00;-2.328386e-01;-4.038696e-01;1.628571e-01
4;0.400000;3.667076e+00;-6.307607e+00;6.062879e+00;-4.768252e+00;-6.758420e+00;-2.971809e+00;-2.149604e+00;1.492137e+00;-2.700129e+00;8.638454e+00;-7.744689e+00;1.775276e+00;-2.020810e+00;-1.273048e+00
5;0.500000;5.125352e+00;-8.507729e+00;-7.972364e-01;3.124766e-01;-3.635493e+00;4.729080e-02;-1.005857e+00;-2.438984e-01;1.783912e+00;3.095629e+00;-6.344959e+00;-7.820129e-04;-1.497554e+00;-2.441139e+00
