frameIndex;frameTime;pcm_fftMag_mfcc[0];pcm_fftMag_mfcc[1];pcm_fftMag_mfcc[2];pcm_fftMag_mfcc[3];pcm_fftMag_mfcc[4];pcm_fftMag_mfcc[5];pcm_fftMag_mfcc[6];pcm_fftMag_mfcc[7];pcm_fftMag_mfcc[8];pcm_fftMag_mfcc[9];pcm_fftMag_mfcc[10];pcm_fftMag_mfcc[11];pcm_fftMag_mfcc[12];pcm_fftMag_mfcc[13]
0;0.000000;-1.376102e+00;3.222309e+00;-6.292182e+00;3.785176e-01;-2.197525e+00;1.729330e+00;5.166064e+00;3.199253e+00;-7.313628e-01;6.427082e+00;8.523030e-01;-3.545803e+00;-6.753308e-01;1.885521e+00
1;0.100000;2.345168e+00;-1.649190e+00;-4.003989e+00;-2.184010e-02;-2.388017e+00;7.510080e-01;4.462686e+00;9.092388e-01;1.251987e+00;3.704754e+00;1.783687e+00;-3.705941e+00;3.776693e+00;-1.251221e-02
2;0.200000;2.005974e+00;-1.458249e+00;2.266091e+00;-2.704031e+00;-2.255898e+00;-3.774957e+00;3.849249e-01;-1.572197e+00;3.209041e+00;-2.519465e+00;-8.757129e-01;4.671164e-01;1.252213e+00;-1.525543e+00
3;0.300000;1.307561e+00;2.327557e-01;9.185577e+00;-1.562242e+00;-1.392127e+00;-3.598915e+00;-3.332354e+00;-3.212848e+00;-4.909678e-01;-2.216498e+00;-4.009624e-01;3.717114e+00;-2.309275e+00;-2.431877e+00
4;0.400000;3.866243e-01;-1.839753e+00;3.048695e+00;2.078023e-01;3.065893e+00;2.300787e+00;-4.993399e+00;-9.423614e-01;-1.986465e+00;-2.849370e+00;2.702284e-02;1.881360e+00;-1.176077e+00;-6.988525e-03
5;0.500000;-4.669227e+00;1.492128e+00;-4.204190e+00;3.701794e+00;5.167674e+00;2.592746e+00;-1.687918e+00;1.618914e+00;-1.252234e+00;-2.546501e+00;-1.386337e+00;1.186157e+00;-8.682235e-01;2.091377e+00
