frameIndex;frameTime;pcm_fftMag_mfcc[0];pcm_fftMag_mfcc[1];pcm_fftMag_mfcc[2];pcm_fftMag_mfcc[3];pcm_fftMag_mfcc[4];pcm_fftMag_mfcc[5];pcm_fftMag_mfcc[6];pcm_fftMag_mfcc[7];pcm_fftMag_mfcc[8];pcm_fftMag_mfcc[9];pcm_fftMag_mfcc[10];pcm_fftMag_mfcc[11];pcm_fftMag_mfcc[12];pcm_fftMag_mfcc[13]
0;0.000000;-4.552303e+00;3.335160e+00;8.436755e+00;-1.009158e+00;-6.232476e+00;-1.563102e+00;7.849548e+00;-3.953226e+00;-4.963892e+00;3.490646e+00;-3.784065e-01;-8.342943e-01;-1.144605e+00;1.715904e+00
1;0.100000;-1.646275e+00;-8.661103e-01;5.052977e+00;-6.162329e-01;-2.231538e+00;-1.657621e+00;2.185541e+00;-3.156931e+00;-4.297059e+00;7.710305e+00;-1.407592e+00;-3.820347e+00;1.240095e+00;1.253853e+00
2;0.200000;2.135733e+00;-4.219107e+00;-9.250596e-01;-1.836449e+00;3.252734e+00;1.808875e+00;-4.215870e+00;-3.367057e-01;-2.642250e+00;6.186077e+00;8.569355e-01;-4.309595e+00;3.137753e+00;-7.062454e-01
3;0.300000;3.754295e+00;-4.258428e+00;-3.633657e+00;-1.494208e+00;4.613249e+00;1.818126e+00;-7.110355e+00;3.957907e+00;1.300257e+00;-1.394295e+00;-3.988733e-01;6.310205e-01;1.374692e+00;-1.357635e+00
4;0.400000;1.389690e+00;-2.592897e-01;-3.726995e+00;8.719721e-01;1.784331e+00;6.702042e-02;-2.243212e+00;2.909494e+00;5.136818e+00;-6.617913e+00;-3.905821e-01;3.716066e+00;-1.341611e+00;-4.076233e-01
5;0.500000;-1.081139e+00;6.267775e+00;-5.204021e+00;4.084078e+00;-1.186300e+00;-4.732981e-01;3.534350e+00;5.794616e-01;5.466126e+00;-9.374821e+00;1.718513e+00;4.617152e+00;-3.266325e+00;-4.982834e-01
