frameIndex;frameTime;pcm_fftMag_mfcc[0];pcm_fftMag_mfcc[1];pcm_fftMag_mfcc[2];pcm_fftMag_mfcc[3];pcm_fftMag_mfcc[4];pcm_fftMag_mfcc[5];pcm_fftMag_mfcc[6];pcm_fftMag_mfcc[7];pcm_fftMag_mfcc[8];pcm_fftMag_mfcc[9];pcm_fftMag_mfcc[10];pcm_fftMag_mfcc[11];pcm_fftMag_mfcc[12];pcm_fftMag_mfcc[13]
0;0.000000;-5.411041e+00;3.726841e+00;-4.447227e+00;2.705364e-01;2.133652e+00;-4.906979e-01;2.821348e+00;-4.105407e+00;2.868389e+00;2.396140e+00;-4.706153e+00;1.254969e-01;2.099452e+00;1.362000e+00
1;0.100000;-9.977784e-01;1.435327e+00;-3.924824e+00;-2.019581e+00;1.326720e+00;8.141069e-01;5.443563e-01;1.293683e-01;9.041982e-01;2.535858e-01;1.176103e+00;-7.642975e-01;-1.393339e+00;1.999596e+00
2;0.200000;2.999244e+00;-2.878100e+00;1.533804e+00;-6.554289e-01;-1.813737e+00;2.030906e+00;-2.432965e+00;3.955499e+00;-2.454841e+00;-4.387307e-01;2.352068e+00;-1.474634e+00;-1.043446e+00;4.255676e-02
3;0.300000;3.409576e+00;-2.284067e+00;6.838248e+00;2.404474e+00;-1.646634e+00;-2.354317e+00;-9.327393e-01;2.054024e-02;-1.317746e+00;-2.210996e+00;1.177982e+00;2.113434e+00;3.373327e-01;-3.404160e+00
