frameIndex;frameTime;pcm_fftMag_mfcc[0];pcm_fftMag_mfcc[1];pcm_fftMag_mfcc[2];pcm_fftMag_mfcc[3];pcm_fftMag_mfcc[4];pcm_fftMag_mfcc[5];pcm_fftMag_mfcc[6];pcm_fftMag_mfcc[7];pcm_fftMag_mfcc[8];pcm_fftMag_mfcc[9];pcm_fftMag_mfcc[10];pcm_fftMag_mfcc[11];pcm_fftMag_mfcc[12];pcm_fftMag_mfcc[13]
0;0.000000;2.659050e+00;-2.354731e+00;-2.169193e+00;-3.331710e+00;-1.137978e+00;-3.033984e+00;-3.901937e+00;-3.031957e+00;-1.507822e+00;2.466773e+00;1.208664e+00;-7.598548e-01;-6.571660e-01;1.653313e+00
1;0.100000;1.908317e+00;7.921495e-01;-6.541252e-03;-3.116439e+00;-3.302529e+00;-2.650529e+00;-2.166981e+00;2.345568e-01;6.206346e-01;4.257679e-01;1.251313e+00;9.292946e-01;-7.134609e-01;5.126572e-01
2;0.200000;3.797831e+00;-1.243287e+00;-4.380016e-01;-2.785765e+00;-2.286797e-01;2.046352e+00;1.459392e+00;-9.809408e-01;-2.578322e-01;2.308688e+00;1.075447e+00;2.161248e+00;4.119382e-01;-1.846954e+00
3;0.300000;8.607254e-01;-1.984971e+00;2.515755e-01;2.532874e+00;5.320468e+00;5.093449e+00;4.678512e+00;9.771183e-01;-1.434238e+00;4.752638e-01;-1.209492e+00;2.905340e-01;2.750125e-01;-2.769394e+00
4;0.400000;-4.734255e+00;1.654677e+00;2.012038e+00;6.429861e+00;3.905382e+00;1.889362e+00;8.220139e-01;1.485302e+00;4.427536e-01;-3.509295e+00;-2.141441e+00;-1.441873e+00;8.519368e-01;-2.100220e-01
5;0.500000;-4.491667e+00;3.136159e+00;3.501225e-01;2.711799e-01;-4.556663e+00;-3.344651e+00;-8.909988e-01;1.315920e+00;2.136504e+00;-2.167197e+00;-1.844897e-01;-1.179349e+00;-1.682596e-01;2.660431e+00
