frameIndex;frameTime;pcm_fftMag_mfcc[0];pcm_fftMag_mfcc[1];pcm_fftMag_mfcc[2];pcm_fftMag_mfcc[3];pcm_fftMag_mfcc[4];pcm_fftMag_mfcc[5];pcm_fftMag_mfcc[6];pcm_fftMag_mfcc[7];pcm_fftMag_mfcc[8];pcm_fftMag_mfcc[9];pcm_fftMag_mfcc[10];pcm_fftMag_mfcc[11];pcm_fftMag_mfcc[12];pcm_fftMag_mfcc[13]
0;0.000000;1.574198e+00;-5.424490e-01;-6.771927e-01;2.068029e+00;-9.068836e+00;1.196244e+00;4.711316e+00;7.318056e-01;1.330393e+00;-4.931231e-01;4.494867e-01;1.279078e+00;-1.544088e+00;3.193100e+00
1;0.100000;-2.659291e+00;3.492658e+00;-2.829054e+00;2.903591e+00;-7.769984e+00;1.195766e+00;4.400922e+00;1.238921e+00;-1.211624e-01;-1.763767e+00;1.360608e+00;-1.236767e+00;-1.760280e+00;1.826462e+00
2;0.200000;-7.336711e+00;7.356167e+00;5.039387e-01;2.093993e+00;-5.991153e+00;2.597989e+00;1.495553e+00;-1.559119e-01;3.722708e-01;7.878304e-03;2.088938e+00;-1.701158e+00;-1.586168e+00;-2.985718e+00
3;0.300000;-2.334315e+00;2.433820e+00;-2.124039e+00;4.436588e-01;3.374962e+00;4.638400e-01;-3.121544e+00;-4.673347e-01;4.531908e-02;7.839966e-01;-2.045298e-01;1.641386e+00;3.122630e-01;-1.723282e+00
4;0.400000;3.347562e+00;-4.395476e+00;1.077732e+00;-3.505358e+00;9.059953e+00;-3.407729e+00;-2.056558e+00;-2.191264e+00;4.547596e-01;1.666555e-01;-1.558039e+00;8.975673e-01;1.746411e+00;1.729431e-01
5;0.500000;7.408562e+00;-8.344719e+00;4.048619e+00;-4.003908e+00;1.039506e+01;-2.046109e+00;-5.429688e+00;8.437836e-01;-2.081581e+00;1.298361e+00;-2.136460e+00;-8.801066e-01;2.831862e+00;-4.835281e-01
