frameIndex;frameTime;pcm_fftMag_mfcc[0];pcm_fftMag_mfcc[1];pcm_fftMag_mfcc[2];pcm_fftMag_mfcc[3];pcm_fftMag_mfcc[4];pcm_fftMag_mfcc[5];pcm_fftMag_mfcc[6];pcm_fftMag_mfcc[7];pcm_fftMag_mfcc[8];pcm_fftMag_mfcc[9];pcm_fftMag_mfcc[10];pcm_fftMag_mfcc[11];pcm_fftMag_mfcc[12];pcm_fftMag_mfcc[13]
0;0.000000;-1.874949e+00;4.395613e+00;2.359934e+00;2.692761e-01;-6.572740e+00;-3.235703e+00;-1.425423e+00;-4.920071e+00;1.461553e+00;-4.871376e+00;3.372255e+00;7.190364e+00;-1.416186e+00;-1.169907e+00
1;0.100000;-7.886033e-01;-2.504389e+00;-4.972044e+00;1.264892e-01;-2.254848e+00;6.752348e-01;2.344743e+00;3.062340e+00;4.753838e-01;-1.005540e+00;-1.124973e+00;-6.031458e-01;-2.196586e+00;1.322289e+00
2;0.200000;1.985922e-01;-5.412058e+00;-4.511704e+00;-2.122602e+00;-1.062569e+00;-4.934149e-01;-2.056026e-01;6.217228e+00;-1.821256e-01;2.527133e+00;-5.727477e-01;-1.637992e+00;1.029906e-01;3.750107e+00
3;0.300000;-5.311489e-02;-3.852173e+00;-2.507489e+00;-2.089900e+00;1.585328e+00;-2.169038e+00;-1.102304e-01;4.161594e+00;1.241732e+00;2.751549e+00;1.679449e-01;-2.114665e+00;1.649697e+00;3.448982e+00
4;0.400000;3.750906e-01;1.766338e+00;9.382334e-01;1.117085e+00;5.019819e+00;-2.233445e+00;-5.766106e-02;2.005322e-01;5.728197e-02;1.482782e+00;-8.504138e-01;-3.056332e+00;2.254072e+00;-5.372772e-01
5;0.500000;2.142986e+00;5.606670e+00;8.693069e+00;2.699650e+00;3.285009e+00;7.456363e+00;-5.458307e-01;-8.721623e+00;-3.053825e+00;-8.845468e-01;-9.920673e-01;2.217700e-01;-3.939874e-01;-6.814171e+00
