frameIndex;frameTime;pcm_fftMag_mfcc[0];pcm_fftMag_mfcc[1];pcm_fftMag_mfcc[2];pcm_fftMag_mfcc[3];pcm_fftMag_mfcc[4];pcm_fftMag_mfcc[5];pcm_fftMag_mfcc[6];pcm_fftMag_mfcc[7];pcm_fftMag_mfcc[8];pcm_fftMag_mfcc[9];pcm_fftMag_mfcc[10];pcm_fftMag_mfcc[11];pcm_fftMag_mfcc[12];pcm_fftMag_mfcc[13]
0;0.000000;-2.385395e+00;-5.717257e+00;9.297804e-01;-7.049393e+00;-2.823753e-01;-4.214659e+00;-2.637136e+00;-2.015552e+00;-1.040220e-02;-6.779485e+00;-1.004806e+00;-1.019763e+00;-4.570138e+00;1.013908e+00
1;0.100000;1.947018e+00;-7.590502e+00;3.527043e+00;-7.719895e+00;2.595026e+00;1.057768e-01;-3.095995e+00;3.427240e+00;-2.282046e+00;-5.865375e-01;-2.702396e+00;-2.814918e-01;-2.474371e+00;-1.286926e-01
2;0.200000;2.933430e+00;-1.769310e+00;-3.398606e+00;-1.546586e+00;3.629576e+00;3.378552e+00;-6.655350e-01;1.689847e+00;9.890888e-01;3.867299e+00;-3.133535e+00;-3.123641e+00;2.191404e+00;5.613251e-01
3;0.300000;1.064476e+00;3.876764e+00;-7.711835e+00;3.580110e+00;3.299373e+00;3.497262e+00;2.505154e+00;-5.194770e-01;3.685426e+00;4.558342e+00;-2.105782e+00;-2.289412e+00;2.619484e+00;2.739487e-01
4;0.400000;-2.141567e+00;6.821084e+00;-3.674821e-01;7.183644e+00;-2.746504e+00;4.126415e-01;3.163486e+00;-2.772957e+00;1.440166e-01;6.901068e-01;3.467807e+00;2.118259e+00;4.435506e-01;-1.144142e+00
5;0.500000;-1.417965e+00;4.379221e+00;7.021101e+00;5.552121e+00;-6.495089e+00;-3.179577e+00;7.300358e-01;1.908994e-01;-2.526083e+00;-1.749725e+00;5.478711e+00;4.596050e+00;1.790069e+00;-5.763550e-01
