frameIndex;frameTime;pcm_fftMag_mfcc[0];pcm_fftMag_mfcc[1];pcm_fftMag_mfcc[2];pcm_fftMag_mfcc[3];pcm_fftMag_mfcc[4];pcm_fftMag_mfcc[5];pcm_fftMag_mfcc[6];pcm_fftMag_mfcc[7];pcm_fftMag_mfcc[8];pcm_fftMag_mfcc[9];pcm_fftMag_mfcc[10];pcm_fftMag_mfcc[11];pcm_fftMag_mfcc[12];pcm_fftMag_mfcc[13]
0;0.000000;-3.171333e+00;-2.132797e+00;-7.227107e+00;3.103989e+00;-1.369570e+00;-6.123572e+00;-6.755775e+00;-4.637045e+00;-1.429116e+00;-2.568134e+00;1.884274e-01;-3.573197e+00;-3.550252e+00;-1.554886e+00
1;0.100000;-2.200556e+00;-1.896837e+00;-8.059444e-01;1.418259e-01;-5.934214e+00;-7.241739e+00;-2.068642e+00;-3.884601e+00;-8.141259e+00;-7.488713e+00;-2.294955e+00;-2.443629e+00;-2.342267e+00;-7.670212e-01
2;0.200000;1.917799e+00;-5.645844e+00;1.873190e+00;-3.712115e+00;-6.112253e+00;-4.535588e+00;-5.158257e-02;-3.893055e+00;-6.985244e+00;-2.595088e+00;-3.274394e+00;-3.465359e+00;-1.569571e+00;-9.332428e-01
3;0.300000;9.894066e-01;1.402893e-01;5.291893e+00;-2.930881e+00;7.541790e-01;4.554516e+00;5.099802e+00;3.789354e+00;1.451841e+00;6.144582e+00;4.803293e-01;1.206620e+00;3.315875e+00;-3.727875e-01
4;0.400000;4.503326e-01;5.657283e+00;5.024797e+00;-1.816481e+00;5.421929e+00;9.216782e+00;3.927665e+00;2.491761e+00;3.418688e+00;4.603434e+00;2.694205e+00;2.986105e+00;1.637968e+00;9.812164e-01
5;0.500000;2.014355e+00;3.877910e+00;-4.156834e+00;5.213664e+00;7.239931e+00;4.129600e+00;-1.514654e-01;6.133587e+00;1.168509e+01;1.903918e+00;2.206387e+00;5.289461e+00;2.508247e+00;2.646736e+00
