frameIndex;frameTime;pcm_fftMag_mfcc[0];pcm_fftMag_mfcc[1];pcm_fftMag_mfcc[2];pcm_fftMag_mfcc[3];pcm_fftMag_mfcc[4];pcm_fftMag_mfcc[5];pcm_fftMag_mfcc[6];pcm_fftMag_mfcc[7];pcm_fftMag_mfcc[8];pcm_fftMag_mfcc[9];pcm_fftMag_mfcc[10];pcm_fftMag_mfcc[11];pcm_fftMag_mfcc[12];pcm_fftMag_mfcc[13]
0;0.000000;-1.152281e+00;5.922256e+00;-9.722792e+00;4.501684e+00;-1.249157e+00;3.153113e+00;4.215041e+00;-1.861068e+00;1.616076e+00;1.673743e+00;6.416559e-02;-2.492265e+00;1.008496e+00;2.047234e+00
1;0.100000;2.429519e+00;-1.793674e+00;-5.592405e+00;-1.247655e+00;7.422881e-01;2.310774e-01;3.862378e+00;-8.206696e-01;-1.451502e+00;5.695952e+00;-2.113869e+00;-1.693193e+00;1.534526e+00;-4.745865e-01
2;0.200000;3.404552e+00;-5.198915e+00;-1.360760e+00;-3.372336e+00;1.370877e+00;-6.805389e-01;-3.244457e-01;1.406785e+00;-4.208013e+00;6.110171e+00;-6.053216e+00;-1.140378e+00;2.653193e-01;-9.587097e-02
3;0.300000;-7.239962e-02;-1.977382e+00;1.473982e+00;-3.861111e+00;3.881454e-01;-1.596055e+00;-4.314537e+00;-1.527451e+00;-6.894693e-01;-3.188533e+00;-3.078641e+00;-2.403998e+00;-7.190647e-01;-6.717682e-02
4;0.400000;-2.822278e+00;1.424121e+00;9.624763e+00;6.741152e-01;3.312178e-01;-2.269631e+00;-2.317498e+00;9.004936e-01;2.431073e+00;-6.304183e+00;3.754964e+00;3.734252e+00;1.355486e-01;-7.709808e-01
5;0.500000;-1.787114e+00;1.623591e+00;5.577210e+00;3.305310e+00;-1.583374e+00;1.162034e+00;-1.120937e+00;1.901909e+00;2.301831e+00;-3.987149e+00;7.426598e+00;3.995584e+00;-2.224824e+00;-6.386337e-01
