frameIndex;frameTime;pcm_fftMag_mfcc[0];pcm_fftMag_mfcc[1];pcm_fftMag_mfcc[2];pcm_fftMag_mfcc[3];pcm_fftMag_mfcc[4];pcm_fftMag_mfcc[5];pcm_fftMag_mfcc[6];pcm_fftMag_mfcc[7];pcm_fftMag_mfcc[8];pcm_fftMag_mfcc[9];pcm_fftMag_mfcc[10];pcm_fftMag_mfcc[11];pcm_fftMag_mfcc[12];pcm_fftMag_mfcc[13]
0;0.000000;-1.511984e-01;6.122497e+00;-5.616020e+00;1.021168e+00;1.501650e+00;8.997786e+00;8.094260e+00;-1.734069e+00;7.529017e+00;2.844081e+00;3.479847e+00;-3.243485e+00;1.812614e+00;1.674774e+00
1;0.100000;2.483918e+00;2.310590e+00;2.404680e+00;-3.232760e+00;4.715259e+00;5.372187e+00;4.634155e+00;-1.072544e+00;2.129441e+00;7.284632e+00;9.282998e-01;1.193758e+00;2.237497e+00;-8.112335e-01
2;0.200000;3.104701e+00;-1.416007e+00;3.332322e+00;-2.445490e+00;2.425499e+00;-5.396500e-01;1.191525e+00;7.821918e-01;-3.201694e+00;8.186900e+00;-2.756004e+00;2.318254e+00;1.167140e+00;-1.374908e+00
3;0.300000;1.943881e+00;-4.753827e+00;1.860739e+00;-1.434115e+00;-1.629596e-01;-3.749622e+00;-4.386903e+00;2.254541e+00;-7.053275e+00;7.555728e-01;-2.115484e+00;7.638578e-01;-1.502495e+00;2.453766e-01
4;0.400000;-2.204340e+00;-2.864404e+00;-1.187212e+00;8.787279e-01;-3.558179e+00;-5.252068e+00;-5.270333e+00;-1.065575e+00;-3.888515e+00;-8.707911e+00;-3.244287e-01;-2.427242e+00;-3.264686e+00;9.202271e-01
5;0.500000;-5.176962e+00;6.011534e-01;-7.945065e-01;5.212467e+00;-4.921269e+00;-4.828627e+00;-4.262700e+00;8.354560e-01;4.485026e+00;-1.036327e+01;7.877702e-01;1.394855e+00;-4.500690e-01;-6.542664e-01
