frameIndex;frameTime;pcm_fftMag_mfcc[0];pcm_fftMag_mfcc[1];pcm_fftMag_mfcc[2];pcm_fftMag_mfcc[3];pcm_fftMag_mfcc[4];pcm_fftMag_mfcc[5];pcm_fftMag_mfcc[6];pcm_fftMag_mfcc[7];pcm_fftMag_mfcc[8];pcm_fftMag_mfcc[9];pcm_fftMag_mfcc[10];pcm_fftMag_mfcc[11];pcm_fftMag_mfcc[12];pcm_fftMag_mfcc[13]
0;0.000000;-1.967545e-01;-3.453657e+00;7.328789e+00;-4.934747e+00;-3.752712e+00;-1.074152e+00;-1.242697e+00;-2.209213e+00;-4.754810e+00;7.015276e-02;-5.656202e+00;-1.702297e+00;-3.157843e-01;8.625946e-01
1;0.100000;2.598866e+00;-8.030725e+00;4.824131e+00;-5.717205e+00;-3.001595e-01;7.815466e-01;-4.142296e+00;1.635952e-01;-5.782987e+00;3.253807e+00;-7.304807e+00;-3.080131e+00;-2.391775e+00;4.249496e-01
2;0.200000;2.074521e+00;-3.362237e+00;-2.476553e+00;-3.744431e-01;9.872074e-01;2.382845e+00;-2.224495e+00;-3.572227e+00;3.709230e-01;-5.988477e-01;-1.035019e+00;-3.978554e+00;-1.106655e+00;-9.671783e-02
3;0.300000;-1.631264e+00;3.793322e+00;-3.326625e+00;3.152642e+00;9.971943e-01;-4.618053e-01;3.568259e-01;-2.714014e+00;2.990112e-01;-9.301895e-01;3.458435e+00;-5.355964e-01;4.584193e-03;2.933197e-01
4;0.400000;-2.884001e+00;7.071210e+00;-2.278378e+00;3.727576e+00;6.902447e-01;-1.738323e+00;3.019954e+00;2.832266e+00;3.239368e+00;-5.310575e-01;5.489326e+00;3.485233e+00;2.312786e+00;-5.682068e-01
5;0.500000;3.863525e-02;3.982087e+00;-4.071366e+00;4.146171e+00;1.378223e+00;1.098957e-01;4.232708e+00;5.499593e+00;6.628495e+00;-1.263864e+00;5.048267e+00;5.811345e+00;1.496845e+00;-9.159470e-01
