frameIndex;frameTime;pcm_fftMag_mfcc[0];pcm_fftMag_mfcc[1];pcm_fftMag_mfcc[2];pcm_fftMag_mfcc[3];pcm_fftMag_mfcc[4];pcm_fftMag_mfcc[5];pcm_fftMag_mfcc[6];pcm_fftMag_mfcc[7];pcm_fftMag_mfcc[8];pcm_fftMag_mfcc[9];pcm_fftMag_mfcc[10];pcm_fftMag_mfcc[11];pcm_fftMag_mfcc[12];pcm_fftMag_mfcc[13]
0;0.000000;3.573300e+00;-3.732916e+00;-5.327897e-01;1.779257e+00;-4.420410e+00;-1.626162e+00;1.872083e+00;-2.879413e+00;-7.227840e-01;3.734112e-02;-1.771958e+00;1.196623e+00;-5.101728e-01;-2.063980e-01
1;0.100000;-1.719547e+00;6.767073e-01;1.699872e+00;3.631983e-01;-2.063175e+00;-2.088940e+00;1.334853e+00;1.875966e+00;-8.618212e-01;-1.789901e+00;-1.128619e+00;4.028561e-01;1.073216e+00;4.632874e-01
2;0.200000;-1.853748e+00;3.056211e+00;-1.167082e+00;-2.142458e+00;6.483585e+00;3.715096e+00;-3.206936e+00;1.003448e+00;1.584607e+00;1.752561e+00;2.900577e+00;-1.599479e+00;-5.630445e-01;-2.568588e-01
