frameIndex;frameTime;pcm_fftMag_mfcc[0];pcm_fftMag_mfcc[1];pcm_fftMag_mfcc[2];pcm_fftMag_mfcc[3];pcm_fftMag_mfcc[4];pcm_fftMag_mfcc[5];pcm_fftMag_mfcc[6];pcm_fftMag_mfcc[7];pcm_fftMag_mfcc[8];pcm_fftMag_mfcc[9];pcm_fftMag_mfcc[10];pcm_fftMag_mfcc[11];pcm_fftMag_mfcc[12];pcm_fftMag_mfcc[13]
0;0.000000;3.122675e+00;-7.223259e+00;-3.372923e+00;4.209007e+00;4.321952e-01;-5.467367e+00;-6.982415e+00;4.078445e+00;5.032457e+00;-6.919312e-01;1.049577e+00;-3.708213e+00;3.290041e+00;-1.230331e+00
1;0.100000;4.191784e+00;-4.590904e+00;-3.141835e+00;3.426647e-01;-3.951669e-03;3.485165e-01;-2.814243e+00;-2.328280e-01;1.448833e+00;-3.751092e+00;5.233470e-01;-5.140049e+00;3.124512e-01;-2.294258e+00
2;0.200000;2.456430e+00;6.725416e-01;6.866903e-01;-3.200500e+00;-8.966788e-01;4.355361e+00;1.020144e+00;-2.015095e+00;-2.547660e+00;1.447346e+00;1.094302e+00;-7.189682e-01;-1.939578e+00;2.058334e-01
3;0.300000;-2.215502e+00;4.982121e+00;1.529535e+00;-2.425848e+00;3.130347e-01;2.334457e+00;3.323953e+00;-2.498226e+00;-1.859376e+00;2.781517e+00;-1.078571e+00;3.237184e+00;-1.294468e+00;2.151955e+00
4;0.400000;-7.555386e+00;6.159500e+00;4.298531e+00;1.074678e+00;1.554008e-01;-1.570968e+00;5.452563e+00;6.677040e-01;-2.074254e+00;2.141604e-01;-1.588655e+00;6.330047e+00;-3.684468e-01;1.166771e+00
