frameIndex;frameTime;pcm_fftMag_mfcc[0];pcm_fftMag_mfcc[1];pcm_fftMag_mfcc[2];pcm_fftMag_mfcc[3];pcm_fftMag_mfcc[4];pcm_fftMag_mfcc[5];pcm_fftMag_mfcc[6];pcm_fftMag_mfcc[7];pcm_fftMag_mfcc[8];pcm_fftMag_mfcc[9];pcm_fftMag_mfcc[10];pcm_fftMag_mfcc[11];pcm_fftMag_mfcc[12];pcm_fftMag_mfcc[13]
0;0.000000;-1.933345e+00;6.118069e+00;5.674336e+00;7.571774e+00;7.136302e+00;8.408909e+00;1.221942e+01;-6.022316e+00;6.967119e+00;7.553305e+00;2.698822e+00;-6.175476e+00;-5.718389e-01;2.231476e+00
1;0.100000;-3.425674e-01;2.540008e+00;2.523359e+00;4.205353e+00;6.570226e+00;8.882879e+00;1.046338e+01;-4.325779e+00;5.140582e+00;5.597868e+00;1.697711e+00;-7.234204e+00;8.044434e-02;1.468185e+00
2;0.200000;2.196983e+00;-7.745407e-01;-3.376870e-01;-2.724136e+00;4.637709e+00;3.831322e+00;2.441871e+00;-1.608307e+00;-2.055777e+00;1.861686e+00;-2.497149e+00;-4.873472e+00;3.764796e-01;-2.962906e+00
3;0.300000;1.307279e+00;-2.254187e+00;-3.961667e+00;-6.589118e+00;-5.995731e+00;-7.366988e+00;-8.105386e+00;-5.618763e-02;-7.823189e+00;-4.687407e+00;-2.723804e+00;4.815343e+00;1.150908e+00;-3.344627e+00
4;0.400000;-1.669827e-01;-3.511050e+00;-1.906367e+00;-2.452707e+00;-6.163422e+00;-6.917332e+00;-9.368384e+00;5.388647e+00;-2.793792e+00;-4.250063e+00;3.675017e-01;7.484837e+00;3.095343e-01;5.404587e-01
5;0.500000;-1.061371e+00;-2.118299e+00;-1.991975e+00;-1.116943e-02;-6.185083e+00;-6.838790e+00;-7.650905e+00;6.623946e+00;5.650549e-01;-6.075397e+00;4.569168e-01;5.982971e+00;-1.345528e+00;2.067429e+00
