frameIndex;frameTime;pcm_fftMag_mfcc[0];pcm_fftMag_mfcc[1];pcm_fftMag_mfcc[2];pcm_fftMag_mfcc[3];pcm_fftMag_mfcc[4];pcm_fftMag_mfcc[5];pcm_fftMag_mfcc[6];pcm_fftMag_mfcc[7];pcm_fftMag_mfcc[8];pcm_fftMag_mfcc[9];pcm_fftMag_mfcc[10];pcm_fftMag_mfcc[11];pcm_fftMag_mfcc[12];pcm_fftMag_mfcc[13]
0;0.000000;6.636295e-01;9.304833e-01;3.135353e+00;-3.697902e+00;6.393861e+00;1.088724e+00;-4.174387e+00;2.319382e+00;1.620933e+00;-1.738911e+00;-4.246627e+00;1.671977e+00;1.932487e-01;-3.631180e+00
1;0.100000;1.852244e+00;-1.466041e+00;-4.203283e+00;-2.137936e+00;7.818579e+00;-2.567324e+00;-2.741806e+00;2.440638e+00;1.291925e+00;-1.088337e+00;-2.134392e+00;-1.010280e+00;-3.064714e+00;1.020584e-01
2;0.200000;3.665037e+00;-3.343255e+00;-5.086720e+00;-2.745004e+00;5.634562e+00;-1.946291e+00;-2.066512e+00;4.705031e-01;5.627980e-01;1.034741e-01;-2.297124e+00;-8.754979e-01;-1.969586e+00;4.858932e-01
3;0.300000;2.620184e+00;-4.329526e+00;1.136075e+00;7.783054e-01;-3.690822e+00;3.126037e+00;1.178013e+00;-1.153168e+00;-9.570751e-01;1.923840e+00;2.095780e+00;-7.904040e-01;1.725924e+00;1.086121e-01
4;0.400000;-2.824428e+00;2.336230e+00;3.844938e+00;3.629777e+00;-9.182643e+00;4.280319e-01;3.785431e+00;-1.488918e+00;-1.080110e+00;3.816504e-01;2.945566e+00;5.335951e-02;1.851267e+00;1.772614e+00
5;0.500000;-5.976666e+00;5.872109e+00;1.173638e+00;4.172760e+00;-6.973536e+00;-1.291723e-01;4.019261e+00;-2.588435e+00;-1.438470e+00;4.182830e-01;3.636798e+00;9.508451e-01;1.263863e+00;1.161980e+00
