frameIndex;frameTime;pcm_fftMag_mfcc[0];pcm_fftMag_mfcc[1];pcm_fftMag_mfcc[2];pcm_fftMag_mfcc[3];pcm_fftMag_mfcc[4];pcm_fftMag_mfcc[5];pcm_fftMag_mfcc[6];pcm_fftMag_mfcc[7];pcm_fftMag_mfcc[8];pcm_fftMag_mfcc[9];pcm_fftMag_mfcc[10];pcm_fftMag_mfcc[11];pcm_fftMag_mfcc[12];pcm_fftMag_mfcc[13]
0;0.000000;-1.768631e+00;-1.008815e+00;1.349370e+01;6.580935e+00;-5.980104e+00;-9.899217e+00;-5.414223e+00;2.731816e+00;-4.551104e+00;-3.162938e+00;-5.277552e+00;1.051073e+01;6.082774e-01;6.611557e-01
1;0.100000;-1.048491e+00;-6.174483e-01;6.671496e+00;-9.180641e-02;-2.244458e+00;7.709074e-01;-1.620655e-01;8.332601e-01;-2.508871e+00;1.888873e+00;-4.917621e+00;7.191040e+00;-2.237760e+00;-6.902695e-01
2;0.200000;4.328385e+00;-5.266431e+00;-3.077067e+00;-5.222298e+00;2.131445e+00;3.568698e+00;2.860305e+00;-1.155037e+00;6.252928e-01;4.216535e+00;-1.584040e+00;-1.469898e+00;-1.993652e+00;-7.547150e-01
3;0.300000;4.674142e+00;-5.398689e+00;-5.503741e+00;-4.640257e+00;2.426644e+00;1.428596e+00;2.668706e+00;-2.412207e+00;7.791152e-01;1.260086e+00;2.082684e+00;-6.500701e+00;1.292708e+00;6.501923e-01
4;0.400000;8.307457e-02;2.693585e+00;-8.276765e+00;6.187496e-01;1.058915e+00;3.011764e+00;8.470755e-01;-1.969365e+00;1.615676e+00;-5.977354e-01;4.015084e+00;-6.567948e+00;1.957317e+00;1.126976e+00
5;0.500000;-6.268480e+00;9.597798e+00;-3.307623e+00;2.754683e+00;2.607558e+00;1.119254e+00;-7.997990e-01;1.971532e+00;4.039893e+00;-3.604821e+00;5.681445e+00;-3.163226e+00;3.731087e-01;-9.933243e-01
