frameIndex;frameTime;pcm_fftMag_mfcc[0];pcm_fftMag_mfcc[1];pcm_fftMag_mfcc[2];pcm_fftMag_mfcc[3];pcm_fftMag_mfcc[4];pcm_fftMag_mfcc[5];pcm_fftMag_mfcc[6];pcm_fftMag_mfcc[7];pcm_fftMag_mfcc[8];pcm_fftMag_mfcc[9];pcm_fftMag_mfcc[10];pcm_fftMag_mfcc[11];pcm_fftMag_mfcc[12];pcm_fftMag_mfcc[13]
0;0.000000;-1.023184e+00;7.114185e+00;-2.391440e+00;2.738917e+00;-9.180030e+00;1.178742e+00;-5.983532e+00;9.435928e-01;8.032038e-01;-3.534166e+00;6.642007e+00;-1.233490e+00;-6.496429e-03;1.607986e+00
1;0.100000;-5.487442e-03;5.849090e+00;-1.157516e+00;2.308621e+00;-6.549333e+00;-4.423294e-01;-2.824361e+00;-5.085272e-01;1.035695e+00;-8.640783e-01;6.842074e+00;7.991076e-01;-1.104982e+00;9.574738e-01
2;0.200000;-9.592237e-01;-7.710290e-01;1.959826e+00;4.030228e-01;-5.932522e-01;-2.004881e+00;3.059154e+00;-3.492662e+00;1.068066e+00;2.434969e+00;1.821387e+00;2.849600e+00;-1.120505e+00;9.572601e-01
3;0.300000;-1.821486e+00;-4.638718e+00;-7.440856e-01;4.536386e-01;3.102781e+00;1.326160e-01;5.101469e+00;-1.533479e+00;1.170053e+00;5.843825e-01;-3.878613e+00;1.159005e-01;-1.793857e+00;1.344093e+00
4;0.400000;9.221935e-02;-4.622013e+00;-9.243884e-01;4.821787e-01;5.695979e+00;5.158234e-01;2.712474e+00;1.017127e+00;3.697391e-01;-4.243866e-03;-5.476852e+00;-1.327611e+00;-8.377271e-01;-8.602982e-01
5;0.500000;3.717165e+00;-2.931515e+00;3.257606e+00;-6.386377e+00;7.523845e+00;6.200390e-01;-2.065202e+00;3.573948e+00;-4.446757e+00;1.383137e+00;-5.950004e+00;-1.203507e+00;4.863568e+00;-4.006516e+00
