frameIndex;frameTime;pcm_fftMag_mfcc[0];pcm_fftMag_mfcc[1];pcm_fftMag_mfcc[2];pcm_fftMag_mfcc[3];pcm_fftMag_mfcc[4];pcm_fftMag_mfcc[5];pcm_fftMag_mfcc[6];pcm_fftMag_mfcc[7];pcm_fftMag_mfcc[8];pcm_fftMag_mfcc[9];pcm_fftMag_mfcc[10];pcm_fftMag_mfcc[11];pcm_fftMag_mfcc[12];pcm_fftMag_mfcc[13]
0;0.000000;3.842844e+00;-7.848605e+00;-5.372869e+00;-1.444075e+00;6.593874e+00;6.344175e-01;-1.784864e+00;4.285394e+00;2.023798e+00;1.271572e-01;-1.881585e+00;-2.185405e+00;-2.304673e-01;-2.596779e+00
1;0.100000;1.033305e+00;-8.827945e+00;-2.430359e+00;-6.076122e+00;2.162064e+00;-1.764147e+00;-1.609749e+00;2.375665e+00;-1.986814e-01;3.843841e+00;-3.302131e+00;-5.797577e-02;-2.866907e+00;2.438660e+00
2;0.200000;-1.012695e+00;-6.461458e+00;-6.274569e-01;-6.023985e+00;-1.392033e+00;-1.957983e+00;-2.959757e-01;1.612457e+00;9.604001e-02;4.533991e+00;-3.102608e-01;7.633080e-01;-1.355667e+00;4.623978e+00
3;0.300000;-1.725723e+00;5.432308e-01;2.170557e+00;-1.197636e+00;-3.716527e+00;-1.025922e+00;7.752457e-01;-5.129623e-02;4.320788e-02;1.724163e+00;2.298279e+00;1.644440e+00;2.465803e+00;3.458176e+00
4;0.400000;-1.512176e+00;1.083762e+01;4.384778e+00;4.547009e+00;-3.966537e+00;1.249159e+00;2.453526e+00;-4.324409e+00;-9.942679e-01;-2.722523e+00;2.550290e+00;1.891769e+00;2.549380e+00;-1.928719e+00
5;0.500000;-6.255589e-01;1.175715e+01;1.875349e+00;1.019481e+01;3.191519e-01;2.864479e+00;4.618196e-01;-3.897813e+00;-9.700968e-01;-7.506629e+00;6.454020e-01;-2.056139e+00;-5.621406e-01;-5.995369e+00
