frameIndex;frameTime;pcm_fftMag_mfcc[0];pcm_fftMag_mfcc[1];pcm_fftMag_mfcc[2];pcm_fftMag_mfcc[3];pcm_fftMag_mfcc[4];pcm_fftMag_mfcc[5];pcm_fftMag_mfcc[6];pcm_fftMag_mfcc[7];pcm_fftMag_mfcc[8];pcm_fftMag_mfcc[9];pcm_fftMag_mfcc[10];pcm_fftMag_mfcc[11];pcm_fftMag_mfcc[12];pcm_fftMag_mfcc[13]
0;0.000000;3.066833e+00;-8.415332e+00;-2.295964e+00;-9.971411e+00;6.730295e+00;3.540026e+00;-3.283396e+00;2.897624e+00;-4.322257e+00;4.072025e+00;-2.682642e+00;-3.428555e+00;-3.502548e+00;1.790344e+00
1;0.100000;1.170418e+00;-5.106928e+00;-1.004127e+00;-5.864460e+00;1.878672e+00;2.731021e+00;-3.979897e+00;9.262753e-01;-6.782300e+00;3.468111e+00;-2.607024e+00;-5.359774e+00;-6.837044e-01;1.407410e+00
2;0.200000;-2.283937e+00;3.829411e+00;-1.077652e+00;-2.280352e-01;-2.872312e+00;8.398485e-01;2.315685e+00;-2.497149e+00;-4.813169e+00;-6.992576e-01;-4.806747e-01;-3.002692e+00;7.975693e-01;-9.846191e-01
3;0.300000;-1.880739e+00;4.892488e+00;-1.803416e+00;5.651991e+00;-2.980458e+00;-2.243698e+00;3.062105e+00;1.944818e-01;3.589733e+00;-3.635717e+00;1.131137e+00;1.534549e+00;8.911247e-01;-9.151382e-01
4;0.400000;-2.878094e-01;3.088310e+00;2.168055e+00;6.258545e+00;-2.548337e+00;-2.825319e+00;1.191756e+00;6.903118e-02;7.141729e+00;-2.505646e+00;1.768687e+00;3.881851e+00;2.192892e+00;-3.788681e-01
5;0.500000;2.152338e-01;1.712050e+00;4.013102e+00;4.153369e+00;-2.078619e-01;-2.041879e+00;6.937447e-01;-1.590263e+00;5.186264e+00;-6.995155e-01;2.870519e+00;6.374625e+00;3.046682e-01;-9.191589e-01
