frameIndex;frameTime;pcm_fftMag_mfcc[0];pcm_fftMag_mfcc[1];pcm_fftMag_mfcc[2];pcm_fftMag_mfcc[3];pcm_fftMag_mfcc[4];pcm_fftMag_mfcc[5];pcm_fftMag_mfcc[6];pcm_fftMag_mfcc[7];pcm_fftMag_mfcc[8];pcm_fftMag_mfcc[9];pcm_fftMag_mfcc[10];pcm_fftMag_mfcc[11];pcm_fftMag_mfcc[12];pcm_fftMag_mfcc[13]
0;0.000000;4.733285e+00;-2.365166e+00;6.839165e+00;-3.758753e+00;-6.798600e+00;2.843204e+00;-1.900850e+01;7.426695e+00;4.654999e-01;-4.281510e+00;3.227300e+00;5.636015e-01;4.107188e+00;-4.466805e+00
1;0.100000;5.761733e-01;7.267165e-01;5.634346e+00;-3.916027e+00;1.580238e-01;-1.150680e+00;-1.057975e+01;-4.251251e-01;2.335695e+00;-7.466305e+00;1.213444e+00;4.380894e-01;3.982133e+00;-3.961678e+00
2;0.200000;-1.722527e+00;4.995374e+00;1.173109e+00;3.459339e-01;1.026934e+01;1.923469e+00;-2.778592e+00;-6.192285e+00;5.619770e+00;-2.936167e+00;4.832482e-01;-5.693402e-01;5.353918e-01;-1.578026e+00
3;0.300000;-1.680178e+00;1.568746e+00;-4.232721e+00;4.424594e+00;8.646342e+00;1.484051e-01;7.053578e+00;-4.373765e+00;1.036211e+00;1.533351e+00;1.772643e+00;-1.902952e+00;-2.500262e+00;1.472610e+00
4;0.400000;-1.151433e+00;-2.456830e+00;-5.697055e+00;3.514776e+00;-1.576991e+00;-1.255871e+00;1.356908e+01;4.755354e-01;-1.894644e+00;6.423024e+00;-1.101876e+00;-5.187340e-01;-3.953750e+00;3.871788e+00
5;0.500000;-7.553182e-01;-2.468840e+00;-3.716845e+00;-6.105232e-01;-1.069812e+01;-2.508533e+00;1.174418e+01;3.088940e+00;-7.562532e+00;6.727606e+00;-5.594762e+00;1.989335e+00;-2.170701e+00;4.662094e+00
