frameIndex;frameTime;pcm_fftMag_mfcc[0];pcm_fftMag_mfcc[1];pcm_fftMag_mfcc[2];pcm_fftMag_mfcc[3];pcm_fftMag_mfcc[4];pcm_fftMag_mfcc[5];pcm_fftMag_mfcc[6];pcm_fftMag_mfcc[7];pcm_fftMag_mfcc[8];pcm_fftMag_mfcc[9];pcm_fftMag_mfcc[10];pcm_fftMag_mfcc[11];pcm_fftMag_mfcc[12];pcm_fftMag_mfcc[13]
0;0.000000;-1.620599e+00;1.734936e-01;2.177571e+00;4.524287e+00;5.094817e+00;6.591352e+00;6.017621e+00;6.357358e+00;3.357766e+00;3.873977e+00;4.963748e+00;-7.913631e-02;4.063872e+00;3.372543e+00
1;0.100000;-3.649912e-01;-3.004376e+00;3.959802e+00;-1.193252e+00;3.872120e+00;1.514234e+00;5.480494e+00;4.470009e+00;5.604219e-01;3.627170e+00;1.662948e+00;1.052218e+00;9.453714e-01;2.195839e+00
2;0.200000;-7.751017e-01;1.927754e+00;-8.550334e-01;-2.811913e-01;-4.002275e+00;-3.855124e+00;-1.569661e+00;-9.130555e-01;-9.342837e-01;-2.574522e+00;-4.769068e-01;-1.581807e+00;-2.188223e-01;-3.183289e-01
3;0.300000;-9.906349e-01;3.246781e+00;-2.386549e+00;9.985948e-01;-4.680395e+00;-5.230695e+00;-4.121547e+00;-3.081112e+00;1.182379e+00;-2.595740e+00;-3.509083e+00;-8.702970e-01;-2.536595e-01;-7.727661e-01
4;0.400000;-1.205511e-01;5.589815e-01;-2.758579e-01;-4.718473e-01;-2.637524e+00;-2.344966e+00;-2.821198e+00;-1.966207e+00;2.814188e-01;-9.465278e-01;-2.313531e+00;1.020380e+00;-6.068084e-01;-1.177780e+00
5;0.500000;3.871880e+00;-2.902634e+00;-2.619933e+00;-3.576591e+00;2.353262e+00;3.325204e+00;-2.985706e+00;-4.866992e+00;-4.447702e+00;-1.384358e+00;-3.271780e-01;4.586419e-01;-3.929953e+00;-3.299530e+00
