frameIndex;frameTime;pcm_fftMag_mfcc[0];pcm_fftMag_mfcc[1];pcm_fftMag_mfcc[2];pcm_fftMag_mfcc[3];pcm_fftMag_mfcc[4];pcm_fftMag_mfcc[5];pcm_fftMag_mfcc[6];pcm_fftMag_mfcc[7];pcm_fftMag_mfcc[8];pcm_fftMag_mfcc[9];pcm_fftMag_mfcc[10];pcm_fftMag_mfcc[11];pcm_fftMag_mfcc[12];pcm_fftMag_mfcc[13]
0;0.000000;-3.479387e+00;5.129443e+00;3.897469e+00;3.079081e+00;-2.551288e+00;2.646914e-01;3.227016e+00;-4.913635e+00;-3.070728e+00;4.418688e+00;6.673630e+00;-1.643505e+00;7.111115e-01;-1.683228e+00
1;0.100000;-2.406827e+00;3.713213e+00;-5.066419e-01;2.174408e+00;7.172136e-01;4.879169e-01;2.206691e+00;-2.159076e+00;2.305834e+00;6.533666e-01;2.294895e+00;-6.807630e-01;1.608372e-01;-1.610153e+00
2;0.200000;1.500232e+00;-2.685929e+00;-3.060821e+00;-2.484066e+00;9.114180e-01;-3.476658e-01;-9.346228e-01;-9.291825e-01;2.450767e+00;-1.062894e+00;-3.402935e+00;1.015524e+00;4.017487e-01;7.261429e-01
3;0.300000;2.390099e+00;-4.240648e+00;-1.641978e+00;-2.667740e+00;5.802603e-01;-3.365383e-01;-2.269174e+00;2.607198e+00;-4.550247e-01;-1.226205e+00;-4.551332e+00;1.294056e+00;-7.573781e-01;1.991623e+00
4;0.400000;1.995883e+00;-1.916079e+00;1.311972e+00;-1.016812e-01;3.423929e-01;-6.839848e-02;-2.229910e+00;5.394695e+00;-1.230847e+00;-2.782956e+00;-1.014260e+00;1.468831e-02;-5.163202e-01;5.755844e-01
