frameIndex;frameTime;pcm_fftMag_mfcc[0];pcm_fftMag_mfcc[1];pcm_fftMag_mfcc[2];pcm_fftMag_mfcc[3];pcm_fftMag_mfcc[4];pcm_fftMag_mfcc[5];pcm_fftMag_mfcc[6];pcm_fftMag_mfcc[7];pcm_fftMag_mfcc[8];pcm_fftMag_mfcc[9];pcm_fftMag_mfcc[10];pcm_fftMag_mfcc[11];pcm_fftMag_mfcc[12];pcm_fftMag_mfcc[13]
0;0.000000;-4.795111e+00;2.945615e+00;-2.826676e+00;-2.415055e+00;-5.814323e-01;-2.714195e-01;2.355599e+00;-5.543764e+00;8.814177e+00;-4.476968e+00;2.094393e+00;-1.413051e+00;2.003390e+00;3.591751e+00
1;0.100000;-2.393753e+00;2.197682e+00;-5.995797e+00;-3.971595e+00;4.458961e-01;1.284042e+00;2.006139e+00;-6.446043e+00;8.204607e+00;-3.948941e+00;3.612175e+00;-8.711448e-01;1.254144e+00;4.859924e+00
2;0.200000;8.937154e-01;8.106993e-01;-5.656187e+00;-3.069568e+00;1.733430e+00;7.658730e-01;1.263106e+00;-4.232215e+00;4.103604e+00;-2.154325e+00;4.309866e+00;-8.598275e-01;-4.974108e-01;2.564987e+00
3;0.300000;2.800532e+00;-3.519294e+00;2.849672e+00;-1.261277e+00;-4.131489e-01;-2.795315e-01;-3.289233e+00;4.203098e+00;-6.880610e+00;3.308693e+00;-6.799128e-01;1.541602e+00;-3.151817e+00;-1.201904e+00
4;0.400000;1.402148e+00;-2.396827e+00;6.935784e+00;3.540489e+00;-1.459777e+00;-1.519431e+00;-2.713163e+00;7.994016e+00;-7.507472e+00;2.409478e+00;-3.739503e+00;8.507476e-01;-1.374038e+00;-3.723808e+00
5;0.500000;2.092468e+00;-3.787529e-02;4.693205e+00;7.177004e+00;2.750306e-01;2.046680e-02;3.775501e-01;4.024907e+00;-6.734308e+00;4.862057e+00;-5.597019e+00;7.516737e-01;1.765733e+00;-6.090935e+00
