frameIndex;frameTime;pcm_fftMag_mfcc[0];pcm_fftMag_mfcc[1];pcm_fftMag_mfcc[2];pcm_fftMag_mfcc[3];pcm_fftMag_mfcc[4];pcm_fftMag_mfcc[5];pcm_fftMag_mfcc[6];pcm_fftMag_mfcc[7];pcm_fftMag_mfcc[8];pcm_fftMag_mfcc[9];pcm_fftMag_mfcc[10];pcm_fftMag_mfcc[11];pcm_fftMag_mfcc[12];pcm_fftMag_mfcc[13]
0;0.000000;1.761063e+00;-4.479209e+00;2.553001e+00;-3.212064e+00;1.258308e+00;-5.988064e-01;-1.769262e+00;-1.310866e-01;-7.774208e-01;2.993302e-01;-7.603645e-02;-2.705347e+00;-1.012256e+00;-1.200668e+00
1;0.100000;5.146093e-01;9.578823e-01;-2.770644e+00;1.484661e-01;9.552355e-01;1.896410e+00;-4.169245e-01;1.411440e+00;1.870045e+00;-1.362453e-01;-7.157950e-01;1.110125e-01;5.572670e-01;2.341156e-01
2;0.200000;-2.275673e+00;3.521327e+00;2.176418e-01;3.063598e+00;-2.213543e+00;-1.297605e+00;2.186186e+00;-1.280354e+00;-1.092624e+00;-1.630859e-01;7.918329e-01;2.594335e+00;4.549894e-01;9.665451e-01
