frameIndex;frameTime;pcm_fftMag_mfcc[0];pcm_fftMag_mfcc[1];pcm_fftMag_mfcc[2];pcm_fftMag_mfcc[3];pcm_fftMag_mfcc[4];pcm_fftMag_mfcc[5];pcm_fftMag_mfcc[6];pcm_fftMag_mfcc[7];pcm_fftMag_mfcc[8];pcm_fftMag_mfcc[9];pcm_fftMag_mfcc[10];pcm_fftMag_mfcc[11];pcm_fftMag_mfcc[12];pcm_fftMag_mfcc[13]
0;0.000000;3.161383e+00;4.475060e+00;-3.264965e+00;-7.427955e+00;4.971304e+00;1.098416e+01;1.352229e+01;-9.718906e-01;-2.478322e+00;-3.640393e-01;3.420528e+00;3.381384e+00;-4.082008e+00;-2.373466e+00
1;0.100000;5.590695e+00;-5.788872e+00;8.223826e+00;-6.877144e+00;-3.763924e-01;4.613604e+00;3.307091e+00;5.519776e+00;-9.138707e+00;1.810512e+00;-2.749177e+00;4.009780e+00;2.026110e-01;-1.261520e+00
2;0.200000;2.008345e+00;-5.247335e+00;9.662481e+00;-3.077559e+00;-1.788846e+00;-3.215558e+00;-3.201545e+00;3.341298e+00;-4.979993e+00;1.833064e+00;-1.384745e+00;5.111642e-01;2.579011e+00;1.988701e+00
3;0.300000;-2.005960e+00;-1.408489e+00;2.652846e+00;1.633940e+00;-4.067370e+00;-4.892631e+00;-4.931063e+00;6.347939e-01;-4.832315e-01;-1.153401e+00;3.493841e-01;-1.108246e+00;3.293420e+00;3.056046e+00
4;0.400000;-5.155169e+00;3.069139e+00;-4.984041e+00;6.650272e+00;-3.523685e+00;-6.740438e+00;-5.222495e+00;-2.699234e+00;3.711885e+00;-3.724261e+00;-1.454141e-01;-2.839039e+00;1.528396e+00;-4.610443e-02
5;0.500000;-3.599295e+00;4.900496e+00;-1.229015e+01;9.098448e+00;4.784987e+00;-7.491455e-01;-3.474284e+00;-5.824743e+00;1.336837e+01;1.598126e+00;5.094244e-01;-3.955042e+00;-3.521429e+00;-1.363632e+00
