frameIndex;frameTime;pcm_fftMag_mfcc[0];pcm_fftMag_mfcc[1];pcm_fftMag_mfcc[2];pcm_fftMag_mfcc[3];pcm_fftMag_mfcc[4];pcm_fftMag_mfcc[5];pcm_fftMag_mfcc[6];pcm_fftMag_mfcc[7];pcm_fftMag_mfcc[8];pcm_fftMag_mfcc[9];pcm_fftMag_mfcc[10];pcm_fftMag_mfcc[11];pcm_fftMag_mfcc[12];pcm_fftMag_mfcc[13]
0;0.000000;2.361036e+00;5.006695e-02;-3.503112e+00;5.276551e+00;4.782890e+00;-7.878039e+00;4.351628e+00;1.396378e+00;-2.665544e-01;-9.712176e-01;-5.225993e+00;-3.872862e+00;3.563948e+00;-6.105576e-01
1;0.100000;3.178301e-01;1.838706e+00;-1.138991e+00;3.314194e+00;2.105325e+00;-5.910022e+00;6.433945e-01;-1.708562e+00;4.341276e+00;-2.403145e+00;-2.749012e+00;-1.313122e+00;1.588113e+00;-7.512741e-01
2;0.200000;-3.859737e+00;2.082960e+00;4.938857e+00;2.618413e+00;3.242321e-01;9.024220e-01;-3.531347e+00;-2.600640e+00;3.070722e+00;1.758896e+00;2.549887e-01;2.909632e+00;5.232387e-01;-9.370346e-01
3;0.300000;-3.529754e+00;1.613786e+00;2.588754e+00;-2.122813e+00;-2.233183e+00;5.885529e+00;4.563999e-01;-5.498505e-01;-1.049268e+00;2.311252e+00;2.102085e+00;3.918688e+00;-2.049455e+00;-7.669830e-02
4;0.400000;1.755180e+00;1.253619e-01;-2.706813e+00;-4.502139e+00;-3.462615e+00;5.697394e+00;8.889847e-01;-1.137909e+00;-2.567317e+00;1.937955e+00;1.990797e+00;1.322349e+00;-2.535612e+00;4.306030e-01
5;0.500000;2.955440e+00;-5.710879e+00;-1.786938e-01;-4.584208e+00;-1.516650e+00;1.302719e+00;-2.809054e+00;4.600582e+00;-3.528857e+00;-2.633740e+00;3.627131e+00;-2.964683e+00;-1.090232e+00;1.944984e+00
