frameIndex;frameTime;pcm_fftMag_mfcc[0];pcm_fftMag_mfcc[1];pcm_fftMag_mfcc[2];pcm_fftMag_mfcc[3];pcm_fftMag_mfcc[4];pcm_fftMag_mfcc[5];pcm_fftMag_mfcc[6];pcm_fftMag_mfcc[7];pcm_fftMag_mfcc[8];pcm_fftMag_mfcc[9];pcm_fftMag_mfcc[10];pcm_fftMag_mfcc[11];pcm_fftMag_mfcc[12];pcm_fftMag_mfcc[13]
0;0.000000;2.342616e+00;1.948235e+00;5.889095e+00;6.019921e+00;-9.784580e+00;-4.607362e+00;-7.647372e+00;2.586614e+00;-6.011915e-01;9.436147e+00;3.948529e+00;-4.488184e+00;3.662333e+00;-3.739685e+00
1;0.100000;3.792190e+00;-2.915698e+00;2.709777e+00;2.637840e+00;-1.387944e+00;-2.248469e+00;-1.205342e+00;2.018698e+00;-5.745053e-01;5.346152e+00;-3.387280e-01;-2.838874e-01;1.833928e+00;-4.133484e+00
2;0.200000;2.735371e+00;-4.836418e+00;1.895701e+00;-5.246489e+00;4.635654e+00;9.091434e-01;2.551081e+00;-7.526886e-01;5.896854e-01;-7.622671e-01;-1.653522e+00;1.455812e+00;-3.459574e-01;-3.612137e-01
3;0.300000;1.139605e+00;-5.988064e+00;9.228115e-01;-6.482954e+00;4.905484e+00;2.135206e+00;1.928583e+00;1.561400e-01;-2.359586e-01;-3.260648e+00;-1.551896e+00;7.914804e-01;-8.008918e-01;2.553596e+00
4;0.400000;-2.943044e+00;4.015603e-01;-4.109248e+00;-8.496370e-01;1.749573e+00;4.151269e+00;1.195518e+00;-2.301329e-01;9.047651e-02;-6.137440e+00;-6.151695e-01;-2.916415e-01;-1.413671e+00;3.565170e+00
5;0.500000;-7.066733e+00;1.139038e+01;-7.308142e+00;3.921328e+00;-1.181889e-01;-3.397942e-01;3.177526e+00;-3.778630e+00;7.314944e-01;-4.621943e+00;2.107840e-01;2.816421e+00;-2.935741e+00;2.115593e+00
