frameIndex;frameTime;pcm_fftMag_mfcc[0];pcm_fftMag_mfcc[1];pcm_fftMag_mfcc[2];pcm_fftMag_mfcc[3];pcm_fftMag_mfcc[4];pcm_fftMag_mfcc[5];pcm_fftMag_mfcc[6];pcm_fftMag_mfcc[7];pcm_fftMag_mfcc[8];pcm_fftMag_mfcc[9];pcm_fftMag_mfcc[10];pcm_fftMag_mfcc[11];pcm_fftMag_mfcc[12];pcm_fftMag_mfcc[13]
0;0.000000;4.349551e+00;-4.073477e-01;3.158608e+00;-9.672885e+00;-7.873139e+00;-2.788045e+00;-5.575357e+00;6.833138e-01;-8.826506e-01;1.800106e+00;1.326313e+00;-6.399117e-01;4.299939e-01;3.335045e+00
1;0.100000;1.113281e-01;2.381222e+00;-3.425576e+00;-2.650746e+00;-3.146203e+00;-1.797514e+00;-6.628182e+00;-2.337483e+00;3.068022e+00;-1.181865e+00;1.469655e+00;1.513531e+00;8.794332e-01;1.770142e+00
2;0.200000;-4.639313e+00;-1.302096e+00;-7.019085e+00;2.599086e+00;5.755527e+00;4.559845e+00;5.129480e-01;1.122015e+00;2.880805e+00;-2.660201e+00;2.117016e-01;3.952448e+00;8.586361e-01;-1.426697e-03
3;0.300000;-3.798103e+00;-1.165801e+00;-3.465791e+00;5.861455e+00;6.482221e+00;4.808852e+00;5.104845e+00;2.033679e+00;3.967605e-01;-2.667713e-01;4.748945e-01;1.790560e+00;8.933173e-01;-9.580688e-01
4;0.400000;1.205482e+00;-7.841587e-02;4.050957e+00;4.133194e+00;-1.443635e+00;-1.255265e+00;3.843429e+00;-9.188848e-01;-2.510409e+00;1.350548e+00;7.855153e-02;-3.204331e+00;-9.406805e-02;-1.537842e+00
5;0.500000;2.771049e+00;5.724421e-01;6.700888e+00;-2.701058e-01;2.252331e-01;-3.527876e+00;2.742317e+00;-5.826421e-01;-2.952526e+00;9.581823e-01;-3.561116e+00;-3.412299e+00;-2.967312e+00;-2.607872e+00
