frameIndex;frameTime;pcm_fftMag_mfcc[0];pcm_fftMag_mfcc[1];pcm_fftMag_mfcc[2];pcm_fftMag_mfcc[3];pcm_fftMag_mfcc[4];pcm_fftMag_mfcc[5];pcm_fftMag_mfcc[6];pcm_fftMag_mfcc[7];pcm_fftMag_mfcc[8];pcm_fftMag_mfcc[9];pcm_fftMag_mfcc[10];pcm_fftMag_mfcc[11];pcm_fftMag_mfcc[12];pcm_fftMag_mfcc[13]
0;0.000000;-9.773574e-01;-6.458936e+00;7.045510e+00;1.858430e+00;1.946059e+00;2.087846e-01;-7.777071e-01;3.578804e+00;-7.114575e+00;-1.188850e+00;-3.136702e-01;4.462440e+00;3.760015e+00;1.468811e+00
1;0.100000;-1.739075e+00;-6.151918e+00;4.680042e+00;1.736052e+00;3.318396e-01;-7.713628e-01;-1.304249e+00;2.353042e+00;-5.535491e+00;-2.366018e+00;-1.626141e+00;2.939686e+00;2.365756e+00;2.813591e+00
2;0.200000;-1.023410e+00;-2.153151e+00;5.052137e-01;1.973631e+00;-2.024972e+00;-1.979480e+00;-3.806877e-01;2.070072e+00;4.281600e-01;-1.375558e+00;-2.403410e+00;2.594671e-01;-3.337504e-01;1.428009e+00
3;0.300000;1.131831e+00;4.547878e+00;-3.781300e+00;2.821537e+00;-1.671071e+00;-2.653325e+00;7.653141e-02;-2.916508e-01;7.606279e+00;8.507216e-01;-1.935068e+00;-3.718982e-01;-1.550003e+00;-1.577988e+00
4;0.400000;1.057685e+00;7.012841e+00;-3.621439e+00;-1.582858e+00;1.017662e+00;-6.396217e-01;1.732635e+00;-2.625829e+00;4.882770e+00;9.612129e-01;1.045639e+00;-1.537076e+00;-1.267870e+00;-2.767487e+00
5;0.500000;1.550328e+00;3.203282e+00;-4.828030e+00;-6.806792e+00;4.004822e-01;5.835004e+00;6.534777e-01;-5.084439e+00;-2.671417e-01;3.118492e+00;5.232647e+00;-5.752617e+00;-2.974148e+00;-1.364876e+00
