frameIndex;frameTime;pcm_fftMag_mfcc[0];pcm_fftMag_mfcc[1];pcm_fftMag_mfcc[2];pcm_fftMag_mfcc[3];pcm_fftMag_mfcc[4];pcm_fftMag_mfcc[5];pcm_fftMag_mfcc[6];pcm_fftMag_mfcc[7];pcm_fftMag_mfcc[8];pcm_fftMag_mfcc[9];pcm_fftMag_mfcc[10];pcm_fftMag_mfcc[11];pcm_fftMag_mfcc[12];pcm_fftMag_mfcc[13]
0;0.000000;-1.819950e+00;1.539848e+00;3.370209e+00;-2.066819e+00;2.190821e+00;-1.335358e+00;7.973113e+00;2.574997e-01;-7.586481e+00;1.576014e+00;-2.338676e+00;1.523368e+00;-4.241207e+00;5.465469e-01
1;0.100000;-2.145519e+00;1.625618e+00;3.880688e+00;-1.365020e+00;8.627148e-01;-4.216278e+00;2.969416e+00;1.615566e+00;-5.513512e+00;-4.116940e-01;-2.160375e+00;1.625008e+00;-2.233450e+00;1.148949e+00
2;0.200000;-1.383297e+00;5.116549e-01;1.058347e+00;7.700958e-01;1.488496e+00;-1.353476e+00;-4.487209e-01;4.543285e-01;-1.151306e+00;7.402749e-01;-6.021285e-01;1.443054e+00;-1.940780e-01;-1.046906e-01
3;0.300000;5.598481e-01;3.677056e-01;-3.155438e+00;2.401133e+00;8.359995e-01;4.510180e+00;-1.804714e+00;-2.230593e+00;1.318777e+00;2.064720e+00;1.678929e+00;-6.353731e-01;2.222715e+00;-1.790222e+00
4;0.400000;2.673375e+00;-9.752580e-01;-4.441498e+00;1.300022e+00;-1.941420e+00;2.214921e+00;-3.681549e+00;-1.092955e+00;4.410319e+00;-2.667994e-01;3.114275e+00;-3.739178e+00;3.103312e+00;-7.565613e-01
5;0.500000;2.115544e+00;-3.069568e+00;-7.123091e-01;-1.039408e+00;-3.436604e+00;1.800060e-01;-5.007538e+00;9.961462e-01;8.522204e+00;-3.702515e+00;3.079743e-01;-2.168777e-01;1.342711e+00;9.559326e-01
