frameIndex;frameTime;pcm_fftMag_mfcc[0];pcm_fftMag_mfcc[1];pcm_fftMag_mfcc[2];pcm_fftMag_mfcc[3];pcm_fftMag_mfcc[4];pcm_fftMag_mfcc[5];pcm_fftMag_mfcc[6];pcm_fftMag_mfcc[7];pcm_fftMag_mfcc[8];pcm_fftMag_mfcc[9];pcm_fftMag_mfcc[10];pcm_fftMag_mfcc[11];pcm_fftMag_mfcc[12];pcm_fftMag_mfcc[13]
0;0.000000;1.109526e+00;3.445198e+00;5.971625e+00;-2.234941e+00;-4.526033e-01;-8.618355e-02;-4.695950e-01;1.037949e+00;-3.189465e+00;-2.091866e-01;7.962383e+00;6.691818e+00;-6.050750e+00;-1.636154e+00
1;0.100000;3.952395e+00;-4.051684e+00;5.386563e+00;-1.794780e+00;-3.419346e+00;2.965727e-01;-2.481404e+00;8.138968e+00;-5.963741e+00;5.862572e+00;-3.110744e+00;3.925329e+00;-1.957505e+00;-2.812958e-02
2;0.200000;3.473551e+00;-5.840746e+00;-1.118444e+00;-7.636338e-01;5.241880e-01;1.513445e+00;3.180214e+00;2.930986e+00;-2.252867e+00;3.821095e+00;-4.550144e+00;3.616486e-01;5.218666e-01;1.399719e+00
3;0.300000;-2.204676e-01;-1.914185e+00;-8.318617e+00;2.066570e+00;2.656867e+00;9.961376e-01;8.008986e+00;-2.886850e+00;2.342066e+00;-1.919857e+00;-3.282490e+00;-3.852622e+00;8.041887e-01;1.199707e+00
4;0.400000;-3.641716e+00;3.767205e+00;-5.336784e+00;2.394534e-01;1.563413e+00;-4.107447e-01;9.579611e-01;-4.713724e+00;3.198586e+00;-5.224092e+00;1.796961e-02;-4.082025e+00;2.227833e+00;-1.001968e-01
5;0.500000;-4.673291e+00;4.594214e+00;3.415656e+00;2.487331e+00;-8.725176e-01;-2.309224e+00;-9.196161e+00;-4.507330e+00;5.865420e+00;-2.330534e+00;2.963022e+00;-3.044148e+00;4.454367e+00;-8.349991e-01
