frameIndex;frameTime;pcm_fftMag_mfcc[0];pcm_fftMag_mfcc[1];pcm_fftMag_mfcc[2];pcm_fftMag_mfcc[3];pcm_fftMag_mfcc[4];pcm_fftMag_mfcc[5];pcm_fftMag_mfcc[6];pcm_fftMag_mfcc[7];pcm_fftMag_mfcc[8];pcm_fftMag_mfcc[9];pcm_fftMag_mfcc[10];pcm_fftMag_mfcc[11];pcm_fftMag_mfcc[12];pcm_fftMag_mfcc[13]
0;0.000000;-4.946781e+00;1.536438e+01;9.848832e+00;9.159023e+00;-2.921002e+00;7.424657e+00;4.025022e+00;-3.465094e+00;6.132377e+00;4.991926e+00;3.186070e+00;-1.819854e-01;3.140438e+00;-2.303772e+00
1;0.100000;-2.202511e+00;1.297112e+00;8.341227e-01;1.739971e+00;-3.455215e+00;9.828489e-01;-4.877253e+00;-7.145413e+00;9.659576e-02;-1.180227e+00;1.720761e+00;-1.229025e+00;4.299054e+00;-4.585571e-01
2;0.200000;2.340569e+00;-7.732858e+00;-1.711320e+00;-2.353235e+00;1.288016e+00;-4.429586e+00;-3.947741e+00;-1.278878e+00;-9.696293e-01;-3.591061e-01;3.324260e+00;2.780199e+00;2.248048e+00;-3.016968e-01
3;0.300000;1.216473e+00;-6.405679e+00;-1.453260e+00;-2.485694e+00;1.111904e+00;-4.723604e+00;-3.338408e+00;2.622365e+00;-2.883646e+00;2.919141e+00;4.989052e-02;2.360106e+00;-1.632355e+00;6.905289e-01
4;0.400000;7.038155e-01;-1.230617e+00;-1.706968e+00;-3.737578e+00;-7.823944e-02;-5.415235e-01;2.896640e+00;4.279728e+00;-4.350027e+00;-2.095827e+00;-5.473911e+00;-2.116182e+00;-2.718121e+00;3.930740e-01
5;0.500000;2.888428e+00;-1.292338e+00;-5.811410e+00;-2.322490e+00;4.054531e+00;1.287208e+00;5.241731e+00;4.987293e+00;1.974324e+00;-4.275904e+00;-2.807071e+00;-1.613115e+00;-5.337064e+00;1.980385e+00
