frameIndex;frameTime;pcm_fftMag_mfcc[0];pcm_fftMag_mfcc[1];pcm_fftMag_mfcc[2];pcm_fftMag_mfcc[3];pcm_fftMag_mfcc[4];pcm_fftMag_mfcc[5];pcm_fftMag_mfcc[6];pcm_fftMag_mfcc[7];pcm_fftMag_mfcc[8];pcm_fftMag_mfcc[9];pcm_fftMag_mfcc[10];pcm_fftMag_mfcc[11];pcm_fftMag_mfcc[12];pcm_fftMag_mfcc[13]
0;0.000000;-2.927085e+00;-1.837173e+00;-4.918206e+00;-1.300233e+00;7.144027e-01;-2.090811e+00;-1.876716e+00;5.591763e+00;-2.333993e+00;3.993354e-01;-4.099495e+00;-6.082399e+00;2.055664e+00;3.755089e+00
1;0.100000;-1.398670e+00;1.913986e-01;-3.904851e+00;-1.814566e-01;4.973178e-01;-1.095615e+00;-1.207863e+00;2.955832e+00;-1.128471e+00;-2.899570e+00;-2.152297e+00;-3.684354e+00;2.986666e+00;9.247208e-01
2;0.200000;1.940274e+00;4.749499e+00;-1.421400e+00;-3.260962e+00;4.054515e+00;3.335558e-01;-3.828335e-02;-2.067861e+00;-2.284447e+00;-1.348900e+00;2.029493e+00;2.319499e+00;3.040635e+00;-2.904762e+00
3;0.300000;1.969331e+00;9.087362e-01;2.384174e+00;-1.221103e+00;2.184069e+00;3.057754e+00;9.410191e-02;-4.509415e+00;1.799068e+00;3.148002e+00;1.049045e+00;3.661477e+00;5.088570e-01;-1.610542e+00
4;0.400000;6.991687e-01;-2.462525e+00;4.075014e+00;2.276671e+00;-2.073402e+00;1.583893e+00;3.992996e-01;-1.657123e+00;3.700304e+00;2.178714e+00;1.418939e+00;2.306512e+00;-3.079287e+00;1.640320e-02
5;0.500000;-2.830172e-01;-1.549931e+00;3.785269e+00;3.687085e+00;-5.376901e+00;-1.788777e+00;2.629463e+00;-3.131990e-01;2.475419e-01;-1.477579e+00;1.754315e+00;1.479266e+00;-5.512535e+00;-1.809158e-01
