frameIndex;frameTime;pcm_fftMag_mfcc[0];pcm_fftMag_mfcc[1];pcm_fftMag_mfcc[2];pcm_fftMag_mfcc[3];pcm_fftMag_mfcc[4];pcm_fftMag_mfcc[5];pcm_fftMag_mfcc[6];pcm_fftMag_mfcc[7];pcm_fftMag_mfcc[8];pcm_fftMag_mfcc[9];pcm_fftMag_mfcc[10];pcm_fftMag_mfcc[11];pcm_fftMag_mfcc[12];pcm_fftMag_mfcc[13]
0;0.000000;5.781394e+00;-3.737597e+00;-7.163479e+00;-7.420825e+00;-2.117558e-01;8.114235e+00;4.258089e+00;-3.187618e+00;-1.063112e+00;-4.229014e+00;-6.725800e-01;5.357057e+00;1.209338e+00;-1.356506e-02
1;0.100000;3.546534e+00;-2.581049e+00;-1.359358e+00;-2.306418e+00;-2.426808e+00;1.946334e+00;2.868945e+00;-2.195593e+00;-3.193194e+00;-3.342012e+00;-3.440989e+00;2.795483e+00;2.982304e+00;-1.265999e+00
2;0.200000;1.479357e+00;1.395226e-03;3.946607e+00;7.895308e-01;-4.232372e+00;-4.018066e+00;-9.670038e-01;-2.323195e+00;-1.680806e+00;1.571259e-01;-3.510421e+00;-6.175661e-02;1.828899e+00;-1.106125e+00
3;0.300000;-4.984245e-01;1.909351e+00;3.982998e+00;3.336695e+00;-1.938286e+00;-3.503914e+00;-2.011651e+00;-1.257715e+00;1.886416e+00;6.270857e-01;-1.432872e+00;-1.623473e+00;-1.360252e-01;-1.319107e+00
4;0.400000;-4.953872e+00;2.353206e+00;1.141321e+00;3.681707e+00;5.143073e+00;-5.827751e-01;-1.880228e+00;4.050378e+00;1.733079e+00;2.370237e+00;3.906096e+00;-2.969083e+00;-3.154595e+00;4.609528e-01
5;0.500000;-5.354987e+00;2.054693e+00;-5.480890e-01;1.919312e+00;3.666151e+00;-1.955815e+00;-2.268152e+00;4.913741e+00;2.317616e+00;4.416578e+00;5.150766e+00;-3.498227e+00;-2.729920e+00;3.243866e+00
