frameIndex;frameTime;pcm_fftMag_mfcc[0];pcm_fftMag_mfcc[1];pcm_fftMag_mfcc[2];pcm_fftMag_mfcc[3];pcm_fftMag_mfcc[4];pcm_fftMag_mfcc[5];pcm_fftMag_mfcc[6];pcm_fftMag_mfcc[7];pcm_fftMag_mfcc[8];pcm_fftMag_mfcc[9];pcm_fftMag_mfcc[10];pcm_fftMag_mfcc[11];pcm_fftMag_mfcc[12];pcm_fftMag_mfcc[13]
0;0.000000;-2.405116e+00;-7.737103e-01;2.435406e+00;4.685362e+00;1.056483e+00;-9.951361e+00;5.868757e-02;2.631136e+00;1.871861e+00;7.881432e-01;6.585847e-01;-1.973257e+00;2.450659e+00;4.619514e+00
1;0.100000;-2.313613e+00;-1.135359e+00;-1.411865e+00;3.020725e+00;-3.780715e+00;-9.314018e+00;-1.640747e+00;-4.349667e-01;8.954386e-01;-1.521998e+00;-1.352925e+00;-5.491601e+00;2.643616e+00;2.620201e+00
2;0.200000;-2.422276e+00;3.699317e+00;-2.637547e+00;2.705597e+00;-9.591551e-01;-3.927739e+00;2.198201e+00;-2.101058e+00;2.877061e+00;-3.877168e-01;-3.158933e+00;-3.249034e+00;3.167547e+00;-1.477249e+00
3;0.300000;1.027547e+00;5.492078e+00;4.461813e-01;-1.544162e+00;1.324954e+00;7.200905e+00;4.847116e+00;-3.800257e+00;-8.188286e-02;-1.530647e-04;3.156637e-01;3.548004e+00;-8.206248e-01;-3.242348e+00
4;0.400000;3.819511e+00;-2.707943e+00;1.753663e+00;-3.817252e+00;1.325512e+00;9.207088e+00;-3.586708e-01;1.141812e+00;-2.183332e+00;1.220534e+00;2.303463e+00;4.108253e+00;-3.128533e+00;-1.370865e+00
5;0.500000;2.293943e+00;-4.574383e+00;-5.858383e-01;-5.050263e+00;1.032919e+00;6.785123e+00;-5.104587e+00;2.563334e+00;-3.379148e+00;-9.880877e-02;1.234146e+00;3.057634e+00;-4.312665e+00;-1.149254e+00
