frameIndex;frameTime;pcm_fftMag_mfcc[0];pcm_fftMag_mfcc[1];pcm_fftMag_mfcc[2];pcm_fftMag_mfcc[3];pcm_fftMag_mfcc[4];pcm_fftMag_mfcc[5];pcm_fftMag_mfcc[6];pcm_fftMag_mfcc[7];pcm_fftMag_mfcc[8];pcm_fftMag_mfcc[9];pcm_fftMag_mfcc[10];pcm_fftMag_mfcc[11];pcm_fftMag_mfcc[12];pcm_fftMag_mfcc[13]
0;0.000000;1.195030e+00;-8.956461e-01;2.454615e-02;6.267209e-01;7.469973e+00;-3.272637e+00;-2.778351e+00;-3.717924e+00;3.181205e+00;3.770484e+00;-1.579782e+00;-3.970331e+00;2.154516e+00;-1.587097e+00
1;0.100000;-1.049473e+00;2.403464e+00;2.440337e+00;-2.927153e+00;-7.097406e-01;-1.851650e+00;3.043278e+00;-2.138300e-01;-9.582596e-01;-1.639356e+00;9.035201e-01;1.076360e-01;-1.202219e+00;2.897491e-01
2;0.200000;-5.887537e-01;-2.334790e-01;9.399235e-02;-3.163514e-01;-2.323375e+00;4.581623e-01;1.861057e+00;1.697262e+00;-1.684258e+00;-1.816586e+00;-2.775517e-01;2.442649e+00;-1.476650e+00;1.222466e+00
3;0.300000;4.431953e-01;-1.274340e+00;-2.558876e+00;2.616784e+00;-4.436857e+00;4.666121e+00;-2.125985e+00;2.234492e+00;-5.386877e-01;-3.145418e-01;9.538126e-01;1.420048e+00;5.243521e-01;7.485962e-02
