frameIndex;frameTime;pcm_fftMag_mfcc[0];pcm_fftMag_mfcc[1];pcm_fftMag_mfcc[2];pcm_fftMag_mfcc[3];pcm_fftMag_mfcc[4];pcm_fftMag_mfcc[5];pcm_fftMag_mfcc[6];pcm_fftMag_mfcc[7];pcm_fftMag_mfcc[8];pcm_fftMag_mfcc[9];pcm_fftMag_mfcc[10];pcm_fftMag_mfcc[11];pcm_fftMag_mfcc[12];pcm_fftMag_mfcc[13]
0;0.000000;3.867177e+00;-5.460813e+00;5.365216e+00;3.935681e+00;-1.996418e+00;6.276690e+00;-7.541824e+00;5.754161e+00;-1.806290e+00;4.021760e+00;-2.872424e-01;-3.037987e-01;7.249281e-01;8.051910e-01
1;0.100000;6.078508e-01;-3.919885e+00;2.507210e+00;5.687190e+00;1.408439e-01;4.266979e+00;-6.928978e-01;1.563422e+00;3.761063e+00;6.921837e-01;-1.428741e+00;6.654549e-01;-6.781201e-01;4.078217e+00
2;0.200000;-2.724246e+00;-2.007570e+00;-7.503633e-01;5.420882e+00;2.379485e+00;2.239296e+00;1.874568e+00;-5.303321e-01;5.630338e+00;-4.854307e-01;-1.630002e+00;-1.992254e-01;-1.462967e+00;3.384254e+00
3;0.300000;-4.183053e+00;2.508550e+00;-4.353580e+00;2.094286e+00;1.229110e+00;-3.708463e+00;1.856309e+00;-3.130372e+00;2.627202e+00;-1.076648e+00;-1.656337e+00;-2.058506e-01;-1.359143e+00;-3.294373e-01
4;0.400000;-7.779002e-01;5.912633e+00;-3.211394e+00;-5.009938e+00;-1.348270e+00;-4.809042e+00;3.470602e+00;-2.847530e+00;-3.297961e+00;-1.713110e+00;1.989336e+00;7.555103e-01;2.430444e-01;-2.330742e+00
5;0.500000;3.210171e+00;2.967086e+00;4.429135e-01;-1.212810e+01;-4.047494e-01;-4.265460e+00;1.033239e+00;-8.093488e-01;-6.914353e+00;-1.438751e+00;3.012986e+00;-7.120905e-01;2.532258e+00;-5.607491e+00
