frameIndex;frameTime;pcm_fftMag_mfcc[0];pcm_fftMag_mfcc[1];pcm_fftMag_mfcc[2];pcm_fftMag_mfcc[3];pcm_fftMag_mfcc[4];pcm_fftMag_mfcc[5];pcm_fftMag_mfcc[6];pcm_fftMag_mfcc[7];pcm_fftMag_mfcc[8];pcm_fftMag_mfcc[9];pcm_fftMag_mfcc[10];pcm_fftMag_mfcc[11];pcm_fftMag_mfcc[12];pcm_fftMag_mfcc[13]
0;0.000000;-5.171943e-01;7.048451e+00;-1.896989e+00;-3.006161e+00;-1.966564e+00;5.778476e+00;-1.517882e+00;-4.114301e+00;-3.144009e+00;-1.628194e+00;4.775471e+00;6.897372e+00;-1.068822e+00;-1.952179e+00
1;0.100000;1.610293e-01;3.492971e+00;-1.446392e+00;-3.385202e+00;-6.566024e-01;5.244016e+00;-2.658792e+00;-3.780352e+00;-3.803997e+00;-2.636225e-01;2.889944e+00;3.768314e+00;-1.575173e+00;-1.126656e+00
2;0.200000;1.049739e+00;1.157474e+00;6.484985e-02;1.910366e+00;5.038233e-01;2.317674e+00;-1.808616e+00;-7.677231e-01;-2.957828e+00;1.415641e+00;1.236111e-01;1.774693e-01;-1.191707e+00;-1.857887e+00
3;0.300000;-1.336784e-01;-2.364708e+00;1.895046e-02;2.439028e+00;-6.501751e-01;-3.490374e+00;4.282093e-02;2.898626e+00;2.256868e+00;1.597900e+00;-1.625582e+00;-2.834595e+00;4.436980e-01;9.516678e-01
4;0.400000;-3.598304e-01;-4.780128e+00;7.294583e-01;5.665913e-01;6.436343e-01;-5.499960e+00;2.374496e+00;3.277712e+00;3.856250e+00;2.161603e-01;-2.299065e+00;-3.737164e+00;1.712046e+00;2.769035e+00
5;0.500000;-2.000651e-01;-4.554059e+00;2.530122e+00;1.475378e+00;2.125885e+00;-4.349828e+00;3.567974e+00;2.486040e+00;3.792716e+00;-1.337886e+00;-3.864380e+00;-4.271393e+00;1.679959e+00;1.216042e+00
