frameIndex;frameTime;pcm_fftMag_mfcc[0];pcm_fftMag_mfcc[1];pcm_fftMag_mfcc[2];pcm_fftMag_mfcc[3];pcm_fftMag_mfcc[4];pcm_fftMag_mfcc[5];pcm_fftMag_mfcc[6];pcm_fftMag_mfcc[7];pcm_fftMag_mfcc[8];pcm_fftMag_mfcc[9];pcm_fftMag_mfcc[10];pcm_fftMag_mfcc[11];pcm_fftMag_mfcc[12];pcm_fftMag_mfcc[13]
0;0.000000;2.668673e+00;-4.287714e+00;-6.304843e-01;-1.887943e+00;1.192741e-01;-3.404140e+00;4.616560e+00;-2.303423e+00;-9.742379e-03;2.069932e+00;-2.546163e+00;-1.210834e+00;-5.576615e-01;1.419418e+00
1;0.100000;2.332242e+00;-5.589051e+00;-8.339468e-01;-6.030125e+00;-1.868469e+00;-1.932383e+00;6.768017e-01;-7.342110e-01;1.182877e+00;-2.091460e-01;-2.845562e+00;1.844146e-01;-1.527416e+00;3.374275e+00
2;0.200000;1.424457e+00;-4.785171e+00;-1.181652e-01;-7.811377e+00;-1.517076e+00;-8.627634e-01;-2.089198e+00;1.507616e-01;1.288892e+00;-1.008180e+00;-2.948654e+00;2.445817e+00;-2.079304e+00;3.421410e+00
3;0.300000;1.328429e+00;-7.899847e-01;2.573722e+00;-5.154282e+00;1.073566e+00;1.901284e+00;-3.034128e+00;9.400778e-01;2.411283e+00;-1.416528e+00;-1.239244e+00;3.882377e+00;-1.004860e+00;1.174179e+00
4;0.400000;-1.413311e+00;6.944635e+00;1.525623e+00;3.577632e+00;-2.883549e-01;4.008970e+00;-3.079290e+00;1.283832e+00;2.383961e+00;-2.648327e+00;2.718527e+00;3.264160e-01;1.537501e+00;-2.911240e+00
5;0.500000;-6.340496e+00;8.507280e+00;-2.516748e+00;1.730610e+01;2.481064e+00;2.890291e-01;2.909252e+00;6.629629e-01;-7.257270e+00;3.212250e+00;6.861096e+00;-5.628191e+00;3.631743e+00;-6.478065e+00
