frameIndex;frameTime;pcm_fftMag_mfcc[0];pcm_fftMag_mfcc[1];pcm_fftMag_mfcc[2];pcm_fftMag_mfcc[3];pcm_fftMag_mfcc[4];pcm_fftMag_mfcc[5];pcm_fftMag_mfcc[6];pcm_fftMag_mfcc[7];pcm_fftMag_mfcc[8];pcm_fftMag_mfcc[9];pcm_fftMag_mfcc[10];pcm_fftMag_mfcc[11];pcm_fftMag_mfcc[12];pcm_fftMag_mfcc[13]
0;0.000000;-1.111829e+00;1.630322e+00;5.534762e-01;-9.954891e-01;6.901741e-02;4.318724e-01;-1.825824e+00;-2.798473e+00;-7.909889e-01;1.844926e+00;2.782235e-01;3.061390e-02;1.610057e+00;-6.513977e-01
1;0.100000;1.111829e+00;-1.630322e+00;-5.534763e-01;9.954891e-01;-6.901550e-02;-4.318733e-01;1.825824e+00;2.798473e+00;7.909889e-01;-1.844926e+00;-2.782235e-01;-3.061390e-02;-1.610058e+00;6.513977e-01
