frameIndex;frameTime;pcm_fftMag_mfcc[0];pcm_fftMag_mfcc[1];pcm_fftMag_mfcc[2];pcm_fftMag_mfcc[3];pcm_fftMag_mfcc[4];pcm_fftMag_mfcc[5];pcm_fftMag_mfcc[6];pcm_fftMag_mfcc[7];pcm_fftMag_mfcc[8];pcm_fftMag_mfcc[9];pcm_fftMag_mfcc[10];pcm_fftMag_mfcc[11];pcm_fftMag_mfcc[12];pcm_fftMag_mfcc[13]
0;0.000000;-5.088178e+00;4.444620e+00;-2.430398e+00;3.653728e+00;8.150298e+00;2.834973e+00;-1.590562e+00;-1.322820e+00;-2.413320e+00;-8.791780e-02;-2.672830e+00;-3.078296e+00;1.051118e+00;-1.450394e+00
1;0.100000;-6.669562e+00;6.142618e+00;-1.638107e+00;4.179581e+00;1.592935e+00;-6.160793e-01;-1.972752e+00;-1.707855e+00;-9.338155e-01;2.065496e-01;4.541479e-01;-2.349381e+00;-2.431488e-02;-3.888092e-01
2;0.200000;-3.342023e+00;2.419015e+00;-2.510748e+00;6.455393e-01;-8.086168e+00;-1.686230e-01;6.775665e-02;-2.089057e+00;-1.984291e-01;-5.415421e-01;2.469254e+00;-1.526971e-01;1.234782e+00;1.527657e+00
3;0.300000;2.930652e+00;-3.245832e+00;-1.123486e-01;-1.009694e+00;-6.786213e+00;3.015703e+00;-1.174023e+00;1.916310e+00;-2.516859e-01;-5.786490e-01;2.339300e+00;-5.845466e-01;2.181175e+00;2.446098e+00
4;0.400000;6.754622e+00;-6.435833e+00;3.613021e+00;-4.592360e+00;2.068520e-02;-9.916058e-01;1.358678e+00;2.763927e+00;6.794814e-01;8.932471e-01;-9.974902e-01;3.203717e+00;-1.280090e+00;7.318192e-01
5;0.500000;5.414486e+00;-3.324589e+00;3.078579e+00;-2.876791e+00;5.108460e+00;-4.074373e+00;3.310904e+00;4.394946e-01;3.117768e+00;1.083121e-01;-1.592381e+00;2.961205e+00;-3.162675e+00;-2.866341e+00
