frameIndex;frameTime;pcm_fftMag_mfcc[0];pcm_fftMag_mfcc[1];pcm_fftMag_mfcc[2];pcm_fftMag_mfcc[3];pcm_fftMag_mfcc[4];pcm_fftMag_mfcc[5];pcm_fftMag_mfcc[6];pcm_fftMag_mfcc[7];pcm_fftMag_mfcc[8];pcm_fftMag_mfcc[9];pcm_fftMag_mfcc[10];pcm_fftMag_mfcc[11];pcm_fftMag_mfcc[12];pcm_fftMag_mfcc[13]
0;0.000000;-6.932364e+00;4.590774e+00;7.439034e+00;-9.751663e-01;-2.346498e+00;1.036885e+00;1.453226e+00;-7.223912e+00;-4.710481e+00;-6.958661e-01;4.126665e+00;1.034904e-01;3.529618e+00;-4.355469e-01
1;0.100000;-6.549759e+00;3.851231e+00;4.420781e+00;-7.541618e-01;-3.339646e+00;-1.233558e+00;1.177241e+00;-3.485103e+00;-2.653127e-01;1.581950e+00;3.957296e+00;-1.024036e+00;6.106449e-01;-1.174973e+00
2;0.200000;-7.466354e-01;1.667869e+00;-2.019643e+00;3.573269e+00;-4.912602e+00;-6.481657e+00;-2.182739e+00;-9.783344e-01;3.798680e-01;-3.622940e+00;9.144961e-01;8.644152e-02;-1.169020e+00;-1.415642e+00
3;0.300000;2.264477e+00;-1.724092e+00;-9.053934e-02;3.397588e+00;-2.988237e+00;-6.227558e+00;-3.616574e+00;1.978620e+00;1.604825e+00;-3.073584e+00;-3.434584e+00;1.016321e+00;-5.091365e-01;-1.348053e+00
4;0.400000;3.851186e+00;-3.084778e+00;-1.667861e+00;-8.859501e-01;4.518362e+00;3.947577e+00;1.776701e+00;5.168644e+00;1.042741e+00;9.380169e-01;-2.308410e+00;8.675685e-01;-1.294980e+00;1.160774e+00
5;0.500000;8.113100e+00;-5.301002e+00;-8.081772e+00;-4.355574e+00;9.068620e+00;8.958308e+00;1.392149e+00;4.540078e+00;1.948362e+00;4.872426e+00;-3.255462e+00;-1.049786e+00;-1.167125e+00;3.213455e+00
