frameIndex;frameTime;pcm_fftMag_mfcc[0];pcm_fftMag_mfcc[1];pcm_fftMag_mfcc[2];pcm_fftMag_mfcc[3];pcm_fftMag_mfcc[4];pcm_fftMag_mfcc[5];pcm_fftMag_mfcc[6];pcm_fftMag_mfcc[7];pcm_fftMag_mfcc[8];pcm_fftMag_mfcc[9];pcm_fftMag_mfcc[10];pcm_fftMag_mfcc[11];pcm_fftMag_mfcc[12];pcm_fftMag_mfcc[13]
0;0.000000;-4.784054e+00;-3.435253e+00;-1.120770e+00;9.747488e+00;-1.656004e+00;-1.586337e+00;6.660743e-01;4.159838e+00;1.001255e+01;-1.907191e+00;-1.125789e+01;-1.233782e+00;1.735120e+00;3.807465e+00
1;0.100000;-4.689363e+00;1.455561e+00;-3.469919e+00;1.013517e+01;-1.356535e+00;-3.175717e+00;2.216623e-01;7.129006e-01;7.169480e+00;-2.185160e+00;-7.560481e+00;-1.964808e-01;6.928921e-01;2.203461e+00
2;0.200000;-1.000130e+00;4.079719e+00;-3.831724e+00;3.903425e+00;-1.811998e+00;-4.564638e-01;1.160462e-01;-2.663184e+00;2.076426e-01;1.077956e+00;1.878667e+00;-9.314038e-01;5.028725e-02;6.324081e-01
3;0.300000;2.491665e+00;7.961661e-01;7.222261e-01;-4.905044e+00;-5.185471e-01;1.409001e+00;-9.717948e-01;2.102423e-02;-4.787618e+00;2.155893e+00;5.794998e+00;3.584753e-01;-1.809444e-01;-1.796890e+00
4;0.400000;2.905457e+00;-2.588298e-01;4.726094e+00;-8.314353e+00;2.687626e+00;1.992226e+00;1.407374e+00;4.008343e-01;-4.177586e+00;1.290996e+00;6.445809e+00;3.258897e+00;-5.023098e-01;-3.452538e+00
5;0.500000;5.076425e+00;-2.637362e+00;2.974094e+00;-1.056670e+01;2.655454e+00;1.817302e+00;-1.439363e+00;-2.631415e+00;-8.424468e+00;-4.324936e-01;4.698898e+00;-1.255705e+00;-1.795049e+00;-1.393913e+00
