frameIndex;frameTime;pcm_fftMag_mfcc[0];pcm_fftMag_mfcc[1];pcm_fftMag_mfcc[2];pcm_fftMag_mfcc[3];pcm_fftMag_mfcc[4];pcm_fftMag_mfcc[5];pcm_fftMag_mfcc[6];pcm_fftMag_mfcc[7];pcm_fftMag_mfcc[8];pcm_fftMag_mfcc[9];pcm_fftMag_mfcc[10];pcm_fftMag_mfcc[11];pcm_fftMag_mfcc[12];pcm_fftMag_mfcc[13]
0;0.000000;1.764565e+00;2.350917e+00;6.638075e+00;-3.256881e+00;3.856671e+00;4.146996e+00;-2.811424e+00;-9.653685e+00;-4.196524e+00;5.363619e+00;5.681896e-02;-5.386396e+00;5.548773e+00;-3.782738e+00
1;0.100000;-2.175795e+00;6.072000e+00;7.393190e+00;-2.763856e+00;5.773293e+00;2.883054e+00;-5.356327e+00;-6.182850e+00;-1.199940e+00;5.162509e+00;4.406163e+00;-3.426989e+00;3.914927e+00;-3.062195e+00
2;0.200000;-3.212112e+00;8.466862e+00;2.661511e+00;1.405199e+00;2.443642e+00;-2.135548e+00;-5.947398e+00;3.088899e+00;2.235631e+00;-1.293031e+00;6.446474e+00;-1.464958e+00;9.413924e-01;-2.631783e+00
3;0.300000;-8.044186e-01;1.854775e-01;-6.807466e+00;5.558499e+00;-3.052519e+00;-1.115393e+00;2.832909e+00;6.107172e+00;3.316948e+00;-5.094937e+00;1.757369e-01;1.698622e+00;-8.851700e-01;8.232574e-01
4;0.400000;1.129034e+00;-6.958647e+00;-6.723483e+00;1.996273e+00;-5.406612e+00;-1.111866e+00;5.415185e+00;3.635896e+00;9.396710e-01;-2.890373e+00;-4.877935e+00;3.759921e+00;-3.843212e+00;4.239693e+00
5;0.500000;3.298722e+00;-1.011661e+01;-3.161827e+00;-2.939235e+00;-3.614477e+00;-2.667242e+00;5.867055e+00;3.004570e+00;-1.095786e+00;-1.247789e+00;-6.207259e+00;4.819802e+00;-5.676709e+00;4.413750e+00
