frameIndex;frameTime;pcm_fftMag_mfcc[0];pcm_fftMag_mfcc[1];pcm_fftMag_mfcc[2];pcm_fftMag_mfcc[3];pcm_fftMag_mfcc[4];pcm_fftMag_mfcc[5];pcm_fftMag_mfcc[6];pcm_fftMag_mfcc[7];pcm_fftMag_mfcc[8];pcm_fftMag_mfcc[9];pcm_fftMag_mfcc[10];pcm_fftMag_mfcc[11];pcm_fftMag_mfcc[12];pcm_fftMag_mfcc[13]
0;0.000000;-1.976366e-01;7.797499e-01;-6.661860e+00;2.091338e+00;7.055216e-01;-1.719953e+00;3.372883e+00;-1.744275e-01;3.385110e+00;1.454760e+00;5.196220e+00;-2.627073e+00;3.578407e+00;1.759659e+00
1;0.100000;1.287336e+00;-5.329018e-01;-2.019973e+00;1.014574e+00;2.965708e-01;1.356539e+00;2.123162e+00;6.210141e-01;9.576790e-01;1.903331e+00;4.662861e+00;-1.292764e+00;2.070285e+00;-9.804153e-01
2;0.200000;-1.167614e+00;1.102263e+00;2.502050e+00;-1.581518e+00;2.137135e+00;4.467232e+00;-2.511288e+00;1.653989e+00;-2.746682e+00;2.272516e+00;-2.746571e+00;4.953365e-01;-2.730871e-01;-1.541016e+00
3;0.300000;-1.333713e+00;-2.535219e-01;3.823559e+00;-2.571580e+00;-6.504278e-01;3.542628e+00;-3.346558e+00;8.159447e-02;-3.114109e+00;5.954757e-01;-3.918835e+00;-1.957658e+00;-3.402260e+00;-1.197815e-01
4;0.400000;7.281389e-01;-1.215014e+00;2.349774e+00;-1.051084e+00;-1.188407e+00;-1.288543e+00;-1.271667e+00;-1.692292e+00;6.333070e-01;-2.344506e+00;-2.319027e+00;1.064383e+00;-3.247881e+00;3.667679e-01
5;0.500000;6.834869e-01;1.194248e-01;6.450653e-03;2.098271e+00;-1.300387e+00;-6.357903e+00;1.633471e+00;-4.898796e-01;8.846948e-01;-3.881579e+00;-8.746483e-01;4.317774e+00;1.274536e+00;5.147247e-01
