frameIndex;frameTime;pcm_fftMag_mfcc[0];pcm_fftMag_mfcc[1];pcm_fftMag_mfcc[2];pcm_fftMag_mfcc[3];pcm_fftMag_mfcc[4];pcm_fftMag_mfcc[5];pcm_fftMag_mfcc[6];pcm_fftMag_mfcc[7];pcm_fftMag_mfcc[8];pcm_fftMag_mfcc[9];pcm_fftMag_mfcc[10];pcm_fftMag_mfcc[11];pcm_fftMag_mfcc[12];pcm_fftMag_mfcc[13]
0;0.000000;3.674261e+00;-1.054375e+01;1.088891e+00;-5.516602e+00;-3.256881e+00;-4.256811e-01;1.458701e+00;-8.116627e-02;-1.049815e+01;2.703830e+00;-5.428967e+00;-3.078886e+00;-4.062858e+00;-5.680389e-01
1;0.100000;-9.819984e-02;-2.197261e+00;4.463805e+00;-5.811576e+00;-5.866191e+00;6.647806e-01;-8.243743e-01;-1.815724e+00;-7.443630e+00;-2.746286e+00;-3.337069e-01;-1.077378e+00;-2.703153e+00;-2.099792e+00
2;0.200000;-3.219835e+00;4.195480e+00;3.008538e+00;-1.408300e+00;-3.904384e+00;-1.264392e+00;-1.636363e+00;-5.750240e+00;-4.168459e+00;-2.197792e+00;1.204112e+00;1.526190e+00;-7.199039e-01;-1.536377e+00
3;0.300000;-1.753300e+00;4.839051e+00;-3.866599e+00;4.268916e+00;3.610687e+00;-1.604068e+00;1.183586e+00;4.769039e-02;5.442553e+00;2.546710e+00;-4.417855e-01;1.930655e+00;2.958495e+00;5.730286e-01
4;0.400000;6.882715e-01;2.782689e+00;-4.351775e+00;4.776396e+00;5.928479e+00;-4.170122e-01;6.299263e-01;4.361217e+00;7.674075e+00;1.956037e+00;1.691835e+00;3.653669e-01;2.690457e+00;2.058655e+00
5;0.500000;7.088032e-01;9.237928e-01;-3.428607e-01;3.691165e+00;3.488282e+00;3.046373e+00;-8.114754e-01;3.238225e+00;8.993610e+00;-2.262498e+00;3.308513e+00;3.340516e-01;1.836962e+00;1.572495e+00
