frameIndex;frameTime;pcm_fftMag_mfcc[0];pcm_fftMag_mfcc[1];pcm_fftMag_mfcc[2];pcm_fftMag_mfcc[3];pcm_fftMag_mfcc[4];pcm_fftMag_mfcc[5];pcm_fftMag_mfcc[6];pcm_fftMag_mfcc[7];pcm_fftMag_mfcc[8];pcm_fftMag_mfcc[9];pcm_fftMag_mfcc[10];pcm_fftMag_mfcc[11];pcm_fftMag_mfcc[12];pcm_fftMag_mfcc[13]
0;0.000000;2.634592e-01;-1.877153e+00;5.862273e+00;-3.167467e+00;-5.901947e+00;3.734507e+00;-3.071449e+00;-2.647429e+00;-2.967028e+00;-4.967561e+00;2.852893e+00;-8.636260e-01;-5.443804e+00;-2.577438e-01
1;0.100000;2.603331e-01;-6.288953e+00;-1.926198e+00;-3.785603e+00;-4.666159e+00;5.851984e-01;-3.765476e+00;-1.296880e+00;-5.516891e-01;-3.189305e+00;-1.756650e+00;-4.726853e-01;1.517529e+00;-3.929825e-01
2;0.200000;1.989410e+00;-2.265863e+00;-8.354853e+00;-5.770454e-01;2.445431e-01;-3.034791e+00;-1.305866e+00;-2.616200e-01;-2.831993e-01;1.953907e+00;-3.903069e+00;-1.413095e+00;5.536806e+00;1.364822e-01
3;0.300000;7.545834e-01;2.128071e+00;-7.120417e+00;1.722108e+00;3.784891e+00;-2.288465e-01;9.759960e-01;2.997627e+00;3.855522e+00;3.419681e+00;-2.793739e+00;-1.282423e+00;3.043258e+00;8.550262e-02
4;0.400000;3.493881e-02;5.197736e+00;1.940040e+00;5.378932e+00;4.318359e+00;3.471138e+00;5.731314e+00;3.033638e+00;2.739943e+00;4.400616e+00;3.630735e+00;1.931807e+00;9.798520e-01;-8.487167e-01
5;0.500000;-3.302726e+00;3.106161e+00;9.599154e+00;4.290810e-01;2.220312e+00;-4.527204e+00;1.435474e+00;-1.825337e+00;-2.793548e+00;-1.617345e+00;1.969833e+00;2.100026e+00;-5.633641e+00;1.277466e+00
