frameIndex;frameTime;pcm_fftMag_mfcc[0];pcm_fftMag_mfcc[1];pcm_fftMag_mfcc[2];pcm_fftMag_mfcc[3];pcm_fftMag_mfcc[4];pcm_fftMag_mfcc[5];pcm_fftMag_mfcc[6];pcm_fftMag_mfcc[7];pcm_fftMag_mfcc[8];pcm_fftMag_mfcc[9];pcm_fftMag_mfcc[10];pcm_fftMag_mfcc[11];pcm_fftMag_mfcc[12];pcm_fftMag_mfcc[13]
0;0.000000;-4.828829e+00;3.887252e+00;-6.965325e-01;2.448589e+00;2.441158e-01;-3.842144e+00;6.805563e-01;4.910083e+00;7.331234e+00;-4.868253e+00;-1.289889e+00;-1.195875e+00;7.587513e-01;1.212921e+00
1;0.100000;-5.121017e+00;4.184709e+00;3.093945e+00;-1.612931e+00;2.333236e+00;1.987305e+00;-4.325895e-01;1.368459e+00;4.692194e+00;-1.378484e+00;-3.226870e+00;-4.331768e+00;-7.328153e-03;2.329865e-01
2;0.200000;-3.192386e+00;3.753209e+00;2.454410e-01;1.950445e-01;-2.186908e+00;5.089686e-01;-7.649803e-02;-2.605590e+00;-1.059558e+00;-9.350982e-01;2.205484e+00;-1.005057e+00;7.680809e-02;4.769440e-01
3;0.300000;1.100903e+00;1.417082e+00;-3.748919e+00;6.968508e-01;-1.876557e+00;-2.681242e+00;1.293941e+00;-2.139081e+00;-5.278615e+00;-2.209153e-01;4.977388e+00;1.740251e+00;5.100834e-01;1.030609e+00
4;0.400000;4.604832e+00;-2.788458e+00;-1.429759e+00;-1.544260e+00;8.537560e-01;-1.749916e+00;1.903172e-01;-1.907717e+00;-4.452930e+00;2.911503e+00;2.156862e+00;3.528204e+00;-1.745247e-01;-5.593643e-01
5;0.500000;7.436494e+00;-1.045380e+01;2.535826e+00;-1.832962e-01;6.323576e-01;5.777028e+00;-1.655728e+00;3.738461e-01;-1.232317e+00;4.491246e+00;-4.822977e+00;1.264245e+00;-1.163790e+00;-2.394119e+00
