frameIndex;frameTime;pcm_fftMag_mfcc[0];pcm_fftMag_mfcc[1];pcm_fftMag_mfcc[2];pcm_fftMag_mfcc[3];pcm_fftMag_mfcc[4];pcm_fftMag_mfcc[5];pcm_fftMag_mfcc[6];pcm_fftMag_mfcc[7];pcm_fftMag_mfcc[8];pcm_fftMag_mfcc[9];pcm_fftMag_mfcc[10];pcm_fftMag_mfcc[11];pcm_fftMag_mfcc[12];pcm_fftMag_mfcc[13]
0;0.000000;1.430679e+00;5.600354e+00;-5.208271e+00;-6.008300e-01;2.892114e+00;9.784560e-01;-2.290751e+00;-1.017361e+01;3.669403e+00;5.526184e+00;4.421036e+00;-3.334317e+00;1.261190e+00;-2.264420e+00
1;0.100000;2.022149e+00;4.013862e+00;-7.099997e+00;-4.822980e-01;3.492031e+00;3.855553e-01;-2.813615e+00;-1.016145e+01;5.545711e+00;4.199697e+00;3.390882e+00;-4.590732e-01;8.126974e-02;-1.080841e+00
2;0.200000;1.886125e+00;-3.749824e-01;-2.953952e+00;1.431378e+00;1.364965e+00;-2.876883e-01;-2.660262e+00;-3.134488e+00;8.434813e-01;1.655951e-01;6.847286e-01;6.853803e-01;-3.732767e-01;-1.258469e-01
3;0.300000;-1.501930e+00;-3.940884e+00;1.230156e+00;-3.020111e-01;-1.377568e+00;-9.277925e-01;7.579412e-01;5.428922e+00;-2.635201e+00;-2.605321e+00;-2.840452e+00;9.555727e-01;-2.944307e-01;1.728241e+00
4;0.400000;-2.549422e+00;-4.108212e+00;4.518553e+00;-1.027605e+00;-2.791279e+00;-5.778236e-01;3.242447e+00;9.345451e+00;-3.240043e+00;-3.124849e+00;-3.410424e+00;1.137184e+00;-1.015190e+00;2.120270e+00
5;0.500000;-1.287603e+00;-1.190138e+00;9.513510e+00;9.813674e-01;-3.580266e+00;4.292898e-01;3.764242e+00;8.695171e+00;-4.183352e+00;-4.161305e+00;-2.245771e+00;1.015254e+00;3.404355e-01;-3.774261e-01
