frameIndex;frameTime;pcm_fftMag_mfcc[0];pcm_fftMag_mfcc[1];pcm_fftMag_mfcc[2];pcm_fftMag_mfcc[3];pcm_fftMag_mfcc[4];pcm_fftMag_mfcc[5];pcm_fftMag_mfcc[6];pcm_fftMag_mfcc[7];pcm_fftMag_mfcc[8];pcm_fftMag_mfcc[9];pcm_fftMag_mfcc[10];pcm_fftMag_mfcc[11];pcm_fftMag_mfcc[12];pcm_fftMag_mfcc[13]
0;0.000000;6.181787e+00;7.208972e-01;-7.505028e+00;-1.190807e+01;-4.918020e+00;2.012117e+00;-8.491823e+00;-6.325584e+00;-6.823823e+00;-2.454857e+00;1.467776e+00;-3.873938e+00;2.841539e+00;3.316330e+00
1;0.100000;7.251732e+00;4.171144e+00;-7.396250e+00;-1.425249e+01;-5.943561e+00;1.255213e+00;-4.000231e+00;-2.196284e+00;-2.467623e-01;-7.237797e-01;3.440353e+00;1.962081e+00;5.395337e+00;2.583313e-02
2;0.200000;3.622046e+00;3.312529e+00;-3.709005e+00;-3.691505e+00;-7.590089e+00;-5.072236e+00;-1.969406e+00;-6.632762e-01;4.631361e+00;1.891944e+00;-2.913704e-01;2.268217e+00;4.883020e+00;-1.480026e-01
3;0.300000;-2.466231e+00;5.458865e-01;2.759225e+00;6.307672e+00;-1.360632e+00;-4.984624e+00;-1.846153e+00;2.145901e-01;3.241800e+00;1.269107e+00;-1.259818e+00;1.424649e+00;1.111255e+00;-2.005310e-01
4;0.400000;-6.974584e+00;-3.636141e+00;6.872296e+00;1.209950e+01;8.810532e+00;2.446998e+00;6.299067e+00;3.779861e+00;-1.315689e-01;-1.502245e-01;-2.164680e+00;-5.665047e-01;-6.438793e+00;-1.048271e+00
5;0.500000;-7.614755e+00;-5.114312e+00;8.978767e+00;1.144490e+01;1.100177e+01;4.342528e+00;1.000854e+01;5.190692e+00;-6.710100e-01;1.678101e-01;-1.192259e+00;-1.214504e+00;-7.792358e+00;-1.945351e+00
