frameIndex;frameTime;pcm_fftMag_mfcc[0];pcm_fftMag_mfcc[1];pcm_fftMag_mfcc[2];pcm_fftMag_mfcc[3];pcm_fftMag_mfcc[4];pcm_fftMag_mfcc[5];pcm_fftMag_mfcc[6];pcm_fftMag_mfcc[7];pcm_fftMag_mfcc[8];pcm_fftMag_mfcc[9];pcm_fftMag_mfcc[10];pcm_fftMag_mfcc[11];pcm_fftMag_mfcc[12];pcm_fftMag_mfcc[13]
0;0.000000;6.945381e-01;-3.911757e+00;1.041896e+01;-3.938269e+00;7.575117e+00;-3.609569e+00;-5.204503e+00;1.214905e+01;-4.627838e+00;1.430495e+01;4.345011e+00;8.783341e+00;-1.224360e+00;-4.684669e+00
1;0.100000;9.351177e-01;3.052796e+00;8.112692e+00;-1.344585e-01;1.965266e+00;-3.916723e+00;-5.299097e+00;2.235651e-01;2.267148e+00;3.325482e+00;2.367082e+00;-3.168563e+00;-6.736331e-01;-5.110275e+00
2;0.200000;-8.096714e-01;1.131988e+01;6.705723e-01;2.294857e+00;6.919813e-01;-2.506844e+00;-3.139148e+00;-5.180768e+00;2.278141e+00;-4.551127e+00;1.323469e-01;9.412879e-02;2.401690e-01;-2.412323e+00
3;0.300000;-1.005247e+00;3.757981e+00;-7.202608e+00;4.941851e+00;7.335857e-01;-5.683136e-02;4.047145e+00;-4.863110e+00;-2.081167e+00;-7.103343e+00;-1.356923e+00;1.404679e-01;-1.328542e-01;2.528275e+00
4;0.400000;-1.107519e+00;-4.654439e+00;-7.405843e+00;1.882767e+00;-3.512863e+00;4.927815e+00;6.340258e+00;-2.698459e+00;4.700623e-01;-5.238284e+00;-2.526231e+00;-2.361809e+00;3.102407e-01;5.095726e+00
5;0.500000;1.292793e+00;-9.564463e+00;-4.593768e+00;-5.046751e+00;-7.453087e+00;5.162146e+00;3.255345e+00;3.697224e-01;1.693662e+00;-7.376738e-01;-2.961288e+00;-3.487566e+00;1.480437e+00;4.583237e+00
