frameIndex;frameTime;pcm_fftMag_mfcc[0];pcm_fftMag_mfcc[1];pcm_fftMag_mfcc[2];pcm_fftMag_mfcc[3];pcm_fftMag_mfcc[4];pcm_fftMag_mfcc[5];pcm_fftMag_mfcc[6];pcm_fftMag_mfcc[7];pcm_fftMag_mfcc[8];pcm_fftMag_mfcc[9];pcm_fftMag_mfcc[10];pcm_fftMag_mfcc[11];pcm_fftMag_mfcc[12];pcm_fftMag_mfcc[13]
0;0.000000;-5.862336e+00;6.739526e+00;2.973853e+00;-4.109397e+00;1.262386e+01;-2.502519e+00;-5.829499e+00;1.764047e+00;-7.645743e-01;-1.245591e+00;4.647821e+00;2.152801e-01;-3.966579e-01;1.916283e+00
1;0.100000;-3.137559e+00;3.639485e+00;3.860099e+00;-3.302387e+00;6.048964e+00;-2.062295e+00;-4.046012e+00;1.224058e-01;1.322908e+00;1.965963e+00;5.678038e+00;2.602077e-01;-1.905198e-01;8.631058e-01
2;0.200000;2.936471e+00;-2.557241e+00;2.158400e+00;3.390435e-01;-1.607663e+00;3.287563e-01;-1.109028e+00;1.223893e+00;1.228512e+00;4.873566e-01;1.413304e+00;2.372179e+00;4.736428e-01;-1.143143e+00
3;0.300000;3.712240e+00;-5.370515e+00;-2.460795e+00;2.324392e+00;-4.196965e+00;2.312985e+00;1.979415e+00;1.689980e+00;-6.978614e-01;7.544577e-02;-3.593373e+00;4.490008e-01;1.044858e+00;-7.420197e-01
4;0.400000;1.663813e+00;-3.737370e+00;-3.606524e+00;1.955656e+00;-6.006763e+00;1.321975e+00;3.965418e+00;-1.013753e+00;-6.780484e-01;-5.769114e-01;-4.686102e+00;-1.845428e+00;-3.709745e-02;3.941956e-01
5;0.500000;6.873798e-01;1.286115e+00;-2.925032e+00;2.792691e+00;-6.861433e+00;6.010942e-01;5.039704e+00;-3.786572e+00;-4.109366e-01;-7.062628e-01;-3.459689e+00;-1.451239e+00;-8.942261e-01;-1.288361e+00
