frameIndex;frameTime;pcm_fftMag_mfcc[0];pcm_fftMag_mfcc[1];pcm_fftMag_mfcc[2];pcm_fftMag_mfcc[3];pcm_fftMag_mfcc[4];pcm_fftMag_mfcc[5];pcm_fftMag_mfcc[6];pcm_fftMag_mfcc[7];pcm_fftMag_mfcc[8];pcm_fftMag_mfcc[9];pcm_fftMag_mfcc[10];pcm_fftMag_mfcc[11];pcm_fftMag_mfcc[12];pcm_fftMag_mfcc[13]
0;0.000000;2.698613e+00;-3.346428e+00;2.387430e+00;5.665485e+00;2.017047e-01;-5.566292e-01;-7.750930e-01;7.147350e-01;3.857429e-01;-2.116421e+00;-8.445630e-01;-2.158525e+00;7.489282e-01;2.699615e+00
1;0.100000;-6.193342e-01;8.970003e-01;-3.256035e-02;3.535107e+00;1.262869e+00;-2.552445e+00;4.316159e-01;7.444696e-01;1.228547e-01;-6.178787e-01;-1.000008e+00;8.397341e-02;6.925268e-01;2.533493e-01
2;0.200000;-2.079280e+00;2.449430e+00;-2.354868e+00;-9.200592e+00;-1.464574e+00;3.109076e+00;3.434767e-01;-1.459205e+00;-5.085976e-01;2.734300e+00;1.844572e+00;2.074552e+00;-1.441455e+00;-2.952957e+00
