frameIndex;frameTime;pcm_fftMag_mfcc[0];pcm_fftMag_mfcc[1];pcm_fftMag_mfcc[2];pcm_fftMag_mfcc[3];pcm_fftMag_mfcc[4];pcm_fftMag_mfcc[5];pcm_fftMag_mfcc[6];pcm_fftMag_mfcc[7];pcm_fftMag_mfcc[8];pcm_fftMag_mfcc[9];pcm_fftMag_mfcc[10];pcm_fftMag_mfcc[11];pcm_fftMag_mfcc[12];pcm_fftMag_mfcc[13]
0;0.000000;1.833194e+00;2.836061e-02;-1.793655e+00;-3.181458e+00;1.099761e+01;1.685930e+00;-5.111105e+00;2.996469e-01;7.894979e-01;-3.682492e+00;-2.597595e+00;-1.976559e+00;1.228474e+00;1.452377e+00
1;0.100000;2.138050e+00;-2.729638e+00;-4.938623e+00;-4.002819e-01;7.466675e+00;-9.267063e-01;1.212561e-01;-7.440963e-01;4.195562e+00;-3.763005e+00;3.602896e-01;-1.730673e+00;1.524403e+00;3.429703e+00
2;0.200000;1.182059e+00;-5.173109e+00;-3.872320e+00;-7.370081e-01;2.747783e+00;-2.123906e+00;1.627711e+00;-1.406716e+00;4.283039e+00;-3.232738e+00;1.121109e+00;-1.134670e+00;1.403553e+00;2.044914e+00
3;0.300000;-6.711550e-01;-3.472986e+00;1.107950e+00;-4.108953e-01;-2.575693e+00;-1.643451e+00;8.692927e-01;1.953270e+00;-1.533572e+00;-8.442483e-01;-9.150758e-01;-9.440532e-01;-2.049261e+00;-1.563110e+00
4;0.400000;-1.688034e+00;3.520800e+00;3.982256e+00;1.854404e+00;-9.552874e+00;5.359602e-01;1.185146e+00;2.588313e+00;-3.605947e+00;3.545228e+00;2.345319e-01;2.597613e+00;-2.387142e+00;-3.295845e+00
5;0.500000;-2.794116e+00;7.826574e+00;5.514392e+00;2.875231e+00;-9.083504e+00;2.472174e+00;1.307700e+00;-2.690418e+00;-4.128579e+00;7.977255e+00;1.796740e+00;3.188340e+00;2.799726e-01;-2.067986e+00
