frameIndex;frameTime;pcm_fftMag_mfcc[0];pcm_fftMag_mfcc[1];pcm_fftMag_mfcc[2];pcm_fftMag_mfcc[3];pcm_fftMag_mfcc[4];pcm_fftMag_mfcc[5];pcm_fftMag_mfcc[6];pcm_fftMag_mfcc[7];pcm_fftMag_mfcc[8];pcm_fftMag_mfcc[9];pcm_fftMag_mfcc[10];pcm_fftMag_mfcc[11];pcm_fftMag_mfcc[12];pcm_fftMag_mfcc[13]
0;0.000000;-1.832895e+00;8.647506e+00;8.936148e+00;-1.532932e+00;2.354051e+00;3.104596e+00;-1.352602e+01;6.463223e+00;-1.992893e-01;-4.314160e-01;3.358377e+00;-1.152445e+00;-2.690482e+00;-5.418549e+00
1;0.100000;8.186922e-01;1.200946e+00;3.188813e+00;-3.654079e+00;5.442448e-01;9.608288e-01;-5.105917e+00;6.596300e+00;-5.017680e+00;1.019066e+00;1.651158e-01;-3.559699e-01;-1.832815e+00;-1.544380e+00
2;0.200000;3.593858e+00;-5.685078e+00;1.747513e-02;-3.245863e+00;4.379158e-01;-2.738285e-01;1.052055e+00;9.512901e-01;-4.950016e+00;5.027077e+00;-4.433528e+00;3.738395e+00;-1.388825e+00;9.203415e-01
3;0.300000;1.973010e+00;-6.570102e+00;-2.996216e+00;-1.184807e-01;-3.512888e-01;1.732840e+00;5.532075e+00;-3.789433e+00;1.078044e+00;1.465063e-01;-7.564321e-01;9.518352e-01;6.104398e-02;2.362183e+00
4;0.400000;-1.653027e+00;-1.867069e+00;-5.332047e+00;2.853441e+00;-1.691037e+00;8.504105e-02;6.408256e+00;-5.879006e+00;3.483410e+00;-3.025890e+00;2.222751e+00;-9.757261e-01;2.284208e+00;2.665237e+00
5;0.500000;-2.899632e+00;4.273797e+00;-3.814173e+00;5.697916e+00;-1.293889e+00;-5.609478e+00;5.639550e+00;-4.342369e+00;5.605537e+00;-2.735341e+00;-5.562816e-01;-2.206088e+00;3.566870e+00;1.015144e+00
