frameIndex;frameTime;pcm_fftMag_mfcc[0];pcm_fftMag_mfcc[1];pcm_fftMag_mfcc[2];pcm_fftMag_mfcc[3];pcm_fftMag_mfcc[4];pcm_fftMag_mfcc[5];pcm_fftMag_mfcc[6];pcm_fftMag_mfcc[7];pcm_fftMag_mfcc[8];pcm_fftMag_mfcc[9];pcm_fftMag_mfcc[10];pcm_fftMag_mfcc[11];pcm_fftMag_mfcc[12];pcm_fftMag_mfcc[13]
0;0.000000;-1.599560e-01;-3.392926e+00;-3.119905e+00;4.160643e+00;-2.067483e+00;-3.681796e+00;4.455812e+00;6.102352e+00;-1.736876e+00;1.718536e+00;4.600511e+00;-1.348172e+00;-1.864049e+00;2.966118e+00
1;0.100000;3.579804e+00;-4.360307e+00;4.907169e-01;-4.070972e+00;1.625261e+00;5.543213e-01;-2.982190e+00;5.977321e+00;-1.775705e+00;2.813739e+00;5.224254e+00;-4.280321e+00;-2.537176e+00;2.555008e-01
2;0.200000;4.637973e+00;-8.067651e-01;-5.164423e-01;-5.071928e+00;1.438762e+00;7.091324e+00;-6.949618e+00;2.426457e+00;-1.201250e+00;-1.494653e+00;2.786349e+00;-4.534276e+00;-6.361442e-01;-1.284973e+00
3;0.300000;2.938930e+00;1.260212e+00;-2.460490e+00;2.578468e-01;-1.603318e+00;1.270866e+00;-1.607811e+00;-2.419942e+00;-1.651579e+00;-3.254319e+00;-1.781672e+00;1.057163e+00;-4.800386e-01;-5.575562e-01
4;0.400000;-2.483075e+00;3.085328e+00;-3.513947e-01;1.412811e+00;1.369953e-01;-2.380172e+00;2.767426e+00;-6.262930e+00;1.493042e+00;-7.202930e-01;-5.310551e+00;4.489360e+00;1.795324e+00;4.420700e-01
5;0.500000;-8.513677e+00;4.214461e+00;5.957521e+00;3.311583e+00;4.697824e-01;-2.854543e+00;4.316380e+00;-5.823259e+00;4.872368e+00;9.369910e-01;-5.518890e+00;4.616246e+00;3.722083e+00;-1.821182e+00
