frameIndex;frameTime;pcm_fftMag_mfcc[0];pcm_fftMag_mfcc[1];pcm_fftMag_mfcc[2];pcm_fftMag_mfcc[3];pcm_fftMag_mfcc[4];pcm_fftMag_mfcc[5];pcm_fftMag_mfcc[6];pcm_fftMag_mfcc[7];pcm_fftMag_mfcc[8];pcm_fftMag_mfcc[9];pcm_fftMag_mfcc[10];pcm_fftMag_mfcc[11];pcm_fftMag_mfcc[12];pcm_fftMag_mfcc[13]
0;0.000000;-8.542829e-01;2.565794e+00;9.223747e-02;4.447690e+00;4.983307e+00;-3.486072e+00;7.556798e+00;1.576563e+00;5.667649e+00;-9.484100e-02;-3.183230e+00;2.653622e+00;2.919953e+00;-8.938667e+00
1;0.100000;7.348633e-02;1.950512e+00;-9.870882e-01;-4.187880e+00;1.718280e+00;1.862575e+00;-1.998451e+00;2.236051e+00;2.355125e+00;-1.555898e+00;-7.959358e-01;-1.703091e+00;-1.173809e+00;-2.546242e+00
2;0.200000;4.238596e-01;2.121068e+00;-2.271013e-01;-3.610723e+00;2.193822e-01;2.990014e+00;-2.914717e+00;1.343312e+00;2.561512e-01;-1.326567e+00;7.893190e-01;-2.525481e+00;-1.407932e+00;1.378349e+00
3;0.300000;6.367106e-01;1.080425e+00;2.912827e-01;-2.023432e+00;-7.584089e-01;2.055395e+00;-1.427053e+00;-1.483446e+00;-2.262595e+00;-3.291715e-01;1.923707e+00;-1.652937e-01;-4.899797e-01;2.424767e+00
4;0.400000;1.114788e-01;-2.799915e+00;3.492241e-01;1.144785e+00;-2.182345e+00;-3.442936e-01;-7.289371e-01;-2.613853e+00;-2.976524e+00;1.455851e+00;1.976996e+00;1.251990e+00;4.318390e-01;3.598518e+00
5;0.500000;-3.912520e-01;-4.917884e+00;4.814472e-01;4.229565e+00;-3.980216e+00;-3.077616e+00;-4.876308e-01;-1.058628e+00;-3.039805e+00;1.850628e+00;-7.108562e-01;4.882545e-01;-2.800703e-01;4.083252e+00
