frameIndex;frameTime;pcm_fftMag_mfcc[0];pcm_fftMag_mfcc[1];pcm_fftMag_mfcc[2];pcm_fftMag_mfcc[3];pcm_fftMag_mfcc[4];pcm_fftMag_mfcc[5];pcm_fftMag_mfcc[6];pcm_fftMag_mfcc[7];pcm_fftMag_mfcc[8];pcm_fftMag_mfcc[9];pcm_fftMag_mfcc[10];pcm_fftMag_mfcc[11];pcm_fftMag_mfcc[12];pcm_fftMag_mfcc[13]
0;0.000000;4.714775e+00;-4.055480e+00;-2.916245e+00;-4.930719e+00;-8.090115e-01;-2.456094e+00;-5.377559e+00;-4.201511e+00;-5.097093e+00;1.847243e-01;2.726727e+00;1.060841e+00;-1.201051e+00;1.002182e+00
1;0.100000;2.561634e+00;-3.083622e+00;-6.301993e-01;-5.572879e+00;-1.366034e+00;-1.716241e+00;-2.951212e+00;-1.642297e+00;-4.064608e+00;-5.849838e-02;9.623594e-01;-1.097492e-01;-3.562815e+00;1.304321e+00
2;0.200000;7.780871e-01;-9.102526e-01;2.308686e+00;-2.279386e+00;-2.111526e+00;3.179087e+00;-2.942753e-02;4.688041e-01;-2.823148e+00;3.544562e-01;-4.586411e-01;-2.837389e+00;-2.097426e+00;-8.133926e-01
3;0.300000;8.795447e-01;2.492241e-01;4.689078e+00;3.030863e+00;1.442537e+00;8.988184e+00;9.993076e-02;6.994963e-02;1.515076e+00;6.278687e-01;-1.431385e+00;-2.144242e+00;3.967631e+00;-4.250893e+00
4;0.400000;-2.512799e+00;1.914478e+00;5.551754e-01;5.561954e+00;1.883312e+00;9.575844e-03;4.504453e+00;1.796629e+00;6.722639e+00;-3.120666e-01;-6.411066e-01;1.815998e+00;2.623591e+00;-9.749832e-01
5;0.500000;-6.421241e+00;5.885652e+00;-4.006495e+00;4.190168e+00;9.607220e-01;-8.004514e+00;3.753816e+00;3.508425e+00;3.747130e+00;-7.964842e-01;-1.157953e+00;2.214542e+00;2.700672e-01;3.732742e+00
