frameIndex;frameTime;pcm_fftMag_mfcc[0];pcm_fftMag_mfcc[1];pcm_fftMag_mfcc[2];pcm_fftMag_mfcc[3];pcm_fftMag_mfcc[4];pcm_fftMag_mfcc[5];pcm_fftMag_mfcc[6];pcm_fftMag_mfcc[7];pcm_fftMag_mfcc[8];pcm_fftMag_mfcc[9];pcm_fftMag_mfcc[10];pcm_fftMag_mfcc[11];pcm_fftMag_mfcc[12];pcm_fftMag_mfcc[13]
0;0.000000;1.418220e+00;6.440533e+00;6.567106e+00;7.132111e-01;-1.108976e+01;4.448627e-01;-4.869528e+00;-6.847147e+00;-7.477449e+00;-8.532404e+00;-2.632003e+00;2.639832e+00;-4.277668e+00;-1.588081e+00
1;0.100000;6.259513e-01;6.224386e+00;6.596706e+00;2.568729e+00;-8.215982e+00;2.598325e+00;-1.293781e+00;-7.245352e+00;-7.920223e+00;-6.479908e+00;-2.997949e+00;1.749016e+00;-2.419813e+00;-2.704597e+00
2;0.200000;-5.602121e-01;2.670648e+00;1.310884e+00;7.160064e+00;2.853066e+00;3.649967e+00;3.374247e+00;-5.471970e+00;-1.892432e+00;-3.400052e+00;-2.981195e+00;1.762031e+00;-3.137436e-01;-4.700645e+00
3;0.300000;-1.288942e+00;-1.644189e-01;-4.559143e+00;2.546352e+00;5.749135e+00;1.247234e+00;4.536857e+00;4.867280e+00;5.739338e+00;4.028776e+00;6.854991e+00;1.815743e+00;1.643255e+00;-4.049683e+00
4;0.400000;3.865867e-01;-5.437044e+00;-5.392989e+00;-7.206171e+00;5.813397e+00;-2.490744e+00;-1.318823e+00;5.830307e+00;5.329033e+00;7.590517e+00;2.417492e+00;-4.137848e+00;2.910729e+00;3.614082e+00
5;0.500000;-5.816031e-01;-9.734104e+00;-4.522560e+00;-5.782183e+00;4.890147e+00;-5.449644e+00;-4.289780e-01;8.866885e+00;6.221729e+00;6.793070e+00;-6.613359e-01;-3.828772e+00;2.457244e+00;9.429008e+00
