frameIndex;frameTime;pcm_fftMag_mfcc[0];pcm_fftMag_mfcc[1];pcm_fftMag_mfcc[2];pcm_fftMag_mfcc[3];pcm_fftMag_mfcc[4];pcm_fftMag_mfcc[5];pcm_fftMag_mfcc[6];pcm_fftMag_mfcc[7];pcm_fftMag_mfcc[8];pcm_fftMag_mfcc[9];pcm_fftMag_mfcc[10];pcm_fftMag_mfcc[11];pcm_fftMag_mfcc[12];pcm_fftMag_mfcc[13]
0;0.000000;1.343577e+00;-6.824604e+00;-4.720887e-01;-1.053783e+00;1.480981e+00;-8.581291e+00;3.622527e+00;6.355673e+00;-2.325549e+00;1.046798e+00;-6.383160e+00;-3.708398e+00;1.116832e+00;1.333504e+00
1;0.100000;2.958017e+00;-5.670750e+00;-2.489854e+00;-2.411209e+00;-1.345467e+00;-3.201530e+00;-1.964951e-01;5.525019e+00;-5.228575e+00;-2.094573e+00;-5.077206e+00;-5.042089e+00;-1.891255e+00;-1.210220e+00
2;0.200000;1.211095e+00;-2.471016e+00;-1.487713e+00;-3.681543e+00;-3.545812e+00;3.189028e+00;-1.577644e+00;-4.424235e+00;-4.875619e+00;-3.865565e+00;-3.813447e+00;-3.315146e+00;-3.730613e+00;-1.736305e+00
3;0.300000;-6.232977e-01;5.936623e-04;1.873624e+00;-2.721744e+00;-6.325405e-01;2.135386e+00;-3.471822e+00;-5.449195e+00;-6.261108e-01;-1.154949e+00;-2.522130e-01;4.940617e-01;-1.749063e+00;-2.504044e-01
4;0.400000;-7.686052e-01;3.771956e+00;2.219781e+00;2.451348e+00;1.799070e+00;4.197282e+00;-2.387959e+00;-2.950322e+00;5.244746e+00;2.640442e+00;6.886148e+00;5.028077e+00;1.803003e+00;3.787537e-01
5;0.500000;-4.120784e+00;1.119382e+01;3.562496e-01;7.416931e+00;2.243768e+00;2.261123e+00;4.011399e+00;9.430637e-01;7.811108e+00;3.427849e+00;8.639877e+00;6.543492e+00;4.451095e+00;1.484680e+00
