frameIndex;frameTime;pcm_fftMag_mfcc[0];pcm_fftMag_mfcc[1];pcm_fftMag_mfcc[2];pcm_fftMag_mfcc[3];pcm_fftMag_mfcc[4];pcm_fftMag_mfcc[5];pcm_fftMag_mfcc[6];pcm_fftMag_mfcc[7];pcm_fftMag_mfcc[8];pcm_fftMag_mfcc[9];pcm_fftMag_mfcc[10];pcm_fftMag_mfcc[11];pcm_fftMag_mfcc[12];pcm_fftMag_mfcc[13]
0;0.000000;-8.903949e+00;8.706955e+00;4.059124e-02;-5.598781e+00;1.778332e+00;2.311057e+00;4.651055e-01;3.787376e+00;-4.778874e+00;6.117783e-01;1.498308e+00;3.526127e+00;4.247918e-01;1.222374e+00
1;0.100000;-4.789386e+00;8.191917e+00;9.097080e-01;-3.973992e+00;-6.340342e-01;1.733885e+00;1.071224e+00;1.304779e+00;-1.027080e+01;-1.665812e+00;1.730117e+00;4.287792e+00;1.339822e+00;3.012924e-01
2;0.200000;3.637332e+00;-1.574030e+00;-1.080688e+00;1.910614e+00;-2.725224e+00;8.435812e-01;-2.086444e+00;-1.525781e+00;-2.740679e+00;1.855026e+00;-1.548783e+00;-5.903025e-01;-1.549328e+00;-8.569031e-01
3;0.300000;6.021799e+00;-7.633725e+00;-4.211311e-01;2.314663e+00;-5.067821e-01;-1.976564e+00;-1.002682e+00;-3.850559e+00;7.539260e+00;-1.311344e+00;-5.782084e-01;-4.246853e+00;-1.829908e+00;-4.885254e-01
4;0.400000;4.034205e+00;-7.691116e+00;5.515203e-01;5.347496e+00;2.087707e+00;-2.911958e+00;1.552798e+00;2.841854e-01;1.025110e+01;5.103521e-01;-1.101433e+00;-2.976765e+00;1.614617e+00;-1.782227e-01
