frameIndex;frameTime;pcm_fftMag_mfcc[0];pcm_fftMag_mfcc[1];pcm_fftMag_mfcc[2];pcm_fftMag_mfcc[3];pcm_fftMag_mfcc[4];pcm_fftMag_mfcc[5];pcm_fftMag_mfcc[6];pcm_fftMag_mfcc[7];pcm_fftMag_mfcc[8];pcm_fftMag_mfcc[9];pcm_fftMag_mfcc[10];pcm_fftMag_mfcc[11];pcm_fftMag_mfcc[12];pcm_fftMag_mfcc[13]
0;0.000000;4.444848e+00;-9.546347e+00;-1.287881e+01;-2.758669e+00;3.221401e+00;-1.705771e+00;-5.863796e-01;-5.866763e+00;-8.511053e+00;-2.446661e+00;-8.265551e+00;-5.780079e+00;-2.736000e+00;-1.849777e+00
1;0.100000;-1.053494e+00;-9.824042e-01;-7.166391e+00;-1.112649e+00;2.161838e+00;1.845692e+00;1.563098e+00;3.433032e+00;2.531281e+00;-2.511266e+00;-2.262783e-01;-1.200972e+00;-3.015538e+00;6.238251e-01
2;0.200000;-3.058556e+00;6.223106e+00;1.509745e+00;4.598151e-01;1.867136e+00;5.245944e+00;7.758871e-01;1.351828e+00;4.042789e+00;-4.274211e+00;-7.460084e-01;-3.841028e-01;-2.352525e+00;2.248665e+00
3;0.300000;-2.676724e+00;8.369128e+00;7.234592e+00;2.306200e+00;-1.402986e+00;2.361615e+00;-1.050216e+00;-2.294732e+00;2.926977e+00;-5.610299e-01;3.600114e+00;1.418522e+00;-5.995339e-01;1.850739e+00
4;0.400000;-2.688313e-02;2.030104e+00;7.176114e+00;3.056016e+00;-2.537339e+00;-2.945860e+00;-9.892306e-01;-3.633680e-01;7.040979e-01;3.426148e+00;5.428353e+00;2.517177e+00;3.410969e+00;2.425308e-01
5;0.500000;2.370811e+00;-6.093587e+00;4.124748e+00;-1.950713e+00;-3.310051e+00;-4.801623e+00;2.868414e-01;3.740004e+00;-1.694092e+00;6.367020e+00;2.093720e-01;3.429454e+00;5.292628e+00;-3.115959e+00
