frameIndex;frameTime;pcm_fftMag_mfcc[0];pcm_fftMag_mfcc[1];pcm_fftMag_mfcc[2];pcm_fftMag_mfcc[3];pcm_fftMag_mfcc[4];pcm_fftMag_mfcc[5];pcm_fftMag_mfcc[6];pcm_fftMag_mfcc[7];pcm_fftMag_mfcc[8];pcm_fftMag_mfcc[9];pcm_fftMag_mfcc[10];pcm_fftMag_mfcc[11];pcm_fftMag_mfcc[12];pcm_fftMag_mfcc[13]
0;0.000000;-1.160553e+00;1.420662e+00;1.258193e+00;1.142628e+01;1.198132e+00;1.738658e+00;3.551517e+00;6.037057e+00;5.316204e+00;2.575420e+00;5.585990e+00;3.603120e-01;-4.128109e+00;5.510704e+00
1;0.100000;-5.494743e+00;5.926754e+00;1.367621e+00;1.159588e+01;-1.131010e+00;5.950689e-01;3.349044e+00;-2.499657e-01;5.193657e+00;4.686907e+00;6.564334e+00;-5.588007e-01;-5.054267e+00;2.407051e+00
2;0.200000;-7.344540e+00;6.324543e+00;-4.388416e+00;6.453931e+00;-2.304884e+00;4.379158e-01;3.069975e+00;-3.418346e+00;2.719919e+00;-1.804466e+00;9.294648e-01;4.638476e-01;-6.639872e-01;-2.259018e+00
3;0.300000;1.228651e+00;5.844383e+00;-1.161445e+01;-4.320910e+00;-2.462978e-01;2.588910e+00;-5.892661e-01;-4.001328e+00;2.593110e+00;-4.158375e+00;-3.976824e+00;1.706243e+00;2.648372e+00;-3.366692e+00
4;0.400000;7.674110e+00;-6.184755e+00;2.673664e+00;-1.392208e+01;8.793774e-01;1.882768e-02;-2.626347e+00;-2.207766e-01;-6.796991e+00;-1.293856e+00;-4.449423e+00;-1.625257e+00;3.951741e+00;-2.710411e+00
5;0.500000;5.097081e+00;-1.333158e+01;1.070339e+01;-1.123311e+01;1.604683e+00;-5.379379e+00;-6.754922e+00;1.853360e+00;-9.025900e+00;-5.630732e-03;-4.653538e+00;-3.463430e-01;3.246252e+00;4.184189e-01
