frameIndex;frameTime;pcm_fftMag_mfcc[0];pcm_fftMag_mfcc[1];pcm_fftMag_mfcc[2];pcm_fftMag_mfcc[3];pcm_fftMag_mfcc[4];pcm_fftMag_mfcc[5];pcm_fftMag_mfcc[6];pcm_fftMag_mfcc[7];pcm_fftMag_mfcc[8];pcm_fftMag_mfcc[9];pcm_fftMag_mfcc[10];pcm_fftMag_mfcc[11];pcm_fftMag_mfcc[12];pcm_fftMag_mfcc[13]
0;0.000000;2.186690e+00;-3.550538e+00;2.079601e-01;-2.563095e+00;1.919196e+00;6.072612e-01;4.668674e-01;2.781808e+00;1.650521e+00;1.398139e+00;-2.426361e+00;-7.940693e-01;-1.521133e+00;-9.860001e-01
1;0.100000;-3.764935e-01;9.895782e-01;-1.507254e+00;-2.242666e+00;3.461509e-01;2.434657e+00;-6.209984e-01;-2.325986e+00;4.018948e-01;9.028220e-01;-5.927849e-02;-7.488680e-01;3.542790e-01;2.796860e-01
2;0.200000;-1.810200e+00;2.560959e+00;1.299292e+00;4.805765e+00;-2.265347e+00;-3.041919e+00;1.541290e-01;-4.558220e-01;-2.052416e+00;-2.300962e+00;2.485639e+00;1.542937e+00;1.166855e+00;7.063141e-01
