frameIndex;frameTime;pcm_fftMag_mfcc[0];pcm_fftMag_mfcc[1];pcm_fftMag_mfcc[2];pcm_fftMag_mfcc[3];pcm_fftMag_mfcc[4];pcm_fftMag_mfcc[5];pcm_fftMag_mfcc[6];pcm_fftMag_mfcc[7];pcm_fftMag_mfcc[8];pcm_fftMag_mfcc[9];pcm_fftMag_mfcc[10];pcm_fftMag_mfcc[11];pcm_fftMag_mfcc[12];pcm_fftMag_mfcc[13]
0;0.000000;4.053221e-01;1.573423e+00;1.170690e+00;2.223612e+00;5.149464e+00;-1.905677e+00;2.566851e+00;5.681921e+00;4.642716e+00;-2.595109e+00;-3.775265e-01;3.403824e+00;3.798476e-01;9.784698e-01
1;0.100000;-4.997921e-02;3.891444e+00;1.909664e+00;3.277014e+00;2.950826e+00;1.019579e+00;3.815682e-01;4.008485e+00;5.131130e+00;-2.299693e-01;-2.075831e-01;1.875536e+00;2.427939e+00;1.017052e+00
2;0.200000;-2.225897e+00;4.641105e+00;2.875237e+00;4.452154e+00;-3.191423e+00;6.834373e-01;1.332240e+00;1.194401e-01;2.251729e+00;8.843200e-01;3.727294e-01;6.456428e-01;2.428614e+00;4.910812e-01
3;0.300000;-2.935010e+00;-1.684344e-01;1.637406e+00;4.112945e-01;-7.963268e+00;-1.027604e+00;-1.119566e+00;-4.578516e+00;-4.525931e+00;-1.524125e+00;9.135951e-01;-1.036715e+00;5.111282e-01;1.432266e-01
4;0.400000;8.473272e-01;-5.473953e+00;-2.326084e+00;-4.513031e+00;-2.458151e+00;1.790524e-01;-2.219123e+00;-4.595654e+00;-4.856872e+00;7.530662e-01;-5.934963e-01;-3.202575e+00;-2.114049e+00;-2.686310e-01
5;0.500000;3.958238e+00;-4.463586e+00;-5.266915e+00;-5.851044e+00;5.512556e+00;1.051213e+00;-9.419692e-01;-6.356769e-01;-2.642773e+00;2.711817e+00;-1.077189e-01;-1.685714e+00;-3.633479e+00;-2.361183e+00
