frameIndex;frameTime;pcm_fftMag_mfcc[0];pcm_fftMag_mfcc[1];pcm_fftMag_mfcc[2];pcm_fftMag_mfcc[3];pcm_fftMag_mfcc[4];pcm_fftMag_mfcc[5];pcm_fftMag_mfcc[6];pcm_fftMag_mfcc[7];pcm_fftMag_mfcc[8];pcm_fftMag_mfcc[9];pcm_fftMag_mfcc[10];pcm_fftMag_mfcc[11];pcm_fftMag_mfcc[12];pcm_fftMag_mfcc[13]
0;0.000000;1.313634e-01;-1.380427e+00;-7.448530e-01;8.873719e+00;5.628620e+00;-1.208799e+00;-9.788589e-01;6.447457e-01;4.710289e+00;5.117458e+00;-8.508036e-01;-2.052283e+00;-8.341770e-01;3.796333e+00
1;0.100000;-3.559935e+00;9.642437e-01;-2.997825e+00;7.057870e+00;6.297972e+00;-3.492848e-01;-2.259269e-01;2.485491e+00;5.212600e+00;3.973178e+00;-2.604613e-01;-4.458429e+00;-2.764905e+00;3.785263e+00
2;0.200000;-4.337880e+00;5.012328e+00;-2.232791e+00;1.905412e+00;6.415367e-01;-2.991810e+00;-3.217710e+00;-2.157941e+00;1.394691e-01;-1.443768e+00;-3.218680e+00;-7.260252e+00;-4.560166e+00;9.943848e-01
3;0.300000;-9.123383e-01;4.629575e+00;-1.370727e+00;-2.675771e+00;-4.881639e+00;-1.239778e+00;-3.316193e-01;-3.466649e+00;-5.035182e+00;-5.410492e+00;-1.788105e+00;-4.214826e+00;-1.564530e+00;-2.680786e+00
4;0.400000;4.030587e+00;-3.451188e+00;3.827531e+00;-7.718723e+00;-4.563340e+00;4.139774e+00;1.741888e+00;4.069939e-01;-1.177023e+00;-2.096735e+00;3.133286e+00;7.318243e+00;5.036222e+00;-3.535561e+00
5;0.500000;4.648201e+00;-5.774531e+00;3.518658e+00;-7.442507e+00;-3.123149e+00;1.649897e+00;3.012224e+00;2.087358e+00;-3.850152e+00;-1.396418e-01;2.984765e+00;1.066755e+01;4.687556e+00;-2.359665e+00
