frameIndex;frameTime;pcm_fftMag_mfcc[0];pcm_fftMag_mfcc[1];pcm_fftMag_mfcc[2];pcm_fftMag_mfcc[3];pcm_fftMag_mfcc[4];pcm_fftMag_mfcc[5];pcm_fftMag_mfcc[6];pcm_fftMag_mfcc[7];pcm_fftMag_mfcc[8];pcm_fftMag_mfcc[9];pcm_fftMag_mfcc[10];pcm_fftMag_mfcc[11];pcm_fftMag_mfcc[12];pcm_fftMag_mfcc[13]
0;0.000000;2.374574e+00;-3.313909e+00;-3.357974e+00;-4.751798e+00;-3.196190e+00;-4.055346e+00;-2.354758e+00;3.181318e+00;1.804232e+00;2.619572e+00;-7.613921e+00;-9.662150e+00;-2.113941e+00;7.758865e-01
1;0.100000;-3.465962e+00;4.554436e+00;-2.420033e+00;-2.150113e+00;-3.956780e-01;-6.723742e+00;-1.186393e+00;3.512077e+00;2.234231e+00;-1.831676e+00;-6.827706e+00;-5.045029e+00;-4.632859e-01;1.244011e+00
2;0.200000;-7.050359e+00;6.364025e+00;-1.161413e-01;2.736477e+00;2.840515e+00;-5.317094e+00;-7.243685e-02;-1.392761e+00;-4.670373e+00;-5.140840e+00;-2.342312e+00;1.233603e+00;-8.814180e-01;3.411560e-01
3;0.300000;-4.073020e+00;1.129912e+00;-2.959332e+00;3.904283e+00;6.064807e+00;3.034146e+00;5.123845e+00;1.313618e+00;1.439907e+00;-4.297652e-01;1.344100e+00;2.706434e+00;-1.137338e+00;1.071167e+00
4;0.400000;3.002988e+00;-3.234744e+00;1.560712e+00;1.978405e+00;9.115238e-01;5.165142e+00;1.248085e+00;-7.153149e-01;2.547711e+00;1.423972e+00;7.022269e+00;5.569157e+00;1.752482e+00;-2.458572e-01
5;0.500000;9.211773e+00;-5.499722e+00;7.292768e+00;-1.717255e+00;-6.224979e+00;7.896893e+00;-2.758341e+00;-5.898947e+00;-3.355710e+00;3.358740e+00;8.417578e+00;5.197982e+00;2.843502e+00;-3.186356e+00
