frameIndex;frameTime;pcm_fftMag_mfcc[0];pcm_fftMag_mfcc[1];pcm_fftMag_mfcc[2];pcm_fftMag_mfcc[3];pcm_fftMag_mfcc[4];pcm_fftMag_mfcc[5];pcm_fftMag_mfcc[6];pcm_fftMag_mfcc[7];pcm_fftMag_mfcc[8];pcm_fftMag_mfcc[9];pcm_fftMag_mfcc[10];pcm_fftMag_mfcc[11];pcm_fftMag_mfcc[12];pcm_fftMag_mfcc[13]
0;0.000000;-1.414958e+00;1.494166e+00;2.154430e+00;-1.204143e-01;-9.062037e-01;4.091415e-01;-1.258069e+00;2.755479e+00;3.376105e+00;-1.868039e+00;1.546558e+00;-3.835769e+00;1.560599e+00;1.231552e+00
1;0.100000;-1.230792e+00;2.029648e+00;1.273463e+00;8.668704e-01;-4.624034e+00;-4.573050e-01;-1.863148e+00;8.552688e-01;4.000504e+00;-1.041683e+00;-1.029410e+00;2.000349e-01;1.163402e+00;1.124474e+00
2;0.200000;-1.068318e+00;1.731367e+00;1.173561e+00;2.236817e+00;-4.500475e+00;-1.420846e+00;1.269503e+00;1.188240e+00;3.308347e+00;3.278375e-01;-1.503789e+00;1.326182e+00;1.251795e+00;1.487068e+00
3;0.300000;2.798390e-01;-1.125739e+00;9.196644e-01;1.698103e+00;-1.359314e+00;-8.932619e-01;1.378507e+00;5.086994e-02;3.931149e-01;1.568353e+00;-9.293866e-01;1.845320e+00;-4.430954e-01;3.066025e-01
4;0.400000;1.205811e+00;-2.788563e+00;-1.984085e+00;6.271000e-01;3.601008e+00;4.430571e-01;5.016870e-01;-3.001035e+00;-3.100001e+00;-7.376883e-01;-1.233983e-01;3.963968e-01;-2.656271e+00;-1.908035e+00
5;0.500000;2.228418e+00;-1.340879e+00;-3.537033e+00;-5.308476e+00;7.789017e+00;1.919218e+00;-2.848005e-02;-1.848822e+00;-7.978069e+00;1.751222e+00;2.039427e+00;6.783473e-02;-8.764290e-01;-2.241638e+00
