frameIndex;frameTime;pcm_fftMag_mfcc[0];pcm_fftMag_mfcc[1];pcm_fftMag_mfcc[2];pcm_fftMag_mfcc[3];pcm_fftMag_mfcc[4];pcm_fftMag_mfcc[5];pcm_fftMag_mfcc[6];pcm_fftMag_mfcc[7];pcm_fftMag_mfcc[8];pcm_fftMag_mfcc[9];pcm_fftMag_mfcc[10];pcm_fftMag_mfcc[11];pcm_fftMag_mfcc[12];pcm_fftMag_mfcc[13]
0;0.000000;2.764050e+00;1.633101e-01;-4.284644e+00;2.690549e+00;6.028529e+00;9.501936e+00;-7.531147e-01;-9.756123e+00;-8.366346e-01;7.978055e+00;-6.252146e-02;-3.134452e+00;-2.048070e+00;-6.416016e+00
1;0.100000;-4.389441e+00;6.544667e+00;8.536821e+00;2.858044e+00;2.782641e+00;5.374933e+00;6.915421e+00;-1.239552e+00;-4.609667e+00;-1.958332e+00;1.380347e+00;1.688588e+00;-2.077327e+00;-4.759781e+00
2;0.200000;-2.581964e+00;3.075034e+00;5.139492e+00;7.111991e-01;-2.031798e+00;-3.298847e+00;1.816826e+00;2.047092e+00;-3.262424e-01;-3.175546e+00;-1.185005e+00;2.225819e+00;-1.913061e+00;2.817383e-01
3;0.300000;7.619381e-01;-2.145042e+00;3.255558e-02;-1.573574e+00;-2.806741e+00;-7.201921e+00;-3.020626e+00;3.850400e+00;3.113381e+00;-2.010796e+00;-2.114929e+00;8.843591e-01;6.182435e-01;2.703232e+00
4;0.400000;2.054070e+00;-4.439549e+00;-2.083738e+00;-1.918357e+00;-3.445031e+00;-6.019644e+00;-4.504152e+00;4.655419e+00;2.570848e+00;-7.845440e-01;-5.150638e-01;-1.130302e+00;3.778736e+00;3.770477e+00
5;0.500000;1.391349e+00;-3.198419e+00;-7.340487e+00;-2.767861e+00;-5.275946e-01;1.643543e+00;-4.543457e-01;4.427625e-01;8.831406e-02;-4.883790e-02;2.497167e+00;-5.340130e-01;1.641478e+00;4.420395e+00
