frameIndex;frameTime;pcm_fftMag_mfcc[0];pcm_fftMag_mfcc[1];pcm_fftMag_mfcc[2];pcm_fftMag_mfcc[3];pcm_fftMag_mfcc[4];pcm_fftMag_mfcc[5];pcm_fftMag_mfcc[6];pcm_fftMag_mfcc[7];pcm_fftMag_mfcc[8];pcm_fftMag_mfcc[9];pcm_fftMag_mfcc[10];pcm_fftMag_mfcc[11];pcm_fftMag_mfcc[12];pcm_fftMag_mfcc[13]
0;0.000000;3.124767e+00;1.464969e+00;-6.289985e+00;5.770266e+00;5.242214e-01;-6.837093e+00;2.349603e+00;1.253381e+00;8.982911e-01;-2.275081e+00;-9.463841e+00;-2.632960e+00;1.988137e+00;-1.118263e+00
1;0.100000;3.744383e-01;2.247407e+00;6.898437e-01;6.699224e+00;1.359691e+00;5.992661e-01;9.348235e-01;-2.702265e-01;5.194857e-01;-1.847093e+00;-2.557487e+00;2.130003e+00;8.855953e-01;-5.657196e-01
2;0.200000;-7.147427e-01;1.987791e-01;2.455521e-02;3.390920e+00;-1.851130e+00;2.668851e+00;5.711250e-01;-2.377186e-01;-2.472190e+00;-7.650905e-01;2.592406e+00;3.771084e+00;-1.494414e+00;3.132095e-01
3;0.300000;1.129526e+00;-1.764500e+00;-3.723052e+00;-2.169371e+00;-3.535618e+00;2.400634e+00;-1.740469e+00;-2.249594e-01;-2.180858e+00;6.554513e-01;3.841992e+00;4.984055e-01;-2.574689e+00;4.645920e-01
4;0.400000;4.027767e-01;-1.752855e+00;1.198174e+00;-7.716757e+00;2.261793e+00;1.476603e+00;-1.914946e+00;-7.439928e-01;7.982293e-01;2.049734e+00;2.234201e+00;-2.851543e+00;6.353855e-02;7.030258e-01
5;0.500000;-4.316767e+00;-3.938010e-01;8.100463e+00;-5.974283e+00;1.241049e+00;-3.082614e-01;-2.001386e-01;2.235117e-01;2.437042e+00;2.182079e+00;3.352736e+00;-9.149861e-01;1.131830e+00;2.031860e-01
