frameIndex;frameTime;pcm_fftMag_mfcc[0];pcm_fftMag_mfcc[1];pcm_fftMag_mfcc[2];pcm_fftMag_mfcc[3];pcm_fftMag_mfcc[4];pcm_fftMag_mfcc[5];pcm_fftMag_mfcc[6];pcm_fftMag_mfcc[7];pcm_fftMag_mfcc[8];pcm_fftMag_mfcc[9];pcm_fftMag_mfcc[10];pcm_fftMag_mfcc[11];pcm_fftMag_mfcc[12];pcm_fftMag_mfcc[13]
0;0.000000;-8.258678e+00;7.097003e+00;-2.041755e-01;2.292573e+00;-3.755008e+00;-5.880240e+00;5.302567e+00;-4.406735e+00;3.672131e+00;-1.319878e+00;-3.240722e+00;-2.299008e+00;-2.162441e+00;2.987617e+00
1;0.100000;-5.332988e+00;1.637516e+00;3.652467e+00;5.902748e-01;-7.195326e+00;-4.694976e+00;2.113369e+00;-5.929726e+00;-1.529737e+00;-4.472355e+00;-2.882519e-01;-1.671048e+00;-4.398569e+00;3.992622e+00
2;0.200000;1.328000e+00;-3.834131e+00;3.298953e+00;-6.921501e-01;-5.428474e+00;1.410144e+00;-1.876810e+00;-3.314112e+00;-3.340610e+00;-2.589481e+00;2.512938e+00;-3.792543e-01;-1.357487e+00;3.326141e+00
3;0.300000;6.096182e+00;-3.816203e+00;4.695845e-02;-1.536929e+00;-4.261532e-01;6.181608e+00;-4.341684e+00;1.936297e+00;-3.794304e+00;2.032495e+00;2.732872e+00;-2.312288e-01;5.155735e-01;9.971695e-01
4;0.400000;5.556855e+00;-6.317589e-01;-3.736985e+00;-3.160398e+00;7.160444e+00;5.177372e+00;-3.869686e+00;4.332033e+00;2.904673e-01;3.370339e+00;1.087825e+00;-3.120422e-03;2.172172e+00;-2.803978e+00
5;0.500000;6.106281e-01;-4.524256e-01;-3.057218e+00;2.506634e+00;9.644521e+00;-2.193907e+00;2.672245e+00;7.382244e+00;4.702052e+00;2.978880e+00;-2.804662e+00;4.583661e+00;5.230749e+00;-8.499641e+00
