frameIndex;frameTime;pcm_fftMag_mfcc[0];pcm_fftMag_mfcc[1];pcm_fftMag_mfcc[2];pcm_fftMag_mfcc[3];pcm_fftMag_mfcc[4];pcm_fftMag_mfcc[5];pcm_fftMag_mfcc[6];pcm_fftMag_mfcc[7];pcm_fftMag_mfcc[8];pcm_fftMag_mfcc[9];pcm_fftMag_mfcc[10];pcm_fftMag_mfcc[11];pcm_fftMag_mfcc[12];pcm_fftMag_mfcc[13]
0;0.000000;-4.568960e+00;3.126526e+00;-2.959973e+00;3.087454e+00;1.042525e+01;-2.800619e+00;2.666351e+00;-1.383822e+00;-2.618346e+00;1.140236e+01;1.014483e+00;-2.239000e+00;-1.759677e+00;8.016663e-01
1;0.100000;-1.376566e+00;3.092300e+00;3.515707e+00;4.819309e+00;3.915377e+00;-1.739328e+00;5.308628e+00;2.975393e+00;-1.064185e+00;7.194525e+00;-3.772901e+00;-1.597790e+00;3.939454e+00;-4.418213e+00
2;0.200000;2.441447e+00;8.303986e-01;3.489682e+00;9.519081e-01;-2.977542e+00;7.827802e-01;2.158580e-01;3.769563e+00;3.135674e+00;1.623020e-01;-2.396808e+00;1.348037e+00;3.262884e+00;-4.589897e+00
3;0.300000;1.749555e+00;-1.263235e+00;-3.000536e-01;-3.263006e+00;-5.878249e+00;3.861383e-01;-1.913913e+00;-4.162540e-01;1.665103e+00;-5.525733e+00;-5.926633e-01;1.576412e+00;-7.177114e-01;1.468903e+00
4;0.400000;1.051114e+00;-2.731242e+00;-2.148746e+00;-4.121298e+00;-5.030490e+00;8.992285e-01;-3.427788e+00;-2.483264e+00;-6.100893e-02;-7.580369e+00;1.556510e+00;7.300826e-01;-2.694674e+00;3.896286e+00
5;0.500000;7.034111e-01;-3.054748e+00;-1.596620e+00;-1.474360e+00;-4.543467e-01;2.471799e+00;-2.849137e+00;-2.461617e+00;-1.057239e+00;-5.653081e+00;4.191376e+00;1.822581e-01;-2.030276e+00;2.841255e+00
