frameIndex;frameTime;pcm_fftMag_mfcc[0];pcm_fftMag_mfcc[1];pcm_fftMag_mfcc[2];pcm_fftMag_mfcc[3];pcm_fftMag_mfcc[4];pcm_fftMag_mfcc[5];pcm_fftMag_mfcc[6];pcm_fftMag_mfcc[7];pcm_fftMag_mfcc[8];pcm_fftMag_mfcc[9];pcm_fftMag_mfcc[10];pcm_fftMag_mfcc[11];pcm_fftMag_mfcc[12];pcm_fftMag_mfcc[13]
0;0.000000;9.402561e-01;-6.134664e+00;-2.863654e+00;4.434559e+00;2.794271e+00;-4.721982e+00;2.098288e+00;1.430178e-01;1.236254e+00;9.815897e+00;-4.512611e-02;-1.865083e+00;-2.123867e+00;2.035416e+00
1;0.100000;-2.666428e+00;-1.514302e+00;-4.969793e+00;2.654358e+00;5.736204e+00;-6.380233e+00;2.834991e+00;2.726402e-01;-1.053889e+00;8.347342e+00;-1.515637e+00;-2.158578e+00;-2.620888e+00;2.147171e+00
2;0.200000;-3.963614e+00;2.686114e+00;-6.386194e-01;1.882282e+00;4.263386e+00;-5.191613e+00;3.980185e+00;-6.801081e-01;-4.620688e+00;2.917772e+00;-4.187317e+00;-2.419601e+00;-1.634762e+00;1.076813e-01
3;0.300000;-4.642811e-01;2.902431e+00;5.975924e+00;-8.097415e-01;-3.386028e+00;-5.215389e-01;3.811426e+00;8.067884e-01;-3.296865e+00;-3.706003e+00;-2.162562e+00;1.347299e+00;1.162579e+00;-1.008850e+00
4;0.400000;3.415099e+00;1.156338e+00;3.810388e+00;-2.805773e+00;-5.748169e+00;7.002785e+00;-4.443005e+00;-9.607315e-02;1.246507e+00;-7.242767e+00;2.903297e+00;3.004737e+00;1.684193e+00;-2.129616e+00
5;0.500000;2.738968e+00;9.040823e-01;-1.314244e+00;-5.355688e+00;-3.659660e+00;9.812582e+00;-8.281895e+00;-4.462652e-01;6.488687e+00;-1.013224e+01;5.007346e+00;2.091228e+00;3.532747e+00;-1.151794e+00
