frameIndex;frameTime;pcm_fftMag_mfcc[0];pcm_fftMag_mfcc[1];pcm_fftMag_mfcc[2];pcm_fftMag_mfcc[3];pcm_fftMag_mfcc[4];pcm_fftMag_mfcc[5];pcm_fftMag_mfcc[6];pcm_fftMag_mfcc[7];pcm_fftMag_mfcc[8];pcm_fftMag_mfcc[9];pcm_fftMag_mfcc[10];pcm_fftMag_mfcc[11];pcm_fftMag_mfcc[12];pcm_fftMag_mfcc[13]
0;0.000000;3.929662e+00;6.828918e+00;4.796640e+00;4.239782e+00;-5.547400e-01;-4.393499e+00;4.533714e+00;-1.307404e+01;-3.609171e-01;-3.011354e+00;-1.068738e+01;-5.532298e+00;-2.432769e+00;-6.090073e+00
1;0.100000;-9.545612e-02;6.166668e+00;4.976094e+00;1.966896e+00;-5.480456e+00;-6.335799e+00;3.791924e-01;-9.585690e+00;-1.380905e+00;6.352873e-01;-2.025126e+00;-2.536510e+00;-3.091846e-01;-2.172134e+00
2;0.200000;-2.322908e+00;5.581556e+00;4.577592e+00;8.763885e-01;-3.767457e+00;-4.300640e+00;3.091951e+00;-8.922958e-02;2.269334e+00;4.130071e+00;5.240209e+00;3.108940e+00;1.381806e+00;6.639481e-01
3;0.300000;-9.568043e-01;7.136297e-02;-2.725743e+00;-1.363810e+00;4.731413e+00;1.335272e+00;1.325144e+00;4.196512e+00;2.943432e+00;2.084915e+00;4.014777e+00;3.776192e+00;1.896501e+00;2.550606e+00
4;0.400000;5.538177e-02;-7.262923e+00;-5.108350e+00;-3.300934e+00;5.988264e+00;6.227939e+00;-3.027197e+00;9.140584e+00;2.306042e-01;-1.092482e-01;2.092793e+00;3.548163e+00;1.093839e+00;2.810272e+00
5;0.500000;-6.098738e-01;-1.138558e+01;-6.516234e+00;-2.418333e+00;-9.170284e-01;7.466730e+00;-6.302803e+00;9.411865e+00;-3.701546e+00;-3.729675e+00;1.364724e+00;-2.364486e+00;-1.630193e+00;2.237373e+00
