frameIndex;frameTime;pcm_fftMag_mfcc[0];pcm_fftMag_mfcc[1];pcm_fftMag_mfcc[2];pcm_fftMag_mfcc[3];pcm_fftMag_mfcc[4];pcm_fftMag_mfcc[5];pcm_fftMag_mfcc[6];pcm_fftMag_mfcc[7];pcm_fftMag_mfcc[8];pcm_fftMag_mfcc[9];pcm_fftMag_mfcc[10];pcm_fftMag_mfcc[11];pcm_fftMag_mfcc[12];pcm_fftMag_mfcc[13]
0;0.000000;2.945526e+00;2.227551e+00;-4.044619e+00;7.412959e+00;2.237574e+00;-1.092790e+00;4.821262e+00;-1.447385e+00;-1.351289e+00;-2.180346e+00;-7.955108e+00;-5.502229e-01;2.957896e+00;3.605927e+00
1;0.100000;2.391829e+00;2.927069e+00;-5.515619e+00;5.807251e+00;6.714869e-02;8.264942e-01;2.779288e+00;-1.545527e+00;-1.397767e+00;1.424287e+00;-4.718633e+00;-2.450349e+00;4.762891e+00;6.425552e-01
2;0.200000;1.779263e+00;1.643558e+00;-2.074656e+00;-8.283043e-02;1.949607e+00;5.346172e+00;1.266620e+00;2.645780e+00;-6.033750e-01;2.955295e+00;4.870129e+00;-1.688566e-01;1.802159e+00;-2.036804e+00
3;0.300000;1.357470e+00;-3.220405e+00;8.675976e-01;-5.627773e+00;4.087947e+00;3.230925e+00;-1.155184e+00;4.764884e+00;-3.186443e-01;1.566084e+00;5.662232e+00;1.994718e+00;-2.453005e+00;-1.362244e+00
4;0.400000;-2.952104e+00;-2.031957e+00;2.354537e+00;-5.768600e+00;9.403467e-02;-4.543996e-02;-3.940410e+00;-2.286141e+00;1.879346e+00;-1.187616e+00;1.681715e+00;5.273838e-01;-3.739583e+00;-2.052765e-01
5;0.500000;-5.521992e+00;-1.545811e+00;8.412763e+00;-1.741007e+00;-8.436312e+00;-8.265362e+00;-3.771576e+00;-2.131606e+00;1.791729e+00;-2.577708e+00;4.596667e-01;6.473241e-01;-3.330357e+00;-6.441650e-01
