frameIndex;frameTime;pcm_fftMag_mfcc[0];pcm_fftMag_mfcc[1];pcm_fftMag_mfcc[2];pcm_fftMag_mfcc[3];pcm_fftMag_mfcc[4];pcm_fftMag_mfcc[5];pcm_fftMag_mfcc[6];pcm_fftMag_mfcc[7];pcm_fftMag_mfcc[8];pcm_fftMag_mfcc[9];pcm_fftMag_mfcc[10];pcm_fftMag_mfcc[11];pcm_fftMag_mfcc[12];pcm_fftMag_mfcc[13]
0;0.000000;2.092681e+00;1.193399e-01;3.455155e+00;1.269670e+00;-2.009312e+00;3.493391e+00;-4.225359e-01;2.103846e+00;2.670172e+00;1.581514e+00;1.701341e-01;1.794959e+00;1.606055e+00;-5.464096e-01
1;0.100000;3.536545e+00;-2.664571e+00;3.077325e+00;-4.162234e+00;-6.399789e-01;4.482816e+00;-3.982678e+00;-4.748497e+00;-2.858534e-01;1.395173e+00;-1.520838e+00;1.892549e+00;3.147612e-01;8.116150e-02
2;0.200000;-6.002502e-01;1.170542e+00;-1.079113e+00;-3.474833e+00;2.363527e+00;9.721208e-01;-1.816396e+00;-7.588949e+00;-1.720062e+00;1.154909e+00;-9.641113e-01;1.673729e+00;4.121122e-01;8.295212e-01
3;0.300000;-3.849394e+00;2.700515e+00;-8.287358e-01;8.877115e-01;3.776024e+00;-4.441335e+00;-2.465773e-01;-2.295826e+00;-4.207260e+00;-1.990781e-01;1.572366e+00;-8.461530e-01;3.307304e-01;6.558075e-01
4;0.400000;-3.347168e+00;2.979503e+00;5.575782e-02;3.836997e+00;2.087813e+00;-6.254339e+00;8.419037e-02;9.982967e-01;-2.372009e+00;-4.459202e-01;1.669995e+00;-1.329291e+00;1.936817e-02;-7.574921e-01
5;0.500000;2.167584e+00;-4.305324e+00;-4.680390e+00;1.642684e+00;-5.578072e+00;1.747348e+00;6.383997e+00;1.153113e+01;5.915011e+00;-3.486598e+00;-9.275465e-01;-3.185792e+00;-2.683026e+00;-2.625732e-01
