frameIndex;frameTime;pcm_fftMag_mfcc[0];pcm_fftMag_mfcc[1];pcm_fftMag_mfcc[2];pcm_fftMag_mfcc[3];pcm_fftMag_mfcc[4];pcm_fftMag_mfcc[5];pcm_fftMag_mfcc[6];pcm_fftMag_mfcc[7];pcm_fftMag_mfcc[8];pcm_fftMag_mfcc[9];pcm_fftMag_mfcc[10];pcm_fftMag_mfcc[11];pcm_fftMag_mfcc[12];pcm_fftMag_mfcc[13]
0;0.000000;4.838657e-02;5.669024e+00;1.112801e+01;-1.526416e+00;2.247484e+00;4.524793e+00;1.481964e+00;-1.884580e+00;-3.900503e+00;6.147311e+00;4.473406e+00;2.973389e+00;2.206347e+00;3.357353e+00
1;0.100000;-1.228828e-01;1.776955e+00;9.605551e+00;-7.120552e-01;2.898254e+00;4.588548e+00;1.714004e+00;1.734973e+00;-5.842136e+00;4.538193e+00;-5.027977e-01;4.000459e-01;2.147812e+00;1.275986e+00
2;0.200000;1.676845e+00;-2.893313e+00;6.278385e-01;-3.049371e+00;1.570980e+00;3.051859e+00;-5.917449e-01;1.296219e+00;-9.953039e+00;3.719679e+00;-4.843092e+00;-2.147819e+00;6.120284e-01;-1.283997e+00
3;0.300000;2.973797e+00;-4.519719e+00;-6.501214e+00;-1.658869e+00;-1.630358e+00;-2.114747e+00;-2.863942e+00;-1.364543e+00;-3.728962e+00;-1.236470e+00;-2.927603e+00;-4.274622e+00;8.633215e-01;-2.178886e+00
4;0.400000;-5.073385e-01;-1.036933e+00;-7.700405e+00;3.678496e+00;-1.638611e+00;-3.708877e+00;9.747982e-01;-1.272433e+00;1.011334e+01;-5.198377e+00;1.524519e+00;3.055878e-01;-2.039790e+00;-7.011871e-01
5;0.500000;-4.068809e+00;1.003992e+00;-7.159780e+00;3.268214e+00;-3.447748e+00;-6.341575e+00;-7.150798e-01;1.490363e+00;1.331130e+01;-7.970337e+00;2.275568e+00;2.743417e+00;-3.789719e+00;-4.693222e-01
