frameIndex;frameTime;pcm_fftMag_mfcc[0];pcm_fftMag_mfcc[1];pcm_fftMag_mfcc[2];pcm_fftMag_mfcc[3];pcm_fftMag_mfcc[4];pcm_fftMag_mfcc[5];pcm_fftMag_mfcc[6];pcm_fftMag_mfcc[7];pcm_fftMag_mfcc[8];pcm_fftMag_mfcc[9];pcm_fftMag_mfcc[10];pcm_fftMag_mfcc[11];pcm_fftMag_mfcc[12];pcm_fftMag_mfcc[13]
0;0.000000;-3.023487e+00;-2.475085e+00;-3.978133e+00;-5.010265e+00;-9.843130e-01;-1.075792e+00;4.733858e+00;-4.227829e-02;9.420717e-01;1.684970e+00;-1.252957e+00;-4.084308e+00;-2.729125e-01;3.703156e+00
1;0.100000;-1.045294e+00;-9.693153e-01;-3.338315e+00;-3.777258e+00;2.310303e+00;-1.360621e+00;5.399858e+00;-1.006825e+00;6.582642e-01;2.314801e+00;-1.023697e+00;-5.711025e+00;1.512547e+00;1.878181e+00
2;0.200000;1.745027e+00;9.477482e-01;5.139656e-01;9.863358e-01;1.051512e+00;-4.815931e-01;-3.483294e+00;3.812189e-01;-8.165488e-01;-2.858623e+00;2.571750e-01;7.484450e-01;-1.233960e+00;-1.636711e+00
3;0.300000;2.323754e+00;2.496652e+00;6.802485e+00;7.801187e+00;-2.377501e+00;2.918008e+00;-6.650423e+00;6.678829e-01;-7.837868e-01;-1.141149e+00;2.019480e+00;9.046889e+00;-5.675316e-03;-3.944626e+00
