frameIndex;frameTime;pcm_fftMag_mfcc[0];pcm_fftMag_mfcc[1];pcm_fftMag_mfcc[2];pcm_fftMag_mfcc[3];pcm_fftMag_mfcc[4];pcm_fftMag_mfcc[5];pcm_fftMag_mfcc[6];pcm_fftMag_mfcc[7];pcm_fftMag_mfcc[8];pcm_fftMag_mfcc[9];pcm_fftMag_mfcc[10];pcm_fftMag_mfcc[11];pcm_fftMag_mfcc[12];pcm_fftMag_mfcc[13]
0;0.000000;-1.991033e+00;2.274547e+00;4.102516e+00;3.422018e+00;-6.578111e+00;-9.423089e+00;6.096272e+00;3.868937e+00;5.803519e+00;1.417811e+00;-5.674095e-01;3.539357e+00;2.818132e+00;1.909920e+00
1;0.100000;3.204470e-01;3.005182e-01;5.480511e+00;4.011913e+00;-7.403426e+00;-6.609101e+00;5.301425e+00;5.260771e+00;3.837089e+00;4.088641e+00;-6.840579e-01;4.484509e+00;2.417289e+00;3.670273e-01
2;0.200000;8.638468e-01;8.787066e-01;-2.481639e+00;3.167286e-01;-4.737816e-01;1.130537e+00;2.044454e+00;-7.140112e-01;4.445114e-01;3.432539e+00;3.932145e+00;2.331600e+00;-1.773300e-01;-5.472412e-01
3;0.300000;1.064590e+00;-1.927044e+00;-6.041653e+00;-2.242352e+00;4.952703e+00;7.283180e+00;-5.265738e+00;-8.043919e-01;-2.328294e+00;-1.221958e+00;4.495905e+00;-4.178772e-01;8.718848e-01;-4.271164e-01
4;0.400000;1.227273e+00;-2.802637e+00;-2.576190e+00;-2.615042e+00;4.196758e+00;7.424119e+00;-8.311842e+00;-8.374796e-01;-6.526107e+00;-3.168600e+00;-4.510848e-01;-4.508761e+00;-1.716148e+00;-2.215729e-01
5;0.500000;-1.485126e+00;1.275909e+00;1.516450e+00;-2.893268e+00;5.305854e+00;1.943531e-01;1.354351e-01;-6.773824e+00;-1.230725e+00;-4.548434e+00;-6.725497e+00;-5.428827e+00;-4.213829e+00;-1.080971e+00
