frameIndex;frameTime;pcm_fftMag_mfcc[0];pcm_fftMag_mfcc[1];pcm_fftMag_mfcc[2];pcm_fftMag_mfcc[3];pcm_fftMag_mfcc[4];pcm_fftMag_mfcc[5];pcm_fftMag_mfcc[6];pcm_fftMag_mfcc[7];pcm_fftMag_mfcc[8];pcm_fftMag_mfcc[9];pcm_fftMag_mfcc[10];pcm_fftMag_mfcc[11];pcm_fftMag_mfcc[12];pcm_fftMag_mfcc[13]
0;0.000000;-8.433165e+00;1.054825e+01;-2.047276e+00;-2.447060e+00;-3.611923e+00;7.506371e-03;5.486777e+00;-3.663079e+00;3.368374e+00;-2.934829e+00;5.357871e+00;-1.816781e+00;1.256306e+00;2.051590e+00
1;0.100000;-2.449406e+00;1.675536e+00;-3.710953e+00;-3.163641e+00;-4.338345e+00;2.058811e+00;-1.915460e+00;-7.329760e+00;3.038800e+00;-3.873582e+00;3.184822e+00;-4.481696e+00;-1.880485e+00;2.068100e+00
2;0.200000;5.825810e-01;-7.156565e+00;-2.416531e+00;-7.923106e+00;-1.029021e+00;-1.154879e+00;-7.933304e+00;-2.966384e+00;-4.144324e+00;-3.499093e+00;-3.708413e+00;-6.279862e+00;-4.426114e+00;8.557587e-01
3;0.300000;8.878469e-02;-6.612764e+00;-2.125492e+00;-2.322018e+00;2.840701e+00;-1.671154e+00;-1.388032e+00;3.202242e+00;-2.324462e+00;4.422436e-01;-2.030813e+00;-1.193236e+00;-6.297593e-01;6.414871e-01
4;0.400000;2.603824e+00;-2.695793e+00;2.201653e+00;3.991412e+00;3.454336e+00;-1.310048e+00;1.390397e+00;5.474187e+00;-7.784061e-01;3.223240e+00;-7.021337e-01;4.532135e+00;3.580550e+00;-9.251709e-01
5;0.500000;7.607383e+00;4.241333e+00;8.098599e+00;1.186441e+01;2.684252e+00;2.069767e+00;4.359623e+00;5.282794e+00;8.400154e-01;6.642020e+00;-2.101334e+00;9.239441e+00;2.099505e+00;-4.691757e+00
