frameIndex;frameTime;pcm_fftMag_mfcc[0];pcm_fftMag_mfcc[1];pcm_fftMag_mfcc[2];pcm_fftMag_mfcc[3];pcm_fftMag_mfcc[4];pcm_fftMag_mfcc[5];pcm_fftMag_mfcc[6];pcm_fftMag_mfcc[7];pcm_fftMag_mfcc[8];pcm_fftMag_mfcc[9];pcm_fftMag_mfcc[10];pcm_fftMag_mfcc[11];pcm_fftMag_mfcc[12];pcm_fftMag_mfcc[13]
0;0.000000;2.369461e+00;-2.661706e+00;-3.718558e+00;6.474911e+00;-3.739862e+00;1.496202e+00;3.987208e+00;-6.747104e+00;4.208150e-01;-1.540584e+00;-3.097166e+00;2.846717e+00;1.229217e+00;6.334839e-01
1;0.100000;1.584319e+00;8.746933e-01;-2.456954e+00;5.551378e+00;-3.031582e+00;2.252791e+00;3.182027e+00;-6.173723e+00;2.689974e+00;2.700091e-01;-3.015540e+00;1.532658e+00;1.335153e+00;-1.995468e-01
2;0.200000;1.933395e+00;-1.760816e+00;-3.767513e+00;-7.083265e-01;-2.138043e-01;3.073719e+00;-9.423418e-01;-2.092007e+00;2.670191e+00;2.800681e-01;-2.422491e-01;-1.398459e+00;1.867048e-01;-1.189690e+00
3;0.300000;-8.737698e-01;-3.461234e+00;-2.690234e+00;-6.511446e+00;2.486950e+00;-1.370356e+00;-3.922462e+00;1.873984e+00;-3.059092e+00;-3.996549e-01;1.977780e-01;-2.489279e+00;-7.198269e-01;2.812119e-01
4;0.400000;-2.768691e+00;1.514395e+00;3.240948e+00;-3.922091e+00;3.690958e+00;-1.277162e+00;-2.103020e+00;4.952662e+00;-1.649363e+00;6.669777e-01;1.969002e+00;-1.315890e+00;-6.651337e-01;1.220451e+00
5;0.500000;-2.244709e+00;5.494667e+00;9.392314e+00;-8.844258e-01;8.073398e-01;-4.175192e+00;-2.014111e-01;8.186188e+00;-1.072525e+00;7.231839e-01;4.188175e+00;8.242550e-01;-1.366114e+00;-7.459183e-01
