frameIndex;frameTime;pcm_fftMag_mfcc[0];pcm_fftMag_mfcc[1];pcm_fftMag_mfcc[2];pcm_fftMag_mfcc[3];pcm_fftMag_mfcc[4];pcm_fftMag_mfcc[5];pcm_fftMag_mfcc[6];pcm_fftMag_mfcc[7];pcm_fftMag_mfcc[8];pcm_fftMag_mfcc[9];pcm_fftMag_mfcc[10];pcm_fftMag_mfcc[11];pcm_fftMag_mfcc[12];pcm_fftMag_mfcc[13]
0;0.000000;3.863331e+00;-3.219252e+00;-6.156446e+00;-1.364286e-01;9.958120e+00;-8.832588e-01;2.120150e+00;1.217738e+00;-1.065989e+00;-2.610412e+00;-4.798582e+00;3.479614e+00;-8.884349e-01;1.856415e+00
1;0.100000;2.572697e+00;-3.403684e+00;-4.475537e+00;4.726348e-01;5.082018e+00;-1.070946e+00;8.406196e-01;-4.876036e-01;-1.785624e+00;-1.885765e+00;-3.784223e+00;3.841331e+00;6.350207e-02;1.584717e+00
2;0.200000;3.844056e-01;4.038992e-01;-3.330106e+00;2.187572e+00;-1.692381e+00;-1.925047e+00;-1.450785e+00;-2.712400e+00;-1.684710e+00;-2.603186e+00;-1.256154e+00;1.177535e+00;1.419195e+00;-2.313889e+00
3;0.300000;-1.381641e+00;4.129935e+00;1.816456e+00;2.579791e+00;-3.682892e+00;-1.800680e-01;-1.057486e+00;5.182663e-01;1.906922e+00;1.806316e-01;2.852663e+00;-2.115771e+00;-8.549272e-01;-2.837868e+00
4;0.400000;-2.030465e+00;6.890783e-01;5.813334e+00;-1.916101e+00;-4.768579e+00;2.061381e+00;-1.265762e+00;2.001899e+00;6.143327e-01;3.642317e+00;3.187633e+00;-2.483773e+00;-2.220017e-01;5.800934e-01
5;0.500000;-3.408327e+00;1.400024e+00;6.332299e+00;-3.187468e+00;-4.896284e+00;1.997939e+00;8.132648e-01;-5.378985e-01;2.015070e+00;3.276418e+00;3.798664e+00;-3.898935e+00;4.826672e-01;1.130600e+00
