frameIndex;frameTime;pcm_fftMag_mfcc[0];pcm_fftMag_mfcc[1];pcm_fftMag_mfcc[2];pcm_fftMag_mfcc[3];pcm_fftMag_mfcc[4];pcm_fftMag_mfcc[5];pcm_fftMag_mfcc[6];pcm_fftMag_mfcc[7];pcm_fftMag_mfcc[8];pcm_fftMag_mfcc[9];pcm_fftMag_mfcc[10];pcm_fftMag_mfcc[11];pcm_fftMag_mfcc[12];pcm_fftMag_mfcc[13]
0;0.000000;-4.240920e+00;6.537768e+00;-7.015446e+00;6.212459e+00;-1.349709e+01;1.142082e+00;-3.352584e+00;-8.272341e+00;3.701090e+00;-3.873204e+00;3.750203e+00;-3.952255e+00;2.642851e-01;-2.622826e+00
1;0.100000;-4.600906e-01;-1.636921e+00;-1.202053e+00;-2.397285e+00;-8.581258e+00;-2.763527e+00;-7.321017e+00;-5.070381e+00;6.029310e-01;1.176573e+00;5.211972e+00;3.479679e-01;3.610983e+00;-2.196205e+00
2;0.200000;-1.226160e+00;1.336439e+00;4.857306e+00;-6.076034e+00;1.628150e+00;-7.082579e+00;-3.408046e+00;1.006502e+00;1.339378e-01;8.191917e+00;2.273922e+00;5.973193e+00;-9.134841e-01;-5.524750e-01
3;0.300000;2.066612e-03;3.300069e+00;4.802577e+00;-3.915214e+00;7.755341e+00;-2.091358e+00;6.154613e-01;3.492858e+00;-1.165842e+00;3.765359e+00;-1.717139e+00;4.652747e+00;-1.385680e+00;1.351334e+00
4;0.400000;2.580719e+00;-2.338912e+00;3.818150e-01;8.474941e-01;9.236609e+00;2.950169e+00;6.235716e+00;5.074964e+00;-2.158741e+00;-1.780096e+00;-4.965812e+00;3.660167e-01;-1.048050e+00;2.346916e+00
5;0.500000;3.344384e+00;-7.198444e+00;-1.824200e+00;5.328579e+00;3.458257e+00;7.845220e+00;7.230460e+00;3.768399e+00;-1.113377e+00;-7.480550e+00;-4.553147e+00;-7.387669e+00;-5.280561e-01;1.673248e+00
