frameIndex;frameTime;pcm_fftMag_mfcc[0];pcm_fftMag_mfcc[1];pcm_fftMag_mfcc[2];pcm_fftMag_mfcc[3];pcm_fftMag_mfcc[4];pcm_fftMag_mfcc[5];pcm_fftMag_mfcc[6];pcm_fftMag_mfcc[7];pcm_fftMag_mfcc[8];pcm_fftMag_mfcc[9];pcm_fftMag_mfcc[10];pcm_fftMag_mfcc[11];pcm_fftMag_mfcc[12];pcm_fftMag_mfcc[13]
0;0.000000;-1.813325e+00;4.210423e+00;6.036836e+00;5.399737e-01;2.443963e+00;3.154084e+00;9.111662e-01;-4.706642e+00;1.394706e+00;5.871042e+00;3.116155e-01;-5.442991e-01;1.155588e+00;-3.601151e-01
1;0.100000;2.379407e+00;-2.025533e+00;2.759532e+00;-1.790220e+00;5.043920e+00;2.960081e+00;-2.304610e+00;-3.076482e+00;-4.250775e+00;6.879088e+00;-1.842598e+00;-1.659283e+00;1.988857e+00;-1.421364e+00
2;0.200000;4.134163e+00;-5.166449e+00;-1.110863e+00;-2.720862e+00;3.973540e+00;6.825094e-01;-4.699771e+00;1.415919e+00;-3.870145e+00;2.956679e+00;-2.491355e+00;-1.023013e+00;7.967851e-01;-1.868912e+00
3;0.300000;1.244951e+00;-2.587089e+00;-1.938530e+00;5.303068e-01;-1.994776e+00;-9.909315e-01;-2.041409e+00;1.954468e+00;1.454732e+00;-3.218587e+00;-1.092863e+00;4.336801e-01;1.294637e-02;3.090515e-01
4;0.400000;-2.585020e+00;2.453116e+00;-2.073869e+00;2.239074e+00;-4.487048e+00;-3.354883e+00;2.627056e+00;1.831643e+00;2.095459e+00;-6.656212e+00;1.219027e+00;4.473205e-01;-6.682879e-01;1.118134e+00
5;0.500000;-3.360174e+00;3.115531e+00;-3.673106e+00;1.201726e+00;-4.979598e+00;-2.450859e+00;5.507570e+00;2.581093e+00;3.176024e+00;-5.832009e+00;3.896173e+00;2.345595e+00;-3.285889e+00;2.223175e+00
