frameIndex;frameTime;pcm_fftMag_mfcc[0];pcm_fftMag_mfcc[1];pcm_fftMag_mfcc[2];pcm_fftMag_mfcc[3];pcm_fftMag_mfcc[4];pcm_fftMag_mfcc[5];pcm_fftMag_mfcc[6];pcm_fftMag_mfcc[7];pcm_fftMag_mfcc[8];pcm_fftMag_mfcc[9];pcm_fftMag_mfcc[10];pcm_fftMag_mfcc[11];pcm_fftMag_mfcc[12];pcm_fftMag_mfcc[13]
0;0.000000;-5.741868e+00;6.574678e+00;-1.465401e+00;5.766907e+00;-1.577625e-01;-7.497978e-02;-2.576688e+00;2.224908e+00;-1.343532e+00;-1.876163e+00;-1.810156e+00;-3.602919e+00;-4.374858e+00;-9.377136e-01
1;0.100000;-4.009397e+00;2.203281e+00;-3.335203e+00;7.861114e-01;-8.008884e+00;-3.924175e+00;3.346004e-01;7.042982e+00;2.044413e+00;-1.458700e+00;6.135082e-02;2.082785e+00;7.221756e-01;1.695404e+00
2;0.200000;-7.895575e-01;-1.056611e+00;-1.280969e+00;-4.881735e-01;-7.585262e+00;-3.579689e+00;9.050541e-01;6.637740e+00;2.907684e+00;3.930559e-01;8.234806e-01;1.497715e+00;8.930645e-01;1.593117e+00
3;0.300000;2.233706e+00;-1.573884e+00;1.978683e+00;-1.430678e+00;1.735588e+00;-2.038443e+00;1.433383e+00;-2.059565e-01;2.007488e+00;1.943128e+00;1.414493e+00;3.476868e-01;-1.649141e+00;1.993713e-01
4;0.400000;3.734824e+00;-1.635808e+00;8.676338e-01;-1.941229e+00;7.796724e+00;3.340828e+00;2.907724e-01;-8.010596e+00;-1.703181e+00;4.347095e-01;3.058233e-01;3.482485e-02;8.187752e-01;-8.508072e-01
5;0.500000;4.572289e+00;-4.511656e+00;3.235253e+00;-2.692938e+00;6.219602e+00;6.276464e+00;-3.871226e-01;-7.689078e+00;-3.912873e+00;5.639706e-01;-7.949934e-01;-3.600936e-01;3.589988e+00;-1.699440e+00
