frameIndex;frameTime;pcm_fftMag_mfcc[0];pcm_fftMag_mfcc[1];pcm_fftMag_mfcc[2];pcm_fftMag_mfcc[3];pcm_fftMag_mfcc[4];pcm_fftMag_mfcc[5];pcm_fftMag_mfcc[6];pcm_fftMag_mfcc[7];pcm_fftMag_mfcc[8];pcm_fftMag_mfcc[9];pcm_fftMag_mfcc[10];pcm_fftMag_mfcc[11];pcm_fftMag_mfcc[12];pcm_fftMag_mfcc[13]
0;0.000000;-1.095919e+00;4.573508e+00;-4.139420e+00;7.342238e+00;1.776910e-01;-3.559217e+00;2.512136e+00;-1.456453e+00;2.083792e+00;2.176212e+00;4.578722e-01;-2.544158e+00;9.239235e-01;-5.785141e-01
1;0.100000;-9.618244e-01;2.827194e+00;6.362021e-01;4.672454e+00;-6.487699e-01;-2.279921e+00;2.895886e-01;1.412714e+00;4.638485e+00;1.221514e+00;1.712070e+00;-8.815129e-01;2.078781e+00;1.043556e+00
2;0.200000;1.571894e-01;-1.939544e+00;4.187429e+00;-7.492123e-01;6.298358e-01;5.910814e-01;-1.446938e+00;1.329151e+00;1.351648e+00;-3.864630e-01;2.718301e-01;1.601954e+00;-3.513443e-02;4.998856e-01
3;0.300000;1.900551e+00;-5.461158e+00;-6.842113e-01;-1.126548e+01;-1.587567e-01;5.248058e+00;-1.354787e+00;-1.285412e+00;-8.073925e+00;-3.011262e+00;-2.441773e+00;1.823717e+00;-2.967570e+00;-9.649124e-01
