frameIndex;frameTime;pcm_fftMag_mfcc[0];pcm_fftMag_mfcc[1];pcm_fftMag_mfcc[2];pcm_fftMag_mfcc[3];pcm_fftMag_mfcc[4];pcm_fftMag_mfcc[5];pcm_fftMag_mfcc[6];pcm_fftMag_mfcc[7];pcm_fftMag_mfcc[8];pcm_fftMag_mfcc[9];pcm_fftMag_mfcc[10];pcm_fftMag_mfcc[11];pcm_fftMag_mfcc[12];pcm_fftMag_mfcc[13]
0;0.000000;-1.993757e+00;-2.108126e+00;-2.195175e+00;2.703213e+00;1.002162e+01;1.495064e+00;1.816640e-01;8.020948e-01;-1.150772e+00;-5.046051e+00;4.203509e-01;2.169541e+00;3.265691e-01;4.650284e+00
1;0.100000;-5.012722e+00;3.522434e-01;-1.303434e+00;-5.912066e-02;6.047164e+00;4.651161e+00;-2.812014e-01;-1.918920e-01;-1.230740e+00;-4.794065e+00;6.893301e-01;1.762209e+00;7.815492e-02;3.037086e+00
2;0.200000;-4.885002e+00;3.081948e+00;1.153413e+00;-1.891919e+00;-2.187468e+00;3.082371e-01;-4.703027e+00;-3.106449e+00;2.403143e+00;1.783880e+00;1.083826e+00;-7.187741e-01;-1.127872e+00;-4.211884e-01
3;0.300000;1.991306e+00;1.161183e+00;1.788415e+00;-6.850709e-01;-4.403634e+00;-2.130276e+00;-9.133914e-01;-8.558831e-01;1.276042e+00;4.563230e+00;-4.189458e-01;-2.015231e+00;-1.742549e+00;-1.755783e+00
4;0.400000;6.199814e+00;-2.453474e+00;4.129972e+00;-2.029339e+00;-2.239570e+00;-3.210168e+00;3.097886e+00;9.886026e-01;-7.042971e-01;3.901634e+00;-1.415524e+00;-5.215571e-01;-5.424451e-01;-2.883347e+00
5;0.500000;3.700362e+00;-3.377151e-02;-3.573189e+00;1.962235e+00;-7.238112e+00;-1.114018e+00;2.618070e+00;2.363526e+00;-5.933766e-01;-4.086285e-01;-3.590360e-01;-6.761894e-01;3.008142e+00;-2.627045e+00
