frameIndex;frameTime;pcm_fftMag_mfcc[0];pcm_fftMag_mfcc[1];pcm_fftMag_mfcc[2];pcm_fftMag_mfcc[3];pcm_fftMag_mfcc[4];pcm_fftMag_mfcc[5];pcm_fftMag_mfcc[6];pcm_fftMag_mfcc[7];pcm_fftMag_mfcc[8];pcm_fftMag_mfcc[9];pcm_fftMag_mfcc[10];pcm_fftMag_mfcc[11];pcm_fftMag_mfcc[12];pcm_fftMag_mfcc[13]
0;0.000000;1.075369e+00;-3.073365e+00;-7.224973e+00;-2.076862e+00;4.284633e+00;3.668460e+00;5.143812e+00;1.582701e-01;1.420021e+00;6.924944e+00;4.628348e+00;-6.030520e+00;-2.299951e+00;1.177055e+00
1;0.100000;-8.315306e-01;1.647334e+00;-2.736664e+00;-2.708722e+00;3.512830e+00;9.245477e-01;-1.737040e+00;-2.175463e+00;3.402389e+00;6.015693e+00;-1.076857e+00;-2.001348e+00;1.329482e+00;1.880875e-01
2;0.200000;-2.557573e+00;3.504311e+00;2.500373e+00;-8.052120e-01;1.936832e+00;-2.551438e+00;-1.076359e+00;-1.261441e+00;3.719417e+00;2.232762e+00;-4.157056e+00;3.170837e+00;3.508139e+00;-1.810448e+00
3;0.300000;9.641838e-01;-4.708893e-01;4.969573e-01;1.913445e+00;2.662704e+00;-3.910686e+00;2.554327e+00;2.793097e+00;-1.151613e+00;-2.842217e+00;-4.260695e+00;3.135777e+00;-5.147873e-01;-1.119812e+00
4;0.400000;1.378038e+00;-1.422093e+00;2.298011e+00;2.171786e+00;-3.235657e+00;8.146954e-02;-1.847787e+00;2.095224e+00;-2.767719e+00;-6.127253e+00;1.271977e-01;8.995862e-01;-7.388226e-01;5.499420e-01
5;0.500000;-2.848721e-02;-1.852980e-01;4.666293e+00;1.505566e+00;-9.161340e+00;1.787648e+00;-3.036954e+00;-1.609689e+00;-4.622498e+00;-6.203929e+00;4.739058e+00;8.256643e-01;-1.284061e+00;1.015182e+00
