frameIndex;frameTime;pcm_fftMag_mfcc[0];pcm_fftMag_mfcc[1];pcm_fftMag_mfcc[2];pcm_fftMag_mfcc[3];pcm_fftMag_mfcc[4];pcm_fftMag_mfcc[5];pcm_fftMag_mfcc[6];pcm_fftMag_mfcc[7];pcm_fftMag_mfcc[8];pcm_fftMag_mfcc[9];pcm_fftMag_mfcc[10];pcm_fftMag_mfcc[11];pcm_fftMag_mfcc[12];pcm_fftMag_mfcc[13]
0;0.000000;7.106686e+00;-2.210596e+00;9.427847e-01;-7.552547e+00;-6.097340e+00;1.411324e+01;3.057874e+00;4.198027e-02;-5.778979e+00;-5.583035e+00;7.206679e+00;6.828051e-01;-4.153274e+00;-9.858017e-01
1;0.100000;3.658013e+00;-3.717964e+00;4.586129e+00;-2.256572e+00;-6.776756e+00;6.461654e+00;-1.113716e+00;4.162326e+00;-6.336227e+00;-6.144761e+00;6.682470e+00;4.291592e-01;1.536377e+00;6.886978e-01
2;0.200000;3.401365e-01;-4.651824e+00;4.743751e+00;3.411822e-01;-4.889332e+00;-2.302333e+00;-4.030178e+00;5.084526e+00;1.859226e-01;-1.826077e-01;1.939250e+00;8.634949e-02;1.571239e+00;1.434258e+00
3;0.300000;-1.851818e+00;-2.599248e+00;2.901192e-01;4.786000e-01;7.299881e-01;-5.766509e+00;-9.664631e-01;9.546108e-01;3.830004e+00;2.605276e+00;-2.450427e+00;-5.982065e-01;-2.222921e+00;1.185478e+00
4;0.400000;-3.746386e+00;4.230329e+00;-4.678962e+00;3.025912e+00;7.476738e+00;-5.217641e+00;6.686783e-01;-4.053505e+00;5.058612e+00;4.531079e+00;-5.623358e+00;-1.277473e+00;-5.972559e-01;-5.307770e-01
5;0.500000;-5.506634e+00;8.949306e+00;-5.883821e+00;5.963425e+00;9.556714e+00;-7.288409e+00;2.383797e+00;-6.189939e+00;3.040670e+00;4.774044e+00;-7.754614e+00;6.773596e-01;3.865834e+00;-1.791855e+00
