frameIndex;frameTime;pcm_fftMag_mfcc[0];pcm_fftMag_mfcc[1];pcm_fftMag_mfcc[2];pcm_fftMag_mfcc[3];pcm_fftMag_mfcc[4];pcm_fftMag_mfcc[5];pcm_fftMag_mfcc[6];pcm_fftMag_mfcc[7];pcm_fftMag_mfcc[8];pcm_fftMag_mfcc[9];pcm_fftMag_mfcc[10];pcm_fftMag_mfcc[11];pcm_fftMag_mfcc[12];pcm_fftMag_mfcc[13]
0;0.000000;-3.563071e+00;4.880392e+00;7.301839e+00;4.595295e+00;-3.911235e+00;-1.415563e+00;-2.449072e+00;2.224260e+00;-8.663864e-01;3.085968e+00;1.619809e+00;-3.495189e+00;7.907218e-01;-2.003616e+00
1;0.100000;-1.884175e+00;9.702340e-01;1.578549e+00;2.535653e+00;2.119485e+00;-1.393368e+00;2.628796e-01;4.398153e+00;1.965033e+00;-1.352655e+00;-2.693389e+00;-9.532548e-01;-9.116225e-01;3.070946e+00
2;0.200000;-1.116406e+00;-2.430985e-01;-2.112328e+00;2.454733e+00;2.941050e+00;-2.074342e+00;1.282171e+00;4.599584e+00;4.132525e+00;-3.891068e+00;-2.477285e+00;-2.412671e-01;-5.001531e-01;4.366631e+00
3;0.300000;2.472534e-01;-1.423616e+00;-3.061026e+00;2.007808e+00;1.977454e+00;-2.049318e+00;1.753160e+00;1.630581e+00;3.561897e+00;-4.868773e+00;-1.633653e+00;-4.743022e-01;6.385218e-01;1.786972e+00
4;0.400000;1.960759e+00;-3.499514e+00;-2.781311e+00;-4.080994e+00;-2.068151e+00;8.324065e-01;-7.756820e-01;-6.205930e+00;-3.412156e+00;4.132843e-02;9.877224e-01;1.863541e+00;6.107137e-01;-2.662811e+00
5;0.500000;4.355641e+00;-6.843971e-01;-9.257269e-01;-7.512499e+00;-1.058604e+00;6.100185e+00;-7.345629e-02;-6.646648e+00;-5.380912e+00;6.985201e+00;4.196796e+00;3.300472e+00;-6.281817e-01;-4.558121e+00
