frameIndex;frameTime;pcm_fftMag_mfcc[0];pcm_fftMag_mfcc[1];pcm_fftMag_mfcc[2];pcm_fftMag_mfcc[3];pcm_fftMag_mfcc[4];pcm_fftMag_mfcc[5];pcm_fftMag_mfcc[6];pcm_fftMag_mfcc[7];pcm_fftMag_mfcc[8];pcm_fftMag_mfcc[9];pcm_fftMag_mfcc[10];pcm_fftMag_mfcc[11];pcm_fftMag_mfcc[12];pcm_fftMag_mfcc[13]
0;0.000000;-4.236578e+00;4.760315e+00;-2.280316e+00;6.919466e+00;1.624403e+00;-5.280259e-01;-5.425830e-01;-3.914020e+00;5.831404e+00;-1.461843e+00;-1.513593e+00;-5.145980e+00;-1.904727e+00;1.968948e+00
1;0.100000;-4.193841e+00;5.575543e+00;-4.270519e+00;-3.420048e-01;-2.168639e+00;-4.105479e-01;4.521447e-01;-2.654507e+00;2.382755e+00;-3.525064e+00;7.286787e-02;-4.457308e+00;-3.521280e-01;4.853287e-01
2;0.200000;7.730479e-01;-1.784421e+00;-4.735107e-01;3.057194e-02;-5.327119e+00;1.807715e-01;-8.553624e-03;-2.824401e+00;1.592911e+00;-3.450381e+00;-2.592711e-01;-1.605417e+00;5.652988e-01;8.609543e-01
3;0.300000;3.263719e+00;-4.705367e+00;3.476346e+00;-2.384391e-01;-7.668115e-01;5.064368e-03;1.042267e+00;-2.858448e-02;-2.446108e-01;2.842326e-01;-1.092737e+00;2.866785e+00;9.663165e-01;3.474274e-01
4;0.400000;2.437573e+00;-2.193151e+00;1.904467e+00;-1.182656e+00;2.941955e+00;-6.118100e-01;9.341716e-01;4.481132e+00;-3.377063e+00;2.625305e+00;1.928578e+00;5.047842e+00;1.309407e+00;-5.534439e-01
5;0.500000;1.956079e+00;-1.652921e+00;1.643532e+00;-5.186938e+00;3.696212e+00;1.364548e+00;-1.877446e+00;4.940380e+00;-6.185396e+00;5.527749e+00;8.641543e-01;3.294079e+00;-5.841672e-01;-3.109184e+00
