frameIndex;frameTime;pcm_fftMag_mfcc[0];pcm_fftMag_mfcc[1];pcm_fftMag_mfcc[2];pcm_fftMag_mfcc[3];pcm_fftMag_mfcc[4];pcm_fftMag_mfcc[5];pcm_fftMag_mfcc[6];pcm_fftMag_mfcc[7];pcm_fftMag_mfcc[8];pcm_fftMag_mfcc[9];pcm_fftMag_mfcc[10];pcm_fftMag_mfcc[11];pcm_fftMag_mfcc[12];pcm_fftMag_mfcc[13]
0;0.000000;-3.897764e+00;2.444576e+00;7.492510e+00;2.602139e+00;-3.529726e+00;-1.021205e+01;-2.072408e+00;-6.496344e-01;-3.589029e-01;5.066061e+00;4.480193e+00;5.582339e+00;4.280376e+00;7.195206e-01
1;0.100000;-4.950918e+00;2.463695e+00;4.521148e+00;-2.588339e+00;-3.810141e+00;-5.703471e+00;9.369605e-01;-4.280443e-01;2.182531e-01;4.434711e+00;1.233358e+00;4.558524e+00;3.041068e+00;1.592171e+00
2;0.200000;-1.683853e+00;7.162428e-02;3.558624e-01;-4.080210e+00;-3.737318e+00;-7.172580e+00;-3.713400e-01;-9.856987e-02;-3.643188e-01;7.217464e-01;-2.319627e+00;2.330549e+00;4.162416e-01;1.576508e+00
3;0.300000;2.142733e+00;-1.233859e+00;6.991777e-01;1.275101e-01;-4.161154e+00;-4.021523e+00;1.993412e-01;1.338988e+00;-5.050564e-02;-2.591240e+00;-3.745981e+00;-7.157254e-02;-4.306314e+00;-1.194611e-01
4;0.400000;2.793077e+00;-9.063525e-01;-3.337754e+00;1.620375e+00;1.994869e+00;9.598682e+00;2.681111e+00;-1.840600e+00;-1.632459e+00;-4.044538e+00;-1.506988e-01;-5.836302e+00;-6.087945e+00;-1.818596e+00
5;0.500000;5.596728e+00;-2.839684e+00;-9.730944e+00;2.318531e+00;1.324347e+01;1.751094e+01;-1.373664e+00;1.677866e+00;2.187939e+00;-3.586748e+00;5.027558e-01;-6.563537e+00;2.656572e+00;-1.950180e+00
