frameIndex;frameTime;pcm_fftMag_mfcc[0];pcm_fftMag_mfcc[1];pcm_fftMag_mfcc[2];pcm_fftMag_mfcc[3];pcm_fftMag_mfcc[4];pcm_fftMag_mfcc[5];pcm_fftMag_mfcc[6];pcm_fftMag_mfcc[7];pcm_fftMag_mfcc[8];pcm_fftMag_mfcc[9];pcm_fftMag_mfcc[10];pcm_fftMag_mfcc[11];pcm_fftMag_mfcc[12];pcm_fftMag_mfcc[13]
0;0.000000;4.005118e+00;-3.610594e-01;-1.872214e+00;-1.074761e+01;3.869622e+00;1.118109e+01;2.934045e+00;2.300333e+00;-1.707070e+00;-2.270246e+00;-2.917027e-02;-2.470576e+00;-3.094219e+00;-3.616943e-01
1;0.100000;6.354155e+00;-3.764249e+00;1.936739e+00;-2.241398e+00;-5.261080e+00;6.522773e+00;7.529871e+00;1.731653e-01;-3.268326e+00;2.993965e-02;-1.548041e+00;-1.299279e-01;4.845308e-01;-1.470146e+00
2;0.200000;2.565918e-01;-9.035320e-01;5.535832e+00;-2.796394e-01;-3.513348e+00;-1.110456e+00;2.539984e+00;-8.076696e-01;-3.725363e+00;2.300175e+00;1.582826e+00;2.074093e+00;3.814243e+00;-3.993378e-01
3;0.300000;-4.086455e+00;1.645097e+00;3.092336e+00;3.221067e+00;5.228071e-01;-5.309189e+00;-3.653515e+00;-1.102161e+00;-1.504593e+00;-2.103077e+00;4.438095e-01;1.462955e+00;2.766318e+00;3.706741e-01
4;0.400000;-4.326221e+00;2.748286e+00;-2.701391e+00;5.609013e+00;2.776791e+00;-6.222700e+00;-5.195963e+00;-2.007761e-01;3.807643e+00;-1.573123e+00;-7.936077e-01;4.851428e-01;-1.161663e+00;6.816940e-01
5;0.500000;-2.203195e+00;6.354575e-01;-5.991303e+00;4.438571e+00;1.605204e+00;-5.061518e+00;-4.154418e+00;-3.628893e-01;6.397715e+00;3.616329e+00;3.441833e-01;-1.421687e+00;-2.809210e+00;1.178825e+00
