frameIndex;frameTime;pcm_fftMag_mfcc[0];pcm_fftMag_mfcc[1];pcm_fftMag_mfcc[2];pcm_fftMag_mfcc[3];pcm_fftMag_mfcc[4];pcm_fftMag_mfcc[5];pcm_fftMag_mfcc[6];pcm_fftMag_mfcc[7];pcm_fftMag_mfcc[8];pcm_fftMag_mfcc[9];pcm_fftMag_mfcc[10];pcm_fftMag_mfcc[11];pcm_fftMag_mfcc[12];pcm_fftMag_mfcc[13]
0;0.000000;-5.775928e-01;3.949952e+00;-2.193413e+00;-8.517964e+00;3.060139e+00;4.649883e+00;2.835944e+00;3.048975e+00;-1.007768e+01;5.629406e-01;-2.424040e-01;-9.454687e-01;-3.136141e+00;-1.328819e+00
1;0.100000;4.499389e+00;-6.771153e+00;2.303714e+00;-5.635183e+00;-2.926533e+00;2.715893e+00;3.821990e+00;2.852497e+00;-3.705429e+00;1.186281e+00;1.001241e+00;1.675126e+00;-2.226526e+00;-2.302475e-01
2;0.200000;1.869186e+00;-6.481650e+00;2.397909e+00;-2.771834e+00;-1.333715e+00;-1.551105e+00;2.204940e+00;2.295153e+00;1.110661e+00;2.561026e-01;4.480853e-01;1.251024e+00;7.002182e-01;2.183372e+00
3;0.300000;-1.079353e+00;-1.281014e+00;-7.904625e-02;2.273770e+00;-5.364723e-01;-3.245617e+00;-2.238611e+00;-4.784310e-01;4.477621e+00;-1.800565e+00;-6.989169e-01;7.054763e-01;2.490309e+00;2.532021e+00
4;0.400000;-2.392609e+00;4.320200e+00;-1.699913e+00;7.052547e+00;-2.037506e-01;-4.145220e+00;-5.191746e+00;-4.752922e+00;5.971993e+00;-2.101113e+00;-1.760919e+00;6.738687e-01;3.077024e+00;-3.267059e-01
5;0.500000;-2.319029e+00;6.263664e+00;-7.292480e-01;7.598668e+00;1.940334e+00;1.576166e+00;-1.432512e+00;-2.965272e+00;2.222829e+00;1.896360e+00;1.252915e+00;-3.360026e+00;-9.048853e-01;-2.829704e+00
