frameIndex;frameTime;pcm_fftMag_mfcc[0];pcm_fftMag_mfcc[1];pcm_fftMag_mfcc[2];pcm_fftMag_mfcc[3];pcm_fftMag_mfcc[4];pcm_fftMag_mfcc[5];pcm_fftMag_mfcc[6];pcm_fftMag_mfcc[7];pcm_fftMag_mfcc[8];pcm_fftMag_mfcc[9];pcm_fftMag_mfcc[10];pcm_fftMag_mfcc[11];pcm_fftMag_mfcc[12];pcm_fftMag_mfcc[13]
0;0.000000;2.752684e+00;-5.920892e-01;-1.290140e+00;-3.752661e+00;1.385667e+00;5.206821e+00;3.157301e+00;-1.311501e+00;-7.341812e+00;5.406070e-02;5.101759e+00;3.239874e+00;-1.561796e+00;1.458305e+00
1;0.100000;1.732632e+00;-2.615382e+00;-2.553234e+00;-6.834782e+00;1.771897e+00;4.663476e+00;9.555912e-02;-3.516383e+00;-3.107665e+00;1.297183e-01;2.410466e+00;4.636879e-01;-6.846368e-01;3.127289e+00
2;0.200000;1.272848e+00;-5.143864e+00;-7.932463e-01;-4.392403e+00;2.642349e+00;-1.534893e-01;-1.259562e+00;-2.131395e+00;1.531253e+00;1.421537e+00;9.940531e-01;-2.726832e+00;3.530071e-01;3.234909e+00
3;0.300000;5.263972e-01;-4.541249e+00;2.910138e+00;-1.813889e-02;1.212029e+00;-4.589644e+00;-3.077437e+00;2.270421e+00;4.883256e+00;4.737898e+00;-7.280846e-01;-3.784570e+00;1.071001e+00;5.949631e-01
4;0.400000;-2.648642e+00;1.608344e+00;2.666338e+00;8.256207e+00;-1.214405e+00;-5.301381e+00;-1.356990e+00;5.687727e+00;6.626389e+00;5.249493e+00;-2.777225e+00;-1.693229e+00;1.544031e+00;-4.424240e+00
5;0.500000;-3.635919e+00;1.128424e+01;-9.398594e-01;6.741776e+00;-5.797537e+00;1.742176e-01;2.441133e+00;-9.988695e-01;-2.591424e+00;-1.159271e+01;-5.000969e+00;4.501067e+00;-7.216074e-01;-3.991180e+00
