frameIndex;frameTime;pcm_fftMag_mfcc[0];pcm_fftMag_mfcc[1];pcm_fftMag_mfcc[2];pcm_fftMag_mfcc[3];pcm_fftMag_mfcc[4];pcm_fftMag_mfcc[5];pcm_fftMag_mfcc[6];pcm_fftMag_mfcc[7];pcm_fftMag_mfcc[8];pcm_fftMag_mfcc[9];pcm_fftMag_mfcc[10];pcm_fftMag_mfcc[11];pcm_fftMag_mfcc[12];pcm_fftMag_mfcc[13]
0;0.000000;-3.439480e+00;-6.172719e-01;2.357956e+00;-1.674936e+00;4.425066e+00;-1.718151e+00;1.758965e+00;1.069077e+00;-1.447465e+00;-1.473608e+00;1.386499e-01;2.499325e+00;6.694565e-01;3.350906e-01
1;0.100000;-8.129730e-01;-1.221008e+00;-5.604029e-01;-1.316159e+00;-2.133236e-01;-1.797277e+00;7.784986e-01;1.186034e+00;-1.238354e+00;-2.041450e+00;8.601589e-01;-4.365368e-01;1.692666e+00;7.619858e-01
2;0.200000;1.782155e+00;-2.642713e-01;-1.440424e+00;1.777954e-01;-9.561176e-01;1.458419e+00;-1.375832e+00;-1.937690e-01;9.909959e-01;-2.422152e-01;-9.109192e-01;-1.347666e+00;-1.746960e-01;-4.707336e-02
3;0.300000;2.470298e+00;2.102550e+00;-3.571291e-01;2.813301e+00;-3.255627e+00;2.057008e+00;-1.161632e+00;-2.061343e+00;1.694821e+00;3.757271e+00;-8.788872e-02;-7.151217e-01;-2.187428e+00;-1.049995e+00
