frameIndex;frameTime;pcm_fftMag_mfcc[0];pcm_fftMag_mfcc[1];pcm_fftMag_mfcc[2];pcm_fftMag_mfcc[3];pcm_fftMag_mfcc[4];pcm_fftMag_mfcc[5];pcm_fftMag_mfcc[6];pcm_fftMag_mfcc[7];pcm_fftMag_mfcc[8];pcm_fftMag_mfcc[9];pcm_fftMag_mfcc[10];pcm_fftMag_mfcc[11];pcm_fftMag_mfcc[12];pcm_fftMag_mfcc[13]
0;0.000000;1.325896e+00;8.133026e-01;3.737748e+00;-1.475001e+00;2.564199e+00;1.642808e+00;3.207557e+00;1.128619e-01;-3.827101e+00;3.093421e-01;2.087112e+00;-4.641051e+00;4.495792e-01;-1.540718e+00
1;0.100000;9.881911e-01;1.041344e+00;3.469804e+00;-2.060423e+00;2.190489e+00;1.396291e+00;2.379116e+00;-6.557305e-01;-3.486700e+00;6.971009e-01;5.906757e-01;-1.241427e+00;1.483269e-01;4.463959e-02
2;0.200000;1.165162e+00;1.458250e+00;1.786702e+00;-2.260239e+00;9.409943e-01;7.646217e-01;3.498106e-01;-2.836553e+00;-1.441924e+00;2.825146e+00;-1.436088e+00;4.496496e+00;1.012033e+00;3.892822e-01
3;0.300000;1.181118e+00;7.026982e-01;-1.261587e-01;-1.808386e-01;-5.993128e-01;5.834260e-01;-1.837924e+00;-4.107652e+00;1.314167e+00;2.680485e+00;-1.275581e+00;4.617638e+00;1.209427e+00;4.564667e-02
4;0.400000;-9.767122e-01;-1.152800e+00;-3.610909e+00;3.118852e+00;-3.265989e+00;-1.203433e+00;-3.910054e+00;5.071723e-01;3.620214e+00;-2.007056e+00;6.619800e-01;-3.119538e-01;-1.730688e+00;-1.100922e-02
5;0.500000;-3.683655e+00;-2.862795e+00;-5.257185e+00;2.857647e+00;-1.830381e+00;-3.183710e+00;-1.885014e-01;6.979899e+00;3.821343e+00;-4.505019e+00;-6.280972e-01;-2.919700e+00;-1.088677e+00;1.072075e+00
