frameIndex;frameTime;pcm_fftMag_mfcc[0];pcm_fftMag_mfcc[1];pcm_fftMag_mfcc[2];pcm_fftMag_mfcc[3];pcm_fftMag_mfcc[4];pcm_fftMag_mfcc[5];pcm_fftMag_mfcc[6];pcm_fftMag_mfcc[7];pcm_fftMag_mfcc[8];pcm_fftMag_mfcc[9];pcm_fftMag_mfcc[10];pcm_fftMag_mfcc[11];pcm_fftMag_mfcc[12];pcm_fftMag_mfcc[13]
0;0.000000;-9.518394e-01;-3.565597e+00;-3.788187e+00;1.204910e+00;-2.417114e+00;-5.049675e-01;6.989532e-01;7.249107e-01;-9.211015e+00;-4.155358e+00;9.111910e-01;-1.016225e+00;-2.918524e+00;1.431656e-01
1;0.100000;-8.452702e-01;1.236830e+00;-2.132406e+00;-3.514267e+00;2.989502e-01;2.971605e+00;-6.640731e+00;-1.050018e+00;-4.062017e+00;-2.512831e+00;-3.387940e+00;-2.942375e+00;-2.059879e+00;1.766342e+00
2;0.200000;2.047634e-01;2.416741e+00;-6.470866e-01;-3.142769e+00;3.400251e+00;5.168390e+00;-7.135683e+00;2.507191e-01;-1.684282e+00;-1.985595e+00;-3.632003e+00;-2.814812e+00;-2.199305e+00;1.110588e+00
3;0.300000;1.708664e+00;3.834236e+00;2.384268e+00;2.908146e+00;3.686871e+00;1.312309e+00;-1.519297e+00;3.188183e+00;4.336620e+00;-5.632112e-01;2.897642e+00;-5.028725e-01;2.275115e+00;-2.429230e+00
4;0.400000;1.706970e+00;3.500595e-01;3.478129e+00;4.078678e+00;-1.297104e+00;-5.192246e+00;9.642982e+00;-1.366451e+00;8.402425e+00;3.665011e+00;3.002778e+00;4.250921e+00;4.510888e+00;-1.278526e+00
5;0.500000;-1.823284e+00;-4.272274e+00;7.052794e-01;-1.534706e+00;-3.671860e+00;-3.755090e+00;4.953778e+00;-1.747334e+00;2.218265e+00;5.551984e+00;2.083330e-01;3.025361e+00;3.916988e-01;6.876831e-01
