frameIndex;frameTime;pcm_fftMag_mfcc[0];pcm_fftMag_mfcc[1];pcm_fftMag_mfcc[2];pcm_fftMag_mfcc[3];pcm_fftMag_mfcc[4];pcm_fftMag_mfcc[5];pcm_fftMag_mfcc[6];pcm_fftMag_mfcc[7];pcm_fftMag_mfcc[8];pcm_fftMag_mfcc[9];pcm_fftMag_mfcc[10];pcm_fftMag_mfcc[11];pcm_fftMag_mfcc[12];pcm_fftMag_mfcc[13]
0;0.000000;1.894180e+00;-2.085221e+00;6.831245e-01;7.696017e-01;-1.801491e-01;-4.974062e+00;-7.104580e+00;2.890586e+00;-1.607134e+00;2.780487e+00;-8.873267e-01;4.726450e-01;1.670373e+00;1.152557e+00
1;0.100000;3.400784e+00;2.292031e+00;3.488150e-01;7.608845e-01;3.473940e+00;-1.298300e+00;-4.910492e+00;-4.743338e-01;-2.196827e+00;2.138497e+00;1.220645e+00;-2.370725e-01;-1.552105e-01;-2.609390e+00
2;0.200000;-4.673214e-01;5.370281e+00;-1.227383e+00;1.856442e+00;5.869490e+00;2.277977e+00;9.443188e-02;-2.084497e+00;1.364231e+00;1.350758e+00;1.260869e+00;-2.918612e+00;-2.347941e+00;-2.288628e+00
3;0.300000;-2.712586e+00;-1.668454e-01;1.493921e-01;1.371028e-01;-3.416313e+00;1.713062e+00;5.590796e+00;-6.869459e-01;1.445280e+00;-3.464708e+00;-1.991680e+00;-8.668969e-01;-1.596434e+00;1.245369e+00
4;0.400000;-2.115054e+00;-5.410247e+00;4.605293e-02;-3.524032e+00;-5.746973e+00;2.281327e+00;6.329842e+00;3.551874e-01;9.944496e-01;-2.805033e+00;3.974943e-01;3.549936e+00;2.429210e+00;2.500076e+00
