frameIndex;frameTime;pcm_fftMag_mfcc[0];pcm_fftMag_mfcc[1];pcm_fftMag_mfcc[2];pcm_fftMag_mfcc[3];pcm_fftMag_mfcc[4];pcm_fftMag_mfcc[5];pcm_fftMag_mfcc[6];pcm_fftMag_mfcc[7];pcm_fftMag_mfcc[8];pcm_fftMag_mfcc[9];pcm_fftMag_mfcc[10];pcm_fftMag_mfcc[11];pcm_fftMag_mfcc[12];pcm_fftMag_mfcc[13]
0;0.000000;1.562319e+00;-9.252102e+00;-2.347419e+00;4.601801e+00;4.625009e+00;-1.086414e+00;-8.666110e-01;-6.800669e+00;-2.600949e+00;5.401653e+00;-6.858950e+00;1.960692e+00;1.980469e+00;-5.283768e+00
1;0.100000;-4.541626e-01;-5.164920e+00;-2.855950e+00;2.059064e+00;1.532479e+00;-2.334143e+00;2.140284e+00;-2.973301e+00;-3.172017e+00;-7.046909e-01;-2.264026e+00;1.101531e+00;4.539130e+00;-5.748978e-01
2;0.200000;-3.245478e+00;1.198737e+00;1.371145e-01;1.041281e+00;4.192161e+00;1.629537e+00;2.414764e+00;4.047163e+00;-4.354763e-01;-4.769888e+00;1.653464e+00;1.888009e+00;3.631626e+00;2.469307e+00
3;0.300000;-3.424994e+00;5.938115e+00;2.798566e+00;-1.765021e+00;2.087760e+00;2.837720e+00;-3.913398e-01;4.032151e+00;2.844148e+00;-2.821919e+00;2.658962e+00;1.354916e+00;6.685734e-03;2.997864e+00
4;0.400000;-5.930099e-01;6.845584e+00;3.232732e+00;-3.226390e+00;-2.783456e+00;1.322994e+00;-3.200948e+00;-5.359411e-02;2.553562e+00;2.389495e+00;4.381334e+00;-3.659172e+00;-5.478288e+00;1.545410e+00
5;0.500000;6.155312e+00;4.345874e-01;-9.650440e-01;-2.710731e+00;-9.653955e+00;-2.369694e+00;-9.615040e-02;1.748250e+00;8.107324e-01;5.053520e-01;4.292159e-01;-2.645976e+00;-4.679624e+00;-1.153976e+00
