frameIndex;frameTime;pcm_fftMag_mfcc[0];pcm_fftMag_mfcc[1];pcm_fftMag_mfcc[2];pcm_fftMag_mfcc[3];pcm_fftMag_mfcc[4];pcm_fftMag_mfcc[5];pcm_fftMag_mfcc[6];pcm_fftMag_mfcc[7];pcm_fftMag_mfcc[8];pcm_fftMag_mfcc[9];pcm_fftMag_mfcc[10];pcm_fftMag_mfcc[11];pcm_fftMag_mfcc[12];pcm_fftMag_mfcc[13]
0;0.000000;-4.411140e+00;5.427619e+00;-1.063373e+00;-1.883154e-01;3.374368e+00;-6.331091e+00;3.409162e+00;2.963419e+00;1.721091e+00;4.662503e+00;-2.122006e+00;3.047504e-01;5.013728e+00;1.014931e+00
1;0.100000;-2.388482e+00;5.349583e+00;6.988125e-01;-9.384847e-01;4.432087e+00;-2.613670e+00;3.583393e+00;4.751444e-01;-3.171063e+00;2.978287e+00;1.576568e+00;5.965137e-01;3.590860e-01;1.749115e-01
2;0.200000;3.174488e+00;-2.744628e+00;6.858397e-01;-1.275120e+00;-5.044937e-04;3.402896e+00;-1.601330e+00;-1.405336e+00;3.892851e-01;-4.118910e-01;3.874593e-01;4.755678e-01;-2.708447e+00;-4.041214e-01
3;0.300000;3.625134e+00;-8.032574e+00;-3.212786e-01;2.401919e+00;-7.805951e+00;5.541864e+00;-5.391226e+00;-2.033228e+00;1.060688e+00;-7.228899e+00;1.579781e-01;-1.376830e+00;-2.664368e+00;-7.857132e-01
