frameIndex;frameTime;pcm_fftMag_mfcc[0];pcm_fftMag_mfcc[1];pcm_fftMag_mfcc[2];pcm_fftMag_mfcc[3];pcm_fftMag_mfcc[4];pcm_fftMag_mfcc[5];pcm_fftMag_mfcc[6];pcm_fftMag_mfcc[7];pcm_fftMag_mfcc[8];pcm_fftMag_mfcc[9];pcm_fftMag_mfcc[10];pcm_fftMag_mfcc[11];pcm_fftMag_mfcc[12];pcm_fftMag_mfcc[13]
0;0.000000;6.044836e-01;-4.733043e+00;-2.695375e+00;2.168380e+00;3.287659e+00;-6.128147e-01;-2.263708e-01;-1.154241e+00;3.992022e+00;-1.472095e-01;-2.873353e+00;-2.592777e+00;-2.176574e+00;8.364792e-01
1;0.100000;-3.357822e+00;3.501905e+00;9.959307e-01;4.263114e+00;-5.210087e-01;-3.233622e+00;2.751208e+00;-1.444427e+00;1.758721e+00;4.498598e-02;-1.797569e+00;-2.209038e+00;-1.817646e+00;-3.275223e-01
2;0.200000;-3.353562e+00;5.169831e+00;1.730043e+00;3.810272e+00;-1.597950e+00;-4.676329e+00;7.404022e-01;1.327818e+00;1.180412e+00;-1.318073e+00;5.391634e-01;2.806412e+00;2.623596e+00;-4.329910e-01
3;0.300000;-1.270780e+00;1.853569e+00;3.004908e+00;2.271949e+00;-1.703703e+00;-3.486847e+00;-2.837581e+00;1.311726e+00;1.375609e+00;-1.399233e+00;8.367309e-01;3.148284e+00;4.169615e+00;-3.647308e-01
4;0.400000;1.697158e+00;-2.098891e+00;9.599686e-01;-3.087979e+00;-6.696880e-01;3.125730e+00;1.566839e-01;7.607164e-01;-2.815156e+00;-2.930344e-01;1.437941e+00;1.000250e+00;1.507497e-01;-2.892914e-01
5;0.500000;5.680527e+00;-3.693370e+00;-3.995479e+00;-9.425735e+00;1.204690e+00;8.883882e+00;-5.843420e-01;-8.015852e-01;-5.491607e+00;3.112564e+00;1.857086e+00;-2.153130e+00;-2.949740e+00;5.780716e-01
