frameIndex;frameTime;pcm_fftMag_mfcc[0];pcm_fftMag_mfcc[1];pcm_fftMag_mfcc[2];pcm_fftMag_mfcc[3];pcm_fftMag_mfcc[4];pcm_fftMag_mfcc[5];pcm_fftMag_mfcc[6];pcm_fftMag_mfcc[7];pcm_fftMag_mfcc[8];pcm_fftMag_mfcc[9];pcm_fftMag_mfcc[10];pcm_fftMag_mfcc[11];pcm_fftMag_mfcc[12];pcm_fftMag_mfcc[13]
0;0.000000;-3.078810e+00;3.102426e+00;1.075393e+00;2.007780e+00;9.040211e+00;-6.928321e+00;1.035744e+01;5.448840e+00;2.519825e+00;2.753869e+00;-5.610255e+00;4.178937e+00;3.873087e+00;-8.715553e+00
1;0.100000;-3.408585e-01;-1.278155e+00;8.238364e-01;4.300423e-01;1.823425e-03;-4.276988e+00;2.712582e+00;3.381391e+00;5.596310e+00;4.156641e+00;-3.445316e+00;-3.858252e-01;1.131635e+00;-2.324013e+00
2;0.200000;7.964320e-01;-8.249044e-01;1.506115e+00;2.750346e+00;-1.932636e+00;-2.399248e+00;3.162003e-02;5.836444e-01;3.665196e+00;1.419229e+00;-2.262990e+00;-2.760514e+00;-2.972272e-02;1.774879e+00
3;0.300000;1.304452e+00;-1.755142e-02;2.779205e-01;1.677291e-01;-1.917810e+00;-2.643585e-03;-2.129538e+00;-2.833009e+00;-1.094810e+00;-2.796364e-01;1.409584e-02;-2.425776e+00;-4.392273e-01;2.510475e+00
4;0.400000;9.058528e-01;6.075535e-01;-2.375867e+00;-4.845870e+00;-2.054016e+00;7.280248e+00;-5.985657e+00;-4.393241e+00;-4.555632e+00;-2.710287e+00;4.697401e+00;7.437420e-02;-1.736978e+00;3.063385e+00
5;0.500000;4.129319e-01;-1.589364e+00;-1.307399e+00;-5.100276e-01;-3.137579e+00;6.326953e+00;-4.986439e+00;-2.187625e+00;-6.130888e+00;-5.339815e+00;6.607066e+00;1.318801e+00;-2.798794e+00;3.690865e+00
