frameIndex;frameTime;pcm_fftMag_mfcc[0];pcm_fftMag_mfcc[1];pcm_fftMag_mfcc[2];pcm_fftMag_mfcc[3];pcm_fftMag_mfcc[4];pcm_fftMag_mfcc[5];pcm_fftMag_mfcc[6];pcm_fftMag_mfcc[7];pcm_fftMag_mfcc[8];pcm_fftMag_mfcc[9];pcm_fftMag_mfcc[10];pcm_fftMag_mfcc[11];pcm_fftMag_mfcc[12];pcm_fftMag_mfcc[13]
0;0.000000;-2.174218e+00;1.011848e+00;-6.730022e-01;1.885811e+00;1.615050e+00;5.390716e+00;4.589548e+00;-9.880104e-01;7.519148e+00;-5.294995e-01;2.485515e+00;-2.009743e+00;-1.022924e+00;2.514885e+00
1;0.100000;-7.760646e-01;-1.291269e+00;-3.648571e+00;1.781421e+00;7.073753e-01;-1.087728e+00;4.922355e+00;-1.150379e+00;3.751100e+00;4.959130e-01;3.000278e-01;-2.407088e+00;-1.424907e+00;1.900574e+00
2;0.200000;6.056647e-01;-4.656696e-01;-1.129116e+00;-5.914412e-01;-4.410272e-01;-3.910327e+00;4.200764e-01;-9.117012e-01;-1.799273e+00;1.672597e-01;-6.648202e-01;-3.433867e-01;1.515353e-01;-5.350266e-01
3;0.300000;2.344617e+00;7.450914e-01;5.450690e+00;-3.075791e+00;-1.881398e+00;-3.926611e-01;-9.931978e+00;3.050092e+00;-9.470975e+00;-1.336727e-01;-2.120721e+00;4.760216e+00;2.296296e+00;-3.880432e+00
