frameIndex;frameTime;pcm_fftMag_mfcc[0];pcm_fftMag_mfcc[1];pcm_fftMag_mfcc[2];pcm_fftMag_mfcc[3];pcm_fftMag_mfcc[4];pcm_fftMag_mfcc[5];pcm_fftMag_mfcc[6];pcm_fftMag_mfcc[7];pcm_fftMag_mfcc[8];pcm_fftMag_mfcc[9];pcm_fftMag_mfcc[10];pcm_fftMag_mfcc[11];pcm_fftMag_mfcc[12];pcm_fftMag_mfcc[13]
0;0.000000;-5.057210e+00;3.399916e+00;6.400242e+00;-5.109088e+00;3.340707e+00;2.681825e+00;9.401894e-02;2.256443e+00;-2.862170e+00;2.675461e+00;-1.248349e+00;2.253193e+00;2.604744e+00;1.209648e+00
1;0.100000;-2.271080e+00;1.394837e+00;1.087859e+00;-5.936481e+00;2.034725e+00;3.437481e+00;4.225845e-01;1.252820e+00;-4.656963e+00;5.508080e-01;-4.506798e-01;1.549654e-01;1.637969e+00;1.660233e+00
2;0.200000;1.582150e+00;-3.690853e-01;-3.818763e+00;-1.015052e+00;-1.081696e+00;3.067091e-01;3.570204e+00;-1.223719e+00;-2.702162e+00;-1.038123e+00;4.380491e-01;-2.491218e+00;2.020460e+00;2.423859e-02
3;0.300000;3.948763e+00;4.526138e-02;-3.360805e+00;4.290585e+00;-2.878393e+00;-3.487320e-01;4.781641e+00;-2.566216e+00;2.951595e+00;-1.867526e+00;1.129544e+00;-1.830239e+00;2.191851e-01;-2.318962e+00
4;0.400000;1.437810e+00;-1.191483e+00;2.571152e-01;4.460874e+00;-1.450844e+00;-2.845942e+00;-3.340716e+00;5.188408e-01;4.441689e+00;-6.980991e-01;-5.042624e-02;4.014776e-01;-3.609113e+00;-7.982559e-01
5;0.500000;3.595719e-01;-3.279442e+00;-5.656501e-01;3.309158e+00;3.549862e-02;-3.231342e+00;-5.527736e+00;-2.381744e-01;2.828019e+00;3.774791e-01;1.818612e-01;1.511821e+00;-2.873246e+00;2.231140e-01
