frameIndex;frameTime;pcm_fftMag_mfcc[0];pcm_fftMag_mfcc[1];pcm_fftMag_mfcc[2];pcm_fftMag_mfcc[3];pcm_fftMag_mfcc[4];pcm_fftMag_mfcc[5];pcm_fftMag_mfcc[6];pcm_fftMag_mfcc[7];pcm_fftMag_mfcc[8];pcm_fftMag_mfcc[9];pcm_fftMag_mfcc[10];pcm_fftMag_mfcc[11];pcm_fftMag_mfcc[12];pcm_fftMag_mfcc[13]
0;0.000000;3.370678e+00;-3.266853e+00;1.764354e+00;-1.587236e+00;-4.875521e+00;-2.952641e+00;3.509183e+00;-1.000972e+00;-2.856592e+00;2.104368e+00;-3.346168e+00;4.020609e+00;-4.902029e-01;-2.369537e-01
1;0.100000;2.068712e+00;-5.731504e+00;9.815512e-01;-2.637048e-01;-5.463642e+00;1.927469e+00;3.188404e+00;5.505469e-01;-3.078916e+00;1.670876e-01;-5.870504e+00;5.072108e+00;-6.998343e-01;1.055679e+00
2;0.200000;-1.537793e+00;-2.397547e+00;7.328224e-02;2.756907e+00;-1.726954e+00;4.021781e+00;4.259254e+00;5.065107e-01;4.214706e-01;-4.550891e+00;-3.627176e+00;2.147623e+00;4.400826e-02;1.002884e+00
3;0.300000;-3.286606e+00;4.491723e+00;6.126075e-01;1.622446e+00;1.493517e+00;-3.566408e-01;-9.484783e-01;1.535477e+00;2.444764e+00;-2.988635e+00;1.525467e+00;9.789470e-02;1.957873e+00;1.051331e-01
4;0.400000;-2.033034e+00;5.379990e+00;-1.527996e+00;-5.041609e-01;4.257589e+00;-2.755834e+00;-4.673969e+00;6.373585e-01;1.756345e+00;1.075286e+00;5.398974e+00;-3.618601e+00;1.319633e+00;-4.417801e-01
5;0.500000;1.418044e+00;1.524191e+00;-1.903798e+00;-2.024251e+00;6.315021e+00;1.158581e-01;-5.334393e+00;-2.228921e+00;1.312929e+00;4.192781e+00;5.919403e+00;-7.719635e+00;-2.131476e+00;-1.485039e+00
