frameIndex;frameTime;pcm_fftMag_mfcc[0];pcm_fftMag_mfcc[1];pcm_fftMag_mfcc[2];pcm_fftMag_mfcc[3];pcm_fftMag_mfcc[4];pcm_fftMag_mfcc[5];pcm_fftMag_mfcc[6];pcm_fftMag_mfcc[7];pcm_fftMag_mfcc[8];pcm_fftMag_mfcc[9];pcm_fftMag_mfcc[10];pcm_fftMag_mfcc[11];pcm_fftMag_mfcc[12];pcm_fftMag_mfcc[13]
0;0.000000;-1.705589e+00;1.568842e+00;4.551522e+00;1.919243e+00;6.117507e+00;8.157811e-01;6.463490e-01;-1.669778e+00;-4.528503e-01;4.766063e+00;-1.112361e+00;-9.470927e-01;3.093107e+00;-4.761589e+00
1;0.100000;-5.572704e+00;3.231720e+00;5.825823e+00;9.130783e-01;-2.763081e-02;8.893323e-01;3.071316e+00;-4.591470e-01;-8.131695e-01;4.457959e+00;3.430614e+00;-3.349519e-02;2.624966e+00;-5.424500e-01
2;0.200000;-4.545771e+00;2.419382e+00;2.088482e+00;-1.894892e+00;-4.534099e+00;-3.067898e+00;1.993439e+00;1.938859e+00;1.632214e-01;1.875889e-01;1.573441e+00;-7.694181e-01;2.432783e+00;1.994545e+00
3;0.300000;4.416523e-01;1.115191e+00;-2.725082e+00;-1.812618e+00;-3.402198e+00;-4.440260e+00;-7.065554e-01;1.240849e+00;4.359226e-01;-3.626037e+00;-5.667758e-01;-1.488440e+00;1.357210e-01;2.394844e+00
4;0.400000;6.047714e+00;-2.423919e+00;-5.098282e+00;-1.647911e-01;1.339216e-01;-1.221805e+00;-1.842774e+00;-4.465771e-01;1.385983e+00;-4.612947e+00;-2.155179e+00;1.119417e+00;-3.093086e+00;2.225418e-01
5;0.500000;5.334701e+00;-5.911217e+00;-4.642462e+00;1.039982e+00;1.712498e+00;7.024850e+00;-3.161778e+00;-6.042099e-01;-7.190990e-01;-1.172627e+00;-1.169738e+00;2.119030e+00;-5.193492e+00;6.921005e-01
