frameIndex;frameTime;pcm_fftMag_mfcc[0];pcm_fftMag_mfcc[1];pcm_fftMag_mfcc[2];pcm_fftMag_mfcc[3];pcm_fftMag_mfcc[4];pcm_fftMag_mfcc[5];pcm_fftMag_mfcc[6];pcm_fftMag_mfcc[7];pcm_fftMag_mfcc[8];pcm_fftMag_mfcc[9];pcm_fftMag_mfcc[10];pcm_fftMag_mfcc[11];pcm_fftMag_mfcc[12];pcm_fftMag_mfcc[13]
0;0.000000;-5.011627e+00;8.238555e+00;7.275578e+00;7.993899e+00;3.414716e+00;3.893974e+00;4.124944e+00;-5.707425e+00;1.565533e-01;6.770411e-01;3.694554e+00;7.975746e+00;5.103766e+00;-1.006407e+01
1;0.100000;-4.394736e+00;1.846221e+00;4.450387e+00;-2.470913e-01;-1.758470e+00;-5.762623e+00;1.372869e+00;-4.715936e+00;2.091832e+00;-6.918979e-01;2.005061e+00;1.843882e+00;-1.880950e+00;-1.502068e+00
2;0.200000;-2.070680e+00;-2.013979e+00;9.601989e-01;-1.467913e+00;-1.350780e+00;-6.512569e+00;-3.759556e-01;-1.014370e+00;2.775567e+00;-2.346225e-01;1.205996e+00;-1.172980e+00;-1.604156e+00;4.164398e+00
3;0.300000;5.900354e-01;-4.569068e+00;-1.285485e+00;-1.996140e+00;-1.987648e-01;-5.227247e+00;-1.571165e+00;2.251314e+00;1.684546e+00;1.093549e+00;6.606035e-01;-3.404712e+00;-9.129953e-01;5.083130e+00
4;0.400000;4.400506e+00;-4.498448e+00;-4.198136e+00;-2.024834e+00;1.188164e-01;9.678345e-01;-2.757476e+00;6.148277e+00;-3.458971e+00;6.982250e-01;-2.661088e+00;-4.045501e+00;4.219131e-01;2.798157e+00
5;0.500000;6.486498e+00;9.967203e-01;-7.202543e+00;-2.257921e+00;-2.255201e-01;1.264063e+01;-7.932158e-01;3.038141e+00;-3.249529e+00;-1.542296e+00;-4.905126e+00;-1.196434e+00;-1.127578e+00;-4.795380e-01
