frameIndex;frameTime;pcm_fftMag_mfcc[0];pcm_fftMag_mfcc[1];pcm_fftMag_mfcc[2];pcm_fftMag_mfcc[3];pcm_fftMag_mfcc[4];pcm_fftMag_mfcc[5];pcm_fftMag_mfcc[6];pcm_fftMag_mfcc[7];pcm_fftMag_mfcc[8];pcm_fftMag_mfcc[9];pcm_fftMag_mfcc[10];pcm_fftMag_mfcc[11];pcm_fftMag_mfcc[12];pcm_fftMag_mfcc[13]
0;0.000000;7.352066e-02;8.639003e+00;-4.550138e+00;2.406566e+00;2.947742e+00;2.978966e-01;5.104726e+00;-4.227282e+00;5.090995e-01;1.736999e+00;-5.045115e+00;-4.460001e+00;3.752678e+00;2.097580e+00
1;0.100000;3.871619e+00;-1.616082e+00;-4.579216e+00;-1.804480e+00;1.151228e+00;-3.076854e-01;1.688938e+00;-2.686132e+00;-2.739499e+00;4.503356e+00;-4.758980e+00;-4.445225e+00;2.643939e+00;7.608871e-01
2;0.200000;1.397310e+00;-5.212784e+00;-2.138687e+00;-6.344927e+00;2.886639e-01;-6.419005e-01;-3.545300e+00;-1.005139e+00;-2.728934e+00;1.681645e+00;-4.596230e+00;-2.450732e+00;4.735705e-01;3.021240e-03
3;0.300000;-2.619309e+00;-1.824159e+00;6.358337e+00;-1.172513e+00;-1.344709e-01;-1.480665e-01;-2.135242e+00;3.763932e+00;1.806954e+00;-3.257971e+00;1.579947e+00;3.623514e+00;2.496117e-01;-5.801926e-01
4;0.400000;-1.845365e+00;-1.316162e+00;7.624821e+00;2.002521e+00;-1.076537e+00;3.343053e-01;-1.761504e+00;3.478794e+00;1.405533e+00;-2.862675e+00;6.739619e+00;5.919675e+00;-3.225042e+00;-9.166183e-01
5;0.500000;-8.777771e-01;1.330187e+00;-2.715122e+00;4.912832e+00;-3.176620e+00;4.654500e-01;6.483831e-01;6.758277e-01;1.746846e+00;-1.801353e+00;6.080759e+00;1.812770e+00;-3.894758e+00;-1.364655e+00
