frameIndex;frameTime;pcm_fftMag_mfcc[0];pcm_fftMag_mfcc[1];pcm_fftMag_mfcc[2];pcm_fftMag_mfcc[3];pcm_fftMag_mfcc[4];pcm_fftMag_mfcc[5];pcm_fftMag_mfcc[6];pcm_fftMag_mfcc[7];pcm_fftMag_mfcc[8];pcm_fftMag_mfcc[9];pcm_fftMag_mfcc[10];pcm_fftMag_mfcc[11];pcm_fftMag_mfcc[12];pcm_fftMag_mfcc[13]
0;0.000000;2.775977e+00;-3.127066e+00;-4.000693e+00;-6.763391e+00;4.621406e+00;-3.514929e-01;-4.332687e+00;-7.732739e+00;-1.966974e+00;1.210950e+00;-9.712858e-01;-3.266629e+00;-1.728352e+00;-6.623154e-01
1;0.100000;2.645715e+00;-4.182447e+00;-1.885115e+00;-4.988166e+00;4.195472e+00;-1.016497e+00;-2.715960e-01;-6.564816e-01;5.346241e-01;2.451201e+00;-3.405528e+00;-1.052413e-01;1.009922e+00;1.009003e+00
2;0.200000;1.407581e+00;-5.540278e+00;-7.546988e-01;-2.544258e+00;1.761113e+00;-1.885443e+00;4.186935e-01;2.263394e+00;1.682611e+00;3.791142e-02;-4.216503e+00;6.163306e-01;6.255113e-01;1.778564e+00
3;0.300000;9.857183e-01;-3.221039e+00;7.030458e-01;1.556519e+00;1.063412e+00;-4.764099e-01;1.441159e+00;4.477766e+00;1.279595e+00;-3.162801e+00;-1.315213e+00;9.683814e-01;-2.256396e-01;3.402710e-02
4;0.400000;-1.972871e+00;5.888834e+00;9.210405e-01;6.412917e+00;-2.024722e+00;9.613008e-01;8.922448e-01;3.387198e+00;-1.708512e+00;-2.394503e+00;4.769329e+00;3.732240e-01;1.675160e+00;-1.364586e+00
5;0.500000;-5.842120e+00;1.018200e+01;5.016422e+00;6.326380e+00;-9.616682e+00;2.768541e+00;1.852187e+00;-1.739137e+00;1.786573e-01;1.857242e+00;5.139197e+00;1.413934e+00;-1.356601e+00;-7.946930e-01
