frameIndex;frameTime;pcm_fftMag_mfcc[0];pcm_fftMag_mfcc[1];pcm_fftMag_mfcc[2];pcm_fftMag_mfcc[3];pcm_fftMag_mfcc[4];pcm_fftMag_mfcc[5];pcm_fftMag_mfcc[6];pcm_fftMag_mfcc[7];pcm_fftMag_mfcc[8];pcm_fftMag_mfcc[9];pcm_fftMag_mfcc[10];pcm_fftMag_mfcc[11];pcm_fftMag_mfcc[12];pcm_fftMag_mfcc[13]
0;0.000000;-4.938943e-01;-1.913791e-01;2.281528e-01;6.911926e-01;-1.290403e+00;-1.774514e+00;4.390669e-02;2.724648e-01;-1.346227e+00;-1.098174e+00;-2.544944e+00;-1.236242e+00;5.764308e-01;-2.719193e-01
1;0.100000;4.938943e-01;1.913786e-01;-2.281525e-01;-6.911926e-01;1.290403e+00;1.774513e+00;-4.390717e-02;-2.724648e-01;1.346226e+00;1.098174e+00;2.544944e+00;1.236242e+00;-5.764303e-01;2.719116e-01
