frameIndex;frameTime;pcm_fftMag_mfcc[0];pcm_fftMag_mfcc[1];pcm_fftMag_mfcc[2];pcm_fftMag_mfcc[3];pcm_fftMag_mfcc[4];pcm_fftMag_mfcc[5];pcm_fftMag_mfcc[6];pcm_fftMag_mfcc[7];pcm_fftMag_mfcc[8];pcm_fftMag_mfcc[9];pcm_fftMag_mfcc[10];pcm_fftMag_mfcc[11];pcm_fftMag_mfcc[12];pcm_fftMag_mfcc[13]
0;0.000000;1.447783e+00;3.648145e+00;7.921247e-01;-3.092871e+00;5.553386e+00;9.590017e+00;9.970255e-01;3.896943e+00;8.533095e-01;-4.495276e+00;1.144571e+00;4.776607e-01;7.727242e-01;2.488976e+00
1;0.100000;4.288922e+00;-5.034001e+00;6.331242e+00;-6.201695e+00;9.272280e-01;3.784217e+00;3.116856e-01;4.148691e+00;-2.465306e+00;1.053627e+00;1.936555e+00;2.120619e+00;1.308598e+00;9.791718e-01
2;0.200000;6.387253e-01;-7.906263e+00;5.104808e+00;-5.248710e+00;-6.298364e+00;-6.776516e+00;-7.083898e-01;-2.810133e+00;-4.031064e+00;1.888410e+00;2.923907e-01;4.375972e+00;6.285343e-01;-5.185623e-01
3;0.300000;-2.756286e+00;-7.364297e-01;2.126969e+00;2.664672e+00;-6.430198e+00;-7.049246e+00;4.716344e-01;-4.326038e+00;-1.490890e+00;-5.441701e-02;1.363365e+00;4.069946e+00;4.072773e-01;-8.094788e-01
4;0.400000;-2.718848e+00;5.471511e+00;-5.114188e+00;6.713906e+00;1.637781e+00;-2.287204e+00;6.838000e-01;-2.487674e-01;2.989159e+00;8.462238e-02;-1.723620e+00;-2.796134e+00;-1.722591e+00;-1.317101e+00
5;0.500000;-9.003010e-01;4.557039e+00;-9.240956e+00;5.164701e+00;4.610163e+00;2.738733e+00;-1.755752e+00;-6.606932e-01;4.144792e+00;1.523034e+00;-3.013262e+00;-8.248064e+00;-1.394542e+00;-8.229523e-01
