frameIndex;frameTime;pcm_fftMag_mfcc[0];pcm_fftMag_mfcc[1];pcm_fftMag_mfcc[2];pcm_fftMag_mfcc[3];pcm_fftMag_mfcc[4];pcm_fftMag_mfcc[5];pcm_fftMag_mfcc[6];pcm_fftMag_mfcc[7];pcm_fftMag_mfcc[8];pcm_fftMag_mfcc[9];pcm_fftMag_mfcc[10];pcm_fftMag_mfcc[11];pcm_fftMag_mfcc[12];pcm_fftMag_mfcc[13]
0;0.000000;-5.546653e+00;-3.932866e+00;5.724219e+00;5.457640e+00;4.612315e+00;6.980619e+00;-1.697472e+00;7.484973e+00;-2.215033e-01;-2.711362e+00;1.469466e+00;-1.350536e+00;-5.536517e+00;-2.629143e+00
1;0.100000;-3.726819e+00;-1.980081e+00;4.494372e+00;5.010834e+00;3.009002e+00;3.753901e+00;-4.582841e+00;4.066011e+00;-4.370337e-01;-3.640763e+00;2.583459e+00;4.740679e-01;-2.728765e+00;-3.067574e+00
2;0.200000;3.035622e-01;3.194571e+00;-3.728185e+00;1.911514e-01;6.000794e+00;-2.363926e+00;-3.805923e+00;-5.399693e+00;1.794342e+00;-4.196389e+00;-1.875522e+00;1.105839e+00;-1.343897e+00;-3.277695e+00
3;0.300000;2.800708e+00;3.089035e+00;-6.239519e+00;-2.286749e+00;3.479380e+00;-1.102751e+00;1.192904e+00;-5.359208e+00;9.633989e-01;1.055139e+00;-2.927497e+00;-1.277847e+00;-7.832165e-01;-8.015442e-02
4;0.400000;3.683551e+00;-9.585905e-02;-1.485846e+00;-3.387478e+00;-6.232762e+00;-2.561077e+00;4.568371e+00;-1.338249e+00;-9.284220e-01;4.471431e+00;1.261005e-01;-4.227636e-01;3.616795e+00;3.904495e+00
5;0.500000;2.485645e+00;-2.747989e-01;1.234960e+00;-4.985399e+00;-1.086873e+01;-4.706762e+00;4.324953e+00;5.461652e-01;-1.170782e+00;5.021945e+00;6.239872e-01;1.471241e+00;6.775602e+00;5.150055e+00
