frameIndex;frameTime;pcm_fftMag_mfcc[0];pcm_fftMag_mfcc[1];pcm_fftMag_mfcc[2];pcm_fftMag_mfcc[3];pcm_fftMag_mfcc[4];pcm_fftMag_mfcc[5];pcm_fftMag_mfcc[6];pcm_fftMag_mfcc[7];pcm_fftMag_mfcc[8];pcm_fftMag_mfcc[9];pcm_fftMag_mfcc[10];pcm_fftMag_mfcc[11];pcm_fftMag_mfcc[12];pcm_fftMag_mfcc[13]
0;0.000000;1.818699e+00;4.355367e+00;-3.612607e+00;1.513629e+00;6.518860e-01;5.661209e+00;3.545927e+00;-2.994081e+00;2.787459e+00;-9.282130e+00;7.076385e+00;2.868194e+00;-3.347875e+00;-3.924370e+00
1;0.100000;1.038708e+00;4.290588e+00;-4.396200e-02;1.918610e+00;1.834888e-01;1.201017e+00;8.492804e-01;-1.802402e+00;6.762276e+00;-5.342137e+00;4.925135e+00;4.601718e+00;-2.316667e+00;-3.573463e+00
2;0.200000;2.792504e+00;-2.150009e+00;2.235986e+00;-3.287620e+00;3.570063e+00;-3.484631e+00;-5.133147e-01;-1.391903e+00;3.197627e+00;3.542899e+00;-8.140202e-01;5.394857e-01;-1.204360e+00;-7.428589e-01
3;0.300000;-1.360416e-02;-4.953647e+00;7.528534e-01;-2.475984e+00;1.744810e+00;-1.984373e+00;-1.630653e+00;2.826631e+00;-2.811742e+00;6.353142e+00;-4.868717e+00;-1.614904e+00;7.134986e-01;2.932297e+00
4;0.400000;-2.705835e+00;-3.074850e+00;-8.694382e-01;2.809038e-01;-1.195278e+00;-5.201778e-01;-1.658382e+00;2.453537e+00;-4.224444e+00;3.158364e+00;-4.824099e+00;-3.605294e+00;2.266782e+00;3.663559e+00
5;0.500000;-2.930473e+00;1.532548e+00;1.537165e+00;2.050462e+00;-4.954969e+00;-8.730450e-01;-5.928535e-01;9.082208e-01;-5.711177e+00;1.569863e+00;-1.494679e+00;-2.789201e+00;3.888621e+00;1.644875e+00
