frameIndex;frameTime;pcm_fftMag_mfcc[0];pcm_fftMag_mfcc[1];pcm_fftMag_mfcc[2];pcm_fftMag_mfcc[3];pcm_fftMag_mfcc[4];pcm_fftMag_mfcc[5];pcm_fftMag_mfcc[6];pcm_fftMag_mfcc[7];pcm_fftMag_mfcc[8];pcm_fftMag_mfcc[9];pcm_fftMag_mfcc[10];pcm_fftMag_mfcc[11];pcm_fftMag_mfcc[12];pcm_fftMag_mfcc[13]
0;0.000000;5.983360e+00;-1.358296e+01;-1.440723e+01;5.417200e+00;1.247145e+01;1.006732e+01;4.158494e-01;-2.918134e-01;1.613400e+00;-7.723125e+00;-8.369864e+00;-3.421510e+00;-9.886217e-01;3.111984e+00
1;0.100000;-1.384554e+00;-3.566212e+00;-1.115308e+01;5.509428e+00;1.319679e+01;2.514822e+00;6.022797e-01;2.709447e+00;-1.514111e-01;-4.845432e+00;-4.201144e+00;-4.081077e+00;2.318612e+00;2.266342e+00
2;0.200000;-6.174406e+00;9.567150e+00;2.626149e+00;1.166162e+00;3.660438e+00;-2.624102e+00;-6.663458e+00;-3.826957e+00;1.292292e+00;1.251909e+00;-3.353968e-01;-1.059520e+00;5.694041e+00;-6.710434e-01
3;0.300000;-4.457962e+00;1.172143e+01;7.679179e+00;-4.748217e+00;-9.270280e+00;-3.413639e+00;-1.270255e+00;-3.029033e+00;-5.293121e-01;2.555721e+00;4.440732e+00;3.648701e-01;-3.910561e-01;-1.286018e+00
4;0.400000;7.569733e-01;9.272110e-01;6.713188e+00;-3.675438e+00;-1.150864e+01;-3.915649e+00;1.432000e+00;5.371571e-02;-3.232365e-01;3.192416e+00;6.010491e+00;2.859324e+00;-2.457157e+00;-8.641968e-01
5;0.500000;5.276602e+00;-5.066616e+00;8.541785e+00;-3.669136e+00;-8.549758e+00;-2.628756e+00;5.483583e+00;4.384641e+00;-1.901730e+00;5.568515e+00;2.455186e+00;5.337914e+00;-4.175818e+00;-2.557137e+00
