frameIndex;frameTime;pcm_fftMag_mfcc[0];pcm_fftMag_mfcc[1];pcm_fftMag_mfcc[2];pcm_fftMag_mfcc[3];pcm_fftMag_mfcc[4];pcm_fftMag_mfcc[5];pcm_fftMag_mfcc[6];pcm_fftMag_mfcc[7];pcm_fftMag_mfcc[8];pcm_fftMag_mfcc[9];pcm_fftMag_mfcc[10];pcm_fftMag_mfcc[11];pcm_fftMag_mfcc[12];pcm_fftMag_mfcc[13]
0;0.000000;-1.593494e-01;-1.102167e+01;1.813214e+00;-7.134842e+00;1.095846e+00;6.161536e+00;3.105176e+00;5.937160e+00;-5.437871e+00;1.269471e+00;-8.426025e-01;-3.009291e-01;5.233178e+00;3.245033e+00
1;0.100000;-1.744030e+00;-8.430952e+00;2.374443e+00;-2.476723e+00;-1.339928e+00;2.215892e+00;-2.524014e-01;3.869743e+00;-3.657579e+00;-1.844325e-01;-1.384493e+00;-1.349375e+00;4.735365e+00;4.790512e+00
2;0.200000;-4.751434e-01;-6.224589e+00;-1.155489e+00;-1.618420e+00;-4.497669e+00;-4.692415e+00;-7.434919e+00;-2.035530e+00;-3.124737e+00;-6.107006e-01;-2.939684e+00;-3.701952e+00;3.837910e-01;3.131523e+00
3;0.300000;5.340239e+00;-9.982443e-02;-2.807130e+00;3.461231e+00;3.328844e+00;-1.081631e+00;-4.796968e+00;-3.287811e-01;2.817528e+00;3.306405e+00;-1.388204e-01;-5.903158e-01;-1.042835e+00;-1.054512e+00
4;0.400000;1.993357e+00;1.257949e+01;-8.722407e+00;1.569752e+00;9.391335e+00;-2.967384e+00;-5.107641e+00;-6.478889e+00;6.790678e+00;-2.645666e+00;-2.779727e-01;1.932702e+00;-5.302138e+00;-5.988281e+00
5;0.500000;-4.955076e+00;1.319755e+01;8.497374e+00;6.199003e+00;-7.978415e+00;3.640041e-01;1.448675e+01;-9.637070e-01;2.611976e+00;-1.135077e+00;5.583573e+00;4.009871e+00;-4.007358e+00;-4.124229e+00
