frameIndex;frameTime;pcm_fftMag_mfcc[0];pcm_fftMag_mfcc[1];pcm_fftMag_mfcc[2];pcm_fftMag_mfcc[3];pcm_fftMag_mfcc[4];pcm_fftMag_mfcc[5];pcm_fftMag_mfcc[6];pcm_fftMag_mfcc[7];pcm_fftMag_mfcc[8];pcm_fftMag_mfcc[9];pcm_fftMag_mfcc[10];pcm_fftMag_mfcc[11];pcm_fftMag_mfcc[12];pcm_fftMag_mfcc[13]
0;0.000000;5.690582e+00;-1.002549e+01;-3.495179e+00;-1.382930e+01;-1.750487e+01;-8.657857e+00;-1.523581e+01;-5.325089e-01;-1.685232e+01;3.692104e+00;-2.059874e+00;-9.976997e+00;-2.839258e+00;1.274606e+01
1;0.100000;4.106418e+00;-6.137221e+00;1.183214e-01;-7.711164e+00;-1.013114e+01;-8.123168e+00;-7.312601e+00;-1.936197e-01;-1.075863e+01;4.896540e+00;8.000541e-02;-4.903185e+00;1.306530e+00;8.068535e+00
2;0.200000;3.420002e+00;3.313859e+00;4.942612e+00;3.999905e+00;7.833881e-01;-2.620733e+00;2.688765e+00;-1.431358e+00;-9.769664e-01;1.033735e+00;-2.018431e+00;2.509630e+00;6.811665e+00;4.602966e-01
3;0.300000;-2.676992e-01;8.092955e+00;2.727301e+00;7.256132e+00;-2.243824e-01;-3.941793e+00;-5.428123e-02;-5.862594e+00;5.229525e+00;5.233917e-01;-2.372143e+00;6.686553e+00;3.166734e+00;-7.254936e+00
4;0.400000;-5.524468e+00;3.995998e+00;-4.842234e-01;6.740631e+00;1.227802e+01;9.152664e+00;7.128279e+00;2.104018e+00;1.066614e+01;-5.323844e+00;3.022148e+00;4.385901e+00;-2.513370e+00;-7.676949e+00
5;0.500000;-7.424829e+00;7.598896e-01;-3.808833e+00;3.543791e+00;1.479897e+01;1.419088e+01;1.278565e+01;5.916062e+00;1.269225e+01;-4.821931e+00;3.348297e+00;1.298100e+00;-5.932301e+00;-6.342987e+00
