frameIndex;frameTime;pcm_fftMag_mfcc[0];pcm_fftMag_mfcc[1];pcm_fftMag_mfcc[2];pcm_fftMag_mfcc[3];pcm_fftMag_mfcc[4];pcm_fftMag_mfcc[5];pcm_fftMag_mfcc[6];pcm_fftMag_mfcc[7];pcm_fftMag_mfcc[8];pcm_fftMag_mfcc[9];pcm_fftMag_mfcc[10];pcm_fftMag_mfcc[11];pcm_fftMag_mfcc[12];pcm_fftMag_mfcc[13]
0;0.000000;3.371897e-01;2.718656e-01;1.909188e+00;-2.613358e+00;9.061785e-01;-2.730530e+00;4.639020e-01;4.417741e-02;9.442115e-01;1.353989e+00;2.985596e+00;2.025202e+00;2.713144e+00;-4.287186e-01
1;0.100000;-3.189770e+00;3.602702e+00;-1.248959e+00;-1.073464e+00;-2.941637e-01;-3.063449e+00;1.698256e+00;-1.090106e+00;1.265861e+00;-8.538020e-01;2.420691e+00;2.572821e-01;1.181977e-01;1.320801e-01
2;0.200000;-4.951345e+00;4.787658e+00;-2.943405e+00;-2.402136e-01;-2.067528e+00;-2.994883e+00;2.179149e+00;-3.614973e+00;-2.125244e+00;-3.143083e+00;6.806197e-01;-1.940431e+00;-2.692984e+00;-1.069412e-01
3;0.300000;-2.953326e+00;9.793999e-01;-2.749195e+00;-1.683384e+00;-4.655073e+00;-9.992098e-01;1.327449e+00;-3.153466e+00;-1.668595e+00;-2.918355e+00;-6.274576e-01;-2.412114e+00;-3.608284e+00;8.508606e-01
4;0.400000;1.980808e+00;-2.330835e+00;2.595954e+00;9.057121e-01;-3.399515e-01;2.893007e+00;-7.785611e-01;6.683302e-01;1.606705e+00;1.292157e+00;-6.127362e-01;-3.020479e-01;5.040598e-02;1.427765e-01
5;0.500000;8.776446e+00;-7.310791e+00;2.436418e+00;4.704708e+00;6.450546e+00;6.895065e+00;-4.890194e+00;7.146038e+00;-2.293906e-02;4.269094e+00;-4.846714e+00;2.372108e+00;3.419521e+00;-5.900879e-01
