frameIndex;frameTime;pcm_fftMag_mfcc[0];pcm_fftMag_mfcc[1];pcm_fftMag_mfcc[2];pcm_fftMag_mfcc[3];pcm_fftMag_mfcc[4];pcm_fftMag_mfcc[5];pcm_fftMag_mfcc[6];pcm_fftMag_mfcc[7];pcm_fftMag_mfcc[8];pcm_fftMag_mfcc[9];pcm_fftMag_mfcc[10];pcm_fftMag_mfcc[11];pcm_fftMag_mfcc[12];pcm_fftMag_mfcc[13]
0;0.000000;-1.478957e+00;-4.848487e-01;5.544067e+00;3.741956e+00;5.597891e+00;-9.716263e-01;6.041713e+00;2.957775e+00;-3.270744e+00;-6.388433e-01;-3.600740e+00;4.945925e+00;2.265190e+00;3.656929e+00
1;0.100000;-2.164635e+00;2.925819e+00;1.432064e+00;3.342202e+00;-9.562306e-01;9.673691e-02;4.177575e+00;1.949606e+00;-1.515683e+00;-2.060140e+00;-2.245980e+00;4.056578e+00;2.564701e+00;2.913841e+00
2;0.200000;-2.067563e+00;5.768360e+00;-2.395752e+00;-6.889955e-01;-2.621680e+00;9.580142e-01;-2.601017e+00;-1.168698e+00;1.853163e+00;-1.815531e+00;-2.105615e+00;-2.212224e-01;4.885384e-01;-1.367874e-01
3;0.300000;6.892862e-01;9.103531e-01;-3.285248e+00;-2.449565e+00;-1.441021e+00;2.511193e+00;-3.210740e+00;-2.472129e+00;6.649200e-01;1.716524e+00;9.327254e-01;-4.167256e+00;-1.890817e+00;-1.256172e+00
4;0.400000;2.788704e+00;-5.370701e+00;-2.592524e+00;-2.425215e+00;-2.010639e+00;1.299777e-01;-2.873336e+00;-7.899216e-01;4.042781e-01;1.728164e+00;3.570742e+00;-3.044691e+00;-2.355448e+00;-2.120827e+00
5;0.500000;2.233166e+00;-3.748984e+00;1.297386e+00;-1.520382e+00;1.431679e+00;-2.724294e+00;-1.534195e+00;-4.766327e-01;1.864067e+00;1.069826e+00;3.448866e+00;-1.569333e+00;-1.072165e+00;-3.057030e+00
