frameIndex;frameTime;pcm_fftMag_mfcc[0];pcm_fftMag_mfcc[1];pcm_fftMag_mfcc[2];pcm_fftMag_mfcc[3];pcm_fftMag_mfcc[4];pcm_fftMag_mfcc[5];pcm_fftMag_mfcc[6];pcm_fftMag_mfcc[7];pcm_fftMag_mfcc[8];pcm_fftMag_mfcc[9];pcm_fftMag_mfcc[10];pcm_fftMag_mfcc[11];pcm_fftMag_mfcc[12];pcm_fftMag_mfcc[13]
0;0.000000;-6.103182e-02;1.410917e+00;-7.384648e-01;-8.358644e+00;-6.715521e+00;-2.162262e+00;-1.558828e+00;-8.632253e+00;-5.208902e-01;-1.181910e-01;1.607923e+00;-1.806436e-01;4.394362e+00;1.038361e-01
1;0.100000;1.007820e+00;2.518818e+00;7.552080e-01;-6.192670e+00;-6.825514e+00;-1.304064e+00;-3.408801e+00;-6.779737e+00;2.522141e+00;1.739373e+00;3.463207e+00;3.182207e+00;6.109033e+00;-4.472031e+00
2;0.200000;1.531787e+00;3.696901e+00;1.118445e+00;-1.766450e+00;4.421241e+00;2.457771e-01;-3.649864e+00;-6.044397e-01;2.443537e+00;3.944925e+00;3.705502e-01;5.638500e+00;2.982583e+00;-8.737053e+00
3;0.300000;-3.493662e-01;-2.246900e+00;-5.183382e-01;4.541582e+00;7.516366e+00;1.054770e+00;3.620579e+00;5.569906e+00;-1.105320e+00;4.887893e-01;-2.693080e+00;-1.732068e+00;-3.433436e+00;-1.465149e-01
4;0.400000;-8.375154e-01;-2.895921e+00;-2.548165e-01;5.927899e+00;3.034834e+00;1.475185e+00;3.023085e+00;5.763529e+00;-1.163929e+00;-2.412730e+00;-2.118345e+00;-3.653391e+00;-5.020370e+00;5.953018e+00
5;0.500000;-1.291693e+00;-2.483814e+00;-3.620343e-01;5.848284e+00;-1.431401e+00;6.905975e-01;1.973830e+00;4.682992e+00;-2.175540e+00;-3.642167e+00;-6.302562e-01;-3.254605e+00;-5.032173e+00;7.298775e+00
