frameIndex;frameTime;pcm_fftMag_mfcc[0];pcm_fftMag_mfcc[1];pcm_fftMag_mfcc[2];pcm_fftMag_mfcc[3];pcm_fftMag_mfcc[4];pcm_fftMag_mfcc[5];pcm_fftMag_mfcc[6];pcm_fftMag_mfcc[7];pcm_fftMag_mfcc[8];pcm_fftMag_mfcc[9];pcm_fftMag_mfcc[10];pcm_fftMag_mfcc[11];pcm_fftMag_mfcc[12];pcm_fftMag_mfcc[13]
0;0.000000;5.306247e+00;-4.695836e+00;-2.401598e+00;-2.719567e+00;-1.637178e+00;3.527010e+00;-3.211403e+00;2.999222e-01;2.378489e+00;3.995490e+00;-9.994593e-01;-3.260237e+00;-8.025715e-01;1.250031e+00
1;0.100000;7.516726e+00;-1.008108e+01;3.499787e+00;-5.490023e+00;-2.351564e+00;5.200613e+00;-7.408432e+00;3.702204e+00;-1.589036e-01;2.936203e+00;5.801845e-01;-4.727488e+00;1.647842e+00;1.623734e+00
2;0.200000;3.005894e+00;-4.568004e+00;9.086952e-01;-3.000445e+00;-2.971098e+00;6.083565e-01;-5.026419e+00;-9.364867e-02;2.402684e+00;-2.727008e-01;-1.089757e+00;-3.988749e+00;1.680329e+00;3.624130e+00
3;0.300000;-1.118563e+00;1.535741e+00;-1.413819e+00;-8.776330e-01;-1.952282e+00;-3.302281e+00;-1.231104e+00;-2.650590e+00;2.236065e+00;-1.252013e+00;-3.004986e+00;-1.165110e+00;8.040140e-01;2.431007e+00
4;0.400000;-5.326450e+00;6.811847e+00;-2.298800e+00;3.118200e+00;1.692705e+00;-5.232646e+00;4.738810e+00;-2.186608e+00;-9.617946e-01;-1.599206e+00;-7.757378e-02;4.394617e+00;-5.865130e-01;-1.789268e+00
5;0.500000;-9.383856e+00;1.099734e+01;1.705736e+00;8.969468e+00;7.219420e+00;-8.010502e-01;1.213855e+01;9.287212e-01;-5.896540e+00;-3.807773e+00;4.591590e+00;8.746965e+00;-2.743101e+00;-7.139595e+00
