frameIndex;frameTime;pcm_fftMag_mfcc[0];pcm_fftMag_mfcc[1];pcm_fftMag_mfcc[2];pcm_fftMag_mfcc[3];pcm_fftMag_mfcc[4];pcm_fftMag_mfcc[5];pcm_fftMag_mfcc[6];pcm_fftMag_mfcc[7];pcm_fftMag_mfcc[8];pcm_fftMag_mfcc[9];pcm_fftMag_mfcc[10];pcm_fftMag_mfcc[11];pcm_fftMag_mfcc[12];pcm_fftMag_mfcc[13]
0;0.000000;5.240764e+00;6.771746e-01;-1.666330e+01;-8.378448e+00;1.701467e+01;-1.373766e+00;-7.971121e+00;-4.168123e+00;8.762811e+00;-1.366406e+00;-5.201493e+00;5.620137e+00;-4.499639e+00;1.436501e+00
1;0.100000;2.738990e+00;-7.409594e-01;-6.189611e+00;-2.874908e+00;1.434599e+01;-5.298729e+00;8.270912e-01;7.398035e+00;7.946687e+00;-4.598598e+00;-3.127963e+00;3.272414e+00;-1.768888e+00;1.353996e+00
2;0.200000;9.641714e-01;-5.199138e+00;-3.420171e+00;-3.090611e-01;6.436249e+00;-1.406116e-01;1.401874e+00;4.073576e+00;3.151560e+00;-6.404292e+00;-4.002481e+00;-1.940064e+00;-1.508601e+00;4.160156e-01
3;0.300000;-3.416061e-02;-2.824298e+00;2.485732e+00;3.590967e+00;-7.129393e+00;6.123396e+00;-4.107173e+00;-2.039699e+00;-1.358278e+00;2.387495e-01;1.788588e+00;-6.061480e+00;6.478701e+00;-7.681198e-01
4;0.400000;-3.263325e+00;5.276999e+00;1.322946e+01;2.038261e+00;-1.613133e+01;3.523015e+00;5.160866e-01;-3.293602e+00;-6.301789e+00;9.820290e+00;5.030973e+00;-4.079885e+00;4.119878e+00;-1.809212e+00
5;0.500000;-5.646450e+00;2.810222e+00;1.055789e+01;5.933182e+00;-1.453618e+01;-2.833313e+00;9.333243e+00;-1.970187e+00;-1.220099e+01;2.310255e+00;5.512374e+00;3.188876e+00;-2.821450e+00;-6.291733e-01
