frameIndex;frameTime;pcm_fftMag_mfcc[0];pcm_fftMag_mfcc[1];pcm_fftMag_mfcc[2];pcm_fftMag_mfcc[3];pcm_fftMag_mfcc[4];pcm_fftMag_mfcc[5];pcm_fftMag_mfcc[6];pcm_fftMag_mfcc[7];pcm_fftMag_mfcc[8];pcm_fftMag_mfcc[9];pcm_fftMag_mfcc[10];pcm_fftMag_mfcc[11];pcm_fftMag_mfcc[12];pcm_fftMag_mfcc[13]
0;0.000000;2.765255e+00;9.613333e+00;4.018383e+00;-5.601993e-01;8.319565e+00;-5.858255e+00;1.297819e+01;1.881851e+00;6.231349e+00;5.736262e+00;-3.047788e+00;3.010464e+00;-2.221581e+00;-1.898354e+00
1;0.100000;3.716724e+00;-1.872663e+00;3.190491e+00;-6.687369e-01;1.630040e+00;2.943583e+00;1.368261e+00;5.190128e+00;3.461606e+00;2.833168e+00;3.502188e-01;2.832808e+00;-1.234366e+00;5.915985e-01
2;0.200000;3.836727e-02;-8.193762e+00;-4.801960e-01;-2.056848e+00;-1.032724e-01;4.993938e+00;-5.075891e+00;2.533302e+00;-2.526214e+00;-8.176379e-01;4.740567e-01;1.136911e+00;4.863052e-01;2.144447e+00
3;0.300000;-1.973250e+00;-6.825344e+00;-2.429350e+00;-1.697828e+00;-4.765406e-01;2.623661e+00;-6.617166e+00;-2.763621e+00;-5.224321e+00;-5.210461e+00;-1.512475e-01;2.580090e-01;1.593003e+00;2.009308e+00
4;0.400000;-2.454189e+00;9.068286e-01;-2.922036e+00;2.086177e+00;-1.760443e+00;2.504416e-01;-3.304419e+00;-3.952182e+00;-2.144126e+00;-4.484533e+00;9.647441e-01;-9.902039e-01;1.058444e+00;-1.086197e-01
5;0.500000;-2.092904e+00;6.371609e+00;-1.377292e+00;2.897436e+00;-7.609348e+00;-4.953367e+00;6.510267e-01;-2.889479e+00;2.017059e-01;1.943206e+00;1.410018e+00;-6.247989e+00;3.182011e-01;-2.738365e+00
