frameIndex;frameTime;pcm_fftMag_mfcc[0];pcm_fftMag_mfcc[1];pcm_fftMag_mfcc[2];pcm_fftMag_mfcc[3];pcm_fftMag_mfcc[4];pcm_fftMag_mfcc[5];pcm_fftMag_mfcc[6];pcm_fftMag_mfcc[7];pcm_fftMag_mfcc[8];pcm_fftMag_mfcc[9];pcm_fftMag_mfcc[10];pcm_fftMag_mfcc[11];pcm_fftMag_mfcc[12];pcm_fftMag_mfcc[13]
0;0.000000;-3.602288e+00;-5.026123e+00;3.435791e+00;-1.902580e-02;9.275630e+00;1.026207e+01;-3.613677e+00;-7.266393e-01;-2.494059e+00;7.180465e+00;8.310019e+00;-6.972774e+00;3.399580e+00;-2.698822e+00
1;0.100000;-9.849072e-01;-3.746824e+00;6.569982e+00;1.227924e+00;1.275573e+01;1.032024e+01;1.706619e-01;8.236313e-01;4.824104e-01;8.257608e+00;1.032535e+01;-4.414175e+00;4.411268e+00;1.266479e-03
2;0.200000;9.084711e-01;-2.425255e+00;2.891964e+00;-1.872633e+00;4.849350e+00;8.382478e-01;-2.597564e+00;-2.473641e+00;-2.600254e+00;6.780052e-02;3.366230e+00;-5.367580e+00;-7.119538e-01;-1.031425e+00
3;0.300000;2.629590e+00;4.501534e-01;-2.385773e+00;5.767765e-01;-7.280495e+00;-1.697574e+00;2.241446e+00;1.328918e+00;-1.334812e+00;-5.097036e+00;-2.016512e+00;2.649659e+00;-1.692044e+00;-5.232925e-01
4;0.400000;3.861799e-01;3.298785e+00;-6.152702e+00;-9.289055e-01;-1.028466e+01;-7.766871e+00;1.764020e+00;-4.313846e-01;5.269661e-01;-5.287666e+00;-7.243625e+00;5.904871e+00;-2.693375e+00;1.834198e+00
5;0.500000;6.629505e-01;7.449263e+00;-4.359257e+00;1.015863e+00;-9.315550e+00;-1.195611e+01;2.035112e+00;1.479116e+00;5.419746e+00;-5.121172e+00;-1.274146e+01;8.200000e+00;-2.713475e+00;2.418083e+00
