frameIndex;frameTime;pcm_fftMag_mfcc[0];pcm_fftMag_mfcc[1];pcm_fftMag_mfcc[2];pcm_fftMag_mfcc[3];pcm_fftMag_mfcc[4];pcm_fftMag_mfcc[5];pcm_fftMag_mfcc[6];pcm_fftMag_mfcc[7];pcm_fftMag_mfcc[8];pcm_fftMag_mfcc[9];pcm_fftMag_mfcc[10];pcm_fftMag_mfcc[11];pcm_fftMag_mfcc[12];pcm_fftMag_mfcc[13]
0;0.000000;7.105206e+00;-8.142877e+00;3.687236e+00;-2.727713e+00;-8.417204e+00;-2.107811e+00;-8.847352e+00;4.030099e+00;8.295031e-01;-5.451775e-01;-1.713752e+00;-4.072626e+00;3.807226e+00;3.501961e+00
1;0.100000;1.103830e+00;-2.797227e+00;1.267012e+00;-6.226401e-01;-7.837273e+00;-3.932743e+00;-2.961842e+00;8.130741e-01;3.296326e+00;-9.616604e-01;3.381183e-01;-2.023206e+00;1.779131e+00;4.471306e+00
2;0.200000;-3.706440e+00;1.979425e+00;-1.392650e+00;2.033372e-01;-2.286255e+00;-9.970722e-01;1.632547e+00;-1.871553e+00;4.233913e-01;4.890399e-01;2.152112e+00;1.110489e+00;-6.883515e-01;2.304253e+00
3;0.300000;-7.179701e+00;1.105717e+00;-7.029693e+00;5.587525e-01;5.708273e+00;3.823524e+00;5.482005e+00;3.917170e-02;1.530511e+00;1.624991e+00;1.956646e+00;4.622696e+00;-1.013969e-01;-1.617554e+00
4;0.400000;-2.492126e+00;4.843213e+00;-3.229954e+00;2.208597e+00;8.133289e+00;3.420689e+00;3.749316e+00;-1.469138e+00;-9.473658e-01;-2.497005e-02;-1.235228e+00;1.022506e+00;-1.494971e+00;-4.229156e+00
5;0.500000;5.169229e+00;3.011748e+00;6.698050e+00;3.796659e-01;4.699162e+00;-2.065849e-01;9.453259e-01;-1.541654e+00;-5.132363e+00;-5.822277e-01;-1.497897e+00;-6.598582e-01;-3.301638e+00;-4.430817e+00
