frameIndex;frameTime;pcm_fftMag_mfcc[0];pcm_fftMag_mfcc[1];pcm_fftMag_mfcc[2];pcm_fftMag_mfcc[3];pcm_fftMag_mfcc[4];pcm_fftMag_mfcc[5];pcm_fftMag_mfcc[6];pcm_fftMag_mfcc[7];pcm_fftMag_mfcc[8];pcm_fftMag_mfcc[9];pcm_fftMag_mfcc[10];pcm_fftMag_mfcc[11];pcm_fftMag_mfcc[12];pcm_fftMag_mfcc[13]
0;0.000000;1.035947e+00;1.017670e+00;-2.209534e+00;-1.788470e+00;1.898373e+00;1.873168e+00;-2.194914e+00;-4.221161e+00;-4.772520e-01;3.155522e-01;6.965578e-01;-1.849380e+00;-1.401462e+00;-1.878151e+00
1;0.100000;-1.035947e+00;-1.017670e+00;2.209533e+00;1.788470e+00;-1.898374e+00;-1.873168e+00;2.194914e+00;4.221161e+00;4.772521e-01;-3.155522e-01;-6.965578e-01;1.849380e+00;1.401462e+00;1.878159e+00
