frameIndex;frameTime;pcm_fftMag_mfcc[0];pcm_fftMag_mfcc[1];pcm_fftMag_mfcc[2];pcm_fftMag_mfcc[3];pcm_fftMag_mfcc[4];pcm_fftMag_mfcc[5];pcm_fftMag_mfcc[6];pcm_fftMag_mfcc[7];pcm_fftMag_mfcc[8];pcm_fftMag_mfcc[9];pcm_fftMag_mfcc[10];pcm_fftMag_mfcc[11];pcm_fftMag_mfcc[12];pcm_fftMag_mfcc[13]
0;0.000000;5.241457e+00;2.787850e+00;-6.941643e+00;3.276340e+00;4.440296e+00;5.527934e+00;6.032908e+00;-4.084385e+00;1.968766e+00;5.754160e+00;-1.329707e+00;-2.887197e-01;3.499254e+00;2.340645e+00
1;0.100000;5.833439e+00;-1.179832e+00;-3.686017e+00;-1.213639e+00;7.178228e+00;-2.781369e+00;4.894502e+00;-5.126068e+00;-3.086810e-01;6.087051e+00;-4.724195e+00;-1.765763e+00;1.908930e+00;-6.419907e-01
2;0.200000;3.014062e+00;-6.611073e+00;-2.223808e+00;-2.758633e+00;-9.240601e-01;-6.545722e+00;-1.840951e+00;-1.755907e+00;-3.773622e+00;2.267841e+00;-5.714584e+00;-1.294190e+00;-1.345276e+00;-1.123947e+00
3;0.300000;-2.955498e+00;-3.237587e+00;8.057261e-02;-1.114602e+00;-5.352304e+00;-2.937335e+00;-3.711460e+00;1.801818e+00;-2.363296e-01;-2.845849e+00;4.960465e-02;-1.112387e+00;-1.121128e+00;5.599442e-01
4;0.400000;-6.273436e+00;3.184414e+00;6.798522e+00;1.329366e+00;-3.696516e+00;1.441373e+00;-2.472987e+00;5.930533e+00;2.344500e+00;-5.030654e+00;4.371985e+00;2.046473e+00;-4.863172e-01;4.051971e-02
5;0.500000;-4.860023e+00;5.056229e+00;5.972372e+00;4.811695e-01;-1.645644e+00;5.295116e+00;-2.902012e+00;3.234009e+00;5.364418e-03;-6.232550e+00;7.346896e+00;2.414588e+00;-2.455462e+00;-1.175140e+00
