frameIndex;frameTime;pcm_fftMag_mfcc[0];pcm_fftMag_mfcc[1];pcm_fftMag_mfcc[2];pcm_fftMag_mfcc[3];pcm_fftMag_mfcc[4];pcm_fftMag_mfcc[5];pcm_fftMag_mfcc[6];pcm_fftMag_mfcc[7];pcm_fftMag_mfcc[8];pcm_fftMag_mfcc[9];pcm_fftMag_mfcc[10];pcm_fftMag_mfcc[11];pcm_fftMag_mfcc[12];pcm_fftMag_mfcc[13]
0;0.000000;-6.113763e-01;5.150509e-02;-8.384933e+00;-5.787669e+00;5.259169e+00;1.567205e+00;-4.833355e+00;-4.977730e+00;-1.205205e+00;4.860919e+00;-5.635407e+00;-3.945485e+00;-3.366532e-01;-1.898163e+00
1;0.100000;1.032764e+00;-1.547595e+00;-9.959768e+00;-3.042150e+00;7.240427e+00;4.224650e+00;9.697666e-01;3.639500e+00;4.950175e+00;3.063558e+00;-4.470316e+00;-4.233830e+00;-1.312300e+00;-5.475769e-01
2;0.200000;2.248707e+00;-2.163193e+00;-9.653461e+00;-2.204398e+00;6.442371e+00;4.528332e+00;1.623581e+00;3.453773e+00;5.053479e+00;1.975059e+00;-3.174339e+00;-4.245259e+00;-1.357366e+00;-1.129570e+00
3;0.300000;2.400640e+00;-1.128979e-01;2.365356e+00;1.532301e+00;-1.021893e+00;2.023059e+00;9.209290e-01;-1.634561e+00;-9.424267e-01;-2.291908e-01;4.676787e+00;2.280733e+00;-1.203827e+00;-1.557106e+00
4;0.400000;-2.201901e+00;3.460350e+00;1.470353e+01;5.787414e+00;-8.661448e+00;-4.211917e+00;3.786373e-01;-1.999184e+00;-5.433643e+00;-5.428600e+00;6.757681e+00;6.108239e+00;1.995506e+00;8.409882e-01
5;0.500000;-2.868828e+00;3.118305e-01;1.092928e+01;3.714503e+00;-9.258638e+00;-8.131330e+00;9.404411e-01;1.518204e+00;-2.422383e+00;-4.241748e+00;1.845593e+00;4.035604e+00;2.214642e+00;4.291405e+00
