frameIndex;frameTime;pcm_fftMag_mfcc[0];pcm_fftMag_mfcc[1];pcm_fftMag_mfcc[2];pcm_fftMag_mfcc[3];pcm_fftMag_mfcc[4];pcm_fftMag_mfcc[5];pcm_fftMag_mfcc[6];pcm_fftMag_mfcc[7];pcm_fftMag_mfcc[8];pcm_fftMag_mfcc[9];pcm_fftMag_mfcc[10];pcm_fftMag_mfcc[11];pcm_fftMag_mfcc[12];pcm_fftMag_mfcc[13]
0;0.000000;-2.497046e+00;-4.067378e+00;-3.250668e-01;3.847867e+00;-7.320862e+00;-4.480887e+00;6.573099e+00;4.847897e+00;-5.810235e+00;-6.083740e+00;-8.656144e-01;-2.132325e-01;-5.706815e-01;1.824341e-01
1;0.100000;1.752782e-01;2.970812e+00;2.821784e+00;-2.663176e+00;1.211230e+00;1.063766e+00;-5.485011e+00;-1.166947e+00;-1.314333e+00;1.254651e+00;-4.103940e+00;1.208954e+00;-4.404522e-01;-1.809166e+00
2;0.200000;2.321768e+00;1.096567e+00;-2.496717e+00;-1.184692e+00;6.109632e+00;3.417121e+00;-1.088085e+00;-3.680950e+00;7.124567e+00;4.829089e+00;4.969555e+00;-9.957209e-01;1.011134e+00;1.626740e+00
