frameIndex;frameTime;pcm_fftMag_mfcc[0];pcm_fftMag_mfcc[1];pcm_fftMag_mfcc[2];pcm_fftMag_mfcc[3];pcm_fftMag_mfcc[4];pcm_fftMag_mfcc[5];pcm_fftMag_mfcc[6];pcm_fftMag_mfcc[7];pcm_fftMag_mfcc[8];pcm_fftMag_mfcc[9];pcm_fftMag_mfcc[10];pcm_fftMag_mfcc[11];pcm_fftMag_mfcc[12];pcm_fftMag_mfcc[13]
0;0.000000;2.290082e-01;8.938789e-02;1.136672e+00;-6.184975e+00;3.442793e+00;-1.652095e+00;-8.826275e-01;7.427084e-01;-9.124651e-01;5.396914e+00;1.600071e-01;-1.675591e+00;-1.367991e+00;-6.633987e-01
1;0.100000;-9.474611e-01;-2.831700e+00;4.698787e-01;-2.456204e+00;-2.078991e-01;-1.900584e-01;-2.991968e+00;1.775032e+00;-3.533764e-01;3.222696e+00;1.054071e+00;-2.651919e+00;-5.456389e-01;1.501778e+00
2;0.200000;-1.286670e+00;-2.131559e+00;5.089140e-02;2.326802e+00;-1.288765e+00;-2.666667e-01;-2.092157e+00;5.970085e-01;1.296955e+00;-6.100854e-01;-6.400206e-01;-3.048322e+00;-1.930014e+00;1.015015e+00
3;0.300000;1.950879e-01;2.588571e+00;-6.370993e-01;2.342395e+00;-2.252604e+00;1.599673e+00;1.967222e+00;-2.149086e+00;1.384350e+00;-4.733681e+00;-1.519462e+00;7.302971e-01;3.179811e-01;-8.691483e-01
4;0.400000;1.793445e+00;3.313108e+00;-9.180851e-01;9.150124e-02;-1.394075e+00;3.935316e+00;2.307833e+00;-2.580787e+00;-4.137878e-01;-4.039789e+00;1.572103e+00;2.899770e+00;1.752691e+00;-1.603912e+00
5;0.500000;1.658869e-02;-1.027806e+00;-1.022568e-01;3.880479e+00;1.700544e+00;-3.426169e+00;1.691694e+00;1.615125e+00;-1.001675e+00;7.639443e-01;-6.266992e-01;3.745769e+00;1.772972e+00;6.196365e-01
