frameIndex;frameTime;pcm_fftMag_mfcc[0];pcm_fftMag_mfcc[1];pcm_fftMag_mfcc[2];pcm_fftMag_mfcc[3];pcm_fftMag_mfcc[4];pcm_fftMag_mfcc[5];pcm_fftMag_mfcc[6];pcm_fftMag_mfcc[7];pcm_fftMag_mfcc[8];pcm_fftMag_mfcc[9];pcm_fftMag_mfcc[10];pcm_fftMag_mfcc[11];pcm_fftMag_mfcc[12];pcm_fftMag_mfcc[13]
0;0.000000;1.995922e+00;7.915144e-01;-7.565231e-01;3.273000e+00;-1.816179e+00;-8.932142e-01;2.166406e+00;-1.747886e+00;6.712873e+00;9.591470e-01;-6.586094e-01;4.883300e+00;-4.355725e+00;-9.124756e-01
1;0.100000;2.397290e+00;4.418118e-01;-2.014710e+00;-9.645643e-01;-9.323788e-02;3.584198e+00;2.073767e+00;-3.755815e+00;5.156943e+00;3.333850e-01;-1.133376e+00;2.478368e+00;-3.090048e+00;-1.574715e+00
2;0.200000;4.022159e+00;-4.912769e+00;-3.304243e+00;-1.801901e+00;-1.080988e+00;4.737988e+00;-1.109029e+00;-2.938651e+00;2.153364e+00;-1.483751e+00;-4.642446e+00;7.189348e-01;-4.657021e-01;4.199982e-02
3;0.300000;4.764967e-01;-3.509701e+00;-3.168443e+00;-2.243855e+00;2.105791e+00;1.629376e+00;-2.547698e+00;1.458677e+00;-1.251060e+00;-2.262205e+00;-3.179444e+00;-1.875115e+00;2.032269e+00;1.611046e+00
4;0.400000;-3.933649e+00;2.142951e+00;2.969952e-01;-8.350058e-01;4.421024e+00;-2.206702e+00;-2.888991e+00;3.696323e+00;-4.682395e+00;-1.552610e+00;1.427249e+00;-2.580443e+00;4.035969e+00;1.068764e+00
5;0.500000;-4.958219e+00;5.046193e+00;8.946933e+00;2.572330e+00;-3.536406e+00;-6.851645e+00;2.305547e+00;3.287355e+00;-8.089725e+00;4.006032e+00;8.186629e+00;-3.625046e+00;1.843236e+00;-2.345505e-01
