frameIndex;frameTime;pcm_fftMag_mfcc[0];pcm_fftMag_mfcc[1];pcm_fftMag_mfcc[2];pcm_fftMag_mfcc[3];pcm_fftMag_mfcc[4];pcm_fftMag_mfcc[5];pcm_fftMag_mfcc[6];pcm_fftMag_mfcc[7];pcm_fftMag_mfcc[8];pcm_fftMag_mfcc[9];pcm_fftMag_mfcc[10];pcm_fftMag_mfcc[11];pcm_fftMag_mfcc[12];pcm_fftMag_mfcc[13]
0;0.000000;-2.664068e+00;-8.301788e+00;-5.956993e+00;-7.183075e-01;-9.438953e-01;6.726521e+00;1.623326e+01;-2.037522e+00;-9.023009e+00;-4.837395e+00;-4.096597e+00;3.505519e+00;4.659268e+00;4.792252e+00
1;0.100000;-5.476456e+00;5.553575e+00;1.094014e+00;2.277756e-02;6.944149e+00;6.319795e+00;1.411701e+01;4.170185e+00;-5.221402e+00;-5.790424e-02;1.062160e+00;2.361635e+00;4.906515e+00;2.992775e+00
2;0.200000;-6.900946e+00;9.014444e+00;2.859879e+00;-3.208937e+00;7.680206e+00;-2.031789e+00;-7.936477e+00;-4.682389e+00;2.385573e+00;3.513341e+00;-2.145007e+00;-9.844089e-01;1.458579e+00;1.095276e-01
3;0.300000;-1.601503e+00;7.582932e-01;-1.853340e+00;-4.455435e+00;3.238964e+00;-7.442525e+00;-1.157104e+01;-3.128245e+00;4.596797e+00;2.230867e+00;-3.742148e+00;-2.880548e+00;-1.942541e+00;-1.067635e+00
4;0.400000;8.947213e+00;-6.417137e+00;2.166349e+00;3.434067e-01;-2.371162e+00;-4.094720e+00;-7.001359e+00;3.447095e+00;3.180249e+00;1.602546e+00;1.173228e+00;-2.787951e+00;-3.322927e+00;-3.533661e+00
5;0.500000;7.695765e+00;-6.073856e-01;1.690085e+00;8.016491e+00;-1.454827e+01;5.227194e-01;-3.841401e+00;2.230882e+00;4.081797e+00;-2.451457e+00;7.748366e+00;7.857504e-01;-5.758895e+00;-3.293221e+00
