frameIndex;frameTime;pcm_fftMag_mfcc[0];pcm_fftMag_mfcc[1];pcm_fftMag_mfcc[2];pcm_fftMag_mfcc[3];pcm_fftMag_mfcc[4];pcm_fftMag_mfcc[5];pcm_fftMag_mfcc[6];pcm_fftMag_mfcc[7];pcm_fftMag_mfcc[8];pcm_fftMag_mfcc[9];pcm_fftMag_mfcc[10];pcm_fftMag_mfcc[11];pcm_fftMag_mfcc[12];pcm_fftMag_mfcc[13]
0;0.000000;4.707664e+00;-2.815913e+00;7.024994e-01;-3.017263e+00;-2.302999e-01;5.451052e+00;-5.344365e+00;-1.786368e+00;-1.873795e+00;-2.577301e+00;-5.063587e+00;-2.286184e+00;2.617021e+00;-7.952194e-01
1;0.100000;3.534099e+00;-4.076066e+00;-6.732941e-04;-4.767861e-01;-8.381586e-01;3.097086e+00;-9.318743e-01;-1.364609e+00;-1.871920e-01;-2.839915e+00;-2.524577e+00;1.289861e-01;1.261943e+00;7.281876e-01
2;0.200000;-3.373684e+00;-1.005325e+00;-1.329818e+00;-2.429671e-01;-7.698593e-01;-1.119078e+00;7.477241e-01;1.648061e-01;-2.745614e-01;-2.951627e+00;-6.399454e-01;7.385888e-01;-1.484984e-01;1.133003e+00
3;0.300000;-5.999575e+00;3.599109e+00;2.170143e+00;9.633851e-01;-1.250443e+00;-5.982000e+00;1.529291e-01;3.183434e+00;1.486654e+00;7.757516e-01;3.430434e+00;1.719697e+00;-1.502018e+00;3.289642e-01
4;0.400000;-2.267294e+00;3.865192e+00;1.399398e+00;1.848541e+00;7.050638e-01;-4.324458e+00;1.954173e+00;1.800433e+00;1.262056e+00;4.171408e+00;4.613842e+00;1.513880e+00;-1.265600e+00;1.614380e-01
5;0.500000;3.398786e+00;4.330039e-01;-2.941551e+00;9.250913e-01;2.383693e+00;2.877398e+00;3.421413e+00;-1.997696e+00;-4.131618e-01;3.421684e+00;1.838334e-01;-1.814967e+00;-9.628469e-01;-1.556343e+00
