frameIndex;frameTime;pcm_fftMag_mfcc[0];pcm_fftMag_mfcc[1];pcm_fftMag_mfcc[2];pcm_fftMag_mfcc[3];pcm_fftMag_mfcc[4];pcm_fftMag_mfcc[5];pcm_fftMag_mfcc[6];pcm_fftMag_mfcc[7];pcm_fftMag_mfcc[8];pcm_fftMag_mfcc[9];pcm_fftMag_mfcc[10];pcm_fftMag_mfcc[11];pcm_fftMag_mfcc[12];pcm_fftMag_mfcc[13]
0;0.000000;3.491570e+00;2.766114e-02;1.302322e+00;-2.987129e+00;-4.228840e-01;9.647688e+00;-1.067548e+00;-1.555997e+00;-3.353240e-01;3.758910e-01;3.794991e+00;2.808332e+00;3.735130e+00;-2.399315e+00
1;0.100000;2.849333e+00;5.999514e-01;1.578438e+00;-5.720129e+00;-4.458181e+00;4.320054e+00;-1.638866e+00;-2.714431e+00;-2.489061e+00;-1.206845e+00;3.490952e+00;3.281141e+00;1.053209e-01;6.370544e-02
2;0.200000;-1.140465e+00;1.666840e+00;-1.519146e+00;-3.261997e+00;-1.933644e+00;-1.862781e+00;-1.434338e+00;-2.913194e+00;-3.606645e+00;-1.007251e+00;2.021384e+00;2.903130e+00;-1.659379e+00;1.887421e+00
3;0.300000;-4.120812e+00;3.278656e+00;1.056192e+00;4.768099e+00;1.134022e+00;-6.516463e+00;8.697615e-01;-9.633443e-01;-4.276097e+00;-1.993837e+00;-6.794596e-01;2.455266e+00;-1.483340e+00;5.399399e-01
4;0.400000;-2.247188e+00;8.838491e-01;-1.790733e-01;7.144471e+00;2.635693e+00;-6.232126e+00;2.510408e+00;3.199233e+00;2.671281e+00;7.627320e-02;-6.230542e+00;-4.229513e+00;-3.804073e-01;-1.499176e-01
5;0.500000;1.167559e+00;-6.456957e+00;-2.238737e+00;5.668449e-02;3.044994e+00;6.436286e-01;7.605762e-01;4.947734e+00;8.035849e+00;3.755768e+00;-2.397328e+00;-7.218355e+00;-3.173227e-01;5.815887e-02
