frameIndex;frameTime;pcm_fftMag_mfcc[0];pcm_fftMag_mfcc[1];pcm_fftMag_mfcc[2];pcm_fftMag_mfcc[3];pcm_fftMag_mfcc[4];pcm_fftMag_mfcc[5];pcm_fftMag_mfcc[6];pcm_fftMag_mfcc[7];pcm_fftMag_mfcc[8];pcm_fftMag_mfcc[9];pcm_fftMag_mfcc[10];pcm_fftMag_mfcc[11];pcm_fftMag_mfcc[12];pcm_fftMag_mfcc[13]
0;0.000000;1.838078e+00;3.487072e-01;-3.211309e+00;8.173870e+00;-6.193367e+00;4.037211e+00;4.940087e+00;1.217566e+01;6.191335e+00;4.868165e+00;9.830523e-02;2.270694e+00;-8.117290e-01;-2.874596e+00
1;0.100000;-1.910573e+00;2.017839e+00;4.730699e+00;1.349888e-01;5.673543e+00;1.802699e+00;4.290864e+00;6.395463e+00;1.699251e+00;3.140574e+00;-4.640613e-01;-2.339220e-01;-1.188218e+00;-2.024666e+00
2;0.200000;-1.181863e+00;5.250063e-01;2.426033e+00;-5.232548e+00;6.390327e+00;5.955677e-01;4.692039e-01;-1.503263e+00;-1.999214e+00;-1.191384e+00;-4.464457e+00;-2.037194e+00;-7.501961e-01;9.481583e-01
3;0.300000;1.194236e+00;-1.114882e+00;-1.046031e+00;-5.307913e+00;3.682397e+00;-3.063660e-01;-3.278589e+00;-6.091780e+00;-2.275984e+00;-1.343832e+00;-5.434088e+00;-7.574656e-01;7.941784e-01;2.096657e+00
4;0.400000;1.429769e+00;-8.950186e-01;-3.416965e+00;-3.576183e-02;-3.436617e+00;-2.244970e+00;-3.864000e+00;-8.176266e+00;-1.929344e+00;-1.952789e+00;7.098498e-01;-2.783556e-01;1.347591e-01;1.594498e+00
5;0.500000;-1.369649e+00;-8.816519e-01;5.175738e-01;2.267365e+00;-6.116283e+00;-3.884145e+00;-2.557563e+00;-2.799809e+00;-1.686037e+00;-3.520732e+00;9.554451e+00;1.036245e+00;1.821205e+00;2.599945e-01
