frameIndex;frameTime;pcm_fftMag_mfcc[0];pcm_fftMag_mfcc[1];pcm_fftMag_mfcc[2];pcm_fftMag_mfcc[3];pcm_fftMag_mfcc[4];pcm_fftMag_mfcc[5];pcm_fftMag_mfcc[6];pcm_fftMag_mfcc[7];pcm_fftMag_mfcc[8];pcm_fftMag_mfcc[9];pcm_fftMag_mfcc[10];pcm_fftMag_mfcc[11];pcm_fftMag_mfcc[12];pcm_fftMag_mfcc[13]
0;0.000000;-1.902884e+00;8.979218e+00;-1.001473e+01;-7.472316e+00;6.778743e+00;5.372353e+00;1.610450e+00;-8.702913e+00;-9.987230e-01;2.374097e+00;4.699937e+00;5.961730e+00;1.379853e+00;7.135468e-01
1;0.100000;-7.425563e+00;5.061322e+00;-2.730740e+00;2.050525e+00;1.340471e+00;-3.659514e+00;5.187654e+00;-3.669150e+00;-2.159904e+00;-2.223191e+00;6.178363e-01;4.953653e+00;1.155179e+00;-4.697189e-01
2;0.200000;-5.145110e+00;1.450222e+00;4.456963e+00;4.137064e+00;-5.864433e+00;-8.551135e+00;1.678487e+00;-4.222689e-01;-7.363367e-01;-6.680728e+00;-4.097044e+00;-2.210243e+00;3.981671e-01;1.376350e+00
3;0.300000;-8.634958e-01;-1.604938e+00;8.587091e+00;4.423337e+00;-5.074173e+00;-4.705531e+00;5.575981e-01;1.925123e+00;2.169456e-01;-6.507694e+00;-1.380241e+00;-3.145185e+00;7.214237e-01;6.127014e-01
4;0.400000;5.828046e+00;-5.254126e+00;3.564694e+00;1.602638e+00;6.515408e-01;5.369537e+00;-2.473719e+00;3.131715e+00;8.376694e-02;2.518919e+00;2.502115e+00;-3.392612e+00;-2.354474e+00;-2.114494e+00
5;0.500000;9.509008e+00;-8.631700e+00;-3.863279e+00;-4.741249e+00;2.167856e+00;6.174288e+00;-6.560468e+00;7.737494e+00;3.594248e+00;1.051859e+01;-2.342604e+00;-2.167344e+00;-1.300149e+00;-1.183777e-01
