frameIndex;frameTime;pcm_fftMag_mfcc[0];pcm_fftMag_mfcc[1];pcm_fftMag_mfcc[2];pcm_fftMag_mfcc[3];pcm_fftMag_mfcc[4];pcm_fftMag_mfcc[5];pcm_fftMag_mfcc[6];pcm_fftMag_mfcc[7];pcm_fftMag_mfcc[8];pcm_fftMag_mfcc[9];pcm_fftMag_mfcc[10];pcm_fftMag_mfcc[11];pcm_fftMag_mfcc[12];pcm_fftMag_mfcc[13]
0;0.000000;-2.681473e+00;-1.401143e+00;6.524591e-01;3.168517e+00;2.652212e+00;-4.906930e+00;1.514387e+00;5.251088e+00;-8.376005e-01;3.109171e+00;4.820251e-01;-3.491966e+00;-3.371246e-01;-3.197327e-01
1;0.100000;-2.041696e+00;2.118006e-01;2.297145e+00;3.834796e+00;2.362227e+00;-3.188128e+00;-1.116359e-01;3.549188e+00;3.301341e+00;2.599073e+00;-9.713812e-01;1.998897e-01;8.446389e-01;4.478836e-01
2;0.200000;6.841335e-01;5.654564e-01;1.144747e+00;-7.105064e-02;-9.816236e-01;1.675774e+00;-1.947432e+00;-2.684659e+00;1.154468e+00;-8.258419e-01;-4.662743e-01;2.246253e+00;1.166059e+00;6.011734e-01
3;0.300000;4.039035e+00;6.238866e-01;-4.094349e+00;-6.932262e+00;-4.032814e+00;6.419286e+00;5.446813e-01;-6.115617e+00;-3.618209e+00;-4.882401e+00;9.556293e-01;1.045823e+00;-1.673573e+00;-7.293320e-01
