frameIndex;frameTime;pcm_fftMag_mfcc[0];pcm_fftMag_mfcc[1];pcm_fftMag_mfcc[2];pcm_fftMag_mfcc[3];pcm_fftMag_mfcc[4];pcm_fftMag_mfcc[5];pcm_fftMag_mfcc[6];pcm_fftMag_mfcc[7];pcm_fftMag_mfcc[8];pcm_fftMag_mfcc[9];pcm_fftMag_mfcc[10];pcm_fftMag_mfcc[11];pcm_fftMag_mfcc[12];pcm_fftMag_mfcc[13]
0;0.000000;2.382690e+00;-9.227509e-01;2.155839e+00;9.864740e-01;1.064730e-01;1.423679e+00;2.480933e+00;4.216334e+00;4.834234e+00;1.758416e+00;2.904785e+00;1.561074e+00;5.268851e+00;7.991791e-02
1;0.100000;1.983161e+00;-3.842625e+00;1.751613e+00;-3.331492e-01;-5.347967e-01;5.568619e-01;3.891229e+00;2.956224e+00;2.810246e+00;1.317539e+00;-1.411438e-04;9.215711e-01;3.100855e+00;1.126953e+00
2;0.200000;-8.289862e-01;-1.821327e+00;-4.165449e-01;2.988389e-01;-2.629518e+00;-2.604182e+00;1.555972e+00;-6.466784e-01;-1.918101e+00;-6.227856e-01;-2.852744e+00;1.093954e+00;3.821678e-01;7.955246e-01
3;0.300000;-2.622903e+00;1.977292e+00;-5.455642e-01;1.523562e+00;-3.063301e+00;-4.880912e+00;-1.510218e+00;-5.384726e+00;-5.511899e+00;-2.026517e+00;-2.779755e+00;-1.892245e-01;-1.967646e+00;-6.794281e-01
4;0.400000;-1.434092e+00;3.378735e+00;-9.757296e-01;5.641198e-01;9.858274e-01;1.727849e+00;-2.948409e+00;-4.483126e+00;-3.478544e+00;6.056266e-01;9.404030e-01;-1.991727e+00;-3.955363e+00;-1.394630e+00
5;0.500000;5.201244e-01;1.230676e+00;-1.969613e+00;-3.039847e+00;5.135312e+00;3.776707e+00;-3.469507e+00;3.341973e+00;3.264062e+00;-1.032279e+00;1.787454e+00;-1.395648e+00;-2.828864e+00;7.166290e-02
