frameIndex;frameTime;pcm_fftMag_mfcc[0];pcm_fftMag_mfcc[1];pcm_fftMag_mfcc[2];pcm_fftMag_mfcc[3];pcm_fftMag_mfcc[4];pcm_fftMag_mfcc[5];pcm_fftMag_mfcc[6];pcm_fftMag_mfcc[7];pcm_fftMag_mfcc[8];pcm_fftMag_mfcc[9];pcm_fftMag_mfcc[10];pcm_fftMag_mfcc[11];pcm_fftMag_mfcc[12];pcm_fftMag_mfcc[13]
0;0.000000;-4.806658e+00;7.085732e+00;1.054999e+00;4.048491e+00;-7.973239e+00;-8.712959e-01;4.286790e+00;-2.485231e+00;1.888434e+00;-2.333323e+00;-1.235370e+00;2.230729e+00;8.265303e-01;-8.830872e-01
1;0.100000;-4.518389e+00;4.740886e+00;-7.167888e-01;2.064396e+00;-5.577266e+00;4.845963e-01;1.594043e+00;5.606573e-01;4.904771e-01;-4.768193e+00;3.795262e+00;2.625824e+00;1.653690e+00;2.130791e+00
2;0.200000;-3.271035e+00;7.782347e-01;9.101315e-01;-1.634621e+00;-4.835393e+00;-2.670329e+00;5.551397e-01;1.615704e+00;-3.015126e+00;-3.100592e+00;4.203561e+00;2.291105e+00;1.087368e+00;3.195854e+00
3;0.300000;4.432168e-01;-2.630569e+00;4.686898e+00;-3.961087e+00;7.444582e-01;-4.172691e+00;7.135371e-01;2.943861e+00;-2.417197e+00;1.724771e+00;1.090895e+00;3.957926e-01;-9.657387e-01;1.000313e+00
4;0.400000;5.470376e+00;-4.857590e+00;1.225628e+00;-1.170880e+00;8.074115e+00;1.612112e+00;-2.336109e+00;-2.993524e-01;1.205222e+00;5.421812e+00;-2.502505e+00;-2.680759e+00;-1.118966e+00;-2.028961e+00
5;0.500000;6.682487e+00;-5.116694e+00;-7.160866e+00;6.537008e-01;9.567324e+00;5.617607e+00;-4.813401e+00;-2.335638e+00;1.848190e+00;3.055525e+00;-5.351842e+00;-4.862690e+00;-1.482884e+00;-3.414886e+00
