frameIndex;frameTime;pcm_fftMag_mfcc[0];pcm_fftMag_mfcc[1];pcm_fftMag_mfcc[2];pcm_fftMag_mfcc[3];pcm_fftMag_mfcc[4];pcm_fftMag_mfcc[5];pcm_fftMag_mfcc[6];pcm_fftMag_mfcc[7];pcm_fftMag_mfcc[8];pcm_fftMag_mfcc[9];pcm_fftMag_mfcc[10];pcm_fftMag_mfcc[11];pcm_fftMag_mfcc[12];pcm_fftMag_mfcc[13]
0;0.000000;-2.078736e+00;-3.450108e+00;-4.432912e+00;-1.921504e-01;-6.557505e+00;-3.518736e+00;6.271689e-01;-1.721571e+00;-2.190026e+00;-6.175607e+00;-7.233906e-01;1.066110e+00;-5.417543e+00;1.968933e+00
1;0.100000;-2.854347e-03;-3.749722e+00;-3.137752e+00;-2.126534e-01;-5.079917e+00;-2.675437e+00;4.455502e-01;1.528882e+00;-2.282695e+00;-1.842082e+00;-4.644518e+00;3.291865e+00;-4.530709e+00;1.115173e+00
2;0.200000;1.091999e+00;-1.275580e+00;-1.515671e+00;5.105999e-01;-7.748227e-01;-1.399638e+00;-7.739925e-01;2.543299e+00;-1.279485e+00;-1.934105e+00;-2.530820e+00;-1.156664e+00;4.057291e-01;-8.417587e-01
3;0.300000;7.576222e-01;4.234369e+00;2.690137e+00;2.362511e-01;6.639692e+00;1.905136e+00;7.192163e-01;-7.196082e-01;1.318114e+00;3.352071e+00;2.544200e+00;-3.649857e+00;5.453653e+00;-1.668625e+00
4;0.400000;2.319694e-01;4.241040e+00;6.396198e+00;-3.420489e-01;5.772554e+00;5.688676e+00;-1.017942e+00;-1.631001e+00;4.434096e+00;6.599723e+00;5.354528e+00;4.485457e-01;4.088871e+00;-5.737076e-01
