frameIndex;frameTime;pcm_fftMag_mfcc[0];pcm_fftMag_mfcc[1];pcm_fftMag_mfcc[2];pcm_fftMag_mfcc[3];pcm_fftMag_mfcc[4];pcm_fftMag_mfcc[5];pcm_fftMag_mfcc[6];pcm_fftMag_mfcc[7];pcm_fftMag_mfcc[8];pcm_fftMag_mfcc[9];pcm_fftMag_mfcc[10];pcm_fftMag_mfcc[11];pcm_fftMag_mfcc[12];pcm_fftMag_mfcc[13]
0;0.000000;1.373620e-01;-1.405870e+00;1.726334e+00;2.273725e+00;1.253584e+00;4.625436e+00;1.093090e+00;5.399959e+00;-1.752097e+00;-1.830838e+00;-8.214228e-01;-5.587709e+00;-2.038696e+00;1.250916e+00
1;0.100000;-7.491374e-01;8.974013e-01;3.705889e+00;1.549111e+00;3.097353e-01;1.063429e+00;-4.013672e-01;3.370348e+00;7.433896e-01;1.089767e+00;-1.138644e+00;2.171202e-01;1.961126e+00;-9.211121e-01
2;0.200000;4.057093e-01;1.316749e+00;3.977311e+00;-2.550259e-01;-1.587423e+00;2.609020e+00;-1.085073e+00;2.216959e-01;1.336762e+00;1.355073e+00;-1.982705e+00;1.558084e+00;6.664055e+00;-2.209633e+00
3;0.300000;2.517718e+00;-1.115651e+00;-2.746587e+00;-1.584751e+00;-1.141350e+00;2.116347e+00;-6.479988e-01;-1.007583e+00;-8.676062e-01;8.084688e-01;2.653374e+00;1.041826e+00;7.196695e-01;-9.007645e-01
4;0.400000;2.478590e-01;-5.937095e-01;-4.807278e+00;-1.367503e+00;4.387751e-01;-3.792197e+00;2.159977e-01;-3.426375e+00;-1.650143e-02;-8.131800e-01;1.507972e+00;2.167862e+00;-3.785669e+00;1.608498e+00
5;0.500000;-2.559511e+00;9.010811e-01;-1.855672e+00;-6.155548e-01;7.266750e-01;-6.622036e+00;8.253651e-01;-4.558048e+00;5.560527e-01;-6.092901e-01;-2.185748e-01;6.028194e-01;-3.520486e+00;1.172081e+00
