frameIndex;frameTime;pcm_fftMag_mfcc[0];pcm_fftMag_mfcc[1];pcm_fftMag_mfcc[2];pcm_fftMag_mfcc[3];pcm_fftMag_mfcc[4];pcm_fftMag_mfcc[5];pcm_fftMag_mfcc[6];pcm_fftMag_mfcc[7];pcm_fftMag_mfcc[8];pcm_fftMag_mfcc[9];pcm_fftMag_mfcc[10];pcm_fftMag_mfcc[11];pcm_fftMag_mfcc[12];pcm_fftMag_mfcc[13]
0;0.000000;1.412045e+00;3.689863e+00;3.033380e+00;1.640351e+00;-1.804419e-01;5.021402e+00;-6.167530e+00;-5.242825e+00;-4.362931e+00;5.616732e-01;1.212241e+01;6.874844e+00;-3.948640e+00;-2.026642e+00
1;0.100000;2.771873e+00;-2.157096e+00;2.803467e+00;1.277763e+00;-5.653285e+00;2.220870e+00;-4.114714e+00;2.630286e+00;1.827092e-01;-2.434599e+00;5.189978e+00;7.645602e-01;1.178931e+00;-5.768738e-01
2;0.200000;2.915379e+00;-6.206729e+00;1.060786e-01;-1.878025e+00;-3.642526e+00;2.852731e+00;-1.289457e+00;5.160573e+00;1.562931e+00;-7.840500e-01;-1.558024e+00;-2.563749e+00;1.778580e+00;9.070892e-01
3;0.300000;6.106482e-01;-5.934524e+00;-2.337202e+00;-3.154132e+00;-2.051239e-01;1.649636e+00;2.656980e+00;3.190983e+00;1.511257e+00;-4.550667e-01;-4.857275e+00;-3.185561e+00;-1.483829e-01;1.483582e+00
4;0.400000;-2.688126e+00;1.677610e+00;-3.689663e+00;-8.930039e-01;3.534883e+00;-3.403895e+00;5.203979e+00;-1.350889e+00;6.161437e-01;-4.781628e-02;-6.051770e+00;-1.716124e+00;-1.181971e-01;1.397446e+00
5;0.500000;-5.021822e+00;8.930875e+00;8.393860e-02;3.007048e+00;6.146495e+00;-8.340749e+00;3.710745e+00;-4.388128e+00;4.898905e-01;3.159861e+00;-4.845319e+00;-1.739726e-01;1.257709e+00;-1.184593e+00
