frameIndex;frameTime;pcm_fftMag_mfcc[0];pcm_fftMag_mfcc[1];pcm_fftMag_mfcc[2];pcm_fftMag_mfcc[3];pcm_fftMag_mfcc[4];pcm_fftMag_mfcc[5];pcm_fftMag_mfcc[6];pcm_fftMag_mfcc[7];pcm_fftMag_mfcc[8];pcm_fftMag_mfcc[9];pcm_fftMag_mfcc[10];pcm_fftMag_mfcc[11];pcm_fftMag_mfcc[12];pcm_fftMag_mfcc[13]
0;0.000000;-4.835892e-02;-6.559744e-01;-7.793242e+00;-5.511232e+00;-9.843065e+00;-3.700481e+00;4.476637e+00;6.096570e+00;1.428937e+00;2.932830e-01;-1.681308e+00;4.997586e+00;6.195660e-01;-1.045578e+00
1;0.100000;1.101221e+00;3.802533e+00;1.047744e+00;2.284046e+00;3.901062e-01;1.406358e+00;-1.830164e+00;-7.552814e-01;3.109146e+00;3.544510e+00;-4.153689e+00;1.507327e+00;3.027740e+00;-3.909340e+00
2;0.200000;3.911829e+00;-2.131848e+00;8.338017e+00;-2.189207e-02;4.642799e+00;4.619631e+00;-4.906341e+00;-6.864503e+00;2.228346e-01;2.940108e+00;-1.503865e+00;-2.054243e+00;4.311177e+00;-1.431549e+00
3;0.300000;1.578350e-01;-6.067705e-02;4.418421e+00;2.203754e+00;4.186668e+00;1.698662e+00;-1.305151e+00;-6.286176e+00;-2.227078e+00;-3.777895e-01;1.393254e+00;-2.704459e+00;8.090878e-01;1.677780e+00
4;0.400000;-3.127981e+00;3.198686e-01;2.625794e-01;3.277729e+00;3.413021e+00;-1.484553e+00;1.619697e+00;5.041800e-01;-4.212542e+00;-4.333498e+00;3.289144e+00;-1.204776e+00;-3.846715e+00;2.026863e+00
5;0.500000;-1.994541e+00;-1.273901e+00;-6.273519e+00;-2.232404e+00;-2.789539e+00;-2.539614e+00;1.945322e+00;7.305208e+00;1.678702e+00;-2.066615e+00;2.656463e+00;-5.414352e-01;-4.920856e+00;2.681839e+00
