frameIndex;frameTime;pcm_fftMag_mfcc[0];pcm_fftMag_mfcc[1];pcm_fftMag_mfcc[2];pcm_fftMag_mfcc[3];pcm_fftMag_mfcc[4];pcm_fftMag_mfcc[5];pcm_fftMag_mfcc[6];pcm_fftMag_mfcc[7];pcm_fftMag_mfcc[8];pcm_fftMag_mfcc[9];pcm_fftMag_mfcc[10];pcm_fftMag_mfcc[11];pcm_fftMag_mfcc[12];pcm_fftMag_mfcc[13]
0;0.000000;-1.290190e+00;-3.164693e+00;-1.815552e+00;2.235291e+00;1.696041e+00;-3.532158e+00;6.791391e-01;6.777668e+00;1.472902e-01;-1.949979e+00;-2.844810e+00;1.294460e-01;1.444995e-01;1.350029e+00
1;0.100000;7.104206e-01;-2.345605e+00;-4.448614e-01;-1.879295e+00;1.295021e+00;-1.723143e+00;-3.025026e-01;3.959239e+00;-3.742999e+00;6.092463e-01;-3.716754e+00;-1.671110e+00;-1.367960e-01;6.111221e-01
2;0.200000;2.408715e+00;-8.406262e-01;-2.010377e+00;-4.205367e+00;1.639571e+00;8.467855e-01;1.487551e+00;2.164026e+00;-8.455698e+00;4.753620e+00;-2.182441e+00;-2.721669e+00;-2.379122e-02;1.238022e-01
3;0.300000;2.221522e+00;2.039100e+00;-3.075803e+00;-3.773041e+00;1.405468e+00;1.980613e+00;3.808761e+00;-7.589756e-01;-5.095037e+00;1.892808e+00;2.174850e+00;-2.320974e+00;1.160784e+00;-1.364700e+00
4;0.400000;-1.862326e+00;3.504433e+00;3.259888e+00;1.794872e+00;-3.079766e+00;1.475992e+00;-5.751461e-02;-5.740161e+00;4.865362e+00;-4.036597e+00;3.341985e+00;3.290501e+00;1.099740e+00;-1.144348e+00
5;0.500000;-2.188142e+00;8.073912e-01;4.086706e+00;5.827543e+00;-2.956331e+00;9.519005e-01;-5.615434e+00;-6.401797e+00;1.228109e+01;-1.269099e+00;3.227171e+00;3.293806e+00;-2.244437e+00;4.241333e-01
