frameIndex;frameTime;pcm_fftMag_mfcc[0];pcm_fftMag_mfcc[1];pcm_fftMag_mfcc[2];pcm_fftMag_mfcc[3];pcm_fftMag_mfcc[4];pcm_fftMag_mfcc[5];pcm_fftMag_mfcc[6];pcm_fftMag_mfcc[7];pcm_fftMag_mfcc[8];pcm_fftMag_mfcc[9];pcm_fftMag_mfcc[10];pcm_fftMag_mfcc[11];pcm_fftMag_mfcc[12];pcm_fftMag_mfcc[13]
0;0.000000;7.548235e+00;-1.186171e+01;4.451527e+00;-6.998558e+00;1.721642e+00;2.250910e+00;-2.633795e+00;1.242698e+01;-3.043414e+00;3.325677e+00;7.178524e-01;1.900132e+00;-1.314309e+00;9.820099e-01
1;0.100000;4.010001e+00;-6.100281e+00;3.253859e+00;-3.719616e+00;-3.882584e+00;-3.037961e+00;-8.066645e-01;3.589449e+00;-1.112270e+00;-1.123531e+00;2.960974e+00;1.559997e-01;-9.542465e-01;8.121567e-01
2;0.200000;-6.330471e-01;1.319982e+00;2.241659e+00;1.901506e+00;-5.279459e+00;-1.396982e+00;1.109748e+00;-1.551913e+00;-1.242523e-01;-6.979730e-01;3.892787e+00;1.821035e+00;1.668425e-01;2.117088e+00
3;0.300000;-4.233156e+00;6.274786e+00;-1.145115e-01;4.416706e+00;-2.445419e+00;-1.278090e+00;2.880192e+00;-3.393494e+00;1.454235e+00;1.022023e+00;2.307747e+00;2.621302e+00;4.586086e-01;5.429306e-01
4;0.400000;-5.021452e+00;7.353273e+00;-4.014430e+00;5.119585e+00;5.505733e+00;5.879850e-01;3.971533e-01;-5.431352e+00;1.897452e+00;4.930735e-02;-3.746204e+00;-1.856174e+00;8.382225e-02;-1.716232e+00
5;0.500000;-1.670582e+00;3.013953e+00;-5.818107e+00;-7.196198e-01;4.380081e+00;2.874135e+00;-9.466328e-01;-5.639672e+00;9.282475e-01;-2.575504e+00;-6.133156e+00;-4.642293e+00;1.559283e+00;-2.737968e+00
