frameIndex;frameTime;pcm_fftMag_mfcc[0];pcm_fftMag_mfcc[1];pcm_fftMag_mfcc[2];pcm_fftMag_mfcc[3];pcm_fftMag_mfcc[4];pcm_fftMag_mfcc[5];pcm_fftMag_mfcc[6];pcm_fftMag_mfcc[7];pcm_fftMag_mfcc[8];pcm_fftMag_mfcc[9];pcm_fftMag_mfcc[10];pcm_fftMag_mfcc[11];pcm_fftMag_mfcc[12];pcm_fftMag_mfcc[13]
0;0.000000;-2.557760e+00;3.885237e+00;-4.788074e+00;6.342405e+00;-4.735819e+00;-1.827059e-01;3.288169e-01;-3.445670e+00;-1.548005e+00;-3.211346e+00;2.601945e+00;2.062022e+00;-4.605280e+00;1.764252e+00
1;0.100000;4.087667e-01;-1.843682e+00;-3.972491e+00;7.830124e-01;-2.049435e+00;2.653415e+00;-1.424747e+00;1.441251e+00;-1.606197e+00;-1.874973e+00;2.678626e+00;-2.896945e+00;-4.234790e+00;1.807076e+00
2;0.200000;2.335345e+00;-6.799000e+00;8.277540e-01;-6.252602e+00;3.248230e+00;9.332170e-01;1.482590e+00;3.531378e+00;-1.345864e+00;1.170877e+00;-1.028398e+00;-1.518537e+00;-4.896208e+00;-1.218414e-02
3;0.300000;1.782870e+00;-1.950271e+00;3.130423e+00;-4.752173e+00;2.511393e+00;-2.104082e-01;-2.156134e-01;7.539248e-01;-5.267000e-02;1.471948e+00;-1.752037e+00;-1.329748e+00;1.939376e+00;-8.937988e-01
4;0.400000;-6.788244e-01;3.788757e+00;2.583073e+00;9.276485e-02;2.444572e+00;1.937342e-01;-2.086166e+00;-3.503467e+00;1.429142e+00;2.968659e+00;-9.261627e-01;1.083565e+00;6.434617e+00;-1.369644e+00
5;0.500000;-1.290401e+00;2.918962e+00;2.219315e+00;3.786592e+00;-1.418945e+00;-3.387246e+00;1.915121e+00;1.222582e+00;3.123595e+00;-5.251648e-01;-1.573974e+00;2.599643e+00;5.362286e+00;-1.295769e+00
