frameIndex;frameTime;pcm_fftMag_mfcc[0];pcm_fftMag_mfcc[1];pcm_fftMag_mfcc[2];pcm_fftMag_mfcc[3];pcm_fftMag_mfcc[4];pcm_fftMag_mfcc[5];pcm_fftMag_mfcc[6];pcm_fftMag_mfcc[7];pcm_fftMag_mfcc[8];pcm_fftMag_mfcc[9];pcm_fftMag_mfcc[10];pcm_fftMag_mfcc[11];pcm_fftMag_mfcc[12];pcm_fftMag_mfcc[13]
0;0.000000;-1.116959e+01;1.022444e+01;4.770733e+00;-1.634399e+00;-1.032811e+01;5.766659e-01;3.028933e+00;-1.005041e+00;2.312205e+00;3.070493e+00;2.991095e+00;2.356753e+00;-5.490768e+00;2.723770e+00
1;0.100000;-9.048346e+00;1.124485e+01;-2.107904e+00;-2.511574e+00;-1.443012e+00;1.080286e+00;-9.475803e-02;-5.998648e+00;-1.041247e+00;1.396858e+00;-2.603348e+00;1.796788e+00;2.813566e-02;2.103485e+00
2;0.200000;-2.915529e+00;4.818794e+00;-8.526664e+00;-4.285698e-01;6.014313e+00;2.908010e-01;1.054898e+00;7.687550e-01;6.820931e-01;-1.405687e+00;-1.064817e+00;2.720780e+00;-8.973625e-01;1.458214e+00
3;0.300000;6.448008e+00;-7.132202e+00;-5.761528e+00;3.970308e+00;5.175558e+00;-3.466960e+00;3.100156e+00;2.135509e+00;-1.206931e+00;-1.224215e+00;-3.883076e-01;-2.266419e+00;1.637698e+00;-1.322174e+00
4;0.400000;1.668545e+01;-1.915589e+01;1.162537e+01;6.042404e-01;5.812607e-01;1.519207e+00;-7.089231e+00;4.099421e+00;-7.461195e-01;-1.837449e+00;1.065371e+00;-4.607903e+00;4.722296e+00;-4.963326e+00
