frameIndex;frameTime;pcm_fftMag_mfcc[0];pcm_fftMag_mfcc[1];pcm_fftMag_mfcc[2];pcm_fftMag_mfcc[3];pcm_fftMag_mfcc[4];pcm_fftMag_mfcc[5];pcm_fftMag_mfcc[6];pcm_fftMag_mfcc[7];pcm_fftMag_mfcc[8];pcm_fftMag_mfcc[9];pcm_fftMag_mfcc[10];pcm_fftMag_mfcc[11];pcm_fftMag_mfcc[12];pcm_fftMag_mfcc[13]
0;0.000000;-1.133070e+00;3.498176e+00;1.367673e+01;6.600806e+00;-1.252498e+01;-1.121200e+01;-8.370599e+00;7.060777e+00;1.929764e+00;-4.962700e-01;5.200237e+00;1.441846e+00;6.846674e+00;4.356537e-01
1;0.100000;3.959012e-01;3.749177e+00;6.157385e+00;7.633013e+00;-8.634890e+00;-7.108619e+00;-7.026656e+00;-8.669643e-01;7.355890e-01;-2.442088e+00;4.387209e+00;4.040842e+00;5.746803e+00;-2.377449e+00
2;0.200000;-2.915573e-02;1.176483e+00;-8.479382e+00;-5.068069e+00;6.400872e+00;3.415522e+00;2.418674e+00;-8.012276e+00;-3.305359e-01;8.918530e-01;-1.725379e+00;1.798582e+00;2.975197e-01;-2.791199e+00
3;0.300000;-6.902165e-01;-3.257757e+00;-8.740540e+00;-7.663175e+00;9.487698e+00;7.002559e+00;6.828689e+00;-3.143049e+00;9.043903e-01;2.496861e+00;-4.667207e+00;-2.899776e+00;-4.221046e+00;8.212433e-01
4;0.400000;9.102807e-01;-3.076027e+00;-4.812865e+00;-3.953866e+00;6.362409e+00;5.206004e+00;5.052294e+00;-4.835911e-01;-1.458700e+00;7.505874e-01;-3.004281e+00;-2.527654e+00;-5.396178e+00;2.328354e+00
5;0.500000;5.462613e-01;-2.090048e+00;2.198679e+00;2.451293e+00;-1.091112e+00;2.696531e+00;1.097597e+00;5.445108e+00;-1.780505e+00;-1.200944e+00;-1.905787e-01;-1.853839e+00;-3.273773e+00;1.583374e+00
