frameIndex;frameTime;pcm_fftMag_mfcc[0];pcm_fftMag_mfcc[1];pcm_fftMag_mfcc[2];pcm_fftMag_mfcc[3];pcm_fftMag_mfcc[4];pcm_fftMag_mfcc[5];pcm_fftMag_mfcc[6];pcm_fftMag_mfcc[7];pcm_fftMag_mfcc[8];pcm_fftMag_mfcc[9];pcm_fftMag_mfcc[10];pcm_fftMag_mfcc[11];pcm_fftMag_mfcc[12];pcm_fftMag_mfcc[13]
0;0.000000;-1.300309e-01;-2.313528e-01;-2.546543e+00;-1.275746e+00;-1.009560e-02;2.020158e+00;-2.799087e+00;-6.535184e-01;-2.916040e-01;4.129353e+00;9.342861e-02;-6.759167e-01;-2.091836e+00;-7.990265e-01
1;0.100000;1.300309e-01;2.313538e-01;2.546543e+00;1.275746e+00;1.009655e-02;-2.020157e+00;2.799087e+00;6.535185e-01;2.916040e-01;-4.129353e+00;-9.342861e-02;6.759167e-01;2.091836e+00;7.990265e-01
