frameIndex;frameTime;pcm_fftMag_mfcc[0];pcm_fftMag_mfcc[1];pcm_fftMag_mfcc[2];pcm_fftMag_mfcc[3];pcm_fftMag_mfcc[4];pcm_fftMag_mfcc[5];pcm_fftMag_mfcc[6];pcm_fftMag_mfcc[7];pcm_fftMag_mfcc[8];pcm_fftMag_mfcc[9];pcm_fftMag_mfcc[10];pcm_fftMag_mfcc[11];pcm_fftMag_mfcc[12];pcm_fftMag_mfcc[13]
0;0.000000;-4.509896e+00;-1.615851e+00;-2.019573e+00;-2.333810e+00;3.983992e+00;3.283581e+00;-1.221328e+00;7.917899e+00;4.901253e+00;-5.536704e+00;-2.532520e+00;-8.719940e-01;-1.206288e+00;2.479134e+00
1;0.100000;-5.643811e+00;-1.911650e-01;1.636914e+00;4.472961e-01;1.450315e+00;2.885491e+00;-3.222963e+00;-1.926002e+00;-4.202998e+00;-7.890706e+00;1.486936e+00;-6.552563e-01;-3.802756e+00;2.297638e+00
2;0.200000;-2.019534e+00;1.252804e-01;1.309964e+00;1.391352e+00;-1.384998e+00;1.525174e+00;-3.241029e+00;-7.659883e+00;-8.288695e+00;-4.556806e+00;5.855975e+00;9.095161e-01;-3.015559e+00;7.933502e-01
3;0.300000;3.164975e+00;-6.591415e-01;2.571937e+00;-8.896622e-01;-3.479612e+00;-9.055748e-01;4.612951e-01;-7.569802e+00;-4.806236e+00;4.327799e+00;1.609250e+00;1.549153e-01;1.657475e+00;-1.754707e+00
4;0.400000;4.760392e+00;1.587629e-01;2.108490e+00;-3.970195e-01;-2.248497e+00;-3.295899e+00;2.987231e+00;1.786287e+00;4.372848e+00;7.163886e+00;-2.382143e+00;2.336274e+00;5.222249e+00;-2.205124e+00
5;0.500000;4.247876e+00;2.182114e+00;-5.607732e+00;1.781844e+00;1.678801e+00;-3.492777e+00;4.236792e+00;7.451501e+00;8.023830e+00;6.492531e+00;-4.037494e+00;-1.873456e+00;1.144880e+00;-1.610283e+00
