frameIndex;frameTime;pcm_fftMag_mfcc[0];pcm_fftMag_mfcc[1];pcm_fftMag_mfcc[2];pcm_fftMag_mfcc[3];pcm_fftMag_mfcc[4];pcm_fftMag_mfcc[5];pcm_fftMag_mfcc[6];pcm_fftMag_mfcc[7];pcm_fftMag_mfcc[8];pcm_fftMag_mfcc[9];pcm_fftMag_mfcc[10];pcm_fftMag_mfcc[11];pcm_fftMag_mfcc[12];pcm_fftMag_mfcc[13]
0;0.000000;3.948144e+00;-5.768753e+00;-1.288206e+00;-1.336823e+00;4.438868e-01;-2.568026e+00;2.939032e+00;2.520899e+00;-1.955075e+00;6.058487e+00;1.670439e-01;2.711251e+00;-4.461170e+00;1.091461e-01
1;0.100000;-1.552869e+00;2.617970e-01;-4.093515e+00;2.211889e+00;-1.535779e+00;-8.242517e-01;8.656626e-01;1.091957e-01;2.165590e+00;2.190475e+00;1.034942e+00;1.205886e+00;-3.924834e+00;2.479172e-01
2;0.200000;-5.993656e+00;6.504951e+00;3.865986e-01;1.759786e+00;-2.219720e+00;8.825130e-01;-1.515708e+00;-2.841703e+00;3.511008e+00;-7.257910e-01;-4.626309e-01;3.217057e+00;-8.255876e-01;-1.656593e+00
3;0.300000;-1.995718e+00;7.024972e+00;1.672401e-01;8.037472e-02;-5.255780e+00;4.701796e-01;1.609707e+00;-3.192115e+00;2.209625e-01;-2.120001e+00;-1.128639e+00;3.465047e+00;2.492316e-01;-8.228149e-01
4;0.400000;2.267856e+00;-1.875766e+00;1.337430e+00;-7.635212e-01;1.221399e+00;8.605080e-01;-2.034563e+00;-3.072453e-01;-2.412000e+00;-1.387638e+00;1.486917e-01;-2.594731e+00;2.807329e+00;7.209396e-01
5;0.500000;3.326242e+00;-6.147202e+00;3.490452e+00;-1.951704e+00;7.345991e+00;1.179078e+00;-1.864129e+00;3.710971e+00;-1.530489e+00;-4.015531e+00;2.405923e-01;-8.004502e+00;6.155030e+00;1.401405e+00
