frameIndex;frameTime;pcm_fftMag_mfcc[0];pcm_fftMag_mfcc[1];pcm_fftMag_mfcc[2];pcm_fftMag_mfcc[3];pcm_fftMag_mfcc[4];pcm_fftMag_mfcc[5];pcm_fftMag_mfcc[6];pcm_fftMag_mfcc[7];pcm_fftMag_mfcc[8];pcm_fftMag_mfcc[9];pcm_fftMag_mfcc[10];pcm_fftMag_mfcc[11];pcm_fftMag_mfcc[12];pcm_fftMag_mfcc[13]
0;0.000000;1.016569e-01;-3.453350e-01;2.001882e+00;1.308660e+00;-1.544159e+00;-2.846909e-02;-3.049319e+00;1.336970e+00;8.818709e-01;-2.426869e+00;1.787363e+00;1.618357e-01;1.782864e+00;4.834518e-01
1;0.100000;4.913673e-01;-6.509039e-01;9.960122e-01;5.570812e-01;-2.159863e-01;-4.567757e-01;-2.779680e+00;2.315226e+00;6.994943e-01;-2.037582e+00;3.284817e-01;8.691791e-01;2.017534e+00;-2.204132e-01
2;0.200000;-2.440605e+00;5.416910e+00;-5.469575e+00;2.649313e+00;3.330157e+00;-1.929403e+00;3.175996e+00;-1.186967e+00;1.606750e+00;-9.322419e-01;-2.558594e+00;3.849878e+00;7.117026e-01;-7.333679e-01
3;0.300000;-2.873529e+00;3.453423e+00;-3.184973e+00;9.618711e-01;-4.314423e-02;-6.731377e-01;4.158226e+00;-1.712635e+00;1.593804e+00;2.608900e-01;-4.043741e-01;1.917077e+00;-1.644135e+00;9.014282e-01
4;0.400000;-5.165482e-01;-3.897333e-01;2.116974e+00;-4.799891e-01;-2.622072e+00;-3.469696e-01;8.092566e-01;-2.323967e+00;-8.877428e-01;6.004043e-01;2.332631e+00;-7.740840e-01;-1.305683e+00;8.031693e-01
5;0.500000;5.237658e+00;-7.484362e+00;3.539684e+00;-4.996939e+00;1.095201e+00;3.434749e+00;-2.314480e+00;1.571374e+00;-3.894177e+00;4.535401e+00;-1.485502e+00;-6.023886e+00;-1.562282e+00;-1.234230e+00
