frameIndex;frameTime;pcm_fftMag_mfcc[0];pcm_fftMag_mfcc[1];pcm_fftMag_mfcc[2];pcm_fftMag_mfcc[3];pcm_fftMag_mfcc[4];pcm_fftMag_mfcc[5];pcm_fftMag_mfcc[6];pcm_fftMag_mfcc[7];pcm_fftMag_mfcc[8];pcm_fftMag_mfcc[9];pcm_fftMag_mfcc[10];pcm_fftMag_mfcc[11];pcm_fftMag_mfcc[12];pcm_fftMag_mfcc[13]
0;0.000000;6.803230e-01;-1.429884e+00;-5.694010e+00;-2.624485e+00;9.506569e-01;7.735062e-01;2.843341e+00;-6.927691e-01;-1.187165e+00;2.709796e+00;-9.064124e-01;-3.475200e+00;-9.803253e-01;1.083954e+00
1;0.100000;1.968871e-01;-5.388019e-01;-1.558973e+00;1.209875e+00;-4.319839e-01;-3.372421e-01;-3.529863e-01;5.478487e-01;4.025764e+00;1.661162e+00;1.703051e+00;-2.101783e+00;-2.965854e+00;9.516678e-01
2;0.200000;-3.492255e-01;2.901630e+00;6.943064e-01;-8.028669e-01;7.457008e-01;9.139280e-01;-9.666119e-01;2.666926e-01;5.626993e-01;-4.478033e-01;6.286930e-01;4.388647e-01;-1.746684e-01;-1.726074e-01
3;0.300000;2.659316e-01;5.379511e+00;3.011742e+00;-4.035697e+00;5.354061e-01;4.223560e+00;5.255880e-01;-1.690088e+00;-3.043030e+00;-3.480123e+00;-4.013052e-01;3.613658e+00;2.770334e+00;-2.518272e+00
4;0.400000;4.620740e-01;-2.376897e+00;2.038218e+00;2.216569e+00;-7.512112e-01;-2.556038e-01;-1.484401e+00;-9.559250e-02;-7.866184e-01;-2.505383e+00;3.369086e-01;1.525886e+00;8.268701e-01;-8.330612e-01
5;0.500000;-1.255990e+00;-3.935558e+00;1.508715e+00;4.036608e+00;-1.048574e+00;-5.318155e+00;-5.649271e-01;1.663907e+00;4.283503e-01;2.062351e+00;-1.360935e+00;-1.423836e-03;5.236436e-01;1.488281e+00
