frameIndex;frameTime;pcm_fftMag_mfcc[0];pcm_fftMag_mfcc[1];pcm_fftMag_mfcc[2];pcm_fftMag_mfcc[3];pcm_fftMag_mfcc[4];pcm_fftMag_mfcc[5];pcm_fftMag_mfcc[6];pcm_fftMag_mfcc[7];pcm_fftMag_mfcc[8];pcm_fftMag_mfcc[9];pcm_fftMag_mfcc[10];pcm_fftMag_mfcc[11];pcm_fftMag_mfcc[12];pcm_fftMag_mfcc[13]
0;0.000000;-8.785572e-01;1.544809e-01;-2.939432e+00;-1.520904e-01;1.495193e+00;1.701938e+00;-9.559956e-01;-1.162487e+00;-1.557832e-01;-1.618699e+00;7.516460e-01;-1.365996e+00;-8.712130e-01;1.091530e+00
1;0.100000;8.785572e-01;-1.544819e-01;2.939432e+00;1.520904e-01;-1.495193e+00;-1.701938e+00;9.559956e-01;1.162487e+00;1.557837e-01;1.618699e+00;-7.516460e-01;1.365996e+00;8.712130e-01;-1.091522e+00
