frameIndex;frameTime;pcm_fftMag_mfcc[0];pcm_fftMag_mfcc[1];pcm_fftMag_mfcc[2];pcm_fftMag_mfcc[3];pcm_fftMag_mfcc[4];pcm_fftMag_mfcc[5];pcm_fftMag_mfcc[6];pcm_fftMag_mfcc[7];pcm_fftMag_mfcc[8];pcm_fftMag_mfcc[9];pcm_fftMag_mfcc[10];pcm_fftMag_mfcc[11];pcm_fftMag_mfcc[12];pcm_fftMag_mfcc[13]
0;0.000000;-4.331906e+00;1.010415e+00;1.378657e+00;3.453102e+00;-8.136406e-01;-5.255704e+00;8.408592e+00;3.343127e+00;1.708887e+00;-4.481757e+00;2.254866e+00;2.748430e+00;3.234834e+00;2.513565e+00
1;0.100000;-1.722628e+00;-1.578565e+00;1.126509e-01;1.724455e+00;2.497118e+00;-4.419044e+00;5.969151e+00;4.236876e+00;1.993718e+00;-6.257327e+00;1.054764e-01;2.383986e+00;2.560211e+00;2.255989e+00
2;0.200000;-2.969068e-01;-2.205986e+00;2.677126e+00;1.861489e+00;-8.678150e-01;5.055368e-01;-1.314976e+00;2.114401e+00;2.551929e+00;-2.586218e+00;-8.989677e-01;1.268113e+00;2.026363e+00;5.953751e-01
3;0.300000;-1.540009e-01;-1.189847e+00;3.671083e+00;2.632124e+00;-2.416451e+00;4.579262e+00;-5.538759e+00;-1.909244e+00;3.255028e+00;4.973218e+00;-5.254145e-01;-1.565751e+00;-1.579372e+00;-1.561516e+00
4;0.400000;2.429282e+00;8.487959e-01;-2.215461e+00;-2.221354e+00;-1.537282e+00;4.560168e+00;-3.341927e+00;-4.163646e+00;-2.819517e+00;5.373724e+00;-9.557667e-01;-2.787441e+00;-3.173779e+00;-1.416267e+00
5;0.500000;4.076159e+00;3.115186e+00;-5.624058e+00;-7.449820e+00;3.138071e+00;2.978134e-02;-4.182082e+00;-3.621514e+00;-6.690046e+00;2.978358e+00;1.980972e-02;-2.047336e+00;-3.068256e+00;-2.387154e+00
