frameIndex;frameTime;pcm_fftMag_mfcc[0];pcm_fftMag_mfcc[1];pcm_fftMag_mfcc[2];pcm_fftMag_mfcc[3];pcm_fftMag_mfcc[4];pcm_fftMag_mfcc[5];pcm_fftMag_mfcc[6];pcm_fftMag_mfcc[7];pcm_fftMag_mfcc[8];pcm_fftMag_mfcc[9];pcm_fftMag_mfcc[10];pcm_fftMag_mfcc[11];pcm_fftMag_mfcc[12];pcm_fftMag_mfcc[13]
0;0.000000;-8.422870e+00;1.310989e+01;-7.756163e+00;-1.678967e+00;2.996652e-01;-6.404801e+00;3.705232e+00;4.169139e+00;-4.893222e-01;5.195479e-01;-1.982911e+00;-4.021944e+00;4.101664e+00;-6.139374e-01
1;0.100000;-5.418942e+00;1.798501e+01;-4.472891e+00;-6.263489e+00;-1.744980e+00;-3.111469e+00;-2.169403e+00;-3.951732e+00;-2.801695e+00;1.697927e-01;-3.096259e+00;-3.857467e+00;2.487511e+00;-2.216438e+00
2;0.200000;1.658003e+00;3.273534e+00;-1.645035e+00;-1.359087e+00;-3.331573e-01;2.724740e+00;-6.615286e+00;-6.122504e+00;-5.976009e-02;-2.578747e-01;-1.653616e+00;-2.417949e+00;-2.983692e-01;-5.663147e-01
3;0.300000;4.612701e+00;-9.296686e+00;4.714715e+00;-1.065924e+00;4.063836e+00;2.616815e+00;-2.689999e+00;-2.596715e+00;7.836800e-01;-3.701458e-01;-9.562302e-02;2.423989e+00;-3.340181e+00;7.484894e-01
4;0.400000;3.325856e+00;-1.279692e+01;4.492631e+00;3.428888e+00;1.077537e+00;2.883952e+00;1.771457e+00;2.287703e+00;1.594214e+00;1.560924e-01;2.844294e+00;3.794956e+00;-2.020799e+00;1.780762e+00
5;0.500000;4.245256e+00;-1.227483e+01;4.666754e+00;6.938581e+00;-3.362901e+00;1.290761e+00;5.998000e+00;6.214112e+00;9.728842e-01;-2.174127e-01;3.984113e+00;4.078412e+00;-9.298246e-01;8.674011e-01
