frameIndex;frameTime;pcm_fftMag_mfcc[0];pcm_fftMag_mfcc[1];pcm_fftMag_mfcc[2];pcm_fftMag_mfcc[3];pcm_fftMag_mfcc[4];pcm_fftMag_mfcc[5];pcm_fftMag_mfcc[6];pcm_fftMag_mfcc[7];pcm_fftMag_mfcc[8];pcm_fftMag_mfcc[9];pcm_fftMag_mfcc[10];pcm_fftMag_mfcc[11];pcm_fftMag_mfcc[12];pcm_fftMag_mfcc[13]
0;0.000000;-1.802753e+00;-3.649021e+00;3.423418e+00;-5.417397e+00;-1.516397e+00;1.896982e+00;-4.257485e+00;-8.962970e-01;-5.589741e+00;1.193671e-01;-3.232437e+00;2.450436e+00;-1.535127e-01;-1.195236e+00
1;0.100000;6.428976e-01;-1.511291e+00;3.056536e-01;-1.159594e+00;6.683922e-02;7.712374e-01;-7.831364e-01;1.329533e+00;6.891595e-01;-1.818310e+00;-1.495049e+00;-1.437948e+00;1.061676e+00;-9.845734e-02
2;0.200000;1.019299e+00;1.178405e+00;-2.504265e+00;1.522956e+00;2.355967e+00;4.585962e-01;8.496122e-01;9.700336e-01;3.645598e+00;-4.099302e-01;1.906071e-01;-1.933334e+00;-4.156184e-01;7.163925e-01
3;0.300000;1.405592e-01;3.981906e+00;-1.224806e+00;5.054036e+00;-9.064064e-01;-3.126813e+00;4.191010e+00;-1.403270e+00;1.254984e+00;2.108873e+00;4.536875e+00;9.208460e-01;-4.925451e-01;5.772858e-01
