frameIndex;frameTime;pcm_fftMag_mfcc[0];pcm_fftMag_mfcc[1];pcm_fftMag_mfcc[2];pcm_fftMag_mfcc[3];pcm_fftMag_mfcc[4];pcm_fftMag_mfcc[5];pcm_fftMag_mfcc[6];pcm_fftMag_mfcc[7];pcm_fftMag_mfcc[8];pcm_fftMag_mfcc[9];pcm_fftMag_mfcc[10];pcm_fftMag_mfcc[11];pcm_fftMag_mfcc[12];pcm_fftMag_mfcc[13]
0;0.000000;5.437865e+00;-4.105475e+00;-1.179858e+01;9.695835e-01;2.725157e+00;6.209232e+00;2.449281e+00;-5.281525e+00;-1.961839e+00;3.053494e+00;-1.049461e-01;-6.212921e+00;6.901317e-01;-4.254990e-01
1;0.100000;1.341331e+00;-2.617265e-01;-5.786400e+00;-4.919800e+00;2.352325e+00;1.944091e+00;-5.078122e+00;-2.005630e+00;-8.071129e-01;5.501704e-01;4.064007e-01;-1.453555e+00;-8.184427e-01;1.065399e+00
2;0.200000;-4.223797e+00;5.596715e+00;4.946314e+00;-5.096974e+00;-1.439980e+00;-1.288866e+00;-5.418441e+00;4.586601e-01;2.671275e+00;-8.198404e-02;1.935120e+00;3.567444e+00;-6.356505e-01;9.417038e-01
3;0.300000;-4.915709e+00;2.510444e+00;4.828554e+00;-1.566172e+00;4.449253e-01;-2.217541e-01;-1.092750e+00;2.863866e+00;3.158232e+00;-1.167493e+00;-6.590157e-01;2.219946e+00;4.121308e-01;1.014359e+00
4;0.400000;-4.898720e-01;-1.490819e+00;2.284564e+00;3.783309e+00;6.604671e-01;-2.277672e+00;4.842962e+00;3.996884e+00;1.533782e-01;-1.700894e+00;-1.522854e+00;2.606297e-01;-1.690262e-01;-6.226349e-02
5;0.500000;2.850177e+00;-2.249139e+00;5.525544e+00;6.830055e+00;-4.742898e+00;-4.365028e+00;4.297070e+00;-3.225422e-02;-3.213934e+00;-6.532943e-01;-5.470848e-02;1.618459e+00;5.208569e-01;-2.533737e+00
