frameIndex;frameTime;pcm_fftMag_mfcc[0];pcm_fftMag_mfcc[1];pcm_fftMag_mfcc[2];pcm_fftMag_mfcc[3];pcm_fftMag_mfcc[4];pcm_fftMag_mfcc[5];pcm_fftMag_mfcc[6];pcm_fftMag_mfcc[7];pcm_fftMag_mfcc[8];pcm_fftMag_mfcc[9];pcm_fftMag_mfcc[10];pcm_fftMag_mfcc[11];pcm_fftMag_mfcc[12];pcm_fftMag_mfcc[13]
0;0.000000;-3.315851e+00;6.054235e+00;-6.552590e+00;6.140899e+00;2.271482e+00;-6.198006e+00;3.393219e+00;-3.670893e+00;4.544611e-01;5.199585e-01;3.294899e+00;8.773044e-01;1.860094e-02;2.718033e+00
1;0.100000;-8.222849e+00;9.393141e+00;-1.152429e+01;4.769690e+00;9.808010e+00;-2.396521e+00;5.641532e+00;-4.180244e+00;4.427285e-01;4.999723e-01;-1.251606e+00;1.750386e+00;3.184304e+00;-2.604599e+00
2;0.200000;-5.681942e+00;5.828780e+00;-2.997365e+00;1.273912e+00;-1.558609e+00;8.926964e-02;4.951706e+00;-5.648005e+00;3.552662e+00;5.890250e-01;1.056418e+00;2.619440e+00;-3.984952e-01;-2.042015e+00
3;0.300000;2.346228e+00;-2.540781e+00;8.030194e+00;-2.345953e+00;-5.571934e+00;2.061889e+00;-1.350848e+00;-2.560210e-01;8.989129e-01;-2.855369e+00;2.929366e+00;2.063632e-02;4.407640e-01;-1.921005e-01
4;0.400000;7.048446e+00;-8.771714e+00;1.219698e+01;-4.933158e+00;-3.662201e+00;2.631390e+00;-6.316606e+00;5.208429e+00;-4.401426e+00;-6.822739e-01;-3.629376e-01;-1.293319e+00;5.968761e-02;1.395111e-01
5;0.500000;7.825965e+00;-9.963658e+00;8.470669e-01;-4.905388e+00;-1.286749e+00;3.811987e+00;-6.319003e+00;8.546730e+00;-9.473372e-01;1.928683e+00;-5.666138e+00;-3.974447e+00;-3.304859e+00;1.981201e+00
