frameIndex;frameTime;pcm_fftMag_mfcc[0];pcm_fftMag_mfcc[1];pcm_fftMag_mfcc[2];pcm_fftMag_mfcc[3];pcm_fftMag_mfcc[4];pcm_fftMag_mfcc[5];pcm_fftMag_mfcc[6];pcm_fftMag_mfcc[7];pcm_fftMag_mfcc[8];pcm_fftMag_mfcc[9];pcm_fftMag_mfcc[10];pcm_fftMag_mfcc[11];pcm_fftMag_mfcc[12];pcm_fftMag_mfcc[13]
0;0.000000;3.956914e+00;-2.094979e+00;-7.464765e+00;-4.609516e+00;2.335938e+00;-8.587389e-01;-4.937787e+00;-2.643974e+00;9.323845e-01;5.472660e+00;-1.813051e+00;-1.882161e+00;6.705245e-01;1.154594e+00
1;0.100000;2.490252e+00;-4.063597e+00;-6.038837e+00;-2.451828e+00;1.484365e+00;-1.724293e+00;-3.674573e+00;2.001149e+00;2.671784e+00;5.776755e+00;5.755830e-01;-1.827121e+00;1.489219e+00;3.730164e+00
2;0.200000;1.368021e+00;-3.794648e+00;-2.282088e+00;-1.464195e-01;4.516907e-01;-2.544373e+00;-2.758072e+00;3.785297e+00;2.015510e+00;3.896379e+00;6.357627e-01;-2.092814e+00;2.124256e+00;2.613365e+00
3;0.300000;-1.220399e+00;1.074871e+00;2.495268e+00;2.296028e+00;-6.270294e-01;-7.009945e-01;1.425322e+00;1.233584e+00;-7.261534e-01;-2.347521e+00;-1.306890e+00;6.010103e-02;1.552430e-01;-6.447372e-01
4;0.400000;-3.195621e+00;5.618165e+00;6.248315e+00;2.506121e+00;-2.398399e+00;4.924418e+00;5.532056e+00;-3.394110e+00;-2.677303e+00;-5.624736e+00;6.886101e-01;1.437376e+00;-3.946667e+00;-3.169006e+00
5;0.500000;-3.399170e+00;3.260191e+00;7.042107e+00;2.405614e+00;-1.246563e+00;9.039793e-01;4.413055e+00;-9.819493e-01;-2.216223e+00;-7.173535e+00;1.219985e+00;4.304617e+00;-4.925752e-01;-3.684357e+00
