frameIndex;frameTime;pcm_fftMag_mfcc[0];pcm_fftMag_mfcc[1];pcm_fftMag_mfcc[2];pcm_fftMag_mfcc[3];pcm_fftMag_mfcc[4];pcm_fftMag_mfcc[5];pcm_fftMag_mfcc[6];pcm_fftMag_mfcc[7];pcm_fftMag_mfcc[8];pcm_fftMag_mfcc[9];pcm_fftMag_mfcc[10];pcm_fftMag_mfcc[11];pcm_fftMag_mfcc[12];pcm_fftMag_mfcc[13]
0;0.000000;3.115616e-01;-5.193542e+00;1.085543e+00;1.827116e+00;-3.162534e+00;-6.004960e+00;-4.859552e-01;3.827640e+00;-3.271353e+00;-2.117317e+00;-1.690755e+00;2.775322e+00;1.476393e+00;1.912514e+00
1;0.100000;-3.497190e+00;-8.541802e-01;-4.346209e+00;7.287640e+00;-4.872595e+00;-1.883211e+00;1.328301e+00;3.201996e+00;-2.037895e+00;-3.036644e+00;1.011616e+00;3.207021e-01;1.098250e+00;1.329872e+00
2;0.200000;-4.756149e+00;4.003222e+00;-4.584578e+00;5.446426e+00;-4.170144e+00;2.441041e+00;1.097254e+00;1.882229e+00;2.952650e+00;-3.314339e+00;3.914061e-01;5.818827e-01;3.116035e-02;2.493286e-02
3;0.300000;-2.234040e+00;3.051782e+00;-1.339493e+00;2.766015e+00;-1.275330e+00;4.090656e+00;-5.156555e-01;6.409159e-01;3.509370e+00;-4.190674e-01;-2.573043e+00;-2.782502e+00;-6.981263e-01;5.228271e-01
4;0.400000;2.567418e+00;1.737094e-02;2.635599e+00;-2.931525e+00;4.605902e+00;1.585791e+00;-4.524736e-01;-1.399772e+00;8.771323e-01;2.835190e+00;-9.372931e-01;-1.970340e+00;-2.056301e+00;-7.924271e-01
5;0.500000;7.608406e+00;-1.024653e+00;6.549140e+00;-1.439567e+01;8.874700e+00;-2.293172e-01;-9.714718e-01;-8.153009e+00;-2.029903e+00;6.052178e+00;3.798066e+00;1.074935e+00;1.486268e-01;-2.997673e+00
