frameIndex;frameTime;pcm_fftMag_mfcc[0];pcm_fftMag_mfcc[1];pcm_fftMag_mfcc[2];pcm_fftMag_mfcc[3];pcm_fftMag_mfcc[4];pcm_fftMag_mfcc[5];pcm_fftMag_mfcc[6];pcm_fftMag_mfcc[7];pcm_fftMag_mfcc[8];pcm_fftMag_mfcc[9];pcm_fftMag_mfcc[10];pcm_fftMag_mfcc[11];pcm_fftMag_mfcc[12];pcm_fftMag_mfcc[13]
0;0.000000;3.700265e+00;-3.118661e+00;-2.658381e+00;-1.724693e+00;4.597304e+00;-3.155923e+00;-7.456681e+00;1.602622e+00;-2.917413e+00;-2.635131e+00;-5.819778e+00;-2.548410e+00;2.007926e+00;-7.098381e+00
1;0.100000;2.995906e+00;-2.685751e+00;-3.100046e+00;-2.146195e+00;3.885941e+00;-3.649582e+00;-9.154546e+00;1.385609e+00;-4.162382e+00;-2.102648e+00;-6.402963e+00;-4.203078e+00;1.522146e+00;-1.525269e+00
2;0.200000;-4.881849e-01;3.282840e+00;-2.862101e+00;1.864904e+00;4.491970e+00;-1.015438e+00;-2.419089e+00;-1.137261e+00;2.585100e+00;-1.027101e+00;-2.994336e+00;-1.091652e+00;1.659172e+00;1.483078e+00
3;0.300000;-2.568830e+00;5.428234e+00;7.003956e-01;1.300261e+00;-4.325449e-02;3.345420e+00;4.304061e+00;-2.078563e+00;3.931716e+00;1.942761e+00;4.052685e+00;3.306670e+00;-9.871142e-01;3.245354e+00
4;0.400000;-2.403278e+00;2.323564e+00;2.803630e+00;1.304493e-01;-4.969031e+00;3.870532e+00;7.928853e+00;-1.358609e+00;1.406340e+00;2.686718e+00;7.876617e+00;4.409919e+00;-2.030425e+00;3.415749e+00
5;0.500000;-1.235877e+00;-5.230227e+00;5.116502e+00;5.752764e-01;-7.962930e+00;6.049910e-01;6.797398e+00;1.586200e+00;-8.433629e-01;1.135398e+00;3.287777e+00;1.265507e-01;-2.171705e+00;4.794846e-01
