frameIndex;frameTime;pcm_fftMag_mfcc[0];pcm_fftMag_mfcc[1];pcm_fftMag_mfcc[2];pcm_fftMag_mfcc[3];pcm_fftMag_mfcc[4];pcm_fftMag_mfcc[5];pcm_fftMag_mfcc[6];pcm_fftMag_mfcc[7];pcm_fftMag_mfcc[8];pcm_fftMag_mfcc[9];pcm_fftMag_mfcc[10];pcm_fftMag_mfcc[11];pcm_fftMag_mfcc[12];pcm_fftMag_mfcc[13]
0;0.000000;4.379131e+00;-4.420954e+00;-5.666487e+00;-6.816944e+00;2.114738e+00;5.272393e+00;-1.870971e+00;6.971626e-01;-3.730167e+00;-1.859533e-01;5.652261e-01;-2.346498e+00;-4.687576e+00;6.205139e-01
1;0.100000;5.880305e+00;-9.158096e+00;-1.501815e+00;-8.143511e+00;3.496119e+00;1.401310e+00;-1.640875e+00;3.888148e+00;-6.540487e+00;5.781933e+00;-5.689485e+00;2.357771e+00;-7.067741e+00;1.601814e+00
2;0.200000;3.382159e+00;-6.100442e+00;1.345463e-01;-3.868981e+00;1.345057e+00;-7.235036e-01;6.684833e-01;4.725337e-01;-1.896808e+00;3.272198e+00;-2.186728e+00;7.435250e-01;-2.293723e+00;1.137047e+00
3;0.300000;-3.024214e+00;3.849414e+00;1.254938e+00;3.234626e+00;-1.057081e+00;9.851313e-02;1.530498e+00;-2.169518e+00;6.558957e-01;-3.163738e-01;4.016396e+00;-5.529826e-01;2.691996e+00;-8.597107e-01
4;0.400000;-6.193763e+00;9.321700e+00;2.858216e+00;8.226387e+00;-1.587740e+00;-2.592693e+00;1.073593e+00;-1.224141e+00;3.863373e+00;-3.802010e+00;2.800467e+00;-2.131289e-01;5.220201e+00;-2.060570e+00
5;0.500000;-4.423618e+00;6.508376e+00;2.920604e+00;7.368419e+00;-4.311096e+00;-3.456020e+00;2.392726e-01;-1.664185e+00;7.648194e+00;-4.749794e+00;4.941249e-01;1.131248e-02;6.136848e+00;-4.390564e-01
