frameIndex;frameTime;pcm_fftMag_mfcc[0];pcm_fftMag_mfcc[1];pcm_fftMag_mfcc[2];pcm_fftMag_mfcc[3];pcm_fftMag_mfcc[4];pcm_fftMag_mfcc[5];pcm_fftMag_mfcc[6];pcm_fftMag_mfcc[7];pcm_fftMag_mfcc[8];pcm_fftMag_mfcc[9];pcm_fftMag_mfcc[10];pcm_fftMag_mfcc[11];pcm_fftMag_mfcc[12];pcm_fftMag_mfcc[13]
0;0.000000;1.005370e+00;-2.121500e+00;3.178921e+00;-1.733313e-01;-1.871869e+00;-4.012446e+00;2.253740e+00;-3.943659e+00;1.251497e+00;-6.723563e+00;-5.851719e+00;-1.233805e+00;-3.001008e+00;1.966270e+00
1;0.100000;2.300315e+00;-5.655546e+00;3.326005e+00;-1.247776e+00;2.805528e+00;-1.845281e+00;-5.187168e-01;8.961229e-01;1.171312e-01;-8.459623e-01;-3.641706e+00;-6.842923e-01;-3.997611e+00;6.402588e-01
2;0.200000;3.228585e+00;-5.857218e+00;-9.407644e-01;-5.751286e+00;4.180306e+00;-3.806869e+00;-4.082375e-01;1.350527e-01;-1.615781e+00;-1.057127e-01;-3.287669e+00;1.154201e+00;-5.042207e+00;1.786125e+00
3;0.300000;3.261706e+00;-1.876739e+00;-4.261450e+00;-6.603338e+00;2.560382e+00;-2.527999e+00;-8.478298e-01;-2.856537e+00;-1.865467e+00;-2.032931e-01;-1.696629e+00;2.226433e+00;-1.644624e+00;-7.844543e-02
4;0.400000;-9.482751e-01;7.952159e+00;-6.190727e+00;4.208872e+00;-3.987345e+00;6.362617e+00;1.659710e+00;-5.588207e-01;-1.397354e+00;1.073065e+00;5.448427e+00;1.471584e+00;5.855422e+00;-3.043549e+00
5;0.500000;-8.847700e+00;7.558845e+00;4.888019e+00;9.566864e+00;-3.687004e+00;5.829973e+00;-2.138670e+00;6.327841e+00;3.509974e+00;6.805467e+00;9.029293e+00;-2.934121e+00;7.830025e+00;-1.270691e+00
