frameIndex;frameTime;pcm_fftMag_mfcc[0];pcm_fftMag_mfcc[1];pcm_fftMag_mfcc[2];pcm_fftMag_mfcc[3];pcm_fftMag_mfcc[4];pcm_fftMag_mfcc[5];pcm_fftMag_mfcc[6];pcm_fftMag_mfcc[7];pcm_fftMag_mfcc[8];pcm_fftMag_mfcc[9];pcm_fftMag_mfcc[10];pcm_fftMag_mfcc[11];pcm_fftMag_mfcc[12];pcm_fftMag_mfcc[13]
0;0.000000;3.685595e+00;-8.961339e-01;6.278057e+00;-1.817760e+00;-9.870276e-01;4.889336e-01;-6.462932e+00;-3.232010e+00;-9.895020e-01;-6.461774e+00;4.443253e+00;2.351305e+00;1.102390e+00;-3.051414e+00
1;0.100000;4.290394e+00;-7.503933e+00;1.552701e+00;2.676259e+00;-1.354623e+00;3.170946e+00;-1.225783e+00;-2.883098e-01;-3.026753e+00;-4.285949e+00;2.399358e+00;-3.102171e-01;3.596731e+00;-5.003738e-01
2;0.200000;3.281689e-01;-5.661552e+00;-1.531423e+00;4.122873e+00;-2.591796e-01;1.639440e+00;3.109555e+00;-1.248082e-01;-6.366801e-01;-1.737795e+00;-4.029846e-02;1.530458e+00;1.279284e+00;1.885361e+00
3;0.300000;-3.368652e+00;4.684737e-01;-2.863291e+00;4.357357e+00;2.134235e+00;-1.860722e+00;4.758194e+00;7.454716e-01;1.105174e+00;2.037881e+00;-1.646590e+00;2.942277e+00;-8.819371e-01;1.875465e+00
4;0.400000;-4.100443e+00;6.911478e+00;-2.388165e+00;-1.837669e+00;1.955558e+00;-3.091583e+00;1.863778e+00;1.673007e+00;1.547215e+00;4.628459e+00;-2.239599e+00;-1.087005e+00;-2.842732e+00;2.488403e-01
5;0.500000;-8.350658e-01;6.681665e+00;-1.047881e+00;-7.501062e+00;-1.488962e+00;-3.470163e-01;-2.042809e+00;1.226649e+00;2.000545e+00;5.819174e+00;-2.916116e+00;-5.426819e+00;-2.253736e+00;-4.579239e-01
