frameIndex;frameTime;pcm_fftMag_mfcc[0];pcm_fftMag_mfcc[1];pcm_fftMag_mfcc[2];pcm_fftMag_mfcc[3];pcm_fftMag_mfcc[4];pcm_fftMag_mfcc[5];pcm_fftMag_mfcc[6];pcm_fftMag_mfcc[7];pcm_fftMag_mfcc[8];pcm_fftMag_mfcc[9];pcm_fftMag_mfcc[10];pcm_fftMag_mfcc[11];pcm_fftMag_mfcc[12];pcm_fftMag_mfcc[13]
0;0.000000;1.214782e+00;4.176793e-01;-1.661985e+00;-2.955658e+00;-4.159966e-01;5.139408e-01;-8.169713e-01;-1.286700e+00;-1.736694e+00;1.141095e+00;1.468694e+00;-1.834532e+00;-2.526949e+00;3.687363e-01
1;0.100000;-1.214781e+00;-4.176788e-01;1.661985e+00;2.955658e+00;4.159966e-01;-5.139408e-01;8.169708e-01;1.286700e+00;1.736694e+00;-1.141095e+00;-1.468694e+00;1.834532e+00;2.526949e+00;-3.687286e-01
