frameIndex;frameTime;pcm_fftMag_mfcc[0];pcm_fftMag_mfcc[1];pcm_fftMag_mfcc[2];pcm_fftMag_mfcc[3];pcm_fftMag_mfcc[4];pcm_fftMag_mfcc[5];pcm_fftMag_mfcc[6];pcm_fftMag_mfcc[7];pcm_fftMag_mfcc[8];pcm_fftMag_mfcc[9];pcm_fftMag_mfcc[10];pcm_fftMag_mfcc[11];pcm_fftMag_mfcc[12];pcm_fftMag_mfcc[13]
0;0.000000;-2.475867e+00;9.120042e+00;9.014783e+00;4.749897e+00;1.911402e+00;-1.859227e+00;2.594733e+00;-5.444547e+00;7.013842e+00;6.421467e+00;8.443570e+00;3.359369e+00;-7.566903e-01;1.196030e+00
1;0.100000;-2.759622e+00;5.722029e+00;1.079329e+01;-2.051364e+00;-2.196480e+00;1.471125e+00;5.708573e+00;-4.927633e-01;-4.123632e+00;2.361361e+00;7.014992e+00;2.864324e+00;-1.887242e+00;2.772827e-01
2;0.200000;-2.325544e-01;-1.582022e-01;2.677177e+00;-4.042027e+00;-8.446541e-01;7.138802e+00;3.663616e+00;3.436728e+00;-9.226492e+00;2.023344e+00;2.556047e-01;-6.308590e-01;-2.554158e+00;-2.644348e-02
3;0.300000;2.900683e+00;-4.164729e+00;-6.911973e+00;-2.185058e+00;-1.583895e+00;5.410305e+00;-2.846741e+00;9.548647e-01;-6.476297e+00;-3.971190e-01;-7.420741e+00;-3.242476e+00;1.525726e+00;-8.595200e-01
4;0.400000;3.243538e+00;-7.126171e+00;-8.590670e+00;-1.003365e+00;7.144833e-01;-2.995863e+00;-5.815447e+00;9.662035e-01;-1.912022e-01;-2.149144e+00;-8.130201e+00;-1.982394e+00;2.381483e+00;-5.898438e-01
5;0.500000;-6.761789e-01;-3.392968e+00;-6.982607e+00;4.531913e+00;1.999140e+00;-9.165141e+00;-3.304731e+00;5.795114e-01;1.300378e+01;-8.259909e+00;-1.632261e-01;-3.679646e-01;1.290881e+00;2.494812e-03
