frameIndex;frameTime;pcm_fftMag_mfcc[0];pcm_fftMag_mfcc[1];pcm_fftMag_mfcc[2];pcm_fftMag_mfcc[3];pcm_fftMag_mfcc[4];pcm_fftMag_mfcc[5];pcm_fftMag_mfcc[6];pcm_fftMag_mfcc[7];pcm_fftMag_mfcc[8];pcm_fftMag_mfcc[9];pcm_fftMag_mfcc[10];pcm_fftMag_mfcc[11];pcm_fftMag_mfcc[12];pcm_fftMag_mfcc[13]
0;0.000000;-6.463450e+00;2.126239e+00;-1.453110e+00;2.008149e+00;-4.758156e+00;-6.211348e+00;5.492968e-01;5.923796e+00;6.353737e+00;-2.641010e-02;-4.832413e-01;2.574227e-01;-1.139374e+00;4.263565e+00
1;0.100000;-3.294176e+00;-2.752479e+00;8.170433e-01;7.088137e-02;-3.648430e+00;-3.327965e+00;-5.748110e-01;9.836611e+00;3.618186e+00;9.081230e-01;-7.037880e-01;-2.966420e+00;9.193714e-01;4.446373e+00
2;0.200000;-1.002589e+00;-4.445032e+00;3.236781e+00;-1.015445e+00;-8.630085e-01;-3.387662e+00;-5.013716e-01;8.701191e+00;1.688096e+00;1.492357e-01;-2.871196e+00;-3.637405e+00;1.188901e+00;1.096703e+00
3;0.300000;1.508781e+00;9.336710e-01;1.198504e+00;1.061437e+00;3.403517e+00;-7.895470e-01;-5.302994e-01;-6.341636e+00;-2.722679e+00;-2.094558e+00;-1.519863e+00;1.865745e+00;1.383750e-01;-2.633362e+00
4;0.400000;5.026093e+00;2.552647e+00;-1.681183e+00;-1.304889e+00;3.206837e+00;7.125587e+00;-4.449590e-01;-1.129588e+01;-3.166067e+00;-4.284639e-01;2.195483e+00;1.526747e+00;7.981822e-01;-3.616364e+00
5;0.500000;4.225340e+00;1.584954e+00;-2.118035e+00;-8.201327e-01;2.659243e+00;6.590933e+00;1.502144e+00;-6.824088e+00;-5.771273e+00;1.492067e+00;3.382607e+00;2.953911e+00;-1.905456e+00;-3.556946e+00
