frameIndex;frameTime;pcm_fftMag_mfcc[0];pcm_fftMag_mfcc[1];pcm_fftMag_mfcc[2];pcm_fftMag_mfcc[3];pcm_fftMag_mfcc[4];pcm_fftMag_mfcc[5];pcm_fftMag_mfcc[6];pcm_fftMag_mfcc[7];pcm_fftMag_mfcc[8];pcm_fftMag_mfcc[9];pcm_fftMag_mfcc[10];pcm_fftMag_mfcc[11];pcm_fftMag_mfcc[12];pcm_fftMag_mfcc[13]
0;0.000000;1.812814e+00;-1.671152e+00;1.173125e+00;-1.354196e+00;1.448579e-01;3.896999e-01;-1.421869e-01;1.234293e-02;-1.009061e+00;2.573900e-01;1.075025e-01;8.855772e-02;1.602817e-02;-1.321266e+00
1;0.100000;-1.812814e+00;1.671153e+00;-1.173126e+00;1.354196e+00;-1.448579e-01;-3.897004e-01;1.421871e-01;-1.234341e-02;1.009061e+00;-2.573900e-01;-1.075025e-01;-8.855724e-02;-1.602793e-02;1.321266e+00
