frameIndex;frameTime;pcm_fftMag_mfcc[0];pcm_fftMag_mfcc[1];pcm_fftMag_mfcc[2];pcm_fftMag_mfcc[3];pcm_fftMag_mfcc[4];pcm_fftMag_mfcc[5];pcm_fftMag_mfcc[6];pcm_fftMag_mfcc[7];pcm_fftMag_mfcc[8];pcm_fftMag_mfcc[9];pcm_fftMag_mfcc[10];pcm_fftMag_mfcc[11];pcm_fftMag_mfcc[12];pcm_fftMag_mfcc[13]
0;0.000000;-4.761181e-01;-4.039136e+00;6.338729e+00;3.822475e+00;6.652374e-01;-5.462514e+00;-8.353151e+00;3.643759e+00;8.919477e-01;3.107984e+00;1.247482e+00;-1.909323e+00;5.256148e+00;1.431282e+00
1;0.100000;1.071313e+00;-1.345103e+00;-1.212568e+00;-1.094570e+00;-3.577555e+00;-6.571066e-01;1.779237e-01;5.243606e+00;2.838746e+00;1.350233e+00;-1.604000e+00;-9.740639e-02;8.113585e-01;-6.871033e-02
2;0.200000;5.269593e+00;-4.316730e-01;-5.609620e+00;-3.750696e+00;-3.334280e+00;4.699548e+00;4.402758e+00;-7.028486e-01;1.085660e+00;4.536591e-01;-1.705851e+00;1.314120e+00;-3.590584e+00;-3.507767e-01
3;0.300000;6.967007e+00;-4.343382e+00;-3.070129e+00;-3.708973e+00;-1.594576e+00;4.031778e+00;2.586267e+00;-9.644394e-01;-1.478636e+00;-1.445738e+00;1.288951e+00;-1.993354e+00;-1.770645e+00;-1.090195e+00
4;0.400000;-2.179570e+00;2.568007e+00;-1.707672e+00;-1.569602e-01;2.145285e+00;9.648443e-01;3.608135e+00;-2.746648e+00;-3.147827e+00;-1.851916e+00;7.606575e-01;-3.793087e-01;-2.051491e+00;-2.113495e-01
5;0.500000;-1.065223e+01;7.591284e+00;5.261259e+00;4.888725e+00;5.695891e+00;-3.576549e+00;-2.421936e+00;-4.473430e+00;-1.898885e-01;-1.614222e+00;1.276004e-02;3.065274e+00;1.345212e+00;2.897949e-01
