frameIndex;frameTime;pcm_fftMag_mfcc[0];pcm_fftMag_mfcc[1];pcm_fftMag_mfcc[2];pcm_fftMag_mfcc[3];pcm_fftMag_mfcc[4];pcm_fftMag_mfcc[5];pcm_fftMag_mfcc[6];pcm_fftMag_mfcc[7];pcm_fftMag_mfcc[8];pcm_fftMag_mfcc[9];pcm_fftMag_mfcc[10];pcm_fftMag_mfcc[11];pcm_fftMag_mfcc[12];pcm_fftMag_mfcc[13]
0;0.000000;6.788460e-01;2.984798e+00;8.772745e-01;-1.249277e+00;3.050239e+00;4.062527e+00;1.197654e+00;-6.339524e-01;1.423857e+00;1.153754e+00;9.025211e-01;-2.317867e+00;-1.536002e+00;-1.741081e+00
1;0.100000;6.404620e-01;4.752531e+00;1.509113e-01;-3.763794e+00;5.677786e-01;3.431197e+00;3.217526e+00;-3.917103e+00;5.683327e-01;-1.439600e+00;1.107325e+00;4.694859e+00;-5.763052e-01;-1.347107e+00
2;0.200000;1.063498e+00;2.823709e+00;-1.176053e+00;-2.832747e+00;2.960310e-01;2.473109e+00;-4.433889e-01;-3.265836e+00;3.304625e-01;-2.398628e+00;1.736486e-01;3.327693e+00;2.737086e-01;3.839111e-01
3;0.300000;1.033947e+00;7.909757e-02;-5.558577e-01;6.282907e-01;-1.277778e+00;7.525587e-02;-3.572047e+00;-1.761750e+00;-6.958561e-01;-2.637496e+00;-7.668738e-01;-1.557012e-01;3.238389e-01;4.324341e-02
4;0.400000;-4.976955e-01;-3.854564e+00;-3.011417e-02;3.459810e+00;-1.631677e+00;-4.779466e+00;-1.234738e+00;2.219655e+00;-1.613114e+00;1.893278e+00;-1.414279e+00;-2.249944e+00;1.915283e-01;5.296860e-01
5;0.500000;-2.919058e+00;-6.785570e+00;7.338400e-01;3.757718e+00;-1.004598e+00;-5.262623e+00;8.349943e-01;7.358985e+00;-1.368332e-02;3.428694e+00;-2.341270e-03;-3.299037e+00;1.323232e+00;2.131317e+00
