frameIndex;frameTime;pcm_fftMag_mfcc[0];pcm_fftMag_mfcc[1];pcm_fftMag_mfcc[2];pcm_fftMag_mfcc[3];pcm_fftMag_mfcc[4];pcm_fftMag_mfcc[5];pcm_fftMag_mfcc[6];pcm_fftMag_mfcc[7];pcm_fftMag_mfcc[8];pcm_fftMag_mfcc[9];pcm_fftMag_mfcc[10];pcm_fftMag_mfcc[11];pcm_fftMag_mfcc[12];pcm_fftMag_mfcc[13]
0;0.000000;3.916306e-01;1.677878e+00;-3.742537e+00;-8.026576e-02;-1.113170e+00;-4.185572e-01;3.804180e+00;1.292341e+00;-8.500767e-01;4.974195e+00;7.348757e-01;-8.226843e-01;2.854031e+00;1.628136e+00
1;0.100000;2.460264e+00;-1.334952e+00;2.261754e+00;-1.105655e+00;1.377779e+00;5.856647e-01;4.378222e+00;1.177713e+00;2.409188e+00;3.933486e+00;1.229096e+00;1.039004e+00;2.400729e+00;-1.024139e+00
2;0.200000;-1.076374e-01;3.548447e+00;1.019239e+01;-1.194682e+00;9.648581e-01;-2.206086e+00;-6.108665e-02;-2.080376e+00;1.663401e+00;-9.489992e-01;1.214911e+00;1.635451e+00;6.488466e-02;-2.388992e+00
3;0.300000;1.465591e+00;-1.410249e+00;6.451073e+00;-2.547074e+00;2.413618e+00;-1.481804e+00;-1.657664e+00;-3.123342e+00;3.669519e-01;-2.602315e+00;1.922140e+00;-8.108273e-01;-2.356040e+00;-9.288635e-01
4;0.400000;1.224012e-01;-2.669344e+00;-4.374514e+00;2.325333e+00;-1.569956e+00;2.826404e+00;-3.852439e+00;1.582996e+00;-1.573085e+00;-2.901075e+00;-7.376471e-01;-7.875299e-01;-1.755908e+00;1.035568e+00
5;0.500000;-4.332251e+00;1.882200e-01;-1.078817e+01;2.602342e+00;-2.073133e+00;6.943781e-01;-2.611213e+00;1.150664e+00;-2.016379e+00;-2.455292e+00;-4.363378e+00;-2.534122e-01;-1.207696e+00;1.678284e+00
