frameIndex;frameTime;pcm_fftMag_mfcc[0];pcm_fftMag_mfcc[1];pcm_fftMag_mfcc[2];pcm_fftMag_mfcc[3];pcm_fftMag_mfcc[4];pcm_fftMag_mfcc[5];pcm_fftMag_mfcc[6];pcm_fftMag_mfcc[7];pcm_fftMag_mfcc[8];pcm_fftMag_mfcc[9];pcm_fftMag_mfcc[10];pcm_fftMag_mfcc[11];pcm_fftMag_mfcc[12];pcm_fftMag_mfcc[13]
0;0.000000;-2.814922e+00;4.931808e+00;7.499632e+00;1.737089e+00;-1.628836e+00;-2.021847e+00;-2.397314e+00;-4.672764e+00;-5.953231e-01;-3.564491e+00;2.598874e+00;-6.062927e-01;2.852450e+00;-3.797203e+00
1;0.100000;-1.303077e+00;1.757038e+00;7.049438e+00;7.473787e-01;-1.250454e+00;-2.646551e-01;-4.221773e+00;-5.920439e-01;-2.051982e+00;-1.614279e+00;1.545344e+00;-4.512515e-01;2.621266e+00;-7.937851e-01
2;0.200000;-2.932768e-01;-1.341758e+00;-1.636018e+00;-7.638414e-01;1.602858e+00;-1.225433e+00;-1.271120e+00;3.544867e+00;1.987881e+00;6.230631e-01;-1.385569e+00;-6.713190e-01;-1.301310e-01;1.416458e+00
3;0.300000;9.111691e-01;-2.483492e+00;-6.370130e+00;-4.349535e-01;2.923307e+00;-2.741991e+00;1.170292e+00;4.955404e+00;3.440195e+00;2.153622e+00;-2.357514e+00;-3.599820e-01;-2.487958e+00;2.310127e+00
4;0.400000;1.580411e+00;-2.680245e+00;-3.846203e+00;1.061185e-01;9.601440e-01;1.655478e-01;1.909666e+00;1.915913e+00;2.141358e+00;1.970532e+00;-1.979710e+00;-1.003318e+00;-2.488927e+00;1.306816e+00
5;0.500000;1.919695e+00;-1.833515e-01;-2.696720e+00;-1.391791e+00;-2.607018e+00;6.088378e+00;4.810250e+00;-5.151377e+00;-4.922130e+00;4.315567e-01;1.578576e+00;3.092163e+00;-3.666995e-01;-4.423752e-01
