frameIndex;frameTime;pcm_fftMag_mfcc[0];pcm_fftMag_mfcc[1];pcm_fftMag_mfcc[2];pcm_fftMag_mfcc[3];pcm_fftMag_mfcc[4];pcm_fftMag_mfcc[5];pcm_fftMag_mfcc[6];pcm_fftMag_mfcc[7];pcm_fftMag_mfcc[8];pcm_fftMag_mfcc[9];pcm_fftMag_mfcc[10];pcm_fftMag_mfcc[11];pcm_fftMag_mfcc[12];pcm_fftMag_mfcc[13]
0;0.000000;-3.451114e+00;3.053236e+00;7.192467e+00;3.057751e+00;-4.543617e+00;-9.764844e+00;-4.345046e+00;-1.328193e+00;-1.061473e-01;1.058228e-01;-1.582774e+00;1.193686e+00;5.368600e+00;1.538963e+00
1;0.100000;-6.955070e-01;-9.135189e-01;1.008855e+01;1.348210e+00;-3.204685e+00;-8.870088e+00;-6.685077e+00;1.310899e+00;-9.338474e-02;1.471869e+00;-9.894514e-02;1.294143e+00;6.291898e+00;1.339928e+00
2;0.200000;-1.074196e+00;-1.780939e-01;3.013916e+00;1.402904e+00;-3.969952e+00;-3.000965e+00;-3.483903e+00;3.294133e+00;-3.605604e-01;8.492576e-01;1.701111e+00;2.291196e+00;6.107211e+00;2.223663e-01
3;0.300000;1.327628e+00;1.142235e+00;-9.109105e+00;-1.817449e+00;1.088579e+00;6.361460e+00;3.690780e+00;-7.195941e-01;7.757640e-01;2.408707e-02;2.470459e+00;6.649914e-01;-3.065080e+00;-1.129982e+00
4;0.400000;3.422336e+00;-2.456305e+00;-7.287120e+00;-3.488368e+00;4.887089e+00;8.782663e+00;4.823081e+00;-1.305422e+00;1.015847e+00;-1.625804e+00;-8.993101e-02;-2.336441e+00;-7.946721e+00;-1.027237e+00
5;0.500000;4.708529e-01;-6.475544e-01;-3.898710e+00;-5.030508e-01;5.742579e+00;6.491772e+00;6.000163e+00;-1.251823e+00;-1.231518e+00;-8.252325e-01;-2.399920e+00;-3.107575e+00;-6.755908e+00;-9.440002e-01
