frameIndex;frameTime;pcm_fftMag_mfcc[0];pcm_fftMag_mfcc[1];pcm_fftMag_mfcc[2];pcm_fftMag_mfcc[3];pcm_fftMag_mfcc[4];pcm_fftMag_mfcc[5];pcm_fftMag_mfcc[6];pcm_fftMag_mfcc[7];pcm_fftMag_mfcc[8];pcm_fftMag_mfcc[9];pcm_fftMag_mfcc[10];pcm_fftMag_mfcc[11];pcm_fftMag_mfcc[12];pcm_fftMag_mfcc[13]
0;0.000000;3.617362e+00;-6.509195e+00;1.745708e+00;-1.154983e+01;1.423686e+00;1.363352e+00;-1.672013e+00;2.055953e+00;8.962374e-01;6.235773e+00;-2.330997e+00;-1.772175e-01;-4.028916e+00;3.391724e-01
1;0.100000;1.281213e+00;-1.728294e+00;3.781518e+00;-6.353046e+00;1.551033e-01;-4.739216e+00;-2.479712e+00;2.134008e+00;1.650306e+00;2.945977e+00;-1.350954e+00;2.683978e+00;5.861785e-01;3.824463e-01
2;0.200000;-8.417864e-01;1.366874e+00;8.203980e+00;7.781363e-02;-5.225111e-01;-7.137446e+00;-7.535915e-01;-7.903211e-01;-1.286955e+00;-2.316177e-01;1.129469e+00;4.382557e+00;2.114694e+00;-5.055618e-01
3;0.300000;1.763744e-01;-1.590519e+00;1.568788e+00;3.340241e+00;2.159912e+00;1.813358e+00;-1.971951e-01;-1.704206e+00;-4.930079e+00;-2.988500e+00;-2.937391e-01;-1.014337e+00;8.951933e-01;-1.493835e-02
4;0.400000;-1.595152e+00;1.446776e+00;-6.334496e+00;7.365173e+00;-1.018901e+00;6.086785e+00;1.336010e+00;-5.663476e-01;-1.997674e-01;-5.101996e+00;1.284317e+00;-4.164587e+00;1.541500e-01;5.704727e-01
5;0.500000;-2.638014e+00;7.014360e+00;-8.965498e+00;7.119644e+00;-2.197289e+00;2.613169e+00;3.766498e+00;-1.129085e+00;3.870258e+00;-8.596342e-01;1.561904e+00;-1.710392e+00;2.787011e-01;-7.715683e-01
