frameIndex;frameTime;pcm_fftMag_mfcc[0];pcm_fftMag_mfcc[1];pcm_fftMag_mfcc[2];pcm_fftMag_mfcc[3];pcm_fftMag_mfcc[4];pcm_fftMag_mfcc[5];pcm_fftMag_mfcc[6];pcm_fftMag_mfcc[7];pcm_fftMag_mfcc[8];pcm_fftMag_mfcc[9];pcm_fftMag_mfcc[10];pcm_fftMag_mfcc[11];pcm_fftMag_mfcc[12];pcm_fftMag_mfcc[13]
0;0.000000;2.782236e+00;6.453129e+00;-6.032953e+00;1.407027e-01;-4.237928e+00;-3.828665e+00;-6.457467e+00;-1.340218e-01;-9.870601e-01;-2.411744e+00;2.132521e-01;-4.221313e+00;-2.487920e+00;-6.583450e+00
1;0.100000;4.059471e+00;-3.837624e-01;-6.274333e+00;-3.092916e+00;3.058365e+00;6.761536e+00;-2.826381e+00;1.142149e+00;-2.693255e+00;4.341502e+00;-3.369268e+00;-1.835666e+00;3.911682e+00;-2.898277e+00
2;0.200000;2.520824e+00;-5.467739e+00;-4.066964e+00;-2.378592e+00;2.096579e+00;5.384062e+00;-6.407671e-01;2.714063e+00;1.562392e+00;3.135540e+00;-7.910333e-01;-9.351149e-01;3.094959e+00;2.106682e+00
3;0.300000;9.004879e-02;-6.455177e+00;-6.933355e-01;-1.724020e+00;8.046913e-01;1.059738e+00;1.145885e+00;3.433599e-01;2.367642e+00;5.186530e-01;-4.856420e-01;3.724108e-01;5.338478e-02;3.639137e+00
4;0.400000;-3.190652e+00;-1.128252e+00;4.976377e+00;2.280247e+00;-2.141571e-01;-3.274534e+00;3.181396e+00;-1.608464e+00;1.923123e+00;-1.265828e+00;-9.394550e-02;2.472801e+00;-2.844558e+00;2.648483e+00
5;0.500000;-6.261927e+00;6.981804e+00;1.209120e+01;4.774577e+00;-1.507551e+00;-6.102139e+00;5.597331e+00;-2.457083e+00;-2.172843e+00;-4.318122e+00;4.526637e+00;4.146880e+00;-1.727546e+00;1.087471e+00
