frameIndex;frameTime;pcm_fftMag_mfcc[0];pcm_fftMag_mfcc[1];pcm_fftMag_mfcc[2];pcm_fftMag_mfcc[3];pcm_fftMag_mfcc[4];pcm_fftMag_mfcc[5];pcm_fftMag_mfcc[6];pcm_fftMag_mfcc[7];pcm_fftMag_mfcc[8];pcm_fftMag_mfcc[9];pcm_fftMag_mfcc[10];pcm_fftMag_mfcc[11];pcm_fftMag_mfcc[12];pcm_fftMag_mfcc[13]
0;0.000000;1.858834e+00;-7.630942e+00;-6.032887e+00;5.316240e+00;4.375311e+00;-3.188047e+00;3.409721e+00;-3.571064e+00;3.607612e+00;9.598839e+00;-1.210481e-01;-3.056714e+00;-5.716115e+00;2.534218e+00
1;0.100000;-2.822173e+00;-3.568509e+00;-7.462006e+00;2.819264e+00;9.037938e+00;-4.265848e+00;5.501609e+00;-1.986984e+00;2.641769e+00;1.078409e+01;3.199534e-01;-3.365209e+00;-3.723508e+00;3.805756e+00
2;0.200000;-4.857068e+00;1.109572e+00;-4.237958e+00;3.404256e+00;1.118670e+01;-5.373137e+00;4.908292e+00;-9.002795e-01;-1.407901e+00;4.972029e+00;-1.453873e+00;-2.534108e+00;-1.846586e+00;2.068123e+00
3;0.300000;-2.833247e+00;3.599097e+00;2.142419e+00;1.176383e+00;2.774568e+00;-6.854407e+00;5.119248e+00;-6.095805e-01;-4.146035e+00;-2.069971e+00;-2.870346e+00;1.051502e+00;3.128231e+00;-4.785919e-01
4;0.400000;2.956110e+00;3.046588e+00;7.643851e+00;-6.377227e+00;-9.819157e+00;3.601504e+00;-2.530881e+00;7.837033e-01;-2.845013e-01;-9.028329e+00;4.200768e-02;4.670703e+00;1.880751e+00;-3.148010e+00
5;0.500000;5.697542e+00;3.444194e+00;7.946581e+00;-6.338918e+00;-1.755537e+01;1.607993e+01;-1.640799e+01;6.284204e+00;-4.109440e-01;-1.425665e+01;4.083306e+00;3.233823e+00;6.277229e+00;-4.781548e+00
