frameIndex;frameTime;pcm_fftMag_mfcc[0];pcm_fftMag_mfcc[1];pcm_fftMag_mfcc[2];pcm_fftMag_mfcc[3];pcm_fftMag_mfcc[4];pcm_fftMag_mfcc[5];pcm_fftMag_mfcc[6];pcm_fftMag_mfcc[7];pcm_fftMag_mfcc[8];pcm_fftMag_mfcc[9];pcm_fftMag_mfcc[10];pcm_fftMag_mfcc[11];pcm_fftMag_mfcc[12];pcm_fftMag_mfcc[13]
0;0.000000;3.761079e+00;1.076417e-01;-9.342952e+00;8.862961e+00;4.975319e-03;-6.509902e+00;5.470821e+00;4.496673e+00;-4.946094e+00;-2.356977e+00;-8.245022e+00;-3.384862e+00;3.795465e+00;-7.345276e-01
1;0.100000;1.155378e+00;3.794259e+00;-1.501682e+00;5.326333e+00;-1.432590e+00;2.041330e-01;8.697691e-01;2.505931e+00;6.546103e-01;-2.373806e+00;-4.259946e+00;-1.058433e+00;2.481742e+00;-1.047661e+00
2;0.200000;-8.305368e-01;4.277769e+00;2.959636e+00;1.351225e+00;-1.528094e+00;2.452154e+00;1.090479e-01;9.467926e-01;-1.410051e+00;-9.438084e-01;1.515122e+00;4.168566e+00;2.987645e-01;-2.015152e+00
3;0.300000;1.972395e+00;-7.682139e-01;-2.297503e+00;-1.708346e+00;-7.682695e-01;2.167795e+00;-1.551666e-01;-9.123564e-01;-2.179123e+00;1.606361e+00;4.524065e+00;1.306050e+00;-3.170422e+00;-1.134644e+00
4;0.400000;8.157349e-02;-4.604323e+00;2.192829e+00;-6.636146e+00;1.780963e+00;2.081823e-01;-2.697693e+00;-3.278032e+00;2.336668e+00;1.421577e+00;3.784490e+00;-1.122594e+00;-2.119273e+00;1.708092e+00
5;0.500000;-6.139890e+00;-2.807133e+00;7.989674e+00;-7.196023e+00;1.943019e+00;1.477635e+00;-3.596780e+00;-3.759008e+00;5.543990e+00;2.646653e+00;2.681289e+00;9.126854e-02;-1.286278e+00;3.223885e+00
