frameIndex;frameTime;pcm_fftMag_mfcc[0];pcm_fftMag_mfcc[1];pcm_fftMag_mfcc[2];pcm_fftMag_mfcc[3];pcm_fftMag_mfcc[4];pcm_fftMag_mfcc[5];pcm_fftMag_mfcc[6];pcm_fftMag_mfcc[7];pcm_fftMag_mfcc[8];pcm_fftMag_mfcc[9];pcm_fftMag_mfcc[10];pcm_fftMag_mfcc[11];pcm_fftMag_mfcc[12];pcm_fftMag_mfcc[13]
0;0.000000;9.534631e+00;-3.061008e+00;3.597038e+00;-3.645021e+00;8.762348e+00;7.396969e+00;3.684826e+00;3.914398e+00;-3.013882e-01;8.625733e+00;2.713213e+00;6.450198e+00;-1.883675e+00;1.097191e+00
1;0.100000;1.036721e+00;-6.754098e-01;2.528362e+00;-1.189132e+00;2.062483e+00;1.754436e-01;-1.570176e+00;1.231739e+00;1.589946e+00;3.371134e+00;3.989321e+00;4.887563e+00;-6.037570e-01;1.600105e+00
2;0.200000;-4.635428e+00;2.712271e+00;6.845169e-01;7.718210e-01;-2.903374e+00;-6.279426e+00;-6.475976e+00;-3.347285e+00;7.752708e-01;-9.367614e-01;2.405454e+00;1.672673e+00;-1.611591e+00;-4.786835e-01
3;0.300000;-4.004121e+00;5.095917e+00;-4.051397e+00;2.740779e+00;-2.670668e+00;-2.892436e+00;1.028601e+00;-7.514836e-01;1.435048e+00;-5.263432e+00;-2.915381e+00;-2.542390e+00;-1.177016e-01;-1.208397e+00
4;0.400000;-2.157882e+00;7.594504e-01;-4.460453e+00;1.526305e+00;-3.701605e+00;-1.571528e+00;1.859295e+00;7.392782e-01;-7.359563e-01;-5.013637e+00;-3.130304e+00;-5.081073e+00;2.990839e+00;-1.236115e-01
5;0.500000;2.260771e-01;-4.831223e+00;1.701932e+00;-2.047577e-01;-1.549184e+00;3.170974e+00;1.473431e+00;-1.786648e+00;-2.762920e+00;-7.830405e-01;-3.062304e+00;-5.386972e+00;1.225886e+00;-8.865662e-01
