frameIndex;frameTime;pcm_fftMag_mfcc[0];pcm_fftMag_mfcc[1];pcm_fftMag_mfcc[2];pcm_fftMag_mfcc[3];pcm_fftMag_mfcc[4];pcm_fftMag_mfcc[5];pcm_fftMag_mfcc[6];pcm_fftMag_mfcc[7];pcm_fftMag_mfcc[8];pcm_fftMag_mfcc[9];pcm_fftMag_mfcc[10];pcm_fftMag_mfcc[11];pcm_fftMag_mfcc[12];pcm_fftMag_mfcc[13]
0;0.000000;4.945980e-01;-7.666092e-01;-2.462997e-01;4.333539e+00;7.049999e-01;-5.781622e+00;-1.166812e+00;2.756495e+00;4.366974e+00;-5.910078e+00;-6.800278e+00;5.556371e-01;-9.251649e-01;-5.534973e-01
1;0.100000;-4.945980e-01;7.666092e-01;2.462988e-01;-4.333538e+00;-7.050018e-01;5.781622e+00;1.166812e+00;-2.756495e+00;-4.366974e+00;5.910078e+00;6.800278e+00;-5.556369e-01;9.251652e-01;5.535049e-01
