frameIndex;frameTime;pcm_fftMag_mfcc[0];pcm_fftMag_mfcc[1];pcm_fftMag_mfcc[2];pcm_fftMag_mfcc[3];pcm_fftMag_mfcc[4];pcm_fftMag_mfcc[5];pcm_fftMag_mfcc[6];pcm_fftMag_mfcc[7];pcm_fftMag_mfcc[8];pcm_fftMag_mfcc[9];pcm_fftMag_mfcc[10];pcm_fftMag_mfcc[11];pcm_fftMag_mfcc[12];pcm_fftMag_mfcc[13]
0;0.000000;-7.712812e-01;3.259945e-01;-3.094523e+00;2.205811e+00;-2.734184e-01;2.396779e+00;-4.708872e+00;-3.304968e+00;-1.433235e+00;-4.775156e+00;2.815939e+00;-3.482690e+00;1.018103e+00;-6.068039e-01
1;0.100000;-4.039583e-01;2.484512e-02;-1.373840e+00;-6.114712e-01;1.976927e+00;1.016209e+00;-4.468168e+00;-1.427269e-01;-5.256648e-01;-6.188974e-01;-1.215386e+00;3.698308e+00;1.333967e+00;-1.907982e+00
2;0.200000;-3.956308e-01;2.200030e+00;4.037889e+00;-3.022478e+00;2.849445e-01;4.453917e-01;4.536572e-01;1.071167e-02;-4.216452e-01;2.235226e+00;-3.835681e+00;2.525171e+00;1.380757e+00;-1.775131e-01
3;0.300000;-3.119278e-02;-9.138861e-01;1.255739e+00;-2.130490e+00;3.506660e-01;-1.587259e+00;4.093426e+00;3.701668e-01;5.800829e-01;-6.930103e-01;-1.942389e+00;-7.996979e-01;-5.591462e-01;2.092232e+00
4;0.400000;2.999792e-01;-2.277835e+00;-6.512246e-01;-4.765987e-01;-7.702179e-01;-2.329352e+00;4.552800e+00;6.263142e-01;7.751336e-01;-1.232072e+00;4.236612e-01;-1.716003e+00;-1.116160e+00;1.323082e+00
5;0.500000;1.302079e+00;6.408510e-01;-1.740403e-01;4.035229e+00;-1.568897e+00;5.823421e-02;7.715988e-02;2.440504e+00;1.025326e+00;5.083907e+00;3.753846e+00;-2.250896e-01;-2.057522e+00;-7.230301e-01
