frameIndex;frameTime;pcm_fftMag_mfcc[0];pcm_fftMag_mfcc[1];pcm_fftMag_mfcc[2];pcm_fftMag_mfcc[3];pcm_fftMag_mfcc[4];pcm_fftMag_mfcc[5];pcm_fftMag_mfcc[6];pcm_fftMag_mfcc[7];pcm_fftMag_mfcc[8];pcm_fftMag_mfcc[9];pcm_fftMag_mfcc[10];pcm_fftMag_mfcc[11];pcm_fftMag_mfcc[12];pcm_fftMag_mfcc[13]
0;0.000000;-2.751982e-01;-4.702931e+00;-1.890440e+00;3.032601e+00;3.421545e-01;-2.016735e-01;-5.086886e+00;-2.183039e-01;5.877682e+00;-3.602426e-01;-5.325765e+00;-3.393383e-01;-4.361306e+00;3.818794e+00
1;0.100000;8.121066e-01;-3.529421e+00;1.856468e+00;-5.952406e-01;-7.593840e+00;3.891330e+00;-4.614730e+00;-7.255036e-01;-1.577335e+00;-3.927878e+00;-7.105146e+00;-2.885773e+00;1.042354e-01;-3.677902e-01
2;0.200000;3.224798e+00;-2.506821e+00;3.737800e+00;-7.782487e+00;-1.325941e+01;3.297626e+00;7.304873e+00;7.338721e+00;-1.156811e+01;-6.887339e+00;-4.764722e+00;-1.975709e+00;5.964573e+00;-3.830154e+00
3;0.300000;1.005333e+00;2.976615e+00;-5.773748e-01;-4.827569e+00;-1.556156e+00;-1.457335e+00;1.052851e+01;2.626672e+00;-6.644449e+00;-3.171910e+00;1.509141e+00;-9.970474e-01;2.294927e+00;-2.092690e+00
4;0.400000;-1.832607e+00;3.620427e+00;-1.239606e+00;2.672615e+00;1.026673e+01;-9.991636e-01;-9.892035e-01;-2.365648e+00;4.609964e+00;4.976647e+00;6.663826e+00;1.623078e+00;-9.912588e-01;5.937042e-01
5;0.500000;-2.934434e+00;4.142134e+00;-1.886848e+00;7.500082e+00;1.180052e+01;-4.530783e+00;-7.142562e+00;-6.655938e+00;9.302247e+00;9.370723e+00;9.022666e+00;4.574789e+00;-3.011172e+00;1.878159e+00
