frameIndex;frameTime;pcm_fftMag_mfcc[0];pcm_fftMag_mfcc[1];pcm_fftMag_mfcc[2];pcm_fftMag_mfcc[3];pcm_fftMag_mfcc[4];pcm_fftMag_mfcc[5];pcm_fftMag_mfcc[6];pcm_fftMag_mfcc[7];pcm_fftMag_mfcc[8];pcm_fftMag_mfcc[9];pcm_fftMag_mfcc[10];pcm_fftMag_mfcc[11];pcm_fftMag_mfcc[12];pcm_fftMag_mfcc[13]
0;0.000000;4.573917e-02;-4.268488e+00;1.067350e+01;3.768035e+00;-3.803519e+00;-3.840290e+00;-1.828202e+00;3.520507e+00;-1.270555e+00;-1.151354e+00;2.626891e+00;1.389464e+00;1.013129e+00;4.303589e-01
1;0.100000;1.472197e-01;-4.047519e+00;2.660731e+00;-1.361479e+00;-1.216302e+00;2.033696e+00;2.295545e+00;5.364548e+00;-1.380138e-01;-1.326727e+00;3.388491e+00;3.202459e+00;8.950357e-01;7.207108e-01
2;0.200000;3.875453e+00;-3.680373e+00;-4.685835e+00;-7.655051e+00;9.245625e-01;5.197776e+00;-3.472657e-01;5.397053e-01;5.267859e-02;1.359195e+00;2.386980e+00;1.317867e-01;-3.227203e-01;-3.108978e-02
3;0.300000;6.662054e+00;-3.907517e+00;-5.861224e+00;-2.566027e+00;-7.560720e-01;3.550858e+00;-1.474740e+00;-3.674224e+00;-1.231137e+00;5.247164e-02;3.397017e-01;-2.632127e+00;-2.021260e+00;-8.721542e-01
4;0.400000;-1.507983e+00;5.573570e+00;-4.817675e+00;2.539174e+00;1.598842e+00;3.580704e-01;1.025451e+00;-5.433534e+00;-3.293085e-02;1.447977e-01;-1.902461e+00;-1.493692e+00;-2.786297e+00;9.564209e-02
5;0.500000;-9.222486e+00;1.033032e+01;2.030504e+00;5.275349e+00;3.252481e+00;-7.300110e+00;3.292108e-01;-3.169975e-01;2.619957e+00;9.216168e-01;-6.839602e+00;-5.978914e-01;3.222112e+00;-3.434525e-01
