frameIndex;frameTime;pcm_fftMag_mfcc[0];pcm_fftMag_mfcc[1];pcm_fftMag_mfcc[2];pcm_fftMag_mfcc[3];pcm_fftMag_mfcc[4];pcm_fftMag_mfcc[5];pcm_fftMag_mfcc[6];pcm_fftMag_mfcc[7];pcm_fftMag_mfcc[8];pcm_fftMag_mfcc[9];pcm_fftMag_mfcc[10];pcm_fftMag_mfcc[11];pcm_fftMag_mfcc[12];pcm_fftMag_mfcc[13]
0;0.000000;-2.940322e+00;7.954646e+00;-9.885005e+00;1.421709e+00;-1.930323e+00;7.225435e+00;1.139030e+00;-4.619832e+00;4.011593e-01;3.172057e+00;1.712277e+00;-2.742735e+00;-1.277440e-01;-3.100983e+00
1;0.100000;1.756409e+00;-5.684699e+00;-2.943349e+00;-9.322809e+00;8.378050e+00;7.281356e+00;4.698158e+00;-2.179879e+00;-1.465468e+00;3.191524e+00;-1.040992e+00;-4.721688e+00;-5.714410e-01;-5.275955e-01
2;0.200000;2.082140e+00;-7.107257e+00;-3.158919e+00;-1.047648e+01;8.413118e+00;2.939444e+00;3.458901e+00;-3.938555e+00;-1.478571e+00;1.462003e+00;-1.983523e+00;-4.951177e+00;1.227758e-01;1.322861e+00
3;0.300000;1.744662e+00;-3.071710e+00;-1.758481e+00;-3.613146e+00;3.160079e+00;9.771347e-03;-2.920920e+00;-1.577213e+00;-1.759484e+00;-9.714699e-02;-2.414609e+00;6.399565e-01;9.409262e-01;1.714775e+00
4;0.400000;-6.114492e-01;2.595994e+00;7.027725e+00;8.665041e+00;-5.501918e+00;-5.896000e+00;-5.803332e+00;2.682024e+00;4.093409e-01;-2.572272e+00;1.932700e+00;5.818689e+00;8.496110e-01;1.089455e+00
5;0.500000;-2.031442e+00;5.313024e+00;1.071803e+01;1.332568e+01;-1.251900e+01;-1.156001e+01;-5.718367e-01;9.633451e+00;3.893023e+00;-5.156165e+00;1.794151e+00;5.956954e+00;-1.214128e+00;-4.985580e-01
