frameIndex;frameTime;pcm_fftMag_mfcc[0];pcm_fftMag_mfcc[1];pcm_fftMag_mfcc[2];pcm_fftMag_mfcc[3];pcm_fftMag_mfcc[4];pcm_fftMag_mfcc[5];pcm_fftMag_mfcc[6];pcm_fftMag_mfcc[7];pcm_fftMag_mfcc[8];pcm_fftMag_mfcc[9];pcm_fftMag_mfcc[10];pcm_fftMag_mfcc[11];pcm_fftMag_mfcc[12];pcm_fftMag_mfcc[13]
0;0.000000;9.044857e+00;-9.638741e+00;-1.696559e+00;-8.591562e+00;3.478179e+00;1.429272e+01;7.109718e-01;6.111785e+00;-9.073228e+00;-4.803497e+00;3.848348e-01;-1.828396e+00;-3.624113e+00;-1.358452e+00
1;0.100000;1.647554e+00;1.217821e+00;9.768629e-02;-1.464490e+00;4.449247e+00;5.009864e+00;6.777372e-01;6.158604e-01;-4.822250e+00;-4.188826e+00;-8.436203e-03;-3.958712e-01;-1.064328e+00;-1.323990e+00
2;0.200000;-4.558122e+00;6.822898e+00;1.407307e+00;4.319814e+00;5.702989e+00;-4.822264e+00;-1.196159e+00;7.189364e-01;1.615707e-01;5.756243e-01;-5.488257e-01;6.668939e-01;-5.681871e-01;-1.082138e+00
3;0.300000;-4.222030e+00;5.379094e+00;-1.236907e+00;1.797216e+00;-2.596893e-01;-7.989250e+00;1.531531e+00;1.173084e+00;3.167766e+00;2.355710e+00;-4.884939e-01;2.104871e+00;-3.615905e-01;1.069626e+00
4;0.400000;-1.988608e+00;1.090221e-01;-1.500628e+00;8.793411e-01;-5.317320e+00;-7.555540e+00;4.791927e-01;-2.899255e+00;4.701087e+00;3.254956e+00;-1.144211e+00;1.664387e+00;2.206073e+00;1.863251e+00
5;0.500000;7.634640e-02;-3.890095e+00;2.929100e+00;3.059685e+00;-8.053408e+00;1.064468e+00;-2.203271e+00;-5.720412e+00;5.865054e+00;2.806033e+00;1.805132e+00;-2.211885e+00;3.412145e+00;8.317184e-01
