frameIndex;frameTime;pcm_fftMag_mfcc[0];pcm_fftMag_mfcc[1];pcm_fftMag_mfcc[2];pcm_fftMag_mfcc[3];pcm_fftMag_mfcc[4];pcm_fftMag_mfcc[5];pcm_fftMag_mfcc[6];pcm_fftMag_mfcc[7];pcm_fftMag_mfcc[8];pcm_fftMag_mfcc[9];pcm_fftMag_mfcc[10];pcm_fftMag_mfcc[11];pcm_fftMag_mfcc[12];pcm_fftMag_mfcc[13]
0;0.000000;-4.264798e-01;-7.591028e-01;-5.094567e+00;1.914032e+00;6.569424e-01;-8.075447e-01;2.659849e+00;3.081236e+00;1.839460e+00;-8.378645e+00;6.686326e+00;-2.184763e+00;-1.457481e+00;1.987434e+00
1;0.100000;-2.869349e-01;-1.305328e+00;1.208719e-01;2.978756e-01;-1.177760e+00;-2.002964e-01;3.000603e+00;1.391653e+00;-2.659250e+00;-1.685417e+00;-7.897711e-01;1.839909e+00;-3.132486e+00;1.156731e+00
2;0.200000;-1.745176e-01;-2.039604e-01;1.610127e+00;5.431993e-01;-2.580647e+00;2.975407e-01;5.524508e-01;-5.175161e-02;-1.913061e-01;1.584909e+00;-2.869834e+00;2.053574e+00;-1.696418e+00;3.508377e-01
3;0.300000;6.065588e-01;-1.930943e-01;1.076373e+00;-1.637406e-01;-4.186754e-01;4.122486e-01;-3.090900e+00;4.702830e-01;4.181147e-01;2.957879e+00;-2.238574e+00;-2.157307e-01;1.102325e+00;-9.295578e-01
4;0.400000;2.813730e-01;2.461484e+00;2.287195e+00;-2.591365e+00;3.520139e+00;2.980366e-01;-3.122003e+00;-4.891420e+00;5.929794e-01;5.521274e+00;-7.881460e-01;-1.492988e+00;5.184058e+00;-2.565475e+00
