frameIndex;frameTime;pcm_fftMag_mfcc[0];pcm_fftMag_mfcc[1];pcm_fftMag_mfcc[2];pcm_fftMag_mfcc[3];pcm_fftMag_mfcc[4];pcm_fftMag_mfcc[5];pcm_fftMag_mfcc[6];pcm_fftMag_mfcc[7];pcm_fftMag_mfcc[8];pcm_fftMag_mfcc[9];pcm_fftMag_mfcc[10];pcm_fftMag_mfcc[11];pcm_fftMag_mfcc[12];pcm_fftMag_mfcc[13]
0;0.000000;-3.609190e-01;1.263443e+00;-1.662174e+00;-5.580218e-01;4.429695e+00;-5.109564e+00;1.284077e+00;-4.600017e+00;6.716020e-01;-2.872547e+00;-2.740707e+00;-6.791501e-01;-6.035384e+00;1.932190e+00
1;0.100000;2.220184e+00;-3.495958e+00;2.390040e+00;-3.546093e+00;5.255899e+00;-2.438335e-01;2.185157e+00;4.890487e+00;1.074655e+00;1.685576e+00;-1.146800e+00;-1.412902e-01;-2.116698e+00;2.812500e-01
2;0.200000;1.935062e+00;1.238435e+00;-3.471451e-01;8.695476e-01;2.005126e+00;3.323624e+00;1.062492e+00;4.868897e+00;4.334839e+00;1.621651e+00;1.398345e+00;1.159648e+00;2.257761e+00;-6.440125e-01
3;0.300000;-2.875309e-01;3.990202e+00;-1.589910e+00;4.535336e+00;-1.455189e+00;2.920408e+00;6.950073e-01;-7.547102e-01;2.418022e+00;1.110647e+00;9.316754e-01;1.623772e+00;5.443576e+00;-3.802414e-01
4;0.400000;-3.330132e+00;1.686445e+00;3.079583e+00;2.273807e+00;-6.994476e+00;-1.591705e+00;-2.146143e+00;-7.739673e-01;-2.638905e+00;-1.484053e+00;8.661957e-01;1.867847e-01;3.123303e+00;-5.498352e-01
5;0.500000;-1.766701e-01;-4.682571e+00;-1.870393e+00;-3.574574e+00;-3.241058e+00;7.010708e-01;-3.080593e+00;-3.630692e+00;-5.860215e+00;-6.127262e-02;6.912913e-01;-2.149766e+00;-2.672559e+00;-6.393509e-01
