frameIndex;frameTime;pcm_fftMag_mfcc[0];pcm_fftMag_mfcc[1];pcm_fftMag_mfcc[2];pcm_fftMag_mfcc[3];pcm_fftMag_mfcc[4];pcm_fftMag_mfcc[5];pcm_fftMag_mfcc[6];pcm_fftMag_mfcc[7];pcm_fftMag_mfcc[8];pcm_fftMag_mfcc[9];pcm_fftMag_mfcc[10];pcm_fftMag_mfcc[11];pcm_fftMag_mfcc[12];pcm_fftMag_mfcc[13]
0;0.000000;2.223668e+00;1.814881e+00;1.503575e+00;-7.502050e-01;-1.819918e+00;-1.495516e+00;-3.834629e+00;3.322539e-01;-3.902326e+00;3.950987e+00;3.767973e+00;2.023956e+00;-2.941549e+00;-2.396500e+00
1;0.100000;3.939285e+00;-4.712444e+00;-2.212111e+00;6.772671e-01;-3.157799e+00;3.333244e-01;1.018813e+00;1.227662e+00;2.115622e+00;-2.131994e+00;7.290869e-01;-1.447342e+00;-1.264822e+00;-3.842545e-01
2;0.200000;2.904655e+00;-7.421251e+00;-6.313107e+00;9.484243e-01;-6.644173e-01;1.293987e+00;5.143893e+00;-1.642698e+00;3.563828e+00;-4.059493e+00;-5.975647e-01;-4.202746e+00;7.716408e-01;6.612701e-01
3;0.300000;4.814453e-01;-3.416272e+00;-3.892615e+00;-1.422834e-02;1.433929e+00;2.209997e+00;2.629884e+00;-1.427382e+00;1.687140e-01;-1.338076e+00;-4.592516e+00;-2.541878e+00;2.493288e+00;1.511505e+00
4;0.400000;-3.541645e+00;5.136235e+00;2.516268e+00;-1.771669e+00;2.370852e+00;4.327488e-01;-1.269425e+00;1.084934e+00;-3.761786e-01;3.540668e-01;-3.099943e+00;1.144088e+00;1.871017e+00;1.295723e+00
5;0.500000;-6.007410e+00;8.598852e+00;8.397987e+00;9.104099e-01;1.837355e+00;-2.774540e+00;-3.688536e+00;4.252310e-01;-1.569659e+00;3.224509e+00;3.792965e+00;5.023926e+00;-9.295728e-01;-6.877899e-01
