frameIndex;frameTime;pcm_fftMag_mfcc[0];pcm_fftMag_mfcc[1];pcm_fftMag_mfcc[2];pcm_fftMag_mfcc[3];pcm_fftMag_mfcc[4];pcm_fftMag_mfcc[5];pcm_fftMag_mfcc[6];pcm_fftMag_mfcc[7];pcm_fftMag_mfcc[8];pcm_fftMag_mfcc[9];pcm_fftMag_mfcc[10];pcm_fftMag_mfcc[11];pcm_fftMag_mfcc[12];pcm_fftMag_mfcc[13]
0;0.000000;-9.940413e+00;1.819581e+01;-3.364612e+00;6.625222e+00;-1.104452e+00;-5.606005e+00;-1.357803e+00;1.851677e+00;-1.000161e+00;-3.272505e-01;2.197124e+00;-8.292572e-01;-3.678297e+00;-1.230400e+00
1;0.100000;-7.448703e+00;1.339292e+01;-4.356761e+00;7.121000e+00;3.425446e+00;-6.053947e+00;-9.290750e+00;1.680336e+00;8.943893e+00;2.040137e+00;-4.228516e-01;2.060153e+00;3.881848e+00;1.812210e-01
2;0.200000;-1.397470e+00;1.706876e+00;-3.969540e+00;4.448664e+00;-1.930185e+00;-1.238981e+00;-3.216599e+00;-8.921967e-01;5.293822e+00;3.552551e-01;-2.935567e+00;1.115120e+00;2.723131e+00;1.042007e+00
3;0.300000;6.398189e+00;-1.132335e+01;4.306734e+00;-6.662243e+00;1.148880e+00;1.643469e+00;4.858711e+00;-2.462723e+00;-2.964804e+00;-3.774948e-01;-3.183997e+00;-5.082638e-01;-1.274903e-01;2.718048e-01
4;0.400000;6.335947e+00;-1.209701e+01;4.112125e+00;-7.718914e+00;1.230946e-01;4.128182e+00;5.705752e+00;-2.067189e+00;-5.931106e+00;-1.693350e+00;5.128899e-01;-1.325812e+00;-1.708199e+00;9.409790e-01
5;0.500000;6.052451e+00;-9.875240e+00;3.272048e+00;-3.813730e+00;-1.662781e+00;7.127293e+00;3.300690e+00;1.890095e+00;-4.341645e+00;2.704620e-03;3.832399e+00;-5.119396e-01;-1.090992e+00;-1.205658e+00
