frameIndex;frameTime;pcm_fftMag_mfcc[0];pcm_fftMag_mfcc[1];pcm_fftMag_mfcc[2];pcm_fftMag_mfcc[3];pcm_fftMag_mfcc[4];pcm_fftMag_mfcc[5];pcm_fftMag_mfcc[6];pcm_fftMag_mfcc[7];pcm_fftMag_mfcc[8];pcm_fftMag_mfcc[9];pcm_fftMag_mfcc[10];pcm_fftMag_mfcc[11];pcm_fftMag_mfcc[12];pcm_fftMag_mfcc[13]
0;0.000000;2.067451e-01;-1.165215e+00;1.270251e+00;-2.943046e+00;-2.125142e+00;3.462101e+00;4.829794e+00;-3.712180e+00;-9.371532e+00;-4.345706e+00;4.282117e-01;-2.525187e+00;-3.016958e+00;-4.886169e-01
1;0.100000;-7.632761e-01;2.013785e+00;2.703897e+00;1.998526e+00;2.998829e-02;-1.791008e+00;3.380492e+00;-1.738986e+00;-1.467435e+00;-3.721796e+00;7.668638e-01;1.333413e+00;2.330659e+00;-7.402725e-01
2;0.200000;8.637838e-01;1.943047e+00;-8.191541e-01;1.083767e+00;3.218980e+00;-4.665154e+00;-1.559809e+00;-3.147578e-02;4.079581e+00;-1.906203e+00;-3.937035e+00;3.704786e+00;3.491540e+00;-8.628769e-01
3;0.300000;2.228770e+00;-2.727192e+00;-3.131973e+00;-2.814766e+00;3.464278e+00;-3.313457e+00;-4.410707e+00;4.259791e-01;-1.080036e-02;1.838946e+00;-4.009370e+00;1.490134e+00;-8.952069e-01;-7.429733e-01
4;0.400000;1.561928e-02;-3.467995e+00;-8.237709e-01;-1.997741e+00;-8.342161e-01;1.494041e+00;-3.856822e+00;2.032841e+00;-3.061056e-02;4.612828e+00;2.959247e-01;-1.637283e+00;-2.324370e+00;1.018486e+00
5;0.500000;-2.551639e+00;3.403571e+00;8.007495e-01;4.673260e+00;-3.753887e+00;4.813480e+00;1.617053e+00;3.023821e+00;6.800796e+00;3.521930e+00;6.455406e+00;-2.365860e+00;4.143348e-01;1.816277e+00
