frameIndex;frameTime;pcm_fftMag_mfcc[0];pcm_fftMag_mfcc[1];pcm_fftMag_mfcc[2];pcm_fftMag_mfcc[3];pcm_fftMag_mfcc[4];pcm_fftMag_mfcc[5];pcm_fftMag_mfcc[6];pcm_fftMag_mfcc[7];pcm_fftMag_mfcc[8];pcm_fftMag_mfcc[9];pcm_fftMag_mfcc[10];pcm_fftMag_mfcc[11];pcm_fftMag_mfcc[12];pcm_fftMag_mfcc[13]
0;0.000000;-5.789757e-01;6.792010e+00;-5.490847e-01;3.781986e-01;4.600811e+00;3.387480e-01;-4.715632e+00;-1.157405e+00;3.376937e+00;5.397753e+00;6.244971e+00;2.026568e+00;2.832447e-01;3.878098e-01
1;0.100000;3.163837e+00;-2.764275e+00;4.857863e+00;-8.427801e-01;5.035517e+00;9.118853e-01;3.421085e+00;2.762311e+00;2.387242e-01;5.011120e-01;1.036232e+00;4.799757e+00;1.263167e+00;1.519119e+00
2;0.200000;2.615085e+00;-7.549976e+00;3.886639e+00;-1.859053e+00;4.321230e+00;2.845166e+00;5.785359e+00;4.134003e+00;-2.392694e+00;1.499448e-01;-2.245378e+00;3.097974e+00;7.920135e-01;2.450630e+00
3;0.300000;-3.008671e-01;-6.072619e+00;-7.350798e-01;8.957396e-01;-1.976720e+00;3.635085e+00;4.677185e+00;1.709971e+00;-2.354315e+00;-3.026496e+00;-2.510158e+00;-1.717453e+00;-3.387702e-01;1.691750e+00
4;0.400000;-2.506181e+00;1.391268e+00;-2.435056e+00;3.247773e+00;-7.423430e+00;-7.266741e-01;2.326136e+00;-2.128278e+00;-3.299880e-01;-3.458408e+00;-1.550921e+00;-2.644166e+00;-1.679039e+00;-1.326614e+00
5;0.500000;-2.392898e+00;8.203594e+00;-5.025284e+00;-1.819881e+00;-4.557410e+00;-7.004210e+00;-1.149413e+01;-5.320603e+00;1.461336e+00;4.360950e-01;-9.747443e-01;-5.562681e+00;-3.206167e-01;-4.722740e+00
