frameIndex;frameTime;pcm_fftMag_mfcc[0];pcm_fftMag_mfcc[1];pcm_fftMag_mfcc[2];pcm_fftMag_mfcc[3];pcm_fftMag_mfcc[4];pcm_fftMag_mfcc[5];pcm_fftMag_mfcc[6];pcm_fftMag_mfcc[7];pcm_fftMag_mfcc[8];pcm_fftMag_mfcc[9];pcm_fftMag_mfcc[10];pcm_fftMag_mfcc[11];pcm_fftMag_mfcc[12];pcm_fftMag_mfcc[13]
0;0.000000;5.217776e+00;-9.263446e+00;7.114192e+00;-4.817110e+00;-1.147036e+00;-1.818256e+00;-3.153657e+00;7.912541e+00;-6.840111e+00;6.871595e-01;-2.289623e+00;-2.601377e+00;3.620251e+00;4.931793e-01
1;0.100000;2.991507e+00;-8.543797e+00;4.224010e+00;-5.111399e+00;-4.714966e-02;3.679371e-01;1.214709e-01;7.448493e+00;-3.903755e+00;2.681363e-01;-1.222612e+00;-3.925197e+00;4.869884e+00;1.201149e+00
2;0.200000;-2.556014e+00;5.284281e-01;-1.528642e+00;1.872960e+00;3.391953e-01;1.482055e+00;5.136736e+00;2.665343e+00;1.298499e+00;-2.882743e+00;-2.277717e+00;-2.177753e+00;3.216923e+00;1.895447e-01
3;0.300000;-5.822003e+00;8.385165e+00;-2.072244e+00;7.783564e+00;1.752909e+00;-1.588411e+00;4.750716e+00;-2.438181e+00;4.435196e+00;-9.818623e-01;-3.293066e-01;3.832626e+00;-1.834735e+00;-2.049614e+00
4;0.400000;-2.623875e+00;6.212237e+00;-5.599174e+00;2.549556e+00;-1.022205e-01;-8.984070e-01;-1.281814e+00;-7.407937e+00;3.965971e+00;2.015696e+00;2.837178e+00;2.090906e+00;-6.395721e+00;-6.845093e-02
5;0.500000;2.792610e+00;2.681406e+00;-2.138141e+00;-2.277573e+00;-7.956982e-01;2.455083e+00;-5.573452e+00;-8.180259e+00;1.044199e+00;8.936152e-01;3.282081e+00;2.780798e+00;-3.476601e+00;2.341995e-01
