frameIndex;frameTime;pcm_fftMag_mfcc[0];pcm_fftMag_mfcc[1];pcm_fftMag_mfcc[2];pcm_fftMag_mfcc[3];pcm_fftMag_mfcc[4];pcm_fftMag_mfcc[5];pcm_fftMag_mfcc[6];pcm_fftMag_mfcc[7];pcm_fftMag_mfcc[8];pcm_fftMag_mfcc[9];pcm_fftMag_mfcc[10];pcm_fftMag_mfcc[11];pcm_fftMag_mfcc[12];pcm_fftMag_mfcc[13]
0;0.000000;2.417270e+00;-8.974492e+00;1.701107e+00;-8.094293e+00;-1.105450e+00;-1.410816e+00;-6.426244e-01;2.927966e+00;-5.139865e+00;2.797950e+00;-3.256271e+00;5.917475e-01;4.312380e+00;4.221535e+00
1;0.100000;3.872452e-01;-5.273783e+00;2.156696e+00;-3.846737e+00;-4.185686e+00;-9.288259e-01;-1.049438e+00;3.320238e+00;-3.189094e+00;-1.001001e+00;-3.618286e+00;-4.451482e-01;2.367465e+00;3.220253e+00
2;0.200000;6.027784e-01;-7.612401e-02;3.326676e+00;-6.565723e-01;-4.503908e+00;-2.744590e+00;-2.973490e+00;3.059573e+00;-1.637822e+00;-3.245110e+00;-1.659672e+00;1.421978e+00;-6.280246e-01;-3.815308e-01
3;0.300000;2.483717e+00;-1.769813e-01;1.715799e+00;9.424419e-01;1.763532e+00;7.891102e-01;-1.575805e+00;-7.074738e-01;-1.760160e+00;-9.548191e-01;2.861383e+00;1.222597e+00;-3.352023e+00;-3.177086e+00
4;0.400000;-1.445548e+00;5.515250e+00;-4.421403e+00;5.866806e+00;4.553476e+00;2.648299e+00;2.834564e+00;-5.202228e+00;3.849591e+00;3.024394e+00;4.198588e+00;-2.095455e+00;-1.549201e+00;-2.453079e+00
5;0.500000;-4.445459e+00;8.986131e+00;-4.478876e+00;5.788351e+00;3.478030e+00;1.646821e+00;3.406792e+00;-3.398080e+00;7.877349e+00;-6.214147e-01;1.474255e+00;-6.957197e-01;-1.150595e+00;-1.430054e+00
