frameIndex;frameTime;pcm_fftMag_mfcc[0];pcm_fftMag_mfcc[1];pcm_fftMag_mfcc[2];pcm_fftMag_mfcc[3];pcm_fftMag_mfcc[4];pcm_fftMag_mfcc[5];pcm_fftMag_mfcc[6];pcm_fftMag_mfcc[7];pcm_fftMag_mfcc[8];pcm_fftMag_mfcc[9];pcm_fftMag_mfcc[10];pcm_fftMag_mfcc[11];pcm_fftMag_mfcc[12];pcm_fftMag_mfcc[13]
0;0.000000;-1.493261e+00;-2.269079e+00;-1.091421e+01;2.084859e+00;2.198600e+00;-3.871764e+00;3.517723e+00;2.196412e+00;7.813845e-01;5.526659e+00;5.647612e-01;-6.874578e+00;-7.655026e+00;2.845337e+00
1;0.100000;-4.936520e+00;7.761984e-01;-8.206945e+00;-3.474522e-02;1.986616e+00;-1.608406e+00;5.612659e-02;1.007856e+00;6.429930e-01;3.283817e+00;-1.122900e+00;-6.009860e+00;-7.314371e+00;3.522820e+00
2;0.200000;-4.490652e+00;5.926474e+00;-6.696529e-01;2.208953e+00;7.919760e-01;-4.601755e-01;-2.744451e+00;-5.682878e-01;1.025286e-01;-2.924092e-01;-3.769042e+00;-1.039942e+00;-1.380031e-01;1.414467e+00
3;0.300000;5.422759e-01;5.176699e+00;3.087057e+00;3.692280e+00;-2.987151e+00;1.773341e+00;-9.492607e-01;1.770906e+00;-5.136213e-01;-3.109777e+00;-3.439789e+00;3.443141e+00;5.080488e+00;-2.048058e+00
4;0.400000;4.692842e+00;-4.469286e+00;9.737400e+00;-3.659622e+00;-6.595888e-01;1.292652e+00;3.834791e-01;-5.451031e-01;-6.083565e-01;-3.844936e+00;3.473274e+00;6.097902e+00;4.840543e+00;-3.338905e+00
5;0.500000;5.685315e+00;-5.141006e+00;6.966349e+00;-4.291723e+00;-1.330455e+00;2.874349e+00;-2.636166e-01;-3.861784e+00;-4.049292e-01;-1.563353e+00;4.293695e+00;4.383334e+00;5.186369e+00;-2.395699e+00
