frameIndex;frameTime;pcm_fftMag_mfcc[0];pcm_fftMag_mfcc[1];pcm_fftMag_mfcc[2];pcm_fftMag_mfcc[3];pcm_fftMag_mfcc[4];pcm_fftMag_mfcc[5];pcm_fftMag_mfcc[6];pcm_fftMag_mfcc[7];pcm_fftMag_mfcc[8];pcm_fftMag_mfcc[9];pcm_fftMag_mfcc[10];pcm_fftMag_mfcc[11];pcm_fftMag_mfcc[12];pcm_fftMag_mfcc[13]
0;0.000000;-7.121277e-01;2.608938e+00;7.236435e+00;-2.997589e-02;-5.260506e+00;-7.933891e+00;4.227570e+00;-1.287393e+00;-1.167722e+00;1.012973e+00;-1.702455e+00;4.426965e+00;-6.961279e-01;9.563446e-02
1;0.100000;-4.880219e-01;-8.127809e-01;6.244018e+00;-1.705969e+00;-2.814968e+00;-3.391395e+00;4.262204e+00;1.339717e+00;-4.836934e+00;3.985427e+00;-4.929090e+00;1.052426e+00;-2.307418e+00;1.226120e+00
2;0.200000;6.019697e-01;-3.098829e+00;1.158339e+00;-1.293299e+00;3.524704e-01;2.998524e-01;3.609180e-02;1.264678e+00;-5.869306e+00;7.823598e+00;-4.271649e+00;-4.293494e-01;-2.473401e+00;5.830154e-01
3;0.300000;2.001740e+00;-2.129051e+00;-4.741554e+00;-4.922085e-01;3.267914e+00;4.052115e+00;-3.996374e+00;-5.785246e-01;-1.529914e+00;4.688016e+00;-7.252789e-01;-4.771600e-01;-7.302570e-02;-1.055550e+00
4;0.400000;7.238159e-01;-5.681896e-02;-5.624514e+00;6.013737e-01;2.677155e+00;4.816068e+00;-3.803337e+00;-1.816703e+00;6.364582e+00;-6.410065e+00;4.791448e+00;-1.744236e+00;2.677067e+00;-4.982224e-01
5;0.500000;-2.127378e+00;3.488544e+00;-4.272725e+00;2.920069e+00;1.777937e+00;2.157252e+00;-7.261567e-01;1.078231e+00;7.039298e+00;-1.109995e+01;6.837024e+00;-2.828647e+00;2.872909e+00;-3.509521e-01
