frameIndex;frameTime;pcm_fftMag_mfcc[0];pcm_fftMag_mfcc[1];pcm_fftMag_mfcc[2];pcm_fftMag_mfcc[3];pcm_fftMag_mfcc[4];pcm_fftMag_mfcc[5];pcm_fftMag_mfcc[6];pcm_fftMag_mfcc[7];pcm_fftMag_mfcc[8];pcm_fftMag_mfcc[9];pcm_fftMag_mfcc[10];pcm_fftMag_mfcc[11];pcm_fftMag_mfcc[12];pcm_fftMag_mfcc[13]
0;0.000000;3.423868e+00;-4.114965e+00;8.075707e-01;-6.156456e+00;2.673295e+00;3.121363e+00;-1.242347e+00;-3.331046e+00;-5.902678e+00;3.131511e+00;2.292139e+00;3.533341e+00;-5.047997e+00;2.705765e-01
1;0.100000;5.975561e-01;-3.184277e+00;4.180644e+00;-4.238809e+00;-3.590584e-03;-1.069962e+00;5.755186e-01;-1.545199e+00;-3.943973e+00;3.700387e+00;9.087305e-01;7.388341e+00;-3.928931e+00;1.215927e+00
2;0.200000;-2.408171e+00;2.092998e+00;3.487258e+00;7.535882e-01;-3.343515e+00;-2.199903e+00;3.712807e-01;-1.262182e+00;2.262888e-01;9.220657e-01;1.311364e+00;4.923870e+00;-1.108898e+00;3.276978e-01
3;0.300000;-2.148499e+00;5.001721e+00;-3.529842e+00;5.130961e+00;-1.083613e+00;-4.300613e-01;-3.854914e-01;-1.621723e-02;5.934399e+00;-2.059843e+00;-1.301175e+00;-1.044174e+00;3.026401e+00;-9.579697e-01
4;0.400000;-3.377419e-01;1.658649e+00;-5.534467e+00;4.424958e+00;3.335009e-01;4.062080e-01;7.467041e-01;3.918646e+00;3.482677e+00;-2.856355e+00;-2.915640e-01;-8.505566e+00;5.080301e+00;-1.375732e-01
5;0.500000;8.729849e-01;-1.454128e+00;5.888360e-01;8.575773e-02;1.423923e+00;1.723480e-01;-6.566715e-02;2.235999e+00;2.032843e-01;-2.837766e+00;-2.919494e+00;-6.295812e+00;1.979123e+00;-7.186508e-01
