frameIndex;frameTime;pcm_fftMag_mfcc[0];pcm_fftMag_mfcc[1];pcm_fftMag_mfcc[2];pcm_fftMag_mfcc[3];pcm_fftMag_mfcc[4];pcm_fftMag_mfcc[5];pcm_fftMag_mfcc[6];pcm_fftMag_mfcc[7];pcm_fftMag_mfcc[8];pcm_fftMag_mfcc[9];pcm_fftMag_mfcc[10];pcm_fftMag_mfcc[11];pcm_fftMag_mfcc[12];pcm_fftMag_mfcc[13]
0;0.000000;-2.487698e-01;-1.901827e+00;1.289524e+01;-3.802337e+00;-4.534231e+00;-4.725580e+00;3.297798e+00;1.077205e+00;-2.087844e+00;-2.218876e+00;8.528685e+00;-4.268404e+00;-4.929293e+00;-1.901474e-01
1;0.100000;2.274248e+00;-3.913223e+00;3.335505e+00;-3.548687e+00;1.845901e+00;3.240876e+00;-1.589424e+00;-8.007441e-01;-1.705002e+00;-3.665083e+00;2.227026e+00;-3.179239e+00;-1.514002e+00;9.933472e-03
2;0.200000;3.480638e+00;-6.542428e+00;-2.917457e+00;1.401758e-01;-2.031036e+00;8.244122e+00;-4.743418e+00;1.173675e+00;-1.878503e+00;-6.588174e-01;-4.887505e+00;-1.246779e+00;6.416540e-01;1.483063e+00
3;0.300000;2.037481e+00;-4.233656e+00;-4.865653e+00;1.490899e+00;-1.548969e+00;4.640927e+00;-1.744903e+00;-1.017865e+00;5.490689e-01;5.502316e-01;-5.666109e+00;2.132734e+00;9.877677e-01;1.713371e+00
4;0.400000;-2.453074e+00;3.719582e+00;-5.859710e+00;2.905011e+00;2.682395e+00;-2.297060e+00;2.746950e+00;-2.011436e+00;3.673257e+00;2.064476e+00;-2.338829e+00;4.803236e+00;3.404231e+00;-2.067413e-01
5;0.500000;-5.090528e+00;1.287156e+01;-2.587915e+00;2.814936e+00;3.585934e+00;-9.103285e+00;2.032997e+00;1.579167e+00;1.449024e+00;3.928068e+00;2.136731e+00;1.758452e+00;1.409644e+00;-2.809441e+00
