frameIndex;frameTime;pcm_fftMag_mfcc[0];pcm_fftMag_mfcc[1];pcm_fftMag_mfcc[2];pcm_fftMag_mfcc[3];pcm_fftMag_mfcc[4];pcm_fftMag_mfcc[5];pcm_fftMag_mfcc[6];pcm_fftMag_mfcc[7];pcm_fftMag_mfcc[8];pcm_fftMag_mfcc[9];pcm_fftMag_mfcc[10];pcm_fftMag_mfcc[11];pcm_fftMag_mfcc[12];pcm_fftMag_mfcc[13]
0;0.000000;-2.522145e+00;-4.601808e-01;-1.416216e-01;7.635499e+00;-2.025356e-01;-8.510852e-01;8.723734e+00;4.447974e-01;3.799448e+00;-6.787513e+00;-1.897659e+00;9.359007e-01;2.926725e+00;1.721252e+00
1;0.100000;-1.220577e+00;4.576005e+00;-1.795042e+00;1.134134e+01;1.279199e+00;1.251302e+00;7.663269e+00;2.460280e-01;4.562813e+00;-5.726229e+00;-4.883566e-01;1.113796e-02;1.711428e+00;5.843887e-01
2;0.200000;4.098701e-01;2.957955e+00;-2.708206e+00;6.076081e+00;4.748290e+00;1.683416e+00;5.470929e+00;4.517840e-01;1.897652e+00;-1.684835e+00;2.574078e+00;-2.071161e-01;-5.578065e-01;5.997314e-01
3;0.300000;1.931815e+00;-1.719876e+00;2.560110e-01;-3.834111e+00;3.632014e+00;1.353803e+00;3.167267e+00;-1.213710e+00;1.082698e+00;1.913198e+00;3.574707e+00;2.868305e+00;-9.146566e-01;-2.387695e-01
4;0.400000;1.132301e+00;-2.685072e+00;1.633532e+00;-1.095270e+01;-2.617417e+00;1.027463e+00;-7.651892e+00;6.509489e-02;-4.134819e+00;6.412895e+00;3.151369e-01;1.678323e+00;-8.976979e-01;-9.933395e-01
5;0.500000;2.687345e-01;-2.668831e+00;2.755332e+00;-1.026612e+01;-6.839550e+00;-4.464897e+00;-1.737331e+01;6.005526e-03;-7.207791e+00;5.872488e+00;-4.077907e+00;-5.286553e+00;-2.267993e+00;-1.673248e+00
