frameIndex;frameTime;pcm_fftMag_mfcc[0];pcm_fftMag_mfcc[1];pcm_fftMag_mfcc[2];pcm_fftMag_mfcc[3];pcm_fftMag_mfcc[4];pcm_fftMag_mfcc[5];pcm_fftMag_mfcc[6];pcm_fftMag_mfcc[7];pcm_fftMag_mfcc[8];pcm_fftMag_mfcc[9];pcm_fftMag_mfcc[10];pcm_fftMag_mfcc[11];pcm_fftMag_mfcc[12];pcm_fftMag_mfcc[13]
0;0.000000;4.743185e-01;-8.560413e-01;-2.525107e+00;-5.296673e+00;-8.080959e-01;-1.049544e+00;-5.245704e+00;-3.898451e+00;-6.300626e+00;-1.619105e+00;7.149544e+00;-2.142252e+00;-6.375424e+00;-1.579056e+00
1;0.100000;-1.890463e+00;4.246767e+00;-1.370120e+00;9.996774e-01;1.759261e+00;-1.733972e+00;-3.785009e-01;-6.149540e-01;-9.787569e-01;5.601411e-01;8.246200e+00;2.812824e-01;-3.640573e+00;-1.178246e+00
2;0.200000;-1.428200e+00;4.068170e+00;-1.031190e+00;3.346160e+00;1.778614e+00;1.532115e+00;2.740156e+00;5.749755e-01;2.575235e+00;-1.003424e+00;-1.224246e-01;2.018107e+00;2.787075e+00;-1.636810e-01
3;0.300000;4.026880e-01;-8.996068e-01;-3.113737e-01;8.301895e-01;1.769448e+00;1.425594e+00;2.566297e+00;9.117191e-01;4.701979e-01;-6.672020e-01;-4.252933e+00;1.795011e-01;2.907518e+00;8.703079e-01
4;0.400000;2.071926e+00;-5.811445e+00;2.822185e+00;-3.324301e+00;1.719775e-01;-1.979599e+00;1.178829e+00;-7.606721e-02;1.047846e-01;5.558333e-01;-6.434967e+00;-6.253314e-01;1.220005e+00;4.929199e-01
5;0.500000;3.697300e-01;-7.478439e-01;2.415600e+00;3.444947e+00;-4.671203e+00;1.805407e+00;-8.610783e-01;3.102776e+00;4.129166e+00;2.173756e+00;-4.585421e+00;2.886934e-01;3.101401e+00;1.557747e+00
