frameIndex;frameTime;pcm_fftMag_mfcc[0];pcm_fftMag_mfcc[1];pcm_fftMag_mfcc[2];pcm_fftMag_mfcc[3];pcm_fftMag_mfcc[4];pcm_fftMag_mfcc[5];pcm_fftMag_mfcc[6];pcm_fftMag_mfcc[7];pcm_fftMag_mfcc[8];pcm_fftMag_mfcc[9];pcm_fftMag_mfcc[10];pcm_fftMag_mfcc[11];pcm_fftMag_mfcc[12];pcm_fftMag_mfcc[13]
0;0.000000;-9.027332e+00;8.545429e+00;-1.171479e+01;1.723564e+00;1.920210e+00;-7.962949e+00;4.722889e+00;1.654232e+00;1.048528e+01;7.917193e+00;-5.481608e+00;-1.954219e+00;2.372735e+00;2.501785e+00
1;0.100000;-1.043536e+01;1.195935e+01;1.748581e+00;6.146650e+00;-1.311598e+00;-6.442180e+00;2.372978e+00;-1.849146e+00;1.746089e+00;-9.726226e-01;-1.583343e+00;1.485471e+00;-2.456680e+00;5.124664e-02
2;0.200000;-4.722351e+00;7.319262e+00;4.034497e+00;4.839654e+00;-2.463106e+00;-2.350755e+00;-7.581978e-01;-5.097204e+00;-4.012573e+00;-2.522208e+00;2.366110e+00;1.497765e+00;-3.101793e+00;-6.377716e-01
3;0.300000;4.226527e+00;-1.526865e+00;4.607438e+00;1.870625e+00;-2.804291e+00;2.344729e+00;-4.769790e+00;-1.866759e+00;-3.929409e+00;-2.934225e+00;2.693382e+00;-2.795815e-01;1.299171e-01;-3.360100e+00
4;0.400000;9.754757e+00;-1.073820e+01;2.579001e+00;-5.208556e+00;-7.832775e-01;7.220820e+00;-2.828646e+00;3.336427e+00;-3.109067e+00;-1.917054e+00;1.282311e+00;1.093812e-01;1.349139e+00;-7.795715e-01
5;0.500000;1.020376e+01;-1.555897e+01;-1.254729e+00;-9.371942e+00;5.442065e+00;7.190338e+00;1.260766e+00;3.822445e+00;-1.180322e+00;4.289175e-01;7.231541e-01;-8.588157e-01;1.706680e+00;2.224457e+00
