frameIndex;frameTime;pcm_fftMag_mfcc[0];pcm_fftMag_mfcc[1];pcm_fftMag_mfcc[2];pcm_fftMag_mfcc[3];pcm_fftMag_mfcc[4];pcm_fftMag_mfcc[5];pcm_fftMag_mfcc[6];pcm_fftMag_mfcc[7];pcm_fftMag_mfcc[8];pcm_fftMag_mfcc[9];pcm_fftMag_mfcc[10];pcm_fftMag_mfcc[11];pcm_fftMag_mfcc[12];pcm_fftMag_mfcc[13]
0;0.000000;-9.909210e-01;1.150690e+00;-1.296389e+01;6.772075e-01;-7.994184e-01;3.580557e+00;-4.830360e-01;7.482861e+00;2.715971e+00;-6.744368e+00;-4.355957e+00;-7.626831e+00;4.275937e-01;1.308960e+00
1;0.100000;1.532940e+00;-1.216693e+00;-1.177215e+00;-4.331481e+00;1.270597e+00;-1.381063e+00;-5.750305e+00;8.136078e+00;-4.911923e-01;-1.391413e+00;-5.679549e+00;-1.302764e+00;-7.157204e-01;1.101509e+00
2;0.200000;2.162392e+00;-1.968959e+00;1.658531e+00;-2.771828e+00;1.145190e+00;-4.907550e+00;-6.964333e+00;6.051182e+00;-2.538753e-01;6.236224e-01;-3.251804e+00;1.267689e+00;-1.493471e+00;5.998993e-01
3;0.300000;2.704532e+00;-3.794974e+00;1.161493e+00;-9.734979e-01;-1.187270e+00;-1.373489e+00;-4.045467e-01;-2.231406e+00;4.608212e-01;1.266880e+00;1.517637e+00;7.756371e-01;1.103892e+00;-5.716095e-01
4;0.400000;-6.072741e-01;-5.251875e-01;3.571454e+00;1.766870e+00;-1.009523e+00;1.892960e+00;6.548843e+00;-8.509088e+00;-1.304795e+00;3.438243e+00;5.686379e+00;2.967451e+00;8.852419e-01;-7.063065e-01
5;0.500000;-4.801664e+00;6.355124e+00;7.749631e+00;5.632730e+00;5.804358e-01;2.188586e+00;7.053378e+00;-1.092963e+01;-1.126930e+00;2.807035e+00;6.083293e+00;3.918822e+00;-2.075353e-01;-1.732430e+00
