frameIndex;frameTime;pcm_fftMag_mfcc[0];pcm_fftMag_mfcc[1];pcm_fftMag_mfcc[2];pcm_fftMag_mfcc[3];pcm_fftMag_mfcc[4];pcm_fftMag_mfcc[5];pcm_fftMag_mfcc[6];pcm_fftMag_mfcc[7];pcm_fftMag_mfcc[8];pcm_fftMag_mfcc[9];pcm_fftMag_mfcc[10];pcm_fftMag_mfcc[11];pcm_fftMag_mfcc[12];pcm_fftMag_mfcc[13]
0;0.000000;1.239764e+00;8.037993e+00;3.009333e+00;1.059727e+01;2.899875e+00;4.034739e+00;5.413494e+00;-8.399563e-01;1.235637e+01;-2.637220e+00;-3.985734e+00;-8.023491e-01;3.356027e+00;2.663475e+00
1;0.100000;-1.538388e+00;9.430640e+00;-8.727798e-01;9.036033e+00;1.797430e+00;2.043440e+00;8.905272e+00;-7.934570e-01;1.025671e+01;-2.085515e+00;-3.656030e+00;-1.197475e+00;2.524763e+00;1.425102e+00
2;0.200000;-2.689937e+00;7.440099e+00;-3.203901e+00;3.883206e+00;-3.358232e+00;-3.386439e+00;5.617442e+00;-2.612933e+00;4.011868e+00;-3.548705e+00;3.278093e-01;-2.228305e+00;-3.674531e-01;-1.903107e+00
3;0.300000;-6.413488e-01;-3.611815e+00;4.769592e-01;-4.967916e+00;-9.666336e-01;-3.745980e+00;-3.635236e+00;5.860634e-01;-4.516431e+00;1.662374e+00;3.959488e+00;-2.278817e+00;-3.175642e+00;-1.517632e+00
4;0.400000;9.785676e-01;-8.691004e+00;7.715416e-02;-8.654550e+00;5.406659e-01;-4.575696e-01;-7.253378e+00;2.515381e+00;-1.102454e+01;4.316790e+00;2.586839e+00;2.938808e+00;-1.377335e+00;-6.777954e-02
5;0.500000;2.651342e+00;-1.260591e+01;5.132351e-01;-9.894040e+00;-9.131038e-01;1.511810e+00;-9.047592e+00;1.144900e+00;-1.108399e+01;2.292277e+00;7.676301e-01;3.568139e+00;-9.603610e-01;-5.999832e-01
