frameIndex;frameTime;pcm_fftMag_mfcc[0];pcm_fftMag_mfcc[1];pcm_fftMag_mfcc[2];pcm_fftMag_mfcc[3];pcm_fftMag_mfcc[4];pcm_fftMag_mfcc[5];pcm_fftMag_mfcc[6];pcm_fftMag_mfcc[7];pcm_fftMag_mfcc[8];pcm_fftMag_mfcc[9];pcm_fftMag_mfcc[10];pcm_fftMag_mfcc[11];pcm_fftMag_mfcc[12];pcm_fftMag_mfcc[13]
0;0.000000;-3.759465e+00;-1.454584e+00;4.745742e+00;1.211380e+00;-9.976273e-01;-8.224744e+00;4.595219e+00;4.857832e+00;8.064455e+00;1.802439e+00;-4.207697e-01;7.502921e+00;-1.757853e+00;1.837059e+00
1;0.100000;-3.692256e+00;-2.358315e+00;1.094251e-01;1.595261e+00;2.098221e+00;-8.791741e+00;7.919201e+00;7.820556e+00;5.683022e+00;1.022117e+00;-2.961499e+00;3.336533e+00;-5.925035e-01;2.219070e+00
2;0.200000;-1.215284e+00;1.183081e-02;1.157376e+00;2.471659e+00;1.784290e+00;-5.444013e+00;2.871789e+00;1.800941e+00;6.668396e-01;-4.032291e+00;-5.476478e+00;-3.282541e+00;-5.790105e-01;8.253555e-01
3;0.300000;9.714026e-01;8.780451e-01;-4.628663e-01;5.459933e-01;-1.342251e+00;4.078139e+00;-7.802001e+00;-7.127875e+00;-6.077091e+00;-1.660721e+00;3.252039e-01;-4.688895e+00;-1.531476e+00;1.699982e-01
4;0.400000;2.716691e+00;7.299185e-01;-2.664158e+00;-1.184055e+00;-8.998623e-01;7.607172e+00;-5.476221e+00;-4.975542e+00;-5.417728e+00;9.608107e-01;3.342914e+00;-1.614091e+00;-3.946505e-01;-5.255814e-01
5;0.500000;4.978915e+00;2.193108e+00;-2.885518e+00;-4.640239e+00;-6.427765e-01;1.077518e+01;-2.107985e+00;-2.375907e+00;-2.919497e+00;1.907645e+00;5.190625e+00;-1.253927e+00;4.855494e+00;-4.525970e+00
