frameIndex;frameTime;pcm_fftMag_mfcc[0];pcm_fftMag_mfcc[1];pcm_fftMag_mfcc[2];pcm_fftMag_mfcc[3];pcm_fftMag_mfcc[4];pcm_fftMag_mfcc[5];pcm_fftMag_mfcc[6];pcm_fftMag_mfcc[7];pcm_fftMag_mfcc[8];pcm_fftMag_mfcc[9];pcm_fftMag_mfcc[10];pcm_fftMag_mfcc[11];pcm_fftMag_mfcc[12];pcm_fftMag_mfcc[13]
0;0.000000;-2.760111e+00;-6.271537e+00;-2.455574e+00;-2.847042e-01;6.847667e+00;2.149841e+00;-5.546694e+00;-4.919400e+00;-8.547325e-01;9.052753e-01;-1.499210e+00;5.498425e+00;4.061164e+00;-4.355011e+00
1;0.100000;-3.144875e-01;-2.549195e+00;-5.664034e-01;4.373927e+00;1.127700e+01;5.105443e+00;-4.199026e+00;-3.602326e+00;5.700383e-01;-3.827070e+00;-2.226454e+00;3.882434e+00;-9.547129e-01;-6.840080e+00
2;0.200000;-5.849209e-01;6.353657e+00;2.315160e+00;-1.219833e+00;-8.208309e+00;-1.250616e+00;-1.678978e+00;-3.266875e+00;-2.114157e+00;-3.844475e+00;2.481148e+00;-5.140736e+00;-6.852632e-01;-5.853973e+00
3;0.300000;4.628677e-01;4.929867e+00;2.845957e+00;-2.530573e+00;-8.407690e+00;-2.355237e+00;3.390041e+00;2.734351e+00;-1.349535e+00;-2.964687e-02;2.030224e+00;-4.838336e+00;-4.684439e-01;3.051704e+00
4;0.400000;1.388926e+00;7.365313e-01;7.635880e-02;-9.422626e-01;-2.795583e+00;-2.027846e+00;3.458105e+00;4.274243e+00;6.615062e-01;2.506639e+00;4.627028e-01;-1.430766e+00;-5.168228e-01;7.293633e+00
5;0.500000;1.807720e+00;-3.199323e+00;-2.215496e+00;6.034431e-01;1.286919e+00;-1.621582e+00;4.576553e+00;4.780007e+00;3.086881e+00;4.289279e+00;-1.248412e+00;2.028976e+00;-1.435921e+00;6.703674e+00
