frameIndex;frameTime;pcm_fftMag_mfcc[0];pcm_fftMag_mfcc[1];pcm_fftMag_mfcc[2];pcm_fftMag_mfcc[3];pcm_fftMag_mfcc[4];pcm_fftMag_mfcc[5];pcm_fftMag_mfcc[6];pcm_fftMag_mfcc[7];pcm_fftMag_mfcc[8];pcm_fftMag_mfcc[9];pcm_fftMag_mfcc[10];pcm_fftMag_mfcc[11];pcm_fftMag_mfcc[12];pcm_fftMag_mfcc[13]
0;0.000000;2.764313e+00;1.069161e+00;-2.524951e+00;6.804475e+00;5.865498e+00;4.754275e+00;-7.330770e-01;4.747365e+00;4.274581e+00;-2.575035e-01;2.879779e+00;-6.916788e+00;2.410864e+00;1.877975e-01
1;0.100000;2.936555e+00;-1.260500e+00;-1.641831e+00;2.761767e+00;1.914949e+00;-1.815350e+00;-2.963783e+00;6.343989e-01;1.496037e+00;-1.894802e+00;-1.406609e+00;-5.114324e+00;1.901343e+00;-1.275337e+00
2;0.200000;8.661413e-01;2.317056e+00;-2.002759e+00;4.307867e+00;-2.228979e+00;-3.055092e+00;-3.639356e+00;-1.924999e+00;2.385350e+00;-8.114815e-03;-2.337590e+00;-1.429775e+00;1.944545e+00;-1.005775e+00
3;0.300000;-2.298019e+00;3.069921e+00;2.623609e+00;-4.964952e-01;-3.475118e+00;-5.220776e-01;1.007355e+00;6.709695e-02;-1.090087e-01;7.433920e-01;1.313196e+00;3.268023e+00;-4.722450e-01;9.256516e-01
4;0.400000;-3.253794e+00;2.285991e-01;3.822760e+00;-5.447718e+00;-3.163176e+00;3.230648e-01;3.955104e+00;-4.920309e-01;-3.322690e+00;8.049717e-01;1.556057e+00;5.363895e+00;-2.050546e+00;1.363396e+00
5;0.500000;-1.015194e+00;-5.424238e+00;-2.768297e-01;-7.929894e+00;1.086826e+00;3.151741e-01;2.373758e+00;-3.031831e+00;-4.724268e+00;6.120567e-01;-2.004832e+00;4.828966e+00;-3.733961e+00;-1.956787e-01
