frameIndex;frameTime;pcm_fftMag_mfcc[0];pcm_fftMag_mfcc[1];pcm_fftMag_mfcc[2];pcm_fftMag_mfcc[3];pcm_fftMag_mfcc[4];pcm_fftMag_mfcc[5];pcm_fftMag_mfcc[6];pcm_fftMag_mfcc[7];pcm_fftMag_mfcc[8];pcm_fftMag_mfcc[9];pcm_fftMag_mfcc[10];pcm_fftMag_mfcc[11];pcm_fftMag_mfcc[12];pcm_fftMag_mfcc[13]
0;0.000000;2.970463e+00;-1.066265e+00;1.685097e+00;1.793631e+00;2.399397e+00;2.979898e-01;-2.981558e+00;2.989087e+00;4.373964e+00;-1.986258e-01;1.015677e+00;-2.891660e-02;1.666410e+00;-1.576416e+00
1;0.100000;4.399666e+00;-5.252580e+00;1.177794e+00;-3.170424e+00;-3.599396e-01;-2.661937e+00;-3.556430e+00;6.013846e+00;5.624208e-01;2.225578e-01;1.787849e+00;-1.911576e+00;9.465060e-01;1.058342e+00
2;0.200000;4.977544e+00;-9.325581e+00;3.594444e+00;-8.961701e+00;-5.145149e-01;-3.950155e+00;-3.307477e+00;6.122660e+00;-3.907848e+00;1.677040e+00;-3.289617e-01;-5.603023e-01;-6.457126e-01;1.306770e+00
3;0.300000;-2.448673e-01;-2.045552e+00;8.043480e-02;-3.280513e+00;-3.130627e+00;-1.182891e+00;4.615254e-01;5.737414e-01;-2.146000e+00;-7.941132e-01;1.351276e+00;-3.466117e-01;3.092217e-02;1.830223e+00
4;0.400000;-4.419931e+00;6.224301e+00;-1.513471e+00;3.325501e+00;-1.960960e+00;3.033909e+00;3.779392e+00;-6.386593e+00;-1.476065e+00;-1.576960e+00;-5.926942e-01;6.741755e-01;-4.945791e-01;5.866776e-01
5;0.500000;-7.682867e+00;1.146568e+01;-5.024301e+00;1.029351e+01;3.566628e+00;4.463081e+00;5.604546e+00;-9.312742e+00;2.593526e+00;6.701009e-01;-3.233146e+00;2.173230e+00;-1.503547e+00;-3.205612e+00
