frameIndex;frameTime;pcm_fftMag_mfcc[0];pcm_fftMag_mfcc[1];pcm_fftMag_mfcc[2];pcm_fftMag_mfcc[3];pcm_fftMag_mfcc[4];pcm_fftMag_mfcc[5];pcm_fftMag_mfcc[6];pcm_fftMag_mfcc[7];pcm_fftMag_mfcc[8];pcm_fftMag_mfcc[9];pcm_fftMag_mfcc[10];pcm_fftMag_mfcc[11];pcm_fftMag_mfcc[12];pcm_fftMag_mfcc[13]
0;0.000000;-1.440945e+00;2.223837e+00;-6.710836e+00;9.389396e-01;3.801504e+00;1.863273e+00;5.581856e-01;-2.978745e+00;7.109077e-01;-1.110465e+00;-9.683026e-01;-5.978426e-01;-1.454947e+00;9.547958e-01
1;0.100000;-1.202384e+00;6.307173e-01;1.364048e+00;-4.984384e-01;-2.765543e+00;-9.245563e-01;2.272034e-01;-9.246693e-01;-3.446972e-01;-1.133079e+00;-8.311915e-02;-8.933252e-02;1.875153e-01;5.976562e-01
2;0.200000;2.643331e+00;-2.854554e+00;5.346787e+00;-4.405017e-01;-1.035961e+00;-9.387159e-01;-7.853894e-01;3.903413e+00;-3.662097e-01;2.243544e+00;1.051422e+00;6.871753e-01;1.267432e+00;-1.552444e+00
