frameIndex;frameTime;pcm_fftMag_mfcc[0];pcm_fftMag_mfcc[1];pcm_fftMag_mfcc[2];pcm_fftMag_mfcc[3];pcm_fftMag_mfcc[4];pcm_fftMag_mfcc[5];pcm_fftMag_mfcc[6];pcm_fftMag_mfcc[7];pcm_fftMag_mfcc[8];pcm_fftMag_mfcc[9];pcm_fftMag_mfcc[10];pcm_fftMag_mfcc[11];pcm_fftMag_mfcc[12];pcm_fftMag_mfcc[13]
0;0.000000;-3.814547e+00;5.204884e+00;-5.245329e+00;4.088462e+00;7.296002e+00;-4.554873e-01;7.046947e+00;2.937017e+00;-1.433847e+00;-9.011043e+00;5.536159e+00;1.555530e+00;1.933568e+00;1.580185e+00
1;0.100000;-4.041231e+00;7.662973e+00;-1.251409e+00;1.710167e+00;4.998885e+00;-5.464153e-01;-1.080011e+00;-1.741921e+00;6.220312e+00;-2.161242e+00;7.254624e+00;3.450540e+00;1.845927e+00;4.348984e-01
2;0.200000;-1.062887e+00;2.742442e+00;1.789896e+00;-1.738753e-01;5.116043e-01;-1.882615e+00;-2.956825e+00;-2.956980e+00;6.768053e+00;7.693695e-01;2.605679e+00;1.295984e+00;-1.009291e+00;-4.262161e-01
3;0.300000;2.873934e+00;-4.972347e+00;3.195862e+00;-3.586473e+00;-2.445068e+00;5.786057e-01;-1.727302e+00;5.919194e-02;-1.417319e+00;3.418200e+00;-4.632843e+00;-1.545961e-01;-1.248082e+00;-1.461510e+00
4;0.400000;3.373526e+00;-7.015503e+00;6.969976e-01;-2.223290e+00;-4.645080e+00;1.068619e+00;-1.072997e+00;1.152034e+00;-5.345612e+00;3.301587e+00;-6.058886e+00;-3.278126e+00;-9.644363e-01;-9.861755e-02
5;0.500000;2.671202e+00;-3.622449e+00;8.139813e-01;1.850042e-01;-5.716348e+00;1.237290e+00;-2.098110e-01;5.506570e-01;-4.791591e+00;3.683126e+00;-4.704734e+00;-2.869331e+00;-5.576851e-01;-2.873230e-02
