frameIndex;frameTime;pcm_fftMag_mfcc[0];pcm_fftMag_mfcc[1];pcm_fftMag_mfcc[2];pcm_fftMag_mfcc[3];pcm_fftMag_mfcc[4];pcm_fftMag_mfcc[5];pcm_fftMag_mfcc[6];pcm_fftMag_mfcc[7];pcm_fftMag_mfcc[8];pcm_fftMag_mfcc[9];pcm_fftMag_mfcc[10];pcm_fftMag_mfcc[11];pcm_fftMag_mfcc[12];pcm_fftMag_mfcc[13]
0;0.000000;6.077148e+00;-3.852771e+00;-8.189906e+00;-1.869499e+00;1.012065e+00;5.561129e+00;-2.708923e+00;2.999523e+00;4.702506e+00;-1.225853e+00;-6.276040e+00;-4.895458e+00;-1.684364e+00;-1.818100e+00
1;0.100000;8.671761e-02;2.528249e+00;-5.170814e+00;2.602131e+00;1.109756e+00;-6.173697e-01;-6.554604e-02;2.364462e+00;-6.471252e-02;3.057709e-01;-5.828398e+00;-3.632542e+00;-1.196933e+00;-1.983513e+00
2;0.200000;-2.143032e+00;4.207030e+00;8.652384e-01;1.274654e+00;-3.532567e+00;-3.235980e+00;-1.057539e+00;-7.667084e-01;-4.962777e+00;6.928663e-01;1.345767e+00;1.956796e+00;9.200444e-01;-8.867264e-01
3;0.300000;-2.304468e+00;1.745882e-01;6.302770e+00;8.285713e-02;-1.197056e+00;-1.502187e+00;-1.846466e-01;-2.678122e+00;-1.903710e+00;-3.026276e-01;3.897352e+00;3.008568e+00;3.500025e-01;1.761482e+00
4;0.400000;-1.716372e+00;-3.057097e+00;6.192713e+00;-2.090143e+00;2.607801e+00;-2.055929e-01;4.016655e+00;-1.919153e+00;2.228694e+00;5.298443e-01;6.861319e+00;3.562637e+00;1.611251e+00;2.926865e+00
