frameIndex;frameTime;pcm_fftMag_mfcc[0];pcm_fftMag_mfcc[1];pcm_fftMag_mfcc[2];pcm_fftMag_mfcc[3];pcm_fftMag_mfcc[4];pcm_fftMag_mfcc[5];pcm_fftMag_mfcc[6];pcm_fftMag_mfcc[7];pcm_fftMag_mfcc[8];pcm_fftMag_mfcc[9];pcm_fftMag_mfcc[10];pcm_fftMag_mfcc[11];pcm_fftMag_mfcc[12];pcm_fftMag_mfcc[13]
0;0.000000;4.669622e+00;-1.077950e+01;2.411457e+00;5.791028e+00;3.511642e+00;-4.066759e+00;-8.248672e-01;-1.431779e+00;8.767233e-01;2.533387e+00;3.542460e+00;4.530350e+00;-2.226634e+00;3.356979e+00
1;0.100000;1.268486e+00;-7.710303e+00;-2.460353e+00;4.298786e+00;4.112177e-01;-1.087363e+00;-1.423123e+00;1.668782e+00;7.283287e-01;1.093475e+00;4.611362e+00;3.075836e+00;-8.681837e-01;4.312355e+00
2;0.200000;-3.041121e+00;-9.359150e-01;-6.303512e+00;1.535938e+00;-4.872246e-01;1.770007e+00;1.958314e+00;1.127607e+00;1.656562e+00;-1.849166e+00;2.824002e+00;1.652537e+00;-1.872895e+00;2.172943e+00
3;0.300000;-4.270155e+00;7.545835e+00;-3.148566e+00;-1.065386e+00;-7.090836e-01;5.086849e+00;2.707261e+00;-4.054010e+00;-3.059874e-01;-1.422888e+00;-1.354701e+00;-3.156083e+00;-1.827951e+00;-1.672897e+00
4;0.400000;-1.865717e+00;9.586908e+00;3.864915e+00;-3.304218e+00;-2.508542e+00;1.180587e+00;-8.774972e-02;-2.054214e-03;-7.976570e-01;1.646850e+00;-3.229766e+00;-6.539649e+00;3.358194e+00;-4.599449e+00
5;0.500000;3.238882e+00;2.292982e+00;5.636056e+00;-7.256147e+00;-2.180052e-01;-2.883321e+00;-2.329836e+00;2.691455e+00;-2.157968e+00;-2.001660e+00;-6.393356e+00;4.370074e-01;3.437469e+00;-3.569901e+00
