frameIndex;frameTime;pcm_fftMag_mfcc[0];pcm_fftMag_mfcc[1];pcm_fftMag_mfcc[2];pcm_fftMag_mfcc[3];pcm_fftMag_mfcc[4];pcm_fftMag_mfcc[5];pcm_fftMag_mfcc[6];pcm_fftMag_mfcc[7];pcm_fftMag_mfcc[8];pcm_fftMag_mfcc[9];pcm_fftMag_mfcc[10];pcm_fftMag_mfcc[11];pcm_fftMag_mfcc[12];pcm_fftMag_mfcc[13]
0;0.000000;9.050503e-01;-1.155399e+00;-1.077482e+00;-3.722929e+00;7.081626e+00;2.024828e+00;4.845408e+00;3.891018e+00;3.551483e+00;5.142673e+00;-1.605767e+00;-4.432833e+00;2.228971e-01;-7.419815e-01
1;0.100000;1.272153e+00;8.470955e-01;1.066718e+00;-5.029415e+00;4.732778e+00;1.118378e+00;1.720934e+00;2.762073e+00;-7.019911e-01;3.851942e+00;1.115793e+00;1.012707e-02;2.037196e-01;-6.332550e-01
2;0.200000;2.569324e+00;-3.093985e-01;1.261997e-02;-4.224297e+00;1.332127e+00;4.102826e-02;-6.300697e-01;1.020407e+00;-2.180026e+00;-2.783156e+00;1.101456e+00;1.058321e+00;1.720424e+00;-3.247452e-01
3;0.300000;1.491547e+00;3.007285e-01;-1.762597e+00;8.239975e-01;-2.148496e+00;-1.366200e-01;-2.744808e-01;-1.208751e+00;7.142258e-01;-4.272944e+00;2.692139e+00;3.721393e+00;1.525685e+00;-8.140106e-01
4;0.400000;-3.233920e+00;7.676209e-01;2.980385e-01;4.950371e+00;-6.734591e+00;-1.543189e+00;-3.019238e+00;-5.690151e+00;-2.026998e+00;-2.533110e+00;-7.609507e-01;2.026999e+00;-1.110950e+00;-3.124542e-01
5;0.500000;-3.004156e+00;-4.506469e-01;1.462704e+00;7.202282e+00;-4.263440e+00;-1.504425e+00;-2.642546e+00;-7.745962e-01;6.433020e-01;5.945954e-01;-2.542671e+00;-2.384007e+00;-2.561775e+00;2.826363e+00
