frameIndex;frameTime;pcm_fftMag_mfcc[0];pcm_fftMag_mfcc[1];pcm_fftMag_mfcc[2];pcm_fftMag_mfcc[3];pcm_fftMag_mfcc[4];pcm_fftMag_mfcc[5];pcm_fftMag_mfcc[6];pcm_fftMag_mfcc[7];pcm_fftMag_mfcc[8];pcm_fftMag_mfcc[9];pcm_fftMag_mfcc[10];pcm_fftMag_mfcc[11];pcm_fftMag_mfcc[12];pcm_fftMag_mfcc[13]
0;0.000000;4.139414e-01;7.507322e+00;-4.009225e+00;-3.566892e+00;1.680456e+00;1.211696e+01;-5.209054e+00;-3.003450e+00;-1.099781e+00;-5.063779e+00;1.249416e+00;-3.022449e+00;-5.452471e+00;7.164612e-01
1;0.100000;3.132776e+00;9.192442e-01;-2.480193e+00;-3.204506e+00;-4.247145e+00;9.916348e+00;-1.528777e+00;9.785953e-01;-1.369307e+00;-4.931563e+00;4.876995e-02;-1.117116e+00;-2.845628e+00;1.157242e+00
2;0.200000;4.904858e+00;-6.469211e+00;5.628428e+00;-5.171472e+00;-1.867348e+00;8.301282e-01;-3.405545e-01;3.403178e+00;-4.805327e+00;6.709337e-01;-2.595763e+00;9.471581e-01;1.227961e+00;1.322998e+00
3;0.300000;1.036964e+00;-5.115935e+00;6.563533e+00;-7.134910e-01;-7.009830e-01;-5.590032e+00;1.066238e+00;8.698630e-01;-1.885875e+00;1.436423e+00;-1.348821e+00;6.024275e-01;2.449134e+00;1.339752e+00
4;0.400000;-4.095771e+00;-2.610242e-01;2.567297e+00;4.946020e+00;-1.890244e+00;-1.021556e+01;2.525141e+00;-5.174675e-01;1.441615e+00;3.905029e-01;-4.766035e-01;1.302007e+00;3.506306e+00;-1.202217e+00
5;0.500000;-5.392774e+00;3.419605e+00;-8.269838e+00;7.710340e+00;7.025262e+00;-7.057845e+00;3.487008e+00;-1.730721e+00;7.718677e+00;7.497482e+00;3.123002e+00;1.287974e+00;1.114699e+00;-3.334305e+00
