frameIndex;frameTime;pcm_fftMag_mfcc[0];pcm_fftMag_mfcc[1];pcm_fftMag_mfcc[2];pcm_fftMag_mfcc[3];pcm_fftMag_mfcc[4];pcm_fftMag_mfcc[5];pcm_fftMag_mfcc[6];pcm_fftMag_mfcc[7];pcm_fftMag_mfcc[8];pcm_fftMag_mfcc[9];pcm_fftMag_mfcc[10];pcm_fftMag_mfcc[11];pcm_fftMag_mfcc[12];pcm_fftMag_mfcc[13]
0;0.000000;-7.042870e+00;-5.506561e+00;-3.406949e+00;4.841173e+00;5.823385e+00;2.608660e+00;-3.987515e+00;1.899387e+00;3.597060e+00;3.203206e-01;-1.009301e+01;-3.188880e+00;1.175885e+00;3.423515e+00
1;0.100000;-5.883316e+00;2.702799e-01;-2.115348e+00;1.683665e+00;1.603484e+00;-9.925442e-01;-5.660762e+00;2.339178e+00;9.708128e-01;-1.242791e+00;-7.891208e+00;-2.550285e+00;5.317311e-01;3.179329e+00
2;0.200000;-1.594722e+00;5.207419e+00;8.030891e-01;9.343338e-02;-4.448630e+00;-1.808209e+00;-1.289506e+00;4.031594e+00;-2.948315e+00;-1.485819e+00;-2.119910e+00;-1.088587e+00;5.197816e-01;2.261353e-01
3;0.300000;3.712633e+00;1.708593e+00;2.245225e+00;-1.223848e+00;-2.805766e+00;-1.621348e+00;1.756918e+00;3.721368e+00;-3.409273e+00;7.091327e-01;5.853026e+00;2.687420e+00;5.752172e-01;-2.788361e+00
4;0.400000;4.236337e+00;-1.170771e+00;6.819468e-01;-4.484213e+00;1.092825e-01;-5.578384e-01;3.266777e+00;-3.163305e+00;-3.630829e-01;1.132942e+00;6.978838e+00;2.358575e+00;-1.150547e+00;-1.979759e+00
5;0.500000;6.571936e+00;-5.089598e-01;1.792033e+00;-9.102135e-01;-2.817602e-01;2.371280e+00;5.914088e+00;-8.828217e+00;2.152797e+00;5.662163e-01;7.272260e+00;1.781759e+00;-1.652066e+00;-2.060829e+00
