frameIndex;frameTime;pcm_fftMag_mfcc[0];pcm_fftMag_mfcc[1];pcm_fftMag_mfcc[2];pcm_fftMag_mfcc[3];pcm_fftMag_mfcc[4];pcm_fftMag_mfcc[5];pcm_fftMag_mfcc[6];pcm_fftMag_mfcc[7];pcm_fftMag_mfcc[8];pcm_fftMag_mfcc[9];pcm_fftMag_mfcc[10];pcm_fftMag_mfcc[11];pcm_fftMag_mfcc[12];pcm_fftMag_mfcc[13]
0;0.000000;3.660881e+00;9.494476e-01;-3.533192e-01;-2.421913e+00;2.812937e+00;2.946660e+00;9.368305e-01;3.183013e+00;2.697945e+00;4.268204e+00;1.047432e+00;4.650927e-02;4.510608e-01;-6.605644e+00
1;0.100000;9.895725e-01;-1.442961e+00;-1.755581e-01;-5.028366e+00;4.591266e+00;4.154964e+00;2.306776e-01;2.583202e+00;-1.340803e+00;2.583441e+00;2.424614e+00;-1.600280e-01;-1.434922e+00;5.370331e-01
2;0.200000;-5.925980e-01;-3.778437e+00;1.646263e+00;-2.841024e+00;6.820082e+00;4.433931e+00;-5.396013e-01;3.590385e+00;-2.383144e+00;3.761521e+00;3.733834e+00;2.406476e+00;-5.918765e-01;3.329788e+00
3;0.300000;-1.646479e+00;-5.694262e+00;1.007870e+00;-2.892874e+00;3.710616e+00;1.082449e+00;-4.372594e+00;1.132879e+00;-4.565975e+00;3.876103e+00;2.768614e+00;3.488444e+00;-1.098247e-01;2.396980e+00
4;0.400000;-8.043880e-01;1.133751e+00;-9.569435e-01;2.879562e+00;-4.044326e+00;-3.367499e+00;-1.099754e+00;-2.859560e+00;4.636817e-01;-3.532560e+00;-1.423102e+00;-9.452019e-01;4.340777e-01;1.293243e+00
5;0.500000;-1.606988e+00;8.832469e+00;-1.168310e+00;1.030462e+01;-1.389058e+01;-9.250504e+00;4.844442e+00;-7.629918e+00;5.128295e+00;-1.095671e+01;-8.551392e+00;-4.836202e+00;1.251485e+00;-9.513702e-01
