frameIndex;frameTime;pcm_fftMag_mfcc[0];pcm_fftMag_mfcc[1];pcm_fftMag_mfcc[2];pcm_fftMag_mfcc[3];pcm_fftMag_mfcc[4];pcm_fftMag_mfcc[5];pcm_fftMag_mfcc[6];pcm_fftMag_mfcc[7];pcm_fftMag_mfcc[8];pcm_fftMag_mfcc[9];pcm_fftMag_mfcc[10];pcm_fftMag_mfcc[11];pcm_fftMag_mfcc[12];pcm_fftMag_mfcc[13]
0;0.000000;-6.444592e+00;9.531327e+00;3.371047e+00;-3.352096e+00;8.401566e-01;-2.785579e+00;-4.084615e+00;1.672727e+00;1.834980e+00;-1.376201e+00;5.021133e-01;3.186750e-01;-8.060012e-01;1.606674e-01
1;0.100000;-3.545938e+00;6.244101e+00;2.965250e+00;-1.381808e+00;-4.527254e+00;-7.403026e+00;-2.818809e+00;3.931159e+00;4.120529e+00;6.160693e-01;-7.222552e-01;-2.593670e+00;-1.945302e+00;1.781616e-01
2;0.200000;2.777422e+00;-1.345026e+00;-4.542665e-01;2.805576e-01;-2.805742e+00;-1.179019e+00;-7.392335e-02;7.954226e-01;1.898529e+00;1.889619e+00;4.934201e-01;-5.537812e-01;-2.922911e+00;-8.544693e-01
3;0.300000;4.403117e+00;-8.010457e+00;-2.365854e+00;6.178427e-01;2.640516e+00;2.931195e+00;2.279375e+00;-3.129377e-01;-1.961879e+00;7.978849e-01;-1.833651e+00;3.258927e+00;-6.760807e-01;-1.871948e-01
4;0.400000;2.787510e+00;-6.671863e+00;-1.821995e+00;1.694107e+00;2.865343e+00;5.419548e+00;3.258271e+00;-1.124595e+00;-1.857392e+00;1.094017e-01;4.226074e-01;1.709820e+00;2.803515e+00;1.029732e+00
5;0.500000;2.248001e-02;2.519169e-01;-1.694181e+00;2.141400e+00;9.869823e-01;3.016886e+00;1.439703e+00;-4.961778e+00;-4.034771e+00;-2.036772e+00;1.137765e+00;-2.139970e+00;3.546783e+00;-3.268967e-01
