frameIndex;frameTime;pcm_fftMag_mfcc[0];pcm_fftMag_mfcc[1];pcm_fftMag_mfcc[2];pcm_fftMag_mfcc[3];pcm_fftMag_mfcc[4];pcm_fftMag_mfcc[5];pcm_fftMag_mfcc[6];pcm_fftMag_mfcc[7];pcm_fftMag_mfcc[8];pcm_fftMag_mfcc[9];pcm_fftMag_mfcc[10];pcm_fftMag_mfcc[11];pcm_fftMag_mfcc[12];pcm_fftMag_mfcc[13]
0;0.000000;7.890629e+00;-5.778314e+00;1.872619e+00;-9.920691e+00;-3.926656e+00;9.578538e+00;8.771667e-01;4.418843e+00;-9.861295e+00;-4.952032e+00;4.769127e+00;6.146485e+00;1.477844e+00;-1.840012e+00
1;0.100000;2.726554e+00;-3.571765e+00;6.318789e-01;-3.778881e+00;1.132946e-01;-5.099144e-01;2.913724e+00;2.003343e+00;-3.188121e+00;-2.563548e+00;-1.158714e-03;4.003554e+00;2.156884e+00;2.047653e-01
2;0.200000;-1.981345e+00;7.745719e-01;-1.097108e+00;7.052214e-01;1.867861e+00;-4.379038e+00;2.639962e+00;6.016989e-01;2.988161e+00;-6.200886e-01;-4.251483e+00;1.391869e-01;1.080307e+00;7.271194e-01
3;0.300000;-3.748321e+00;4.218731e+00;-1.815372e+00;4.640435e+00;1.751873e+00;-4.802822e+00;2.281737e+00;-2.670853e+00;3.057655e-01;-1.736149e+00;-5.225932e+00;-1.603317e+00;2.617286e+00;1.882172e-02
4;0.400000;-2.527398e+00;4.532848e+00;-1.402779e+00;6.459599e+00;9.973011e-01;-1.326771e+00;-2.113157e+00;-2.642743e+00;5.480584e+00;3.235864e+00;1.057218e+00;-2.649357e+00;-1.349297e+00;2.051468e-01
5;0.500000;-2.360118e+00;-1.760678e-01;1.810757e+00;1.894316e+00;-8.036766e-01;1.440010e+00;-6.599424e+00;-1.710291e+00;4.274903e+00;6.635953e+00;3.652230e+00;-6.036548e+00;-5.983022e+00;6.841736e-01
