frameIndex;frameTime;pcm_fftMag_mfcc[0];pcm_fftMag_mfcc[1];pcm_fftMag_mfcc[2];pcm_fftMag_mfcc[3];pcm_fftMag_mfcc[4];pcm_fftMag_mfcc[5];pcm_fftMag_mfcc[6];pcm_fftMag_mfcc[7];pcm_fftMag_mfcc[8];pcm_fftMag_mfcc[9];pcm_fftMag_mfcc[10];pcm_fftMag_mfcc[11];pcm_fftMag_mfcc[12];pcm_fftMag_mfcc[13]
0;0.000000;-8.988533e-01;-2.209913e+00;3.115972e+00;2.583338e+00;-1.601183e+00;-1.527004e-01;2.583289e+00;-1.400249e+00;1.387408e+00;-1.383246e+00;-9.795289e-01;-1.732945e+00;4.721076e+00;9.467316e-01
1;0.100000;-1.967857e+00;-8.265390e-01;7.278631e-01;-5.737896e-01;-4.049707e+00;-4.453440e-01;2.790047e+00;1.671837e+00;2.714080e+00;2.430751e+00;2.385370e+00;5.333694e+00;4.862534e+00;-3.479614e-01
2;0.200000;1.233757e+00;6.313581e-01;-3.658320e+00;-3.071518e-01;2.450533e+00;-6.421032e-01;-2.122372e+00;1.981009e+00;-1.020623e+00;1.395751e+00;4.118629e-01;3.997239e+00;-2.727034e+00;-3.102112e-01
3;0.300000;1.632951e+00;2.405094e+00;-1.855149e-01;-1.702396e+00;3.200357e+00;1.240148e+00;-3.250963e+00;-2.252594e+00;-3.080865e+00;-2.443256e+00;-1.817705e+00;-7.597988e+00;-6.856575e+00;-2.885513e-01
