frameIndex;frameTime;pcm_fftMag_mfcc[0];pcm_fftMag_mfcc[1];pcm_fftMag_mfcc[2];pcm_fftMag_mfcc[3];pcm_fftMag_mfcc[4];pcm_fftMag_mfcc[5];pcm_fftMag_mfcc[6];pcm_fftMag_mfcc[7];pcm_fftMag_mfcc[8];pcm_fftMag_mfcc[9];pcm_fftMag_mfcc[10];pcm_fftMag_mfcc[11];pcm_fftMag_mfcc[12];pcm_fftMag_mfcc[13]
0;0.000000;-2.362676e+00;-3.495270e+00;5.756378e-03;4.502820e+00;-1.351054e+00;-4.945331e+00;-4.210270e+00;4.453630e-01;-8.723438e-01;-7.544379e-01;5.691309e-01;-1.461806e+00;-2.387466e-01;1.165344e+00
1;0.100000;-2.223439e-01;-4.706907e-01;-2.120285e-01;2.821933e+00;1.788139e-02;1.123834e-02;-2.776770e+00;2.725978e+00;-7.183406e-01;-2.793487e+00;-8.236957e-01;1.037823e+00;3.022214e+00;5.210571e-01
2;0.200000;2.200531e+00;3.772085e+00;-5.335054e-01;-5.058253e+00;-1.479541e+00;5.367142e+00;-1.996220e+00;2.215569e+00;-1.887928e+00;-3.708431e+00;-4.565248e-01;3.496056e+00;4.505132e+00;-1.100876e+00
3;0.300000;3.146705e+00;2.137164e+00;3.772736e-01;-7.837661e+00;-1.847853e+00;7.825862e+00;2.532660e+00;-2.897840e+00;1.074166e-01;4.580889e-01;2.552859e+00;3.133956e+00;-1.824642e+00;-1.355698e+00
4;0.400000;-2.422557e-01;-1.398655e+00;-6.714716e-01;-4.748726e-01;2.264305e+00;2.133503e-01;5.271140e+00;-2.253135e+00;3.632185e+00;1.927394e+00;-1.683115e+00;-3.090048e-02;-3.776336e+00;1.226730e-01
5;0.500000;-2.519959e+00;-5.446301e-01;1.033970e+00;6.046039e+00;2.396263e+00;-8.472261e+00;1.179466e+00;-2.359343e-01;-2.609885e-01;4.870872e+00;-1.586561e-01;-6.175128e+00;-1.687625e+00;6.474991e-01
