frameIndex;frameTime;pcm_fftMag_mfcc[0];pcm_fftMag_mfcc[1];pcm_fftMag_mfcc[2];pcm_fftMag_mfcc[3];pcm_fftMag_mfcc[4];pcm_fftMag_mfcc[5];pcm_fftMag_mfcc[6];pcm_fftMag_mfcc[7];pcm_fftMag_mfcc[8];pcm_fftMag_mfcc[9];pcm_fftMag_mfcc[10];pcm_fftMag_mfcc[11];pcm_fftMag_mfcc[12];pcm_fftMag_mfcc[13]
0;0.000000;9.572029e-02;4.728706e+00;3.116385e+00;-2.590712e+00;4.777766e+00;-3.361731e+00;-2.775866e+00;2.821512e-01;4.101552e+00;4.796484e+00;-5.527531e+00;-2.591043e+00;-3.199326e+00;-2.596207e-01
1;0.100000;-3.250792e+00;4.899814e+00;8.946524e-01;-9.080925e-01;1.646800e+00;-5.525884e+00;-2.956565e+00;2.420436e+00;8.628583e+00;3.740614e+00;-3.314434e+00;-1.928351e+00;-1.196329e+00;3.796463e-01
2;0.200000;-3.099636e+00;5.786973e+00;-4.122288e+00;-6.655521e-01;7.839098e-01;-2.308059e+00;-1.231661e-01;1.537059e+00;2.614383e+00;-1.006475e+00;1.615258e+00;5.811739e-01;3.147654e+00;-1.907196e-01
3;0.300000;7.695532e-01;2.706279e+00;-5.881718e+00;5.866299e-01;-6.780138e-01;2.757444e-01;1.268403e+00;-8.130426e-01;-5.726124e+00;-4.949309e+00;5.672182e+00;5.506921e-01;1.854160e+00;-2.322235e-01
4;0.400000;3.963636e+00;-7.947480e+00;1.911637e+00;4.801617e-01;-2.505469e+00;4.215317e+00;1.652282e+00;-2.324884e+00;-5.648564e+00;-2.134066e+00;9.373379e-01;1.949802e+00;1.052088e+00;-7.013702e-02
5;0.500000;1.521519e+00;-1.017429e+01;4.081328e+00;3.097564e+00;-4.024989e+00;6.704613e+00;2.934912e+00;-1.101721e+00;-3.969830e+00;-4.472494e-01;6.171837e-01;1.437732e+00;-1.658247e+00;3.730545e-01
