frameIndex;frameTime;pcm_fftMag_mfcc[0];pcm_fftMag_mfcc[1];pcm_fftMag_mfcc[2];pcm_fftMag_mfcc[3];pcm_fftMag_mfcc[4];pcm_fftMag_mfcc[5];pcm_fftMag_mfcc[6];pcm_fftMag_mfcc[7];pcm_fftMag_mfcc[8];pcm_fftMag_mfcc[9];pcm_fftMag_mfcc[10];pcm_fftMag_mfcc[11];pcm_fftMag_mfcc[12];pcm_fftMag_mfcc[13]
0;0.000000;1.627865e-01;-7.784846e+00;-1.122092e+01;-1.068407e+00;-4.812458e+00;5.019877e+00;7.180385e+00;1.074868e+01;3.458591e+00;2.679199e+00;-2.690953e+00;-5.781283e-01;-4.232324e+00;5.105865e+00
1;0.100000;1.466354e+00;-2.128956e+00;-7.585898e+00;-2.292805e-01;-4.964771e+00;3.999885e+00;3.721958e+00;5.192999e+00;4.829561e+00;2.733141e+00;-3.029383e+00;-1.719805e+00;-2.418256e+00;-1.244774e+00
2;0.200000;1.900791e+00;3.206796e+00;2.096564e+00;4.271985e+00;1.305555e+00;4.471460e+00;5.998626e-01;1.394803e+00;-7.853880e-01;2.456906e-01;5.746560e-01;-8.742559e-01;-1.707841e+00;-6.392952e+00
3;0.300000;-5.748749e-02;-6.873786e-02;9.082214e+00;-1.973000e+00;1.520876e+00;-1.005846e+00;-6.156343e+00;-6.619631e+00;-8.221050e+00;-4.907482e-01;2.750955e+00;4.570587e+00;3.230856e+00;-2.162209e+00
4;0.400000;-2.019958e+00;2.176006e+00;5.866122e+00;-2.832155e+00;1.655178e+00;-4.125040e+00;-4.752551e+00;-8.873474e+00;-3.391291e+00;-2.368357e+00;2.498588e+00;1.752722e+00;4.483531e+00;1.425377e+00
5;0.500000;-1.452484e+00;4.599739e+00;1.761915e+00;1.830854e+00;5.295610e+00;-8.360335e+00;-5.933127e-01;-1.843374e+00;4.109578e+00;-2.798924e+00;-1.038606e-01;-3.151120e+00;6.440301e-01;3.268684e+00
