frameIndex;frameTime;pcm_fftMag_mfcc[0];pcm_fftMag_mfcc[1];pcm_fftMag_mfcc[2];pcm_fftMag_mfcc[3];pcm_fftMag_mfcc[4];pcm_fftMag_mfcc[5];pcm_fftMag_mfcc[6];pcm_fftMag_mfcc[7];pcm_fftMag_mfcc[8];pcm_fftMag_mfcc[9];pcm_fftMag_mfcc[10];pcm_fftMag_mfcc[11];pcm_fftMag_mfcc[12];pcm_fftMag_mfcc[13]
0;0.000000;-1.620739e+00;-1.664834e+00;-8.900895e-01;9.743475e+00;-2.467323e+00;-6.702962e+00;2.681241e-01;7.082532e+00;7.777028e+00;-3.521214e-01;4.250711e-01;-1.193466e-01;-7.006013e+00;1.494972e+00
1;0.100000;-1.799160e+00;3.280578e+00;2.216641e+00;4.554556e+00;9.873486e-01;3.756625e+00;2.261756e+00;4.649458e-01;-1.257620e-01;-2.646780e-02;-1.268329e+00;2.618084e-01;1.433945e+00;3.680649e-01
2;0.200000;1.282920e+00;2.510591e+00;-1.207682e+00;-5.347120e+00;3.456732e+00;8.094822e+00;5.175058e-01;-4.153098e+00;-2.480448e+00;1.589760e+00;-2.850400e+00;-3.143787e-01;3.663172e+00;-9.847107e-01
3;0.300000;2.136977e+00;-4.126336e+00;-1.188700e-01;-8.950911e+00;-1.976753e+00;-5.148485e+00;-3.047386e+00;-3.394380e+00;-5.170820e+00;-1.211170e+00;3.693658e+00;1.719160e-01;1.908896e+00;-8.783188e-01
