frameIndex;frameTime;pcm_fftMag_mfcc[0];pcm_fftMag_mfcc[1];pcm_fftMag_mfcc[2];pcm_fftMag_mfcc[3];pcm_fftMag_mfcc[4];pcm_fftMag_mfcc[5];pcm_fftMag_mfcc[6];pcm_fftMag_mfcc[7];pcm_fftMag_mfcc[8];pcm_fftMag_mfcc[9];pcm_fftMag_mfcc[10];pcm_fftMag_mfcc[11];pcm_fftMag_mfcc[12];pcm_fftMag_mfcc[13]
0;0.000000;4.667678e+00;1.152937e+00;-1.646998e+00;-6.585115e+00;-1.417048e+00;8.158579e+00;6.141864e+00;1.744193e+00;-2.475719e+00;3.216085e-01;-3.519520e+00;-8.091048e-01;7.438202e-01;-2.845383e+00
1;0.100000;1.844468e+00;-2.115316e+00;5.119866e+00;-1.959745e+00;-5.780619e+00;3.608914e+00;1.100896e+00;1.945632e+00;-1.874933e+00;-3.336527e+00;3.151500e-01;1.855090e+00;-2.632205e+00;1.488953e-01
2;0.200000;-1.808128e-01;-4.319788e+00;5.589032e+00;-3.391609e-01;-4.819477e+00;-1.535310e+00;-3.389574e+00;2.040644e-01;-2.199271e+00;-2.817385e+00;1.102418e+00;2.312240e+00;-1.451541e+00;2.241623e+00
3;0.300000;-1.464244e+00;-3.415017e+00;2.871525e+00;6.510677e-01;-9.780684e-01;-4.980543e+00;-2.763508e+00;-1.386971e+00;-8.983417e-01;-1.919314e+00;7.550819e-01;1.419178e+00;2.079005e-01;1.902756e+00
4;0.400000;-3.394095e+00;3.329170e+00;-1.887425e+00;5.428760e+00;5.620422e+00;-5.385506e+00;-4.799747e-01;-1.959221e+00;1.449782e+00;1.709439e+00;5.757592e-01;3.106462e-01;2.752906e+00;-7.564011e-01
5;0.500000;-1.472992e+00;5.368018e+00;-1.004600e+01;2.804191e+00;7.374792e+00;1.338644e-01;-6.097078e-01;-5.477018e-01;5.998482e+00;6.042178e+00;7.711105e-01;-5.088049e+00;3.791189e-01;-6.914520e-01
