frameIndex;frameTime;pcm_fftMag_mfcc[0];pcm_fftMag_mfcc[1];pcm_fftMag_mfcc[2];pcm_fftMag_mfcc[3];pcm_fftMag_mfcc[4];pcm_fftMag_mfcc[5];pcm_fftMag_mfcc[6];pcm_fftMag_mfcc[7];pcm_fftMag_mfcc[8];pcm_fftMag_mfcc[9];pcm_fftMag_mfcc[10];pcm_fftMag_mfcc[11];pcm_fftMag_mfcc[12];pcm_fftMag_mfcc[13]
0;0.000000;2.992961e+00;-5.653095e+00;-9.007983e-01;1.407583e+01;1.409890e+00;1.321231e+00;1.085994e+01;-3.357705e+00;9.294107e+00;1.032441e+01;-9.946847e-01;-1.466488e+00;-2.978922e+00;1.573898e+00
1;0.100000;-9.327402e-01;-2.524783e+00;-2.858257e+00;1.172464e+01;3.817927e+00;9.268498e-02;1.253288e+01;-2.174459e+00;7.464682e+00;1.152267e+01;-1.846763e+00;-1.923745e+00;-1.155804e+00;2.780914e+00
2;0.200000;-2.753982e+00;1.448806e+00;-3.299122e-01;4.054736e+00;2.969996e+00;-9.446741e-01;3.731250e+00;-2.159966e+00;2.439018e-01;3.461885e-02;-1.070931e+00;-2.617615e+00;-3.832245e-01;1.488419e+00
3;0.300000;-1.641758e+00;3.407928e+00;3.108094e+00;-5.334741e+00;-4.908095e+00;-1.957400e+00;-3.735964e+00;9.626036e-01;-5.229804e+00;-1.154393e+01;-2.022750e+00;-1.204091e+00;1.714594e+00;-6.899643e-01
4;0.400000;1.191528e+00;3.135809e+00;1.543895e+00;-1.085443e+01;-4.214054e+00;1.180740e+00;-1.088437e+01;4.763536e+00;-5.747869e+00;-7.953526e+00;1.884288e+00;1.354766e+00;2.048807e+00;-2.301109e+00
5;0.500000;1.143991e+00;1.853371e-01;-5.630221e-01;-1.366604e+01;9.243298e-01;3.074169e-01;-1.250374e+01;1.965991e+00;-6.025018e+00;-2.384246e+00;4.050842e+00;5.857171e+00;7.545490e-01;-2.852180e+00
