frameIndex;frameTime;pcm_fftMag_mfcc[0];pcm_fftMag_mfcc[1];pcm_fftMag_mfcc[2];pcm_fftMag_mfcc[3];pcm_fftMag_mfcc[4];pcm_fftMag_mfcc[5];pcm_fftMag_mfcc[6];pcm_fftMag_mfcc[7];pcm_fftMag_mfcc[8];pcm_fftMag_mfcc[9];pcm_fftMag_mfcc[10];pcm_fftMag_mfcc[11];pcm_fftMag_mfcc[12];pcm_fftMag_mfcc[13]
0;0.000000;1.256134e+00;-2.015247e+00;2.093747e+00;2.161720e+00;-4.767664e+00;3.626986e+00;1.035358e+01;5.762175e+00;2.172729e+00;-2.211523e-01;4.427962e+00;-3.342458e+00;-1.178132e+01;1.975174e-01
1;0.100000;-2.593288e-01;-4.852660e+00;-2.391327e+00;-2.855358e+00;3.235080e+00;4.891098e+00;-1.540418e+00;1.141773e+00;-2.071142e-01;1.077723e+00;2.070357e+00;2.090169e+00;-1.233843e+00;-6.072998e-02
2;0.200000;3.339443e-01;-4.576839e+00;1.196489e-01;-2.287689e+00;2.749756e+00;2.965334e+00;-4.640790e+00;-2.429786e+00;-5.338912e+00;4.364371e-03;-8.725052e-01;1.588281e+00;8.249969e-01;6.681290e-01
3;0.300000;2.981405e-01;5.800476e-01;9.265013e-01;-1.046793e+00;3.024769e-01;-1.011316e+00;-3.446266e+00;-3.859514e+00;-5.649920e+00;1.308638e-01;-5.970230e-01;-2.150140e+00;-1.914923e-01;-4.600754e-01
4;0.400000;-9.022331e-02;9.135964e+00;9.146585e-01;3.099007e+00;2.688313e+00;-3.605175e+00;-7.468767e-01;-1.395862e+00;1.560968e+00;1.330115e+00;5.829926e-01;-1.914983e+00;3.255796e+00;-1.426971e+00
5;0.500000;-1.538664e+00;1.728735e+00;-1.663233e+00;9.291000e-01;-4.207958e+00;-6.866926e+00;2.077103e-02;7.812136e-01;7.462250e+00;-2.321914e+00;-5.611791e+00;3.729130e+00;9.125856e+00;1.082123e+00
