frameIndex;frameTime;pcm_fftMag_mfcc[0];pcm_fftMag_mfcc[1];pcm_fftMag_mfcc[2];pcm_fftMag_mfcc[3];pcm_fftMag_mfcc[4];pcm_fftMag_mfcc[5];pcm_fftMag_mfcc[6];pcm_fftMag_mfcc[7];pcm_fftMag_mfcc[8];pcm_fftMag_mfcc[9];pcm_fftMag_mfcc[10];pcm_fftMag_mfcc[11];pcm_fftMag_mfcc[12];pcm_fftMag_mfcc[13]
0;0.000000;-1.660274e+00;-5.943642e-01;-8.155775e-01;-1.945868e+00;1.125017e+00;2.003957e+00;4.474500e+00;-2.082424e+00;-1.168833e-01;-3.795166e-01;-8.073254e-01;6.824551e-01;-5.217171e-02;2.407806e+00
1;0.100000;-1.080116e+00;1.220526e+00;5.818693e+00;-2.702761e-01;1.509680e+00;7.057838e-01;2.740168e+00;2.226353e-02;2.718250e+00;6.956058e+00;-1.070042e+00;1.509638e+00;-3.881931e-02;1.787834e+00
2;0.200000;1.293844e+00;-3.780584e-01;3.632751e+00;-8.296595e-01;4.474179e+00;6.745405e-01;7.284994e-01;1.680367e+00;3.831390e+00;9.452863e+00;-1.498127e-02;1.894561e+00;-6.396887e-01;6.188354e-01
3;0.300000;2.810231e+00;-2.608318e-01;-1.792220e+00;-3.591062e+00;4.623554e+00;3.393413e+00;-2.384082e+00;1.857475e+00;3.556614e-01;5.176082e+00;1.179869e+00;-1.780081e-01;-2.791805e-01;-1.953476e+00
4;0.400000;1.393162e+00;-1.810529e+00;-4.082214e+00;1.023016e-01;-4.189303e+00;-1.127493e+00;-3.982028e+00;8.829117e-03;-5.001446e+00;-7.073126e+00;-4.932146e-01;-2.347827e+00;3.266886e-01;-2.125076e+00
5;0.500000;-2.756846e+00;1.823258e+00;-2.761432e+00;6.534567e+00;-7.543131e+00;-5.650201e+00;-1.577059e+00;-1.486512e+00;-1.786973e+00;-1.413236e+01;1.205687e+00;-1.560817e+00;6.831719e-01;-7.358780e-01
