frameIndex;frameTime;pcm_fftMag_mfcc[0];pcm_fftMag_mfcc[1];pcm_fftMag_mfcc[2];pcm_fftMag_mfcc[3];pcm_fftMag_mfcc[4];pcm_fftMag_mfcc[5];pcm_fftMag_mfcc[6];pcm_fftMag_mfcc[7];pcm_fftMag_mfcc[8];pcm_fftMag_mfcc[9];pcm_fftMag_mfcc[10];pcm_fftMag_mfcc[11];pcm_fftMag_mfcc[12];pcm_fftMag_mfcc[13]
0;0.000000;3.923537e+00;-1.282043e+00;3.731573e+00;9.517440e-01;8.897894e+00;-1.410965e+00;2.226845e+00;3.026405e+00;5.393661e+00;8.262539e-01;-9.825320e-01;1.676867e+00;3.646986e-01;1.552078e+00
1;0.100000;2.982458e+00;2.192912e-01;-2.178487e+00;2.624490e+00;3.197160e+00;1.896162e+00;1.253144e+00;4.648003e+00;5.492935e+00;1.929491e+00;-5.154686e-01;-5.709457e-01;2.202602e+00;-6.102066e-01
2;0.200000;-1.270856e+00;3.601720e+00;-4.644179e+00;4.333339e+00;-6.995869e-02;1.306343e+00;1.836635e+00;1.459394e-01;4.718362e+00;1.652918e+00;-2.057208e+00;-6.136694e-01;2.974687e+00;-3.497314e-01
3;0.300000;-4.489484e+00;3.142974e+00;1.805120e+00;9.130461e-01;-5.740913e+00;-1.322826e+00;-5.465806e-01;-1.894713e+00;-3.083404e+00;-3.155934e+00;-9.113693e-02;3.497410e-02;-3.911915e-01;7.718201e-01
4;0.400000;-3.385617e+00;-1.911159e-01;2.747329e+00;-2.801255e+00;-6.931477e+00;-2.626761e+00;-2.254133e+00;-2.610435e+00;-5.995583e+00;-2.719988e+00;1.324231e+00;-5.642042e-01;-2.637176e+00;5.364304e-01
5;0.500000;2.239959e+00;-5.490825e+00;-1.461355e+00;-6.021364e+00;6.472940e-01;2.158050e+00;-2.515909e+00;-3.315198e+00;-6.525968e+00;1.467260e+00;2.322115e+00;3.698063e-02;-2.513621e+00;-1.900360e+00
