frameIndex;frameTime;pcm_fftMag_mfcc[0];pcm_fftMag_mfcc[1];pcm_fftMag_mfcc[2];pcm_fftMag_mfcc[3];pcm_fftMag_mfcc[4];pcm_fftMag_mfcc[5];pcm_fftMag_mfcc[6];pcm_fftMag_mfcc[7];pcm_fftMag_mfcc[8];pcm_fftMag_mfcc[9];pcm_fftMag_mfcc[10];pcm_fftMag_mfcc[11];pcm_fftMag_mfcc[12];pcm_fftMag_mfcc[13]
0;0.000000;1.121201e+00;-4.416121e+00;-5.193030e+00;-6.512751e+00;4.766055e+00;3.509344e+00;-1.334537e+00;-1.213150e+00;-4.592340e+00;-4.380443e+00;4.377400e+00;7.057663e+00;6.209325e+00;1.723312e+00
1;0.100000;-8.539381e-01;-3.943110e+00;-2.087534e+00;1.082607e+00;2.224058e+00;2.608093e+00;-6.635463e-02;-2.201507e+00;-3.313329e+00;-5.355781e+00;-2.944722e-01;4.407096e+00;1.399333e+00;1.821404e+00
2;0.200000;-1.633978e+00;4.669809e-01;1.541266e+00;6.335857e+00;-2.095938e+00;-8.717852e-01;1.538180e+00;-2.692541e+00;1.886602e+00;-3.954181e+00;-1.097103e+00;-7.180147e-01;-2.667478e+00;2.417755e-02
3;0.300000;-1.209636e+00;4.041829e+00;3.306948e+00;5.891018e+00;-7.182356e+00;-4.421785e+00;-1.144896e+00;-2.715719e+00;4.335913e+00;1.918495e+00;3.235669e-01;-2.266307e+00;-6.651126e+00;-1.879639e+00
4;0.400000;1.211187e+00;3.024052e+00;2.984372e+00;8.118477e-01;-5.592083e+00;-3.606043e-01;1.296191e+00;4.448591e+00;1.155568e+00;6.223793e+00;-2.311451e+00;-1.624034e+00;-3.770337e+00;-1.645538e+00
5;0.500000;1.365164e+00;8.263721e-01;-5.520220e-01;-7.608576e+00;7.880263e+00;-4.632626e-01;-2.885849e-01;4.374325e+00;5.275841e-01;5.548114e+00;-9.979396e-01;-6.856400e+00;5.480283e+00;-4.376221e-02
