frameIndex;frameTime;pcm_fftMag_mfcc[0];pcm_fftMag_mfcc[1];pcm_fftMag_mfcc[2];pcm_fftMag_mfcc[3];pcm_fftMag_mfcc[4];pcm_fftMag_mfcc[5];pcm_fftMag_mfcc[6];pcm_fftMag_mfcc[7];pcm_fftMag_mfcc[8];pcm_fftMag_mfcc[9];pcm_fftMag_mfcc[10];pcm_fftMag_mfcc[11];pcm_fftMag_mfcc[12];pcm_fftMag_mfcc[13]
0;0.000000;-1.013613e-01;-1.535965e+00;2.388725e-01;2.622743e+00;6.281324e+00;-5.524187e-01;-4.687860e+00;5.008132e+00;-2.159815e+00;3.037400e-01;-2.475382e+00;4.038334e-02;1.670115e+00;-3.479767e-02
1;0.100000;5.651875e-01;-3.286845e+00;-2.562104e+00;6.311111e-01;4.238319e+00;-6.148052e-01;1.131241e+00;1.345884e+00;-8.385344e-01;-2.985022e+00;-1.211563e+00;1.657507e+00;2.065292e+00;5.703354e-01
2;0.200000;5.704155e-01;-2.229879e+00;-3.412389e+00;1.286060e+00;3.776302e+00;2.222519e-01;3.952322e+00;-2.409216e+00;1.682226e+00;-6.410024e+00;-1.329889e+00;-3.965001e-01;1.068656e+00;1.037552e+00
3;0.300000;9.607220e-02;9.682121e-01;-3.641809e+00;4.015246e+00;1.930817e+00;3.734696e+00;2.500152e+00;-1.263171e+00;3.171045e+00;-5.592404e+00;-6.031590e-01;7.377968e-01;5.917478e-01;-4.902420e-01
4;0.400000;-8.007278e-01;4.231272e+00;3.357770e+00;-1.733671e+00;-7.290615e+00;8.035336e-01;-8.268137e-01;-1.408534e+00;3.882408e-01;5.763830e+00;3.301264e+00;-9.060512e-01;-1.604683e+00;-9.379654e-01
5;0.500000;-3.295832e-01;1.853206e+00;6.019660e+00;-6.821486e+00;-8.936144e+00;-3.593265e+00;-2.069041e+00;-1.273095e+00;-2.243162e+00;8.919882e+00;2.318729e+00;-1.133137e+00;-3.791131e+00;-1.449051e-01
