frameIndex;frameTime;pcm_fftMag_mfcc[0];pcm_fftMag_mfcc[1];pcm_fftMag_mfcc[2];pcm_fftMag_mfcc[3];pcm_fftMag_mfcc[4];pcm_fftMag_mfcc[5];pcm_fftMag_mfcc[6];pcm_fftMag_mfcc[7];pcm_fftMag_mfcc[8];pcm_fftMag_mfcc[9];pcm_fftMag_mfcc[10];pcm_fftMag_mfcc[11];pcm_fftMag_mfcc[12];pcm_fftMag_mfcc[13]
0;0.000000;1.245597e+00;-6.309248e+00;1.539145e-01;-2.087798e+00;1.255505e+00;1.729832e+00;-9.584456e+00;-2.211251e+00;-1.451880e+00;1.590121e+00;-9.186621e-01;-3.895867e+00;-2.491640e+00;2.281937e+00
1;0.100000;9.659042e-01;-1.889588e+00;1.857567e+00;1.577115e+00;2.356117e+00;-1.839104e-01;-7.990529e+00;-6.976938e-02;1.682501e+00;3.327600e+00;-2.091424e+00;-4.108228e+00;-6.925344e-01;-2.517319e-01
2;0.200000;4.296256e+00;2.578111e+00;-1.587151e+00;-1.735762e+00;4.372938e+00;4.328582e+00;3.933463e-01;2.236366e-03;2.709418e+00;4.088706e+00;-3.020774e+00;-4.934763e+00;2.963333e-01;-3.691544e+00
3;0.300000;7.577982e-01;7.710677e+00;-4.577911e+00;-1.645162e+00;3.030157e+00;4.264135e+00;9.526766e+00;-2.897396e+00;8.425326e-01;-8.745708e-01;1.206941e+00;5.678259e+00;-7.789044e-01;-2.229858e+00
4;0.400000;-3.291192e+00;1.594297e+00;4.437923e-01;2.628617e+00;-3.389633e+00;-3.174095e+00;6.339503e+00;1.196445e+00;-1.630231e+00;-3.827973e+00;3.689269e+00;6.529053e+00;2.384821e+00;1.339500e+00
5;0.500000;-3.974372e+00;-3.684253e+00;3.709788e+00;1.262990e+00;-7.625082e+00;-6.964545e+00;1.315370e+00;3.979735e+00;-2.152343e+00;-4.303885e+00;1.134650e+00;7.315469e-01;1.281922e+00;2.551643e+00
