frameIndex;frameTime;pcm_fftMag_mfcc[0];pcm_fftMag_mfcc[1];pcm_fftMag_mfcc[2];pcm_fftMag_mfcc[3];pcm_fftMag_mfcc[4];pcm_fftMag_mfcc[5];pcm_fftMag_mfcc[6];pcm_fftMag_mfcc[7];pcm_fftMag_mfcc[8];pcm_fftMag_mfcc[9];pcm_fftMag_mfcc[10];pcm_fftMag_mfcc[11];pcm_fftMag_mfcc[12];pcm_fftMag_mfcc[13]
0;0.000000;3.282953e+00;-4.082886e+00;1.522273e+00;-2.459535e+00;-9.300280e-01;5.578957e-01;-7.106113e-01;-9.782867e-01;1.951386e+00;-5.451523e+00;-2.754600e+00;-5.715681e+00;-6.431064e+00;1.302322e+00
1;0.100000;2.319474e+00;-5.524533e+00;-3.591487e+00;-2.689730e+00;-1.356793e+00;-8.596697e-01;-3.584671e+00;3.728647e-01;2.849363e+00;-2.058765e+00;-3.957147e+00;-3.659199e+00;-2.444078e+00;1.219879e+00
2;0.200000;3.175200e+00;-2.139357e+00;-6.647738e+00;7.627525e-01;1.002267e+00;-2.494044e-01;-1.835579e+00;2.196274e+00;4.287487e+00;1.690915e+00;-4.635505e+00;-2.505749e+00;1.294845e+00;5.854797e-02
3;0.300000;1.825254e+00;3.746332e+00;-1.133695e+00;2.079608e+00;3.509218e+00;3.210230e-01;1.635439e+00;3.246404e+00;2.810021e+00;3.135166e+00;9.462929e-02;2.019254e+00;1.682913e+00;-2.610802e+00
4;0.400000;-4.678781e+00;5.220519e+00;5.285748e+00;5.073576e-01;4.074907e-01;-3.124027e-01;2.422821e+00;-2.267094e-01;-5.707266e+00;1.781518e+00;5.039572e+00;4.384863e+00;1.588346e+00;-1.587013e+00
5;0.500000;-5.924109e+00;2.779926e+00;4.564890e+00;1.799550e+00;-2.632163e+00;5.425587e-01;2.072605e+00;-4.610547e+00;-6.190992e+00;9.026918e-01;6.213045e+00;5.476512e+00;4.309035e+00;1.617073e+00
