frameIndex;frameTime;pcm_fftMag_mfcc[0];pcm_fftMag_mfcc[1];pcm_fftMag_mfcc[2];pcm_fftMag_mfcc[3];pcm_fftMag_mfcc[4];pcm_fftMag_mfcc[5];pcm_fftMag_mfcc[6];pcm_fftMag_mfcc[7];pcm_fftMag_mfcc[8];pcm_fftMag_mfcc[9];pcm_fftMag_mfcc[10];pcm_fftMag_mfcc[11];pcm_fftMag_mfcc[12];pcm_fftMag_mfcc[13]
0;0.000000;-1.085234e-01;-2.229501e+00;-4.071941e+00;6.666293e+00;2.412663e-01;-2.579091e+00;4.058155e-01;-5.202885e-01;-4.257718e+00;-2.872100e+00;-4.437378e+00;-1.016394e+00;1.901264e-01;2.707596e-01
1;0.100000;-5.929193e-01;1.756183e+00;-1.309889e+00;1.386576e+00;-2.557948e+00;-3.235369e-01;-2.166368e+00;1.256529e+00;8.980360e-01;-1.937165e+00;-6.136072e+00;-1.680879e+00;-1.803485e+00;1.539940e+00
2;0.200000;3.603935e-03;4.265736e+00;3.134721e+00;-6.937885e-02;-1.967301e+00;2.563487e+00;-9.541405e-01;2.765523e+00;4.841334e+00;1.447165e+00;-3.517776e+00;-7.645645e-01;-2.751887e+00;6.864929e-02
3;0.300000;1.987157e+00;2.967490e+00;2.518978e+00;-3.897187e+00;1.355190e-01;4.393815e+00;1.737025e+00;1.589665e+00;2.537812e+00;2.531790e+00;3.003471e+00;7.700377e-01;-3.768587e+00;-2.622299e+00
4;0.400000;1.501816e+00;-3.915530e+00;-6.050358e-01;-2.327582e+00;6.982040e-01;-2.217579e-02;8.095670e-01;-2.555088e+00;-3.380413e-01;1.623403e+00;7.023736e+00;2.283267e+00;3.798469e+00;-1.220055e+00
5;0.500000;-2.791137e+00;-2.844377e+00;3.331642e-01;-1.758723e+00;3.450262e+00;-4.032493e+00;1.681015e-01;-2.536343e+00;-3.681420e+00;-7.930918e-01;4.064019e+00;4.085312e-01;4.335363e+00;1.962997e+00
