frameIndex;frameTime;pcm_fftMag_mfcc[0];pcm_fftMag_mfcc[1];pcm_fftMag_mfcc[2];pcm_fftMag_mfcc[3];pcm_fftMag_mfcc[4];pcm_fftMag_mfcc[5];pcm_fftMag_mfcc[6];pcm_fftMag_mfcc[7];pcm_fftMag_mfcc[8];pcm_fftMag_mfcc[9];pcm_fftMag_mfcc[10];pcm_fftMag_mfcc[11];pcm_fftMag_mfcc[12];pcm_fftMag_mfcc[13]
0;0.000000;-2.786713e-01;-3.661499e-01;-2.804763e+00;1.499523e+00;1.041791e+01;-1.205063e+00;-2.070431e+00;9.498463e-01;-3.976200e-01;7.869483e+00;2.780832e+00;3.791152e+00;4.649405e+00;-6.227493e-01
1;0.100000;-2.846176e+00;-3.941307e-01;5.268097e-02;7.143310e+00;6.448857e+00;-5.466997e+00;-3.795296e+00;-1.922119e+00;1.197392e+00;5.212071e+00;6.874026e+00;5.813564e+00;7.101037e+00;-1.168839e+00
2;0.200000;-3.635297e+00;-4.010849e-01;3.510869e+00;1.232813e+01;3.114605e-02;-4.526953e+00;6.969852e-01;-2.024417e+00;-3.390486e-01;4.571877e+00;1.888146e+00;4.937750e+00;7.786090e+00;-1.161041e+00
3;0.300000;-1.551987e+00;-1.669804e+00;3.440456e-01;1.247814e+00;-7.534931e+00;1.121206e-01;4.728704e+00;2.586104e+00;-1.240427e+00;-6.628990e-03;-3.475253e+00;9.299097e-01;-6.888428e-01;1.306931e+00
4;0.400000;2.274932e+00;-6.292763e-01;-5.031013e-01;-7.141630e+00;-7.152128e+00;3.415796e+00;1.095531e+00;1.888062e+00;-1.187174e+00;-5.889569e+00;-5.395205e+00;-4.724058e+00;-7.826632e+00;2.277611e+00
5;0.500000;6.037200e+00;3.460441e+00;-5.997314e-01;-1.507714e+01;-2.210852e+00;7.671096e+00;-6.554909e-01;-1.477476e+00;1.966879e+00;-1.175723e+01;-2.672547e+00;-1.074831e+01;-1.102106e+01;-6.319199e-01
