frameIndex;frameTime;pcm_fftMag_mfcc[0];pcm_fftMag_mfcc[1];pcm_fftMag_mfcc[2];pcm_fftMag_mfcc[3];pcm_fftMag_mfcc[4];pcm_fftMag_mfcc[5];pcm_fftMag_mfcc[6];pcm_fftMag_mfcc[7];pcm_fftMag_mfcc[8];pcm_fftMag_mfcc[9];pcm_fftMag_mfcc[10];pcm_fftMag_mfcc[11];pcm_fftMag_mfcc[12];pcm_fftMag_mfcc[13]
0;0.000000;1.129622e+00;-5.593958e-01;5.336679e-01;4.507208e-01;2.161172e+00;-1.706577e+00;-1.160152e+00;6.970980e-01;4.660232e+00;-2.076961e+00;-1.825836e+00;-1.545445e+00;-1.928239e+00;9.284210e-02
1;0.100000;1.578212e-01;5.390739e-02;1.764887e+00;-9.546585e-01;-4.766827e-01;-1.576109e-01;-1.517608e+00;-1.179931e+00;-4.242773e-01;1.237047e+00;-5.347958e-01;5.004845e-01;-1.218808e+00;2.296448e-03
2;0.200000;-1.287442e+00;5.054884e-01;-2.298555e+00;5.039349e-01;-1.684492e+00;1.864184e+00;2.677760e+00;4.828329e-01;-4.235952e+00;8.399124e-01;2.360636e+00;1.044960e+00;3.147047e+00;-9.513855e-02
