frameIndex;frameTime;pcm_fftMag_mfcc[0];pcm_fftMag_mfcc[1];pcm_fftMag_mfcc[2];pcm_fftMag_mfcc[3];pcm_fftMag_mfcc[4];pcm_fftMag_mfcc[5];pcm_fftMag_mfcc[6];pcm_fftMag_mfcc[7];pcm_fftMag_mfcc[8];pcm_fftMag_mfcc[9];pcm_fftMag_mfcc[10];pcm_fftMag_mfcc[11];pcm_fftMag_mfcc[12];pcm_fftMag_mfcc[13]
0;0.000000;-2.534918e+00;1.103353e+01;-1.054572e+01;2.955038e+00;6.049736e+00;7.241668e+00;1.659425e+00;-8.925944e+00;1.303509e+00;3.322838e+00;-2.759950e+00;7.254131e+00;2.037646e+00;-2.572113e+00
1;0.100000;-1.241947e+00;9.556420e+00;-1.044360e+01;-3.825866e+00;1.223198e+00;7.363572e+00;1.318810e+00;-2.639079e+00;6.373663e+00;3.473043e-02;-2.243658e+00;3.717808e+00;-1.252559e+00;-6.008453e-01
2;0.200000;1.848921e+00;3.386504e+00;-5.700147e+00;-6.295560e+00;-3.524996e+00;7.333259e+00;1.293180e+00;1.279549e+00;5.042325e+00;-3.023578e+00;-2.696037e-02;-1.549458e+00;-3.182618e+00;-2.045441e-01
3;0.300000;4.389666e+00;-7.123576e+00;6.151509e+00;-2.999585e+00;-3.241510e+00;-3.918386e-02;3.233635e+00;7.970343e+00;-4.852427e+00;-8.205762e-01;8.765848e-01;-4.323606e+00;-2.274179e-01;-3.868103e-03
4;0.400000;1.189429e+00;-9.911564e+00;1.258624e+01;2.530534e+00;-1.313023e+00;-7.257087e+00;-3.614708e+00;5.381010e+00;-7.466169e+00;1.667419e+00;1.068007e+00;-2.489972e+00;1.161652e+00;1.012291e+00
5;0.500000;-3.651154e+00;-6.941318e+00;7.951721e+00;7.635437e+00;8.065853e-01;-1.464223e+01;-3.890340e+00;-3.065877e+00;-4.008989e-01;-1.180833e+00;3.085976e+00;-2.608903e+00;1.463301e+00;2.369102e+00
