frameIndex;frameTime;pcm_fftMag_mfcc[0];pcm_fftMag_mfcc[1];pcm_fftMag_mfcc[2];pcm_fftMag_mfcc[3];pcm_fftMag_mfcc[4];pcm_fftMag_mfcc[5];pcm_fftMag_mfcc[6];pcm_fftMag_mfcc[7];pcm_fftMag_mfcc[8];pcm_fftMag_mfcc[9];pcm_fftMag_mfcc[10];pcm_fftMag_mfcc[11];pcm_fftMag_mfcc[12];pcm_fftMag_mfcc[13]
0;0.000000;-1.249129e+00;-9.995834e+00;7.283491e+00;-3.463282e+00;-9.454784e-01;-7.647219e-02;-1.542444e+00;3.057204e+00;-1.018513e+00;2.651572e+00;1.606136e+00;-3.620119e+00;-1.395040e+00;3.000923e+00
1;0.100000;-2.841106e+00;-3.075709e+00;6.431961e+00;7.216158e-01;-2.758331e+00;-1.388396e+00;-9.306712e-01;5.564737e-01;2.113056e-01;1.350587e+00;1.808508e+00;-2.358722e+00;-3.012905e-01;1.389771e+00
2;0.200000;-3.742428e+00;2.739146e+00;1.641458e-01;5.608427e+00;-8.848190e-02;-4.583144e+00;-1.207624e+00;-2.740476e+00;-1.228691e+00;2.177867e-01;2.694786e+00;3.324270e-01;-2.998258e+00;4.644012e-02
3;0.300000;-2.523522e+00;4.449811e+00;-3.602319e+00;2.252406e+00;-6.731968e-01;-3.318445e+00;5.352674e-01;-2.715388e+00;-3.314367e+00;-2.615411e+00;8.770727e-01;1.852310e+00;-2.076769e+00;-2.219849e-01
4;0.400000;2.135960e+00;4.369744e+00;-6.579368e+00;-1.844101e+00;6.743717e-01;2.064065e+00;2.022322e+00;-1.744114e+00;6.046295e-02;-2.041560e+00;-3.147858e+00;1.750249e+00;5.104966e-01;-1.148643e+00
5;0.500000;8.220226e+00;1.512840e+00;-3.697912e+00;-3.275068e+00;3.791122e+00;7.302392e+00;1.123149e+00;3.586301e+00;5.289801e+00;4.370240e-01;-3.838645e+00;2.043854e+00;6.260861e+00;-3.066528e+00
