frameIndex;frameTime;pcm_fftMag_mfcc[0];pcm_fftMag_mfcc[1];pcm_fftMag_mfcc[2];pcm_fftMag_mfcc[3];pcm_fftMag_mfcc[4];pcm_fftMag_mfcc[5];pcm_fftMag_mfcc[6];pcm_fftMag_mfcc[7];pcm_fftMag_mfcc[8];pcm_fftMag_mfcc[9];pcm_fftMag_mfcc[10];pcm_fftMag_mfcc[11];pcm_fftMag_mfcc[12];pcm_fftMag_mfcc[13]
0;0.000000;4.092598e-01;4.254613e+00;-3.739931e+00;-1.322005e+00;6.020514e+00;2.830711e+00;-4.741781e+00;-1.127685e+00;7.456819e+00;1.603729e+00;-1.720990e+00;-4.933791e+00;3.220053e-01;6.751022e-01
1;0.100000;2.169113e-01;2.547266e+00;-2.530182e+00;-9.849367e-01;3.699099e+00;3.040319e+00;-4.962971e+00;-2.233207e+00;4.120961e+00;4.682878e+00;2.391781e+00;-1.809834e+00;-2.463232e+00;6.978531e-01
2;0.200000;1.567544e+00;-1.080210e+00;-2.270889e+00;2.803612e-02;1.997423e+00;2.628415e+00;-6.842747e-01;-2.447460e+00;2.342725e-01;7.675967e-01;8.138714e-01;1.171398e-01;-1.764215e+00;4.096375e-01
3;0.300000;2.658796e-01;-3.494661e+00;-8.336840e-01;7.841444e-01;-3.376389e-01;1.100459e-01;3.937424e+00;-2.489829e-02;-2.057224e+00;-2.415881e+00;-9.100056e-02;1.951152e+00;-6.996698e-01;4.981842e-01
4;0.400000;-1.025985e+00;-2.739265e+00;2.206208e+00;1.191788e+00;-3.037546e+00;-2.025352e+00;4.824635e+00;3.884085e+00;-3.708420e+00;-1.588292e+00;4.266691e-02;3.839955e+00;1.728370e+00;-2.881165e-01
5;0.500000;-1.433608e+00;5.122528e-01;7.168477e+00;3.029785e-01;-8.341846e+00;-6.584139e+00;1.626976e+00;1.949163e+00;-6.046410e+00;-3.050029e+00;-1.436331e+00;8.353815e-01;2.876739e+00;-1.992706e+00
