frameIndex;frameTime;pcm_fftMag_mfcc[0];pcm_fftMag_mfcc[1];pcm_fftMag_mfcc[2];pcm_fftMag_mfcc[3];pcm_fftMag_mfcc[4];pcm_fftMag_mfcc[5];pcm_fftMag_mfcc[6];pcm_fftMag_mfcc[7];pcm_fftMag_mfcc[8];pcm_fftMag_mfcc[9];pcm_fftMag_mfcc[10];pcm_fftMag_mfcc[11];pcm_fftMag_mfcc[12];pcm_fftMag_mfcc[13]
0;0.000000;-8.016863e-01;-6.343057e+00;-5.327477e+00;3.932544e+00;-5.633028e-01;3.134955e+00;1.488722e+00;-1.983872e+00;-1.434235e+00;-1.227760e+01;1.520020e+00;3.523056e+00;3.047198e-01;2.573410e+00
1;0.100000;2.134820e+00;-4.663192e+00;-2.807811e+00;-9.044075e-01;3.846527e+00;2.575268e+00;5.220985e-02;2.147833e+00;-3.817468e-01;-5.158116e+00;-2.689280e+00;2.504935e+00;-1.288663e+00;8.058929e-02
2;0.200000;2.909500e+00;-9.459534e-01;-2.664087e+00;-4.174294e+00;5.929539e+00;1.546673e+00;-2.273191e+00;6.335681e+00;2.350491e+00;-5.497799e-01;-2.582460e+00;-5.248222e-01;-1.686674e+00;-8.213501e-01
3;0.300000;2.839254e+00;-2.085710e-01;-3.256226e-02;-3.862395e+00;8.207521e-01;2.065560e+00;-3.529472e+00;4.631327e+00;-1.546588e-01;6.092487e+00;-3.101200e+00;-1.337736e+00;7.102146e-01;-1.285271e+00
4;0.400000;-1.553768e+00;3.908270e+00;3.310909e+00;8.586025e-01;-4.337472e+00;-3.510460e+00;7.935963e-01;-3.634310e+00;-1.068192e+00;7.642733e+00;1.575883e+00;-2.484472e+00;1.792136e+00;-3.962402e-01
5;0.500000;-5.528122e+00;8.252501e+00;7.521028e+00;4.149951e+00;-5.696042e+00;-5.811996e+00;3.468140e+00;-7.496658e+00;6.883411e-01;4.250281e+00;5.277039e+00;-1.680957e+00;1.682651e-01;-1.511307e-01
