frameIndex;frameTime;pcm_fftMag_mfcc[0];pcm_fftMag_mfcc[1];pcm_fftMag_mfcc[2];pcm_fftMag_mfcc[3];pcm_fftMag_mfcc[4];pcm_fftMag_mfcc[5];pcm_fftMag_mfcc[6];pcm_fftMag_mfcc[7];pcm_fftMag_mfcc[8];pcm_fftMag_mfcc[9];pcm_fftMag_mfcc[10];pcm_fftMag_mfcc[11];pcm_fftMag_mfcc[12];pcm_fftMag_mfcc[13]
0;0.000000;-1.018832e+00;-4.539654e+00;1.321739e+00;5.221304e+00;3.501800e+00;-4.039320e+00;6.025755e+00;1.165468e+00;-2.975379e+00;7.586917e+00;-1.176218e+01;-1.292205e+00;4.902598e-01;2.857475e+00
1;0.100000;-2.186738e+00;-3.777397e+00;-1.420435e+00;5.149452e+00;2.436604e+00;-5.293572e+00;6.508511e+00;1.265656e+00;-2.624144e+00;7.832442e+00;-8.532389e+00;-3.640667e+00;-8.020687e-02;1.705734e+00
2;0.200000;9.860201e-01;3.325254e+00;-8.772869e-01;4.264267e+00;-3.654687e+00;-5.041798e+00;3.319449e+00;4.452376e-01;7.117147e-01;4.267368e+00;-5.351198e+00;-3.384244e+00;-9.842416e-01;-1.706833e+00
3;0.300000;2.704069e+00;6.346226e+00;-1.250898e+00;-4.307659e+00;-6.440171e+00;1.356549e+00;-1.867141e+00;-3.332257e+00;4.714837e+00;-6.224330e+00;3.864709e+00;-1.115622e+00;-3.959249e+00;-2.592278e+00
4;0.400000;3.443918e-01;1.877419e+00;5.718269e-01;-5.193401e+00;7.894808e-01;5.521332e+00;-5.672616e+00;-1.442670e+00;2.005838e+00;-7.943398e+00;9.974571e+00;2.045418e+00;-9.411649e-01;-3.409119e-01
5;0.500000;-8.289118e-01;-3.231848e+00;1.655052e+00;-5.133949e+00;3.366973e+00;7.496806e+00;-8.313960e+00;1.898566e+00;-1.832866e+00;-5.518999e+00;1.180649e+01;7.387322e+00;5.474603e+00;7.675934e-02
