frameIndex;frameTime;pcm_fftMag_mfcc[0];pcm_fftMag_mfcc[1];pcm_fftMag_mfcc[2];pcm_fftMag_mfcc[3];pcm_fftMag_mfcc[4];pcm_fftMag_mfcc[5];pcm_fftMag_mfcc[6];pcm_fftMag_mfcc[7];pcm_fftMag_mfcc[8];pcm_fftMag_mfcc[9];pcm_fftMag_mfcc[10];pcm_fftMag_mfcc[11];pcm_fftMag_mfcc[12];pcm_fftMag_mfcc[13]
0;0.000000;4.004488e-01;2.228289e+00;1.787249e+00;3.345633e+00;-4.527674e-01;8.829641e-01;-2.124995e+00;2.030455e+00;-3.178144e+00;1.649224e+00;-2.451293e+00;-4.970090e+00;1.435638e+00;5.857162e-01
1;0.100000;-1.381636e+00;9.073837e-01;1.480765e+00;2.566137e+00;1.187579e+00;-1.331048e+00;-3.584763e+00;1.411247e-02;1.211978e+00;7.808555e-01;-2.598327e-01;5.875931e-01;9.819660e-01;-3.464966e-01
2;0.200000;9.811888e-01;-3.135672e+00;-3.268015e+00;-5.911771e+00;-7.348108e-01;4.480858e-01;5.709758e+00;-2.044566e+00;1.966166e+00;-2.430079e+00;2.711126e+00;4.382497e+00;-2.417604e+00;-2.392120e-01
