frameIndex;frameTime;pcm_fftMag_mfcc[0];pcm_fftMag_mfcc[1];pcm_fftMag_mfcc[2];pcm_fftMag_mfcc[3];pcm_fftMag_mfcc[4];pcm_fftMag_mfcc[5];pcm_fftMag_mfcc[6];pcm_fftMag_mfcc[7];pcm_fftMag_mfcc[8];pcm_fftMag_mfcc[9];pcm_fftMag_mfcc[10];pcm_fftMag_mfcc[11];pcm_fftMag_mfcc[12];pcm_fftMag_mfcc[13]
0;0.000000;-2.573921e+00;-2.638644e-01;6.899056e+00;5.301594e+00;-2.873226e+00;-2.977911e+00;5.791548e+00;5.347166e-01;4.302645e-01;-2.775156e+00;1.783230e+00;7.714176e-02;-1.175460e+00;3.036797e+00
1;0.100000;-1.196514e+00;-3.657973e-02;6.261939e+00;2.767239e+00;-5.273067e+00;-1.138602e+00;3.056786e+00;4.793730e-01;-9.125929e-01;-5.311194e+00;3.772388e+00;2.198242e+00;8.534262e-01;2.587532e+00
2;0.200000;1.424766e+00;-9.492007e-01;-1.210044e+00;-2.267752e+00;-3.174687e+00;2.272484e+00;-1.610203e-01;-3.140800e+00;-3.843542e+00;-5.129912e+00;7.533174e-01;3.595546e+00;-2.157821e+00;8.954163e-01
3;0.300000;2.141549e+00;3.441159e-01;-5.984409e+00;-3.767870e+00;2.591782e+00;4.851673e+00;-1.294598e+00;-1.976003e+00;-9.528179e-01;1.886025e+00;-6.632893e-01;8.457737e-01;-1.471245e+00;-6.795349e-01
4;0.400000;5.402708e-01;2.471226e-01;-5.649258e+00;-2.486624e+00;4.637674e+00;1.558555e+00;-4.376234e+00;-7.525063e-02;1.558291e+00;5.137875e+00;-1.758075e+00;-3.583043e+00;4.519868e-01;-1.903831e+00
5;0.500000;-3.361502e-01;6.584061e-01;-3.172865e-01;4.534111e-01;4.091526e+00;-4.566198e+00;-3.016472e+00;4.177955e+00;3.720396e+00;6.192361e+00;-3.887570e+00;-3.133660e+00;3.499114e+00;-3.936333e+00
