frameIndex;frameTime;pcm_fftMag_mfcc[0];pcm_fftMag_mfcc[1];pcm_fftMag_mfcc[2];pcm_fftMag_mfcc[3];pcm_fftMag_mfcc[4];pcm_fftMag_mfcc[5];pcm_fftMag_mfcc[6];pcm_fftMag_mfcc[7];pcm_fftMag_mfcc[8];pcm_fftMag_mfcc[9];pcm_fftMag_mfcc[10];pcm_fftMag_mfcc[11];pcm_fftMag_mfcc[12];pcm_fftMag_mfcc[13]
0;0.000000;-1.420583e+00;-7.689948e+00;2.399999e+00;-4.711237e+00;7.383504e-01;-1.437338e+00;1.458132e+00;-6.160159e+00;-4.037948e+00;7.873986e-01;-2.804792e+00;6.680224e+00;-8.281384e+00;4.421173e+00
1;0.100000;6.537533e-02;-6.077159e+00;7.108831e-01;-3.368035e+00;1.758851e+00;-2.051554e+00;-1.575621e+00;-6.273576e+00;-1.387869e+00;-1.481533e-01;-2.603588e-01;6.077382e+00;-5.011872e+00;2.824905e+00
2;0.200000;2.732100e+00;2.514305e-01;1.553236e+00;1.935740e-01;2.742854e+00;-3.716437e+00;-3.815326e+00;-3.315760e+00;1.416104e+00;1.434400e-01;3.939105e+00;6.233635e-01;-1.215945e+00;-1.102066e+00
3;0.300000;1.013927e+00;8.047241e+00;2.924452e-01;4.715459e+00;-1.119617e+00;-1.832556e+00;-7.364235e-01;2.593963e+00;3.248384e+00;2.833922e+00;5.280315e+00;-5.399625e+00;2.965975e+00;-4.192734e+00
4;0.400000;-1.319009e+00;5.189860e+00;-1.931866e+00;3.951626e+00;-2.087062e+00;4.653544e+00;4.066461e+00;7.281843e+00;2.618814e+00;-1.992457e+00;-1.133642e+00;-4.197346e+00;5.573509e+00;-2.427719e+00
5;0.500000;-1.071809e+00;2.785807e-01;-3.024691e+00;-7.813854e-01;-2.033374e+00;4.384342e+00;6.027737e-01;5.873693e+00;-1.857488e+00;-1.624150e+00;-5.020624e+00;-3.784001e+00;5.969717e+00;4.764252e-01
