frameIndex;frameTime;pcm_fftMag_mfcc[0];pcm_fftMag_mfcc[1];pcm_fftMag_mfcc[2];pcm_fftMag_mfcc[3];pcm_fftMag_mfcc[4];pcm_fftMag_mfcc[5];pcm_fftMag_mfcc[6];pcm_fftMag_mfcc[7];pcm_fftMag_mfcc[8];pcm_fftMag_mfcc[9];pcm_fftMag_mfcc[10];pcm_fftMag_mfcc[11];pcm_fftMag_mfcc[12];pcm_fftMag_mfcc[13]
0;0.000000;2.100044e+00;-7.749516e+00;-1.999328e+00;3.875324e+00;1.341036e+01;4.301920e+00;-1.249377e+01;-2.497933e+00;3.373455e+00;-1.807213e-03;-8.518481e-02;1.368719e+00;-8.091936e-01;7.682800e-03
1;0.100000;-2.407373e+00;1.450280e+00;-4.420110e+00;4.466005e+00;1.066033e+01;-3.436487e+00;-8.028793e+00;-2.567367e+00;4.951062e+00;7.148218e-01;7.910509e-01;-2.104897e+00;-5.762072e-01;4.359589e-01
2;0.200000;-4.355616e+00;6.824920e+00;-1.093104e+00;1.500238e+00;4.224225e+00;-3.048822e+00;4.727462e+00;1.555288e+00;-1.097486e+00;3.005934e-01;1.216989e+00;-2.611369e+00;3.773384e+00;2.824326e-01
3;0.300000;-1.858389e+00;3.954930e+00;-4.433146e-01;-3.654881e-01;-7.822828e-01;-8.427718e-01;1.165407e+01;1.693650e+00;-6.801853e+00;-2.438389e+00;3.108902e+00;-1.236225e-01;3.175797e+00;8.754578e-01
4;0.400000;2.857983e+00;-1.645185e+00;2.111732e+00;-3.280226e+00;-8.105480e+00;-1.141628e+00;7.992125e+00;1.827746e+00;-3.208743e+00;-8.402510e-01;4.873576e-01;2.254045e+00;-1.003725e+00;-7.468719e-01
5;0.500000;3.663352e+00;-2.835428e+00;5.844128e+00;-6.195858e+00;-1.940715e+01;4.167789e+00;-3.851091e+00;-1.138592e-02;2.783564e+00;2.265032e+00;-5.519114e+00;1.217127e+00;-4.560054e+00;-8.545990e-01
