frameIndex;frameTime;pcm_fftMag_mfcc[0];pcm_fftMag_mfcc[1];pcm_fftMag_mfcc[2];pcm_fftMag_mfcc[3];pcm_fftMag_mfcc[4];pcm_fftMag_mfcc[5];pcm_fftMag_mfcc[6];pcm_fftMag_mfcc[7];pcm_fftMag_mfcc[8];pcm_fftMag_mfcc[9];pcm_fftMag_mfcc[10];pcm_fftMag_mfcc[11];pcm_fftMag_mfcc[12];pcm_fftMag_mfcc[13]
0;0.000000;7.003059e-01;-5.789644e+00;-3.180752e+00;-9.614431e+00;1.160201e+01;7.052037e+00;4.195355e+00;-2.696419e+00;-2.806314e+00;-1.249101e+00;-8.547801e+00;4.467326e+00;3.502340e-01;-1.249474e+00
1;0.100000;9.394875e-01;-1.815662e+00;-1.712090e+00;-5.194271e+00;2.565579e+00;1.941381e+00;3.031938e+00;-2.942820e+00;-1.801925e+00;-1.263253e+00;-2.396641e+00;2.347050e+00;-1.033573e+00;1.535797e-02
2;0.200000;-9.242134e-01;8.049548e+00;6.665182e-01;1.050695e+00;-5.818295e+00;-2.055593e+00;4.771914e+00;5.852642e-01;4.581738e-02;1.766925e-01;4.204305e+00;-2.100516e+00;1.753426e-02;-2.275467e-01
3;0.300000;-1.355085e+00;9.480444e+00;1.723679e+00;5.051968e+00;-4.912467e+00;-4.221120e+00;2.893369e+00;2.105914e+00;2.199905e+00;2.228373e+00;5.053555e+00;-3.739126e+00;1.392958e+00;-3.012238e-01
4;0.400000;-1.237373e-01;-1.328396e+00;8.790245e-01;6.198524e+00;-2.876809e+00;-2.798070e+00;-5.078030e+00;-5.574999e-01;3.385427e+00;-8.531790e-01;2.430704e+00;-2.889718e+00;6.221991e-01;9.013062e-01
5;0.500000;7.632351e-01;-8.596287e+00;1.623621e+00;2.507522e+00;-5.600152e-01;8.136559e-02;-9.814548e+00;3.505562e+00;-1.022911e+00;9.604669e-01;-7.441254e-01;1.914987e+00;-1.349353e+00;8.615417e-01
