frameIndex;frameTime;pcm_fftMag_mfcc[0];pcm_fftMag_mfcc[1];pcm_fftMag_mfcc[2];pcm_fftMag_mfcc[3];pcm_fftMag_mfcc[4];pcm_fftMag_mfcc[5];pcm_fftMag_mfcc[6];pcm_fftMag_mfcc[7];pcm_fftMag_mfcc[8];pcm_fftMag_mfcc[9];pcm_fftMag_mfcc[10];pcm_fftMag_mfcc[11];pcm_fftMag_mfcc[12];pcm_fftMag_mfcc[13]
0;0.000000;-2.520100e+00;-5.545959e-01;4.303051e+00;5.711904e+00;-1.167381e+00;5.744995e-01;-3.577721e+00;3.355000e+00;2.392509e+00;2.111624e+00;-4.020566e+00;-2.176726e+00;3.880322e+00;3.088264e+00
1;0.100000;-9.144430e-01;-6.610193e-01;-2.363666e+00;2.607479e-01;-2.766253e+00;4.550995e+00;-1.124218e+00;2.010622e+00;3.168135e-01;9.665775e-02;1.460561e-01;1.793141e-01;2.471758e+00;3.159096e+00
2;0.200000;1.285417e+00;-4.986219e-01;-7.274138e+00;-6.646015e+00;7.469730e-01;5.010042e+00;-1.803186e+00;2.127890e+00;1.839823e+00;1.505439e+00;5.509150e-01;3.315006e+00;6.672277e-01;1.202820e+00
3;0.300000;2.138577e+00;-5.195236e-01;-7.061444e+00;-1.112496e+01;4.053641e+00;4.809006e+00;-3.465818e+00;-6.627336e-01;2.004036e+00;4.635704e+00;6.550578e-01;6.327759e+00;8.856792e-01;-2.346970e+00
4;0.400000;9.140625e-01;-3.302555e-01;2.286621e+00;3.050466e+00;7.893600e-01;-4.235305e+00;4.692005e+00;-5.864248e+00;-4.268927e+00;-3.372386e+00;3.481973e+00;-4.616833e-02;-1.831348e+00;-3.418633e+00
5;0.500000;-9.035101e-01;2.564013e+00;1.010958e+01;8.747853e+00;-1.656343e+00;-1.070924e+01;5.278927e+00;-9.665294e-01;-2.284251e+00;-4.977041e+00;-8.134375e-01;-7.599184e+00;-6.073643e+00;-1.684601e+00
