frameIndex;frameTime;pcm_fftMag_mfcc[0];pcm_fftMag_mfcc[1];pcm_fftMag_mfcc[2];pcm_fftMag_mfcc[3];pcm_fftMag_mfcc[4];pcm_fftMag_mfcc[5];pcm_fftMag_mfcc[6];pcm_fftMag_mfcc[7];pcm_fftMag_mfcc[8];pcm_fftMag_mfcc[9];pcm_fftMag_mfcc[10];pcm_fftMag_mfcc[11];pcm_fftMag_mfcc[12];pcm_fftMag_mfcc[13]
0;0.000000;2.683521e+00;6.128615e+00;-3.751997e+00;-1.570820e+00;7.203046e+00;-1.574997e+00;9.021983e-01;8.844137e-02;3.639394e+00;9.028158e+00;-4.960403e+00;-1.793317e+00;-6.256347e+00;-2.499001e+00
1;0.100000;8.390102e-01;4.615206e+00;-2.921240e+00;-2.876455e+00;6.919252e+00;-8.917818e-01;-3.752398e+00;1.599566e+00;3.461784e+00;3.577395e+00;-2.758389e+00;-2.752782e+00;-2.142711e+00;-4.501648e-01
2;0.200000;-1.349138e+00;1.488067e+00;-1.940047e+00;-8.884392e-01;4.680880e+00;-2.772958e+00;-4.828570e+00;2.123484e+00;1.679176e+00;-1.018543e+00;-2.321602e+00;-7.397529e-01;5.832379e-01;6.842728e-01
3;0.300000;-8.213682e-01;-5.560017e-02;9.335966e-01;1.886870e+00;-9.986830e-01;-1.264499e+00;-1.906523e+00;-6.476226e-01;-5.696411e-01;-3.262731e+00;5.674229e-01;-5.787499e-01;2.722745e+00;7.983093e-01
4;0.400000;-5.836658e-01;-4.003176e+00;3.606402e+00;2.903570e+00;-8.488061e+00;3.760360e+00;4.187069e+00;-2.623419e+00;-3.862426e+00;-5.084999e+00;4.304915e+00;-1.538150e-01;1.802363e+00;9.248962e-01
5;0.500000;-7.683611e-01;-8.173113e+00;4.073286e+00;5.452785e-01;-9.316426e+00;2.743876e+00;5.398221e+00;-5.404506e-01;-4.348289e+00;-3.239280e+00;5.168052e+00;6.018417e+00;3.290712e+00;5.416641e-01
