frameIndex;frameTime;pcm_fftMag_mfcc[0];pcm_fftMag_mfcc[1];pcm_fftMag_mfcc[2];pcm_fftMag_mfcc[3];pcm_fftMag_mfcc[4];pcm_fftMag_mfcc[5];pcm_fftMag_mfcc[6];pcm_fftMag_mfcc[7];pcm_fftMag_mfcc[8];pcm_fftMag_mfcc[9];pcm_fftMag_mfcc[10];pcm_fftMag_mfcc[11];pcm_fftMag_mfcc[12];pcm_fftMag_mfcc[13]
0;0.000000;1.676209e+00;-8.124228e-01;-6.737165e-01;-2.455880e+00;2.993841e-01;1.524727e-01;1.262418e+00;4.877739e-01;-9.705629e-01;-9.346695e-01;-3.190630e+00;-7.385092e-01;1.159909e+00;-5.016327e-02
1;0.100000;-1.676210e+00;8.124232e-01;6.737165e-01;2.455880e+00;-2.993851e-01;-1.524727e-01;-1.262418e+00;-4.877739e-01;9.705620e-01;9.346700e-01;3.190630e+00;7.385092e-01;-1.159909e+00;5.015564e-02
