frameIndex;frameTime;pcm_fftMag_mfcc[0];pcm_fftMag_mfcc[1];pcm_fftMag_mfcc[2];pcm_fftMag_mfcc[3];pcm_fftMag_mfcc[4];pcm_fftMag_mfcc[5];pcm_fftMag_mfcc[6];pcm_fftMag_mfcc[7];pcm_fftMag_mfcc[8];pcm_fftMag_mfcc[9];pcm_fftMag_mfcc[10];pcm_fftMag_mfcc[11];pcm_fftMag_mfcc[12];pcm_fftMag_mfcc[13]
0;0.000000;-4.594326e-02;-1.215190e+00;-3.750406e+00;5.918808e+00;2.374886e+00;8.694263e+00;7.497640e-01;-4.767612e+00;-1.160886e+00;7.949586e-01;7.039831e+00;2.210817e+00;-1.988498e+00;2.998451e+00
1;0.100000;1.140020e+00;-9.774952e-01;-2.424250e+00;1.263376e+00;4.144305e+00;5.913360e+00;-1.908167e+00;-3.798305e+00;-1.331007e+00;1.805696e+00;-2.327461e-01;-2.017008e+00;-5.524541e+00;-2.817535e-02
2;0.200000;1.603362e+00;-7.198429e-02;-1.348587e+00;-2.569036e+00;4.892031e+00;2.662053e+00;-2.763025e+00;1.568396e+00;-4.097370e+00;1.836766e+00;-7.332178e+00;-6.475658e-01;-3.742058e+00;-1.461052e+00
3;0.300000;1.115028e+00;-1.750119e+00;8.263206e-02;-4.360613e+00;1.503414e+00;-2.000449e+00;-2.403896e+00;4.323623e+00;-3.628029e+00;4.720640e-02;-4.283030e+00;1.939487e+00;9.075871e-01;-7.276535e-01
4;0.400000;-1.119370e+00;-8.580065e-01;3.374146e+00;-2.710686e+00;-4.140531e+00;-6.367696e+00;1.705209e+00;2.619842e+00;3.075227e+00;-9.914727e-01;9.976397e-01;7.209578e-01;4.954415e+00;-1.270523e-01
5;0.500000;-2.693104e+00;4.872797e+00;4.066451e+00;2.458134e+00;-8.774106e+00;-8.901528e+00;4.620113e+00;5.405998e-02;7.142067e+00;-3.493155e+00;3.810497e+00;-2.206688e+00;5.393094e+00;-6.545258e-01
