frameIndex;frameTime;pcm_fftMag_mfcc[0];pcm_fftMag_mfcc[1];pcm_fftMag_mfcc[2];pcm_fftMag_mfcc[3];pcm_fftMag_mfcc[4];pcm_fftMag_mfcc[5];pcm_fftMag_mfcc[6];pcm_fftMag_mfcc[7];pcm_fftMag_mfcc[8];pcm_fftMag_mfcc[9];pcm_fftMag_mfcc[10];pcm_fftMag_mfcc[11];pcm_fftMag_mfcc[12];pcm_fftMag_mfcc[13]
0;0.000000;1.244419e+00;8.798663e+00;-5.051222e+00;-4.837788e+00;4.156186e+00;5.958682e+00;-1.115032e+01;-4.274344e+00;3.558909e+00;6.270566e+00;4.766202e-01;-1.756000e+00;-1.553360e+00;-1.846649e+00
1;0.100000;1.760346e+00;-3.310490e-01;-2.383366e+00;-5.093534e+00;2.551612e+00;4.173927e+00;-3.990967e+00;-1.169309e+00;-1.259693e+00;2.989904e+00;2.836945e+00;-3.722344e+00;-4.948531e+00;-3.902206e-01
2;0.200000;6.630316e-01;-4.613674e+00;8.260536e-01;-2.911188e+00;-1.276684e-01;-2.491598e-01;6.650503e+00;9.172516e-01;-2.013950e+00;-1.225460e+00;8.293204e-01;-3.307880e+00;-3.990992e+00;1.485962e+00
3;0.300000;-1.521700e+00;-4.845079e+00;2.115822e+00;-7.404900e-02;-2.798788e+00;-2.062427e+00;9.084118e+00;4.536858e+00;1.087570e-01;-1.910202e+00;-1.794245e+00;1.216617e+00;1.021318e+00;2.118904e+00
4;0.400000;-1.816038e+00;-2.616507e+00;2.208591e+00;3.945995e+00;-2.788935e+00;-3.353236e+00;3.010673e+00;1.546333e+00;-1.167021e+00;-2.948638e+00;-1.674712e+00;4.301049e+00;5.295263e+00;8.222733e-01
5;0.500000;-3.300667e-01;3.607646e+00;2.284120e+00;8.970575e+00;-9.923992e-01;-4.467788e+00;-3.604003e+00;-1.556790e+00;7.730026e-01;-3.176170e+00;-6.739306e-01;3.268559e+00;4.176303e+00;-2.190292e+00
