frameIndex;frameTime;pcm_fftMag_mfcc[0];pcm_fftMag_mfcc[1];pcm_fftMag_mfcc[2];pcm_fftMag_mfcc[3];pcm_fftMag_mfcc[4];pcm_fftMag_mfcc[5];pcm_fftMag_mfcc[6];pcm_fftMag_mfcc[7];pcm_fftMag_mfcc[8];pcm_fftMag_mfcc[9];pcm_fftMag_mfcc[10];pcm_fftMag_mfcc[11];pcm_fftMag_mfcc[12];pcm_fftMag_mfcc[13]
0;0.000000;-1.308997e+00;-3.584130e-01;-5.859737e-01;-2.612734e+00;3.816452e+00;-6.035172e+00;-7.740698e-01;-5.640395e+00;-2.495057e+00;-2.038500e+00;4.322441e+00;7.004908e+00;-9.514985e-01;5.256195e-01
1;0.100000;-8.963156e-01;7.125413e-01;-2.258614e+00;-3.508289e+00;3.801213e+00;-2.854268e+00;1.156204e+00;-5.293097e+00;4.646147e-01;1.655769e-02;-6.361556e-01;3.042818e+00;-5.218141e-01;-1.052826e+00
2;0.200000;2.975005e+00;-2.268271e+00;-3.350506e-01;-2.683537e+00;3.434503e+00;1.987257e+00;2.456268e+00;4.795952e-01;9.241977e-01;2.119986e+00;-5.871043e-01;-3.001585e+00;3.252416e-01;-8.186340e-01
3;0.300000;3.962536e+00;-3.252985e+00;-8.089218e-01;-9.014320e-01;8.398190e-01;3.125062e+00;8.496532e-01;5.776331e+00;-5.174346e-01;6.404807e+00;-4.297175e-01;-5.369656e+00;3.180533e+00;4.892731e-02
4;0.400000;2.702942e-01;1.795153e+00;-2.720266e+00;3.595317e+00;-2.204838e+00;3.570570e+00;7.204523e-01;4.841256e+00;3.472931e+00;4.119152e+00;-2.203887e+00;-2.268648e+00;1.971909e+00;4.388580e-01
5;0.500000;-5.002522e+00;3.371975e+00;6.708818e+00;6.110679e+00;-9.687151e+00;2.065516e-01;-4.408511e+00;-1.636868e-01;-1.849253e+00;-1.062200e+01;-4.655776e-01;5.921593e-01;-4.004371e+00;8.580399e-01
