frameIndex;frameTime;pcm_fftMag_mfcc[0];pcm_fftMag_mfcc[1];pcm_fftMag_mfcc[2];pcm_fftMag_mfcc[3];pcm_fftMag_mfcc[4];pcm_fftMag_mfcc[5];pcm_fftMag_mfcc[6];pcm_fftMag_mfcc[7];pcm_fftMag_mfcc[8];pcm_fftMag_mfcc[9];pcm_fftMag_mfcc[10];pcm_fftMag_mfcc[11];pcm_fftMag_mfcc[12];pcm_fftMag_mfcc[13]
0;0.000000;-1.476686e+00;2.999320e+00;3.327399e+00;-4.572637e+00;-2.181711e+00;-3.816629e+00;-6.968307e+00;-6.962167e+00;-3.564348e+00;4.782436e-01;-4.100372e+00;-1.697234e+00;-2.430514e+00;-1.246216e+00
1;0.100000;-1.794332e+00;2.509107e+00;8.220442e+00;-5.393414e+00;9.488773e-01;-2.374248e+00;-5.298429e+00;-4.576743e+00;2.328382e-01;5.624981e+00;-2.017075e+00;8.350562e-01;5.292095e-01;-4.680481e-01
2;0.200000;-2.351153e+00;5.346326e+00;5.382000e+00;-2.285633e-01;1.559031e+00;1.066591e+00;-1.349789e+00;-2.779521e+00;1.541821e+00;3.614335e+00;1.491493e+00;2.468867e+00;1.355000e+00;-1.192879e+00
3;0.300000;3.887653e-01;1.253180e+00;-8.202300e+00;6.580441e+00;1.575223e+00;7.705529e-01;5.516718e+00;3.722663e+00;-2.557082e-01;-5.585641e+00;3.594821e+00;9.227976e-01;-1.163734e+00;-2.668762e-01
4;0.400000;1.073164e+00;-5.447610e+00;-8.691126e+00;2.012930e+00;-3.076773e+00;2.514324e-01;3.359614e+00;2.679266e+00;-1.358078e+00;-6.214777e+00;-1.014907e-01;-3.108698e+00;-2.013054e+00;1.656067e+00
5;0.500000;4.160238e+00;-6.660325e+00;-3.641272e-02;1.601244e+00;1.175356e+00;4.102301e+00;4.740193e+00;7.916500e+00;3.403474e+00;2.082859e+00;1.132625e+00;5.792116e-01;3.723094e+00;1.517952e+00
