frameIndex;frameTime;pcm_fftMag_mfcc[0];pcm_fftMag_mfcc[1];pcm_fftMag_mfcc[2];pcm_fftMag_mfcc[3];pcm_fftMag_mfcc[4];pcm_fftMag_mfcc[5];pcm_fftMag_mfcc[6];pcm_fftMag_mfcc[7];pcm_fftMag_mfcc[8];pcm_fftMag_mfcc[9];pcm_fftMag_mfcc[10];pcm_fftMag_mfcc[11];pcm_fftMag_mfcc[12];pcm_fftMag_mfcc[13]
0;0.000000;5.664883e-01;3.541554e+00;4.274402e+00;1.034701e+01;-8.855156e+00;1.201099e+00;-3.057056e+00;3.014904e+00;2.608318e-01;-2.447752e+00;5.859893e+00;-7.392693e-01;-7.205946e+00;-9.687653e-01
1;0.100000;-7.573786e-01;6.094646e-02;4.583362e+00;8.654231e+00;-1.032177e+01;5.039754e-01;-9.173747e+00;4.922051e+00;-6.724360e+00;-3.640375e+00;5.261857e+00;-1.789752e+00;-6.269653e+00;-1.297371e+00
2;0.200000;-1.090650e+00;1.778351e+00;1.467818e+00;2.562428e+00;-6.157225e+00;-1.412900e+00;-5.282382e+00;6.292200e-01;-9.033048e+00;-2.452371e+00;2.302543e+00;2.795259e+00;-1.086054e+00;-1.281723e+00
3;0.300000;7.260942e-02;4.512672e-01;-4.693265e+00;-7.091639e+00;4.243279e+00;1.460704e+00;8.209457e-01;-3.795122e+00;1.577066e+00;3.016089e+00;-3.857671e+00;7.577505e-01;4.519467e+00;9.041824e-01
4;0.400000;1.450682e-02;-3.402699e+00;-3.900944e+00;-8.606909e+00;1.014929e+01;2.257133e-01;8.145539e+00;-2.488950e+00;6.793052e+00;3.141567e+00;-5.350191e+00;-1.155359e+00;4.063316e+00;2.040001e+00
5;0.500000;1.194427e+00;-2.429422e+00;-1.731369e+00;-5.865118e+00;1.094159e+01;-1.978590e+00;8.546700e+00;-2.282105e+00;7.126458e+00;2.382841e+00;-4.216431e+00;1.313725e-01;5.978877e+00;6.036530e-01
