frameIndex;frameTime;pcm_fftMag_mfcc[0];pcm_fftMag_mfcc[1];pcm_fftMag_mfcc[2];pcm_fftMag_mfcc[3];pcm_fftMag_mfcc[4];pcm_fftMag_mfcc[5];pcm_fftMag_mfcc[6];pcm_fftMag_mfcc[7];pcm_fftMag_mfcc[8];pcm_fftMag_mfcc[9];pcm_fftMag_mfcc[10];pcm_fftMag_mfcc[11];pcm_fftMag_mfcc[12];pcm_fftMag_mfcc[13]
0;0.000000;8.771944e-01;-5.065497e+00;2.130115e+00;1.409262e+01;2.933458e+00;-3.667455e+00;1.827288e+00;1.257668e+00;-1.945033e-01;-7.412417e-01;-5.197924e+00;-5.621982e+00;-4.230022e-02;6.587036e+00
1;0.100000;-2.704265e+00;-1.723900e+00;-4.400356e+00;1.324443e+01;2.943404e+00;-2.480831e+00;1.777810e+00;2.615786e+00;1.858330e-01;1.893401e-02;-3.894065e+00;-6.814969e+00;9.305012e-01;1.711548e+00
2;0.200000;-2.790717e+00;5.144966e+00;-1.735008e+00;4.542941e+00;-4.141906e+00;-8.013256e-01;-2.838837e+00;3.550366e+00;1.659861e+00;-4.629494e+00;-3.700869e-01;-3.857861e+00;2.089053e+00;-3.221596e+00
3;0.300000;1.676553e+00;5.171592e+00;4.310539e+00;-6.015259e+00;-4.798918e+00;5.395407e+00;-1.979185e+00;4.274820e+00;-1.028063e+00;-4.141315e+00;3.580882e+00;9.382508e-01;1.845569e+00;-4.833946e+00
4;0.400000;2.129046e+00;1.143632e+00;1.953815e+00;-1.198873e+01;1.600427e+00;1.708301e+00;1.869014e+00;-2.969343e+00;-1.012783e-01;3.225344e+00;3.550723e+00;7.223521e+00;-1.570945e+00;-2.204193e+00
5;0.500000;8.121872e-01;-4.670792e+00;-2.259100e+00;-1.387600e+01;1.463534e+00;-1.540952e-01;-6.560898e-01;-8.729299e+00;-5.218492e-01;6.267773e+00;2.330471e+00;8.133038e+00;-3.251878e+00;1.961205e+00
