frameIndex;frameTime;pcm_fftMag_mfcc[0];pcm_fftMag_mfcc[1];pcm_fftMag_mfcc[2];pcm_fftMag_mfcc[3];pcm_fftMag_mfcc[4];pcm_fftMag_mfcc[5];pcm_fftMag_mfcc[6];pcm_fftMag_mfcc[7];pcm_fftMag_mfcc[8];pcm_fftMag_mfcc[9];pcm_fftMag_mfcc[10];pcm_fftMag_mfcc[11];pcm_fftMag_mfcc[12];pcm_fftMag_mfcc[13]
0;0.000000;-3.265276e-01;-3.504363e+00;5.290213e-01;3.579731e-01;-2.456622e+00;-6.877845e+00;-5.445204e-01;-4.312045e-01;-4.038206e+00;-3.057555e+00;-3.308565e+00;-3.172128e+00;2.579798e+00;9.946289e-01
1;0.100000;-4.562874e+00;-4.999578e-01;2.169666e-01;2.712189e+00;-2.326380e+00;-3.341029e+00;4.871366e+00;-3.972146e-01;-2.002391e+00;-3.034132e+00;-8.788624e-01;-2.264477e+00;1.132472e-01;9.946747e-01
2;0.200000;-4.561257e+00;1.984911e-01;-3.329983e+00;1.370023e+00;-9.197006e-01;-4.383679e+00;1.756457e+00;-1.653228e-01;1.863412e+00;-1.091135e+00;-1.052672e+00;-3.673007e+00;-3.116779e+00;2.751465e-01
3;0.300000;2.418938e-01;-5.847645e-01;-1.987522e+00;-2.706892e-01;3.335197e+00;7.502966e-01;-8.674717e-01;3.148575e+00;3.338476e+00;9.020567e-02;4.670078e-01;-8.409700e-01;-1.621058e+00;1.096275e+00
4;0.400000;3.661637e+00;4.091418e-01;1.723982e+00;-1.073066e+00;2.059049e+00;6.470584e+00;-2.601970e+00;2.860761e+00;1.018105e+00;2.695471e+00;1.833706e+00;2.949605e+00;2.792274e-01;-1.080246e-01
5;0.500000;5.547126e+00;3.981452e+00;2.847538e+00;-3.096432e+00;3.084526e-01;7.381671e+00;-2.613865e+00;-5.015594e+00;-1.793951e-01;4.397141e+00;2.939385e+00;7.000976e+00;1.765565e+00;-3.252739e+00
