frameIndex;frameTime;pcm_fftMag_mfcc[0];pcm_fftMag_mfcc[1];pcm_fftMag_mfcc[2];pcm_fftMag_mfcc[3];pcm_fftMag_mfcc[4];pcm_fftMag_mfcc[5];pcm_fftMag_mfcc[6];pcm_fftMag_mfcc[7];pcm_fftMag_mfcc[8];pcm_fftMag_mfcc[9];pcm_fftMag_mfcc[10];pcm_fftMag_mfcc[11];pcm_fftMag_mfcc[12];pcm_fftMag_mfcc[13]
0;0.000000;6.244426e-01;-2.521497e+00;-1.245478e+00;5.746746e-01;1.960125e-01;1.584734e-01;1.613093e+00;1.351817e+00;-4.115705e-01;-1.777406e+00;8.718853e-01;-1.338191e+00;-1.650943e+00;5.494995e-01
1;0.100000;-6.244426e-01;2.521496e+00;1.245478e+00;-5.746744e-01;-1.960135e-01;-1.584735e-01;-1.613092e+00;-1.351817e+00;4.115705e-01;1.777407e+00;-8.718863e-01;1.338191e+00;1.650943e+00;-5.494919e-01
