frameIndex;frameTime;pcm_fftMag_mfcc[0];pcm_fftMag_mfcc[1];pcm_fftMag_mfcc[2];pcm_fftMag_mfcc[3];pcm_fftMag_mfcc[4];pcm_fftMag_mfcc[5];pcm_fftMag_mfcc[6];pcm_fftMag_mfcc[7];pcm_fftMag_mfcc[8];pcm_fftMag_mfcc[9];pcm_fftMag_mfcc[10];pcm_fftMag_mfcc[11];pcm_fftMag_mfcc[12];pcm_fftMag_mfcc[13]
0;0.000000;1.381521e+00;9.115355e+00;1.872345e+00;-1.513235e+00;-8.348858e+00;-2.222949e+00;-1.904268e-01;-3.675673e+00;-2.588430e+00;2.163858e+00;2.451113e+00;-3.500636e+00;-6.144900e+00;-4.854538e+00
1;0.100000;-5.274887e-01;4.003626e+00;1.347928e+00;-1.616125e+00;-5.928051e+00;-1.850917e+00;-1.725316e+00;2.949794e+00;1.134964e+00;7.204258e+00;3.859549e+00;-4.680061e-01;2.892259e+00;-3.228943e+00
2;0.200000;2.871685e-01;-3.423327e+00;-2.728683e+00;-3.510550e+00;-2.155951e+00;4.096870e-01;-5.160117e-01;8.727969e+00;2.756904e+00;3.058240e+00;5.566509e-01;1.547125e+00;3.191723e+00;-7.064209e-01
3;0.300000;1.016214e+00;-3.001908e+00;-6.323061e-01;-2.247852e+00;2.149858e+00;3.501577e-01;1.177378e-01;4.788524e+00;1.049328e-01;-3.621631e+00;-2.962668e+00;2.399523e+00;1.694955e+00;1.278336e+00
4;0.400000;-2.408447e-01;-1.971381e+00;4.142103e-01;2.423584e+00;5.587539e+00;1.439997e+00;1.649384e+00;-5.154386e+00;-1.339597e+00;-5.504739e+00;-1.118038e+00;-3.600578e-01;4.003668e-01;2.428230e+00
5;0.500000;-1.916569e+00;-4.722358e+00;-2.734976e-01;6.464175e+00;8.695461e+00;1.874022e+00;6.646361e-01;-7.636229e+00;-6.877327e-02;-3.299986e+00;-2.786605e+00;3.820591e-01;-2.034406e+00;5.083374e+00
