frameIndex;frameTime;pcm_fftMag_mfcc[0];pcm_fftMag_mfcc[1];pcm_fftMag_mfcc[2];pcm_fftMag_mfcc[3];pcm_fftMag_mfcc[4];pcm_fftMag_mfcc[5];pcm_fftMag_mfcc[6];pcm_fftMag_mfcc[7];pcm_fftMag_mfcc[8];pcm_fftMag_mfcc[9];pcm_fftMag_mfcc[10];pcm_fftMag_mfcc[11];pcm_fftMag_mfcc[12];pcm_fftMag_mfcc[13]
0;0.000000;1.915850e+00;-5.583272e+00;-3.835770e+00;-4.833364e+00;-5.591823e+00;3.217309e+00;2.270990e+00;-3.791782e+00;5.050952e-01;1.735963e+00;-4.073391e-01;-9.127350e-01;-1.194090e+00;1.475639e+00
1;0.100000;2.058309e+00;-1.616679e+00;1.209167e+00;-3.446422e+00;-2.496881e-01;-4.196305e-01;-8.507729e-02;1.678745e+00;-1.155970e+00;1.543230e+00;-6.730719e-01;2.260624e+00;-2.325716e-01;7.515640e-01
2;0.200000;-6.126289e-01;5.029434e+00;3.955942e+00;7.538006e-01;2.371498e+00;-6.658775e+00;1.259363e+00;2.947624e+00;-1.911576e+00;-1.275592e+00;1.255133e+00;5.106248e+00;1.397559e+00;2.802658e-01
3;0.300000;-1.042625e+00;2.712634e+00;3.535186e+00;8.766193e-01;3.634247e+00;-4.913857e+00;-1.841736e-02;6.233320e-01;-1.757160e+00;-1.241931e+00;1.362034e+00;-5.450191e-01;-1.476629e+00;2.812958e-02
4;0.400000;-5.482578e-01;-2.301963e+00;-2.008753e-01;1.736197e+00;1.018912e+00;3.463582e+00;-2.605307e+00;2.262383e-01;-2.610564e-02;-1.952666e+00;-4.624529e-01;-4.276834e+00;-3.399286e-01;-1.084778e+00
5;0.500000;-1.770655e+00;1.759836e+00;-4.663655e+00;4.913168e+00;-1.183147e+00;5.311370e+00;-8.215466e-01;-1.684163e+00;4.345716e+00;1.190997e+00;-1.074306e+00;-1.632282e+00;1.845663e+00;-1.450851e+00
