frameIndex;frameTime;pcm_fftMag_mfcc[0];pcm_fftMag_mfcc[1];pcm_fftMag_mfcc[2];pcm_fftMag_mfcc[3];pcm_fftMag_mfcc[4];pcm_fftMag_mfcc[5];pcm_fftMag_mfcc[6];pcm_fftMag_mfcc[7];pcm_fftMag_mfcc[8];pcm_fftMag_mfcc[9];pcm_fftMag_mfcc[10];pcm_fftMag_mfcc[11];pcm_fftMag_mfcc[12];pcm_fftMag_mfcc[13]
0;0.000000;1.869230e+00;-1.359621e+00;-6.542191e+00;-4.524042e+00;9.656498e+00;3.289907e+00;-6.828847e+00;3.914180e-01;2.750883e+00;3.513461e+00;-4.737518e+00;4.412156e-01;-5.250361e+00;1.005493e+00
1;0.100000;1.181180e+00;-6.975088e-01;-1.752798e+00;-3.261225e+00;8.615892e+00;-8.699007e-01;-6.886449e+00;3.835043e+00;3.169183e+00;4.666820e+00;-5.814285e+00;6.381152e-01;-6.223496e+00;8.674774e-01
2;0.200000;2.343254e-01;-1.803192e+00;8.615589e-01;-1.308605e+00;1.216208e+00;-1.829496e+00;1.380434e-01;1.034994e+00;2.822021e+00;2.625245e+00;-2.003021e-01;2.477630e+00;-8.864193e-01;1.370865e+00
3;0.300000;-2.081066e+00;6.706505e-01;5.817995e-01;4.069309e-01;-6.599581e+00;-2.382685e+00;2.499196e+00;-1.988936e+00;-9.203243e-01;-3.463217e+00;4.533038e+00;-2.548015e-02;2.500645e+00;1.381073e-01
4;0.400000;-1.614733e+00;4.194885e+00;1.900485e+00;3.375557e+00;-7.688429e+00;-1.351223e+00;3.583878e+00;-2.738955e+00;-3.855107e+00;-5.599023e+00;4.748519e+00;-3.873147e+00;4.008293e+00;-1.851128e+00
5;0.500000;4.110575e-01;-1.005218e+00;4.951143e+00;5.311385e+00;-5.200586e+00;3.143406e+00;7.494182e+00;-5.335641e-01;-3.966660e+00;-1.743287e+00;1.470541e+00;3.416669e-01;5.851340e+00;-1.530853e+00
