frameIndex;frameTime;pcm_fftMag_mfcc[0];pcm_fftMag_mfcc[1];pcm_fftMag_mfcc[2];pcm_fftMag_mfcc[3];pcm_fftMag_mfcc[4];pcm_fftMag_mfcc[5];pcm_fftMag_mfcc[6];pcm_fftMag_mfcc[7];pcm_fftMag_mfcc[8];pcm_fftMag_mfcc[9];pcm_fftMag_mfcc[10];pcm_fftMag_mfcc[11];pcm_fftMag_mfcc[12];pcm_fftMag_mfcc[13]
0;0.000000;2.598099e+00;-9.086153e+00;2.735724e+00;-5.292993e-01;-6.512335e+00;-1.673987e+00;1.396495e+00;1.869543e+00;-7.119634e+00;3.363569e+00;-2.780871e+00;1.523798e+00;1.073187e-01;2.389084e+00
1;0.100000;5.831633e-01;-5.690275e+00;-9.272137e-01;3.428172e+00;-3.955749e+00;-5.833603e-01;4.308191e+00;-3.330981e+00;-4.939504e-01;-9.967809e-01;9.714813e-01;5.408225e-01;4.028834e-01;1.054787e+00
2;0.200000;-2.046096e+00;4.699081e+00;-7.505808e-01;6.398223e+00;1.746962e+00;-9.412187e-01;2.262857e+00;-4.462779e+00;8.155637e-01;-6.011739e-01;3.754500e+00;1.988415e+00;1.731994e+00;-1.594063e+00
3;0.300000;-1.334112e+00;6.222096e+00;-2.268682e+00;2.365023e+00;2.777376e+00;8.187943e-01;1.156227e+00;6.198492e-01;4.278748e+00;-1.537361e+00;1.422114e-01;-5.658605e-01;9.548113e-01;-1.472931e+00
4;0.400000;-8.382034e-02;1.639605e+00;-8.092966e-01;-2.586501e+00;3.396932e+00;1.706789e+00;-1.967019e+00;2.483679e+00;2.194618e+00;-5.116181e-01;-2.294842e+00;-1.935878e+00;-9.757705e-01;-1.346741e-01
5;0.500000;2.827635e-01;2.215649e+00;2.020054e+00;-9.075617e+00;2.546812e+00;6.729826e-01;-7.156751e+00;2.820688e+00;3.246584e-01;2.833662e-01;2.075233e-01;-1.551298e+00;-2.221237e+00;-2.422638e-01
