frameIndex;frameTime;pcm_fftMag_mfcc[0];pcm_fftMag_mfcc[1];pcm_fftMag_mfcc[2];pcm_fftMag_mfcc[3];pcm_fftMag_mfcc[4];pcm_fftMag_mfcc[5];pcm_fftMag_mfcc[6];pcm_fftMag_mfcc[7];pcm_fftMag_mfcc[8];pcm_fftMag_mfcc[9];pcm_fftMag_mfcc[10];pcm_fftMag_mfcc[11];pcm_fftMag_mfcc[12];pcm_fftMag_mfcc[13]
0;0.000000;2.135058e+00;-5.064311e-01;1.522217e-01;6.288042e+00;-2.608767e+00;-2.688264e+00;1.580290e-01;6.942195e+00;1.241608e-01;1.299637e+00;-2.600803e-01;1.041262e+00;5.090295e+00;5.007019e-01
1;0.100000;5.562825e+00;2.475411e+00;-6.416602e+00;3.215090e+00;6.941818e+00;-4.739496e+00;-3.866321e+00;2.834029e+00;-3.312261e+00;-1.662343e+00;2.162991e-01;1.002013e+00;-3.104143e-01;-3.352997e+00
2;0.200000;4.843769e-01;4.564476e+00;-3.291733e+00;-4.053879e-02;5.803402e+00;1.814804e+00;-2.238254e+00;-6.493303e+00;1.658905e+00;2.050694e+00;-1.619244e-01;-1.393118e+00;-7.536926e-01;-1.761368e+00
3;0.300000;-3.702925e+00;-3.481259e-01;4.004877e+00;-2.752039e+00;-4.249245e+00;2.478929e+00;1.394707e+00;-3.169695e+00;2.372482e+00;2.793369e-01;4.395885e-01;-1.644507e+00;-2.768142e+00;1.591499e+00
4;0.400000;-4.479330e+00;-6.185329e+00;5.551234e+00;-6.710548e+00;-5.887201e+00;3.134032e+00;4.551838e+00;-1.132250e-01;-8.432894e-01;-1.967325e+00;-2.338753e-01;9.943503e-01;-1.258049e+00;3.022171e+00
