frameIndex;frameTime;pcm_fftMag_mfcc[0];pcm_fftMag_mfcc[1];pcm_fftMag_mfcc[2];pcm_fftMag_mfcc[3];pcm_fftMag_mfcc[4];pcm_fftMag_mfcc[5];pcm_fftMag_mfcc[6];pcm_fftMag_mfcc[7];pcm_fftMag_mfcc[8];pcm_fftMag_mfcc[9];pcm_fftMag_mfcc[10];pcm_fftMag_mfcc[11];pcm_fftMag_mfcc[12];pcm_fftMag_mfcc[13]
0;0.000000;-1.761165e+00;2.138205e-01;-1.005359e+00;-3.180377e-01;4.448605e-01;-2.770987e-01;1.474558e+00;5.138841e-01;-9.026762e-01;-1.713343e+00;-4.290253e+00;7.575893e-02;-1.777581e+00;2.413712e-01
1;0.100000;5.739841e-01;-3.268928e+00;1.083003e+00;-1.931335e+00;-4.126949e-01;4.777412e-01;-1.060862e+00;3.834815e-01;7.482513e-01;-4.482975e-01;-2.180389e+00;-1.098120e+00;-7.601309e-02;-6.585159e-01
2;0.200000;1.578236e-02;1.614587e+00;-1.322678e+00;1.022864e+00;1.650601e+00;1.446447e-01;-3.551851e+00;-7.147980e-01;4.887708e-01;5.478182e-01;7.197986e-01;-6.070452e-01;2.546570e+00;-3.401031e-01
3;0.300000;-1.429143e+00;3.178262e+00;-4.830532e-01;4.489766e+00;-3.809357e-02;-2.250849e+00;-1.971563e+00;4.026599e-01;-3.095573e-01;-3.308105e-01;2.810399e+00;9.010410e-02;1.930527e+00;1.425552e-01
4;0.400000;-7.930536e-01;5.812674e-01;1.663589e-01;1.109870e+00;-3.248289e+00;-1.535886e+00;1.714818e+00;1.856285e+00;-3.223443e-01;5.088234e-02;2.725363e+00;-2.311792e-01;-8.207083e-01;2.332458e-01
5;0.500000;3.393594e+00;-2.318999e+00;1.561728e+00;-4.373127e+00;1.603622e+00;3.441440e+00;3.394897e+00;-2.441513e+00;2.975558e-01;1.893753e+00;2.150817e-01;1.770477e+00;-1.802794e+00;3.814621e-01
