frameIndex;frameTime;pcm_fftMag_mfcc[0];pcm_fftMag_mfcc[1];pcm_fftMag_mfcc[2];pcm_fftMag_mfcc[3];pcm_fftMag_mfcc[4];pcm_fftMag_mfcc[5];pcm_fftMag_mfcc[6];pcm_fftMag_mfcc[7];pcm_fftMag_mfcc[8];pcm_fftMag_mfcc[9];pcm_fftMag_mfcc[10];pcm_fftMag_mfcc[11];pcm_fftMag_mfcc[12];pcm_fftMag_mfcc[13]
0;0.000000;-8.392954e-01;-1.380675e+00;-8.490778e+00;3.308116e+00;1.715594e+00;2.522042e-01;3.571371e+00;1.478611e+00;-3.287319e+00;-2.586527e+00;-3.094339e-01;-7.271028e-01;-1.356931e+00;1.375374e+00
1;0.100000;4.126812e+00;-4.009484e+00;-5.069829e+00;-1.230245e+00;5.080051e-01;-1.511504e+00;-2.565384e+00;1.479773e+00;2.054058e+00;2.423000e-01;-2.607907e+00;-2.334685e-01;8.073615e-01;-1.058395e+00
2;0.200000;4.896637e+00;-3.116923e+00;-2.323665e+00;-2.449952e+00;-6.941643e-01;-2.865571e+00;-5.622131e+00;-4.016485e-01;4.273799e+00;-5.779152e-01;-3.404196e+00;-1.438226e+00;1.888551e-01;-2.174057e+00
3;0.300000;-1.151371e-01;2.353037e+00;1.197421e+00;-3.091006e+00;1.243591e-01;1.009404e+00;-3.679949e+00;-4.013313e+00;-7.773739e-01;8.070791e-01;1.673500e+00;1.751423e-03;-7.719539e-01;-4.129333e-01
4;0.400000;-4.858961e+00;3.545049e+00;7.097938e+00;1.624711e-01;-1.014177e+00;2.274192e+00;2.197269e+00;-2.840070e+00;-3.339766e+00;9.366097e-01;4.357864e+00;2.337793e+00;3.261838e-01;7.635040e-01
5;0.500000;-3.210055e+00;2.608996e+00;7.588912e+00;3.300615e+00;-6.396170e-01;8.412746e-01;6.098824e+00;4.296648e+00;1.076602e+00;1.178455e+00;2.901726e-01;5.925655e-02;8.064845e-01;1.506523e+00
