frameIndex;frameTime;pcm_fftMag_mfcc[0];pcm_fftMag_mfcc[1];pcm_fftMag_mfcc[2];pcm_fftMag_mfcc[3];pcm_fftMag_mfcc[4];pcm_fftMag_mfcc[5];pcm_fftMag_mfcc[6];pcm_fftMag_mfcc[7];pcm_fftMag_mfcc[8];pcm_fftMag_mfcc[9];pcm_fftMag_mfcc[10];pcm_fftMag_mfcc[11];pcm_fftMag_mfcc[12];pcm_fftMag_mfcc[13]
0;0.000000;9.252071e-01;4.950302e+00;7.083406e-01;4.967919e+00;-4.530380e+00;1.070105e+00;-6.575406e+00;-4.296353e+00;2.990297e+00;5.553373e+00;8.385751e+00;2.819166e+00;1.303793e+01;-2.882820e+00
1;0.100000;2.316862e+00;-5.537930e-01;-1.435179e+00;-5.949821e-01;-3.327841e+00;1.056480e-01;-6.156183e-01;-2.586133e+00;4.649617e+00;5.754248e+00;8.913517e-02;1.627413e+00;6.778708e+00;-2.259262e+00
2;0.200000;2.249951e+00;-8.082304e-01;-1.696074e+00;-2.075460e+00;5.934143e-02;-1.841381e+00;-1.096677e-01;1.057595e+00;4.069337e+00;1.407409e+00;-6.082144e+00;2.979107e-01;-8.331175e-01;-3.178482e-01
3;0.300000;-9.734535e-02;-4.824543e-01;-5.234509e-01;-1.001240e+00;9.912996e-01;-2.568154e+00;-1.052897e+00;3.475088e+00;5.692987e-01;-5.609797e+00;-5.268297e+00;-1.930328e+00;-4.916657e+00;1.260551e+00
4;0.400000;-2.612114e+00;-8.022375e-01;1.392338e+00;-4.544792e-01;1.384974e+00;-1.574421e-01;2.608292e+00;1.360919e+00;-5.465601e+00;-6.343805e+00;-1.769003e+00;-2.311274e+00;-6.418031e+00;1.970428e+00
5;0.500000;-2.782558e+00;-2.303587e+00;1.554016e+00;-8.417530e-01;5.422605e+00;3.391229e+00;5.745299e+00;9.888842e-01;-6.812950e+00;-7.614288e-01;4.644555e+00;-5.028954e-01;-7.648837e+00;2.228958e+00
