frameIndex;frameTime;pcm_fftMag_mfcc[0];pcm_fftMag_mfcc[1];pcm_fftMag_mfcc[2];pcm_fftMag_mfcc[3];pcm_fftMag_mfcc[4];pcm_fftMag_mfcc[5];pcm_fftMag_mfcc[6];pcm_fftMag_mfcc[7];pcm_fftMag_mfcc[8];pcm_fftMag_mfcc[9];pcm_fftMag_mfcc[10];pcm_fftMag_mfcc[11];pcm_fftMag_mfcc[12];pcm_fftMag_mfcc[13]
0;0.000000;2.389746e-01;4.972978e+00;4.336368e+00;-9.768358e+00;-1.222318e+01;-9.622005e+00;-4.056400e+00;2.470536e+00;2.930984e+00;1.123188e+00;-2.377818e+00;4.313536e-01;1.434602e+00;1.091896e+00
1;0.100000;-9.216013e-01;6.498257e+00;5.906374e+00;-4.917324e+00;-7.967944e+00;-8.819250e+00;-3.749308e+00;1.285366e+00;6.871721e+00;3.284259e+00;4.225855e+00;2.469771e+00;7.965368e+00;-2.440659e+00
2;0.200000;1.711570e+00;7.410637e+00;5.141377e-01;2.418694e+00;4.949053e+00;-1.944067e+00;-2.487232e+00;-7.046047e+00;3.331039e+00;3.345490e-01;9.621655e+00;6.442891e+00;1.200801e+01;-6.206017e+00
3;0.300000;3.544950e+00;-3.721518e+00;-3.645626e+00;8.344627e+00;6.359474e+00;6.708244e+00;3.073545e+00;-2.072507e+00;-1.249139e+00;-2.429934e+00;1.579563e+00;-1.676791e+00;-1.971140e-01;-1.582916e+00
4;0.400000;-7.137852e-01;-8.031616e+00;-4.159560e+00;5.038816e+00;5.927582e+00;8.592371e+00;4.743790e+00;2.363996e+00;-4.620259e+00;-1.639729e+00;-5.840600e+00;-3.622993e+00;-9.570029e+00;3.473381e+00
5;0.500000;-3.860102e+00;-7.128744e+00;-2.951691e+00;-1.116472e+00;2.955007e+00;5.084709e+00;2.475599e+00;2.998654e+00;-7.264342e+00;-6.723337e-01;-7.208654e+00;-4.044232e+00;-1.164084e+01;5.664360e+00
