frameIndex;frameTime;pcm_fftMag_mfcc[0];pcm_fftMag_mfcc[1];pcm_fftMag_mfcc[2];pcm_fftMag_mfcc[3];pcm_fftMag_mfcc[4];pcm_fftMag_mfcc[5];pcm_fftMag_mfcc[6];pcm_fftMag_mfcc[7];pcm_fftMag_mfcc[8];pcm_fftMag_mfcc[9];pcm_fftMag_mfcc[10];pcm_fftMag_mfcc[11];pcm_fftMag_mfcc[12];pcm_fftMag_mfcc[13]
0;0.000000;2.555350e+00;-5.955349e+00;3.204088e+00;-1.778228e+00;-4.038972e+00;-4.972638e+00;-1.915729e+00;1.086994e+01;-7.886400e-01;4.784064e+00;4.886942e+00;-2.086554e+00;1.802876e+00;8.191376e-01
1;0.100000;-1.521815e+00;1.417818e+00;4.512281e-01;2.394271e+00;-4.826659e+00;-5.494190e+00;-2.380214e+00;1.660326e+00;2.534113e-01;4.428036e-01;4.389579e+00;2.529297e+00;-1.326079e-01;1.103561e+00
2;0.200000;-4.487185e+00;3.006729e+00;1.443248e-01;3.901257e+00;7.540445e-01;-3.358154e+00;-3.850023e+00;-1.975532e+00;2.275844e+00;-1.772336e+00;1.330671e+00;4.169001e+00;-6.495184e-01;1.574928e+00
3;0.300000;-3.735802e+00;3.083252e+00;2.090049e-02;2.189147e+00;3.624646e+00;1.972133e+00;1.121609e+00;-1.750546e+00;3.698149e+00;-1.914944e+00;-3.199455e+00;-8.344302e-01;-2.482575e+00;1.297401e+00
4;0.400000;7.182159e-01;2.231885e+00;-1.545463e+00;-2.881573e+00;2.644466e+00;5.947380e+00;4.963595e+00;-5.477963e+00;8.627892e-02;-1.460986e+00;-4.279168e+00;-2.077713e+00;2.542504e-01;-7.043076e-01
5;0.500000;6.471236e+00;-3.784335e+00;-2.275079e+00;-3.824875e+00;1.842473e+00;5.905468e+00;2.060762e+00;-3.326226e+00;-5.525046e+00;-7.860169e-02;-3.128570e+00;-1.699604e+00;1.207575e+00;-4.090752e+00
