frameIndex;frameTime;pcm_fftMag_mfcc[0];pcm_fftMag_mfcc[1];pcm_fftMag_mfcc[2];pcm_fftMag_mfcc[3];pcm_fftMag_mfcc[4];pcm_fftMag_mfcc[5];pcm_fftMag_mfcc[6];pcm_fftMag_mfcc[7];pcm_fftMag_mfcc[8];pcm_fftMag_mfcc[9];pcm_fftMag_mfcc[10];pcm_fftMag_mfcc[11];pcm_fftMag_mfcc[12];pcm_fftMag_mfcc[13]
0;0.000000;1.899646e+00;-8.747294e+00;2.070288e+00;2.799244e+00;7.206697e+00;-5.323931e+00;4.029288e+00;2.451276e+00;-8.783184e+00;-1.781273e+00;-2.385487e+00;-4.341903e-01;3.672102e+00;-4.842148e-01
1;0.100000;-5.858421e-01;-6.870109e+00;-3.273239e+00;5.782361e+00;1.634382e+00;-4.109323e+00;1.383291e+00;1.399315e+00;-6.678956e+00;-3.124988e+00;-1.829052e+00;-3.337753e+00;4.339828e+00;1.185020e+00
2;0.200000;-1.435260e+00;-6.628265e-01;-3.973463e+00;4.362440e+00;-1.070524e+00;-2.099829e+00;-4.826975e-01;-4.936991e-01;7.284727e-01;-2.060491e+00;-1.995996e+00;-1.525227e+00;2.314524e+00;1.865295e+00
3;0.300000;-1.173810e+00;5.870765e+00;-3.603840e-01;-3.679581e-01;2.739458e-01;2.154837e+00;-2.143604e+00;-1.075638e+00;7.953935e+00;1.909752e+00;-1.328306e-01;1.459339e+00;-1.195572e+00;6.215744e-01
4;0.400000;-4.556656e-02;7.418057e+00;2.733819e+00;-4.749807e+00;-9.523201e-01;4.757640e+00;-2.113013e+00;-1.548749e+00;6.823118e+00;3.993971e+00;2.683211e+00;3.174584e+00;-3.557844e+00;-1.897636e+00
5;0.500000;1.340831e+00;2.991409e+00;2.802977e+00;-7.826283e+00;-7.092175e+00;4.620605e+00;-6.732659e-01;-7.325048e-01;-4.338598e-02;1.063026e+00;3.660149e+00;6.632447e-01;-5.573041e+00;-1.289993e+00
