frameIndex;frameTime;pcm_fftMag_mfcc[0];pcm_fftMag_mfcc[1];pcm_fftMag_mfcc[2];pcm_fftMag_mfcc[3];pcm_fftMag_mfcc[4];pcm_fftMag_mfcc[5];pcm_fftMag_mfcc[6];pcm_fftMag_mfcc[7];pcm_fftMag_mfcc[8];pcm_fftMag_mfcc[9];pcm_fftMag_mfcc[10];pcm_fftMag_mfcc[11];pcm_fftMag_mfcc[12];pcm_fftMag_mfcc[13]
0;0.000000;-2.473283e+00;3.780144e+00;-2.924758e+00;-1.243703e+00;4.196892e-01;-3.942260e+00;2.932790e+00;6.428916e+00;2.622171e-01;8.350013e+00;-8.189874e-01;1.972554e+00;8.208814e-01;5.329971e-01
1;0.100000;-2.556078e+00;9.073684e+00;1.619157e+00;-2.455704e+00;-1.066003e+00;-2.233958e+00;9.551783e-01;2.442943e+00;-2.232368e+00;6.763695e+00;-1.746115e+00;2.286681e+00;5.296901e-01;-6.497955e-01
2;0.200000;1.188175e+00;2.620746e+00;1.709738e-01;-3.845038e-01;-1.048975e-01;1.411432e+00;-1.324327e+00;-2.313413e+00;-3.476990e+00;3.099070e+00;-1.992778e+00;1.773328e+00;-1.807288e+00;-7.059479e-02
3;0.300000;2.888819e+00;-6.055303e+00;5.128336e-01;1.225502e+00;-6.608286e-01;2.940332e+00;-3.036390e+00;-2.784340e+00;7.533915e-01;-6.875574e+00;1.000932e+00;-2.531035e+00;-1.010381e+00;9.287262e-02
4;0.400000;9.523683e-01;-9.419273e+00;6.217909e-01;2.858409e+00;1.412042e+00;1.824453e+00;4.727526e-01;-3.774109e+00;4.693749e+00;-1.133720e+01;3.556948e+00;-3.501532e+00;1.467098e+00;9.455109e-02
