frameIndex;frameTime;pcm_fftMag_mfcc[0];pcm_fftMag_mfcc[1];pcm_fftMag_mfcc[2];pcm_fftMag_mfcc[3];pcm_fftMag_mfcc[4];pcm_fftMag_mfcc[5];pcm_fftMag_mfcc[6];pcm_fftMag_mfcc[7];pcm_fftMag_mfcc[8];pcm_fftMag_mfcc[9];pcm_fftMag_mfcc[10];pcm_fftMag_mfcc[11];pcm_fftMag_mfcc[12];pcm_fftMag_mfcc[13]
0;0.000000;2.489946e+00;-6.574168e+00;3.540045e+00;-5.905514e-01;-4.721851e+00;7.140508e-01;-3.666945e+00;1.357671e+00;-3.012418e+00;-6.660553e+00;-6.155195e+00;-3.808981e+00;-4.732222e+00;1.622818e+00
1;0.100000;2.552547e-01;-8.001534e+00;1.411653e+00;-9.360452e-01;-4.377297e+00;1.488248e+00;-8.755693e-01;1.883259e-01;-4.174170e-01;-3.142467e+00;-4.599014e+00;-1.152043e+00;-5.881822e-01;5.681610e-01
2;0.200000;-3.669822e+00;9.970770e-01;-5.621319e-01;3.131800e+00;5.444221e-01;-4.815311e+00;2.056549e+00;-4.908063e+00;-3.776358e+00;-1.411927e+00;-7.266014e+00;7.368984e-01;2.629906e+00;-9.858932e-01
3;0.300000;-2.678134e+00;5.173955e+00;-3.206812e+00;2.716314e+00;3.372888e+00;-5.795717e+00;3.454245e+00;-3.020630e-01;1.415077e+00;2.404425e+00;-3.137401e+00;-1.785374e+00;-1.634594e+00;-7.543564e-01
4;0.400000;7.064943e-01;3.218300e+00;-1.900414e+00;6.010766e-01;3.021581e+00;1.200593e+00;3.657151e+00;1.687710e+00;5.468553e+00;4.328468e+00;7.116125e+00;2.201063e+00;5.182593e-01;8.538818e-02
5;0.500000;2.896266e+00;5.186367e+00;7.176638e-01;-4.922596e+00;2.160263e+00;7.208139e+00;-4.625434e+00;1.976415e+00;3.225628e-01;4.482053e+00;1.404150e+01;3.808435e+00;3.806832e+00;-5.361404e-01
