frameIndex;frameTime;pcm_fftMag_mfcc[0];pcm_fftMag_mfcc[1];pcm_fftMag_mfcc[2];pcm_fftMag_mfcc[3];pcm_fftMag_mfcc[4];pcm_fftMag_mfcc[5];pcm_fftMag_mfcc[6];pcm_fftMag_mfcc[7];pcm_fftMag_mfcc[8];pcm_fftMag_mfcc[9];pcm_fftMag_mfcc[10];pcm_fftMag_mfcc[11];pcm_fftMag_mfcc[12];pcm_fftMag_mfcc[13]
0;0.000000;-1.075025e+00;-1.289706e+00;5.715918e+00;2.731535e-01;3.435980e+00;4.183964e+00;-6.364692e+00;-2.284406e+00;-2.786040e-03;2.609965e+00;3.288416e+00;-1.304774e-01;-3.548613e-01;9.319687e-01
1;0.100000;2.863026e-02;-5.605435e-01;5.167266e+00;-2.283754e-01;3.345249e+00;4.863649e+00;-4.791207e+00;-2.977942e+00;-2.314389e+00;1.984021e+00;4.017803e+00;1.871669e+00;4.503003e-01;2.371826e-01
2;0.200000;3.064855e+00;-1.721624e+00;-5.033650e-01;-1.073527e+00;1.785875e+00;2.032194e+00;4.584417e-01;5.556617e-01;-1.516507e+00;1.689286e+00;-6.038564e-01;-4.466128e-01;-1.617143e+00;-1.026550e+00
3;0.300000;1.944636e+00;-4.220679e+00;-3.567609e+00;-2.946675e+00;-1.446025e+00;-1.868630e+00;9.228888e-01;1.860405e+00;-1.761990e-01;-8.772719e-01;-2.111446e+00;-3.206665e+00;-8.369894e-01;1.610794e-01
4;0.400000;-1.110564e+00;3.298771e-01;-4.769931e+00;-2.866626e-02;-3.866118e+00;-4.056230e+00;3.518193e+00;1.724826e+00;1.900901e+00;-1.989640e+00;-1.496778e+00;-3.390899e-01;4.759722e-01;9.471970e-01
5;0.500000;-2.852530e+00;7.462676e+00;-2.042275e+00;4.004092e+00;-3.254966e+00;-5.154946e+00;6.256374e+00;1.121450e+00;2.108980e+00;-3.416361e+00;-3.094139e+00;2.251177e+00;1.882721e+00;-1.250885e+00
