frameIndex;frameTime;pcm_fftMag_mfcc[0];pcm_fftMag_mfcc[1];pcm_fftMag_mfcc[2];pcm_fftMag_mfcc[3];pcm_fftMag_mfcc[4];pcm_fftMag_mfcc[5];pcm_fftMag_mfcc[6];pcm_fftMag_mfcc[7];pcm_fftMag_mfcc[8];pcm_fftMag_mfcc[9];pcm_fftMag_mfcc[10];pcm_fftMag_mfcc[11];pcm_fftMag_mfcc[12];pcm_fftMag_mfcc[13]
0;0.000000;-1.255722e+00;-1.031572e+01;-5.623923e+00;2.977556e+00;-2.427162e+00;-4.049488e+00;1.953445e+00;-5.012844e+00;2.216107e+00;-2.037640e+00;-3.745674e+00;-2.089435e+00;-2.727423e+00;4.564873e+00
1;0.100000;-2.858860e+00;-6.022785e+00;-7.363707e+00;7.253510e+00;-8.750299e-01;-2.281421e-01;4.871929e+00;-2.115608e+00;5.109873e+00;-1.424376e+00;-2.479754e+00;-1.092338e+00;-1.329353e+00;3.627953e+00
2;0.200000;-2.972345e+00;2.221509e+00;-4.652248e+00;4.947323e+00;7.947011e-02;-2.428901e+00;1.590110e+00;5.219176e-01;2.190482e+00;-1.493060e+00;-1.680514e+00;-2.660931e+00;2.577567e+00;-5.223083e-02
3;0.300000;-1.343803e-01;5.169784e+00;1.922182e+00;-2.979057e+00;-2.727285e+00;-4.557894e-01;-1.358108e+00;9.749622e-01;-2.582296e+00;-2.027389e+00;-2.470660e-01;-1.969753e+00;4.055571e+00;-2.986534e+00
4;0.400000;3.732080e+00;4.658014e+00;7.445390e+00;-7.290946e+00;2.772200e+00;3.320247e+00;-4.199214e+00;3.104380e+00;-1.876463e+00;1.033036e+00;3.339317e+00;3.849296e+00;1.587534e-02;-3.002487e+00
5;0.500000;3.489229e+00;4.289195e+00;8.272303e+00;-4.908391e+00;3.177807e+00;3.842072e+00;-2.858162e+00;2.527192e+00;-5.057703e+00;5.949428e+00;4.813687e+00;3.963165e+00;-2.592237e+00;-2.151535e+00
