frameIndex;frameTime;pcm_fftMag_mfcc[0];pcm_fftMag_mfcc[1];pcm_fftMag_mfcc[2];pcm_fftMag_mfcc[3];pcm_fftMag_mfcc[4];pcm_fftMag_mfcc[5];pcm_fftMag_mfcc[6];pcm_fftMag_mfcc[7];pcm_fftMag_mfcc[8];pcm_fftMag_mfcc[9];pcm_fftMag_mfcc[10];pcm_fftMag_mfcc[11];pcm_fftMag_mfcc[12];pcm_fftMag_mfcc[13]
0;0.000000;-8.391390e-01;-1.846112e+00;4.651241e-01;7.608574e+00;6.696949e-01;4.400205e+00;5.311441e+00;4.417707e+00;-2.301412e+00;4.130477e+00;-2.922099e+00;-4.459249e+00;3.708067e+00;4.343880e+00
1;0.100000;-5.026541e-01;-4.113430e-01;-1.928617e+00;3.546797e+00;-9.863439e-01;7.002237e+00;2.269538e+00;1.767314e+00;-3.094581e+00;5.106978e+00;-2.965348e+00;-5.035050e+00;1.700250e+00;1.787666e+00
2;0.200000;1.524295e+00;1.659630e+00;-2.435999e+00;-2.830378e+00;-6.343560e-01;9.177798e+00;1.140717e+00;-8.801003e-01;-8.858820e-01;1.648355e+00;2.737684e+00;4.518843e-01;-1.571575e+00;-2.913971e-01
3;0.300000;6.616096e-01;-7.815868e-01;-1.422245e+00;-5.829031e+00;1.609089e+00;5.260599e-01;2.125665e+00;-4.282123e+00;2.432580e+00;-2.877274e+00;3.447417e+00;3.084949e+00;-3.232173e+00;-5.356827e-01
4;0.400000;-9.851503e-01;-9.991086e-02;5.620594e-01;-3.242392e+00;1.029510e+00;-7.995120e+00;-2.869593e+00;-3.420858e+00;1.750756e+00;-3.556720e+00;6.993915e-01;3.691059e+00;-1.997507e+00;-1.668213e+00
5;0.500000;1.410360e-01;1.479322e+00;4.759691e+00;7.464294e-01;-1.687592e+00;-1.311118e+01;-7.977767e+00;2.398061e+00;2.098538e+00;-4.451816e+00;-9.970460e-01;2.266407e+00;1.392940e+00;-3.636238e+00
