frameIndex;frameTime;pcm_fftMag_mfcc[0];pcm_fftMag_mfcc[1];pcm_fftMag_mfcc[2];pcm_fftMag_mfcc[3];pcm_fftMag_mfcc[4];pcm_fftMag_mfcc[5];pcm_fftMag_mfcc[6];pcm_fftMag_mfcc[7];pcm_fftMag_mfcc[8];pcm_fftMag_mfcc[9];pcm_fftMag_mfcc[10];pcm_fftMag_mfcc[11];pcm_fftMag_mfcc[12];pcm_fftMag_mfcc[13]
0;0.000000;4.779097e+00;8.439369e-01;-5.022430e+00;-5.047937e+00;-8.468653e+00;1.064198e+01;2.638389e+00;-1.118285e+01;-1.599436e-01;-4.140131e+00;-2.779998e+00;3.411895e+00;-4.483686e+00;-1.139435e+00
1;0.100000;3.064955e+00;-3.839499e+00;-2.204085e+00;-6.818737e+00;-7.243843e-01;3.229837e+00;3.456611e+00;-3.881009e-01;-3.707905e+00;-3.344433e+00;1.174844e+00;1.858911e+00;-2.045833e+00;1.086037e+00
2;0.200000;-1.178913e-01;-2.756550e+00;2.773247e-01;-1.924314e+00;2.293882e+00;-1.989217e-01;2.837609e+00;3.653032e+00;-2.924971e+00;-2.871797e+00;7.004799e-01;-9.643173e-02;6.131088e-01;1.739510e+00
3;0.300000;-2.744047e+00;1.488793e+00;3.566513e-01;3.221679e+00;3.848560e+00;-3.391835e+00;2.187519e-01;3.147747e+00;1.988380e+00;-2.042186e-01;-1.004439e+00;-2.698418e+00;-2.674800e-02;3.197861e-01
4;0.400000;-3.080728e+00;2.906466e+00;1.951125e+00;4.988731e+00;2.488295e+00;-5.178952e+00;-4.113522e+00;7.825637e-02;3.136805e+00;5.361627e+00;1.344038e+00;-2.924457e+00;1.123739e+00;-6.199188e-01
5;0.500000;-1.901384e+00;1.356845e+00;4.641415e+00;5.580574e+00;5.622997e-01;-5.102105e+00;-5.037836e+00;4.691913e+00;1.667633e+00;5.198952e+00;5.650761e-01;4.485002e-01;4.819420e+00;-1.385956e+00
