frameIndex;frameTime;pcm_fftMag_mfcc[0];pcm_fftMag_mfcc[1];pcm_fftMag_mfcc[2];pcm_fftMag_mfcc[3];pcm_fftMag_mfcc[4];pcm_fftMag_mfcc[5];pcm_fftMag_mfcc[6];pcm_fftMag_mfcc[7];pcm_fftMag_mfcc[8];pcm_fftMag_mfcc[9];pcm_fftMag_mfcc[10];pcm_fftMag_mfcc[11];pcm_fftMag_mfcc[12];pcm_fftMag_mfcc[13]
0;0.000000;3.970050e+00;-3.152213e+00;-4.746699e+00;-2.519802e+00;-1.269916e+00;5.543364e+00;-2.321336e+00;2.705330e+00;6.131985e+00;-5.034409e-02;1.779396e+00;-7.293515e+00;-7.785184e+00;3.116455e-01
1;0.100000;5.053626e+00;-8.321291e+00;-2.503119e+00;-5.405760e+00;1.906340e+00;-3.916561e+00;-3.052321e+00;6.555424e+00;-1.547995e+00;5.103893e+00;9.643456e-01;-5.403142e+00;-3.362882e+00;2.796936e-01
2;0.200000;1.305178e+00;-4.099017e+00;1.333434e+00;4.418201e-01;2.021401e+00;-3.738155e+00;1.439247e-01;5.855335e+00;1.005957e+00;5.474339e+00;1.897869e+00;1.423692e+00;6.321298e-01;6.327057e-01
3;0.300000;-4.082115e+00;3.727594e+00;4.295990e+00;5.212861e+00;-1.880630e+00;-4.225281e+00;1.532976e+00;-1.611534e+00;-6.112309e-01;-3.923516e+00;-2.759142e+00;2.651984e+00;-1.363885e-01;-3.810120e-01
4;0.400000;-4.544561e+00;7.409033e+00;3.914439e+00;3.990508e+00;-8.628378e-01;1.028690e+00;3.055246e+00;-4.581209e+00;-8.151379e-01;-3.898367e+00;-2.241684e+00;3.187798e+00;2.308564e+00;-2.890091e-01
5;0.500000;-1.702181e+00;4.435894e+00;-2.294045e+00;-1.719626e+00;8.564472e-02;5.307938e+00;6.415110e-01;-8.923340e+00;-4.163572e+00;-2.706005e+00;3.592154e-01;5.433183e+00;8.343760e+00;-5.540085e-01
