frameIndex;frameTime;pcm_fftMag_mfcc[0];pcm_fftMag_mfcc[1];pcm_fftMag_mfcc[2];pcm_fftMag_mfcc[3];pcm_fftMag_mfcc[4];pcm_fftMag_mfcc[5];pcm_fftMag_mfcc[6];pcm_fftMag_mfcc[7];pcm_fftMag_mfcc[8];pcm_fftMag_mfcc[9];pcm_fftMag_mfcc[10];pcm_fftMag_mfcc[11];pcm_fftMag_mfcc[12];pcm_fftMag_mfcc[13]
0;0.000000;3.791947e+00;8.385191e+00;-3.324848e+00;-4.774015e+00;6.115938e+00;-2.426641e+00;-6.119555e+00;-3.207522e+00;1.158348e+01;6.292090e-01;-1.087954e+00;-9.216088e+00;-7.602419e+00;-7.528076e-01
1;0.100000;1.647493e+00;3.619195e+00;4.528437e-01;-3.815277e+00;3.677473e+00;-4.498047e+00;-3.423482e+00;-1.632795e-01;6.176279e+00;4.581956e+00;-3.931511e+00;-3.540437e+00;-7.627131e+00;-4.144135e-01
2;0.200000;4.662666e-01;8.361940e-01;-1.840876e+00;3.104153e-01;6.670189e-01;-2.058449e+00;-2.328644e+00;1.727004e+00;1.489240e+00;2.426586e+00;-2.805962e+00;-3.200314e-01;-1.512747e+00;-6.180573e-02
3;0.300000;-1.178221e+00;-3.486221e+00;-5.205536e-01;3.293324e+00;-2.963002e+00;3.485362e+00;8.623886e-01;1.260385e+00;-4.832010e+00;-2.916155e+00;-1.227068e+00;5.436330e-01;3.039519e+00;5.842133e-01
4;0.400000;-2.617146e+00;-6.088310e+00;1.963184e+00;3.012608e+00;-2.559928e+00;5.133186e+00;5.485982e+00;8.887606e-01;-8.111938e+00;-4.497857e+00;1.795519e+00;4.285850e+00;6.456583e+00;9.091568e-01
5;0.500000;-2.110332e+00;-3.266054e+00;3.270247e+00;1.972952e+00;-4.937503e+00;3.645887e-01;5.523309e+00;-5.053473e-01;-6.305054e+00;-2.237391e-01;7.256977e+00;8.247074e+00;7.246194e+00;-2.643433e-01
