frameIndex;frameTime;pcm_fftMag_mfcc[0];pcm_fftMag_mfcc[1];pcm_fftMag_mfcc[2];pcm_fftMag_mfcc[3];pcm_fftMag_mfcc[4];pcm_fftMag_mfcc[5];pcm_fftMag_mfcc[6];pcm_fftMag_mfcc[7];pcm_fftMag_mfcc[8];pcm_fftMag_mfcc[9];pcm_fftMag_mfcc[10];pcm_fftMag_mfcc[11];pcm_fftMag_mfcc[12];pcm_fftMag_mfcc[13]
0;0.000000;-3.890552e+00;5.783892e-01;5.233103e+00;-8.747215e-01;-3.203690e+00;-2.820878e+00;-2.258024e+00;1.444869e+00;1.082117e+00;3.504548e+00;-3.588449e+00;-1.462301e+01;-3.458170e+00;3.351143e+00
1;0.100000;-6.216168e+00;-1.566846e+00;3.956740e+00;-9.614086e-01;-4.628494e+00;-2.793337e+00;-3.620618e-01;2.055817e+00;4.420108e+00;3.079270e+00;-2.640207e+00;-9.746585e+00;-2.297567e+00;3.784294e+00
2;0.200000;-4.057303e+00;-2.469419e+00;6.538906e-01;-3.478718e-01;-4.336226e+00;-1.585473e+00;9.203430e-01;1.520202e-01;1.133354e+00;-1.032354e+00;6.356192e-01;1.959760e+00;2.002235e+00;3.480453e+00
3;0.300000;1.629189e+00;-8.347216e-01;-6.720972e-01;1.799841e+00;-1.625906e+00;1.553927e+00;2.547581e+00;-1.899983e-01;-1.694438e+00;-2.562149e+00;2.733541e+00;9.301383e+00;2.294163e+00;1.539299e+00
4;0.400000;6.206987e+00;-3.330221e-01;-3.510289e+00;-1.338535e+00;-9.041977e-02;2.222809e+00;-4.000617e-01;-5.392129e-01;-6.857849e+00;-2.627329e+00;1.251697e+00;1.014132e+01;1.600402e+00;-3.863960e+00
5;0.500000;6.327842e+00;4.625621e+00;-5.661352e+00;1.722696e+00;1.388473e+01;3.422952e+00;-4.477764e-01;-2.923494e+00;1.916707e+00;-3.619862e-01;1.607800e+00;2.967136e+00;-1.410618e-01;-8.291237e+00
