frameIndex;frameTime;pcm_fftMag_mfcc[0];pcm_fftMag_mfcc[1];pcm_fftMag_mfcc[2];pcm_fftMag_mfcc[3];pcm_fftMag_mfcc[4];pcm_fftMag_mfcc[5];pcm_fftMag_mfcc[6];pcm_fftMag_mfcc[7];pcm_fftMag_mfcc[8];pcm_fftMag_mfcc[9];pcm_fftMag_mfcc[10];pcm_fftMag_mfcc[11];pcm_fftMag_mfcc[12];pcm_fftMag_mfcc[13]
0;0.000000;-1.938747e+00;-2.624244e+00;-3.276334e+00;-2.415490e+00;3.112183e+00;4.187901e+00;9.248581e-01;-9.193816e-01;-2.526915e+00;1.401883e+00;-5.981984e+00;2.382995e+00;-4.803463e+00;3.762741e+00
1;0.100000;-3.735673e+00;1.023330e+00;-1.675375e+00;-1.679039e-01;1.080450e+00;7.885504e-01;1.705883e+00;-1.102528e+00;1.646834e+00;-1.628402e+00;-1.222468e+00;3.244893e+00;-1.584494e+00;2.962494e+00
2;0.200000;-3.129120e+00;4.695468e+00;5.479138e-01;2.892790e+00;-6.366253e-01;-1.626278e+00;1.654400e+00;-2.350487e+00;2.512532e+00;-2.502956e+00;1.544522e+00;2.830932e+00;1.891476e+00;-2.026901e-01
3;0.300000;-8.919907e-01;4.499093e+00;4.237628e+00;4.154482e+00;-2.153225e-01;-1.832888e+00;1.208733e+00;-9.933848e-01;1.086740e+00;3.349741e-01;2.848175e+00;1.436998e+00;4.718538e+00;-3.615738e+00
4;0.400000;5.495137e+00;-2.057025e+00;2.076700e-01;-3.253957e+00;2.287006e+00;-1.024628e-01;-6.442614e-01;2.646683e+00;-1.188712e-01;2.547853e+00;8.231246e-01;-2.520607e+00;-3.667109e-01;-4.062996e+00
5;0.500000;4.200401e+00;-5.536627e+00;-4.150176e-02;-1.209919e+00;-5.627693e+00;-1.414827e+00;-4.849612e+00;2.719100e+00;-2.600320e+00;-1.533523e-01;1.988628e+00;-7.375211e+00;1.446555e-01;1.156197e+00
