frameIndex;frameTime;pcm_fftMag_mfcc[0];pcm_fftMag_mfcc[1];pcm_fftMag_mfcc[2];pcm_fftMag_mfcc[3];pcm_fftMag_mfcc[4];pcm_fftMag_mfcc[5];pcm_fftMag_mfcc[6];pcm_fftMag_mfcc[7];pcm_fftMag_mfcc[8];pcm_fftMag_mfcc[9];pcm_fftMag_mfcc[10];pcm_fftMag_mfcc[11];pcm_fftMag_mfcc[12];pcm_fftMag_mfcc[13]
0;0.000000;-7.209188e+00;8.979943e+00;6.883534e+00;6.067924e-01;-7.047140e+00;-2.495724e+00;-6.719503e-01;-3.726930e+00;-5.643083e+00;-6.253630e+00;-1.446382e+00;3.867208e+00;-1.873009e+00;-9.634399e-01
1;0.100000;-6.666208e+00;7.175149e+00;1.652423e+00;-9.872661e-01;-9.852697e+00;-5.624237e+00;3.422022e-01;-1.248606e+00;-2.893376e+00;-3.583703e+00;-1.798613e+00;2.785432e+00;-4.086622e+00;7.819138e-01
2;0.200000;-2.959927e+00;2.460611e+00;-1.295466e+00;9.380212e-01;-7.306110e+00;-3.170076e+00;-1.058979e-01;-1.897861e+00;-3.169990e-02;1.669485e+00;7.162838e-01;1.655110e+00;-1.780352e+00;1.490311e+00
3;0.300000;4.208451e+00;-3.139638e+00;-1.876262e+00;1.454041e+00;-9.488297e-02;4.893279e+00;-7.525225e-01;-1.502625e+00;4.197869e+00;4.438204e+00;2.672080e+00;-1.120570e+00;1.153962e+00;3.092880e-01
4;0.400000;7.875995e+00;-6.351992e+00;-2.788272e+00;-7.563396e-01;8.521229e+00;6.689058e+00;-2.991552e-01;-1.290813e-01;6.484109e+00;3.263608e+00;1.333221e+00;-4.204034e+00;4.630496e+00;-1.211136e+00
5;0.500000;4.750874e+00;-9.124073e+00;-2.575957e+00;-1.255246e+00;1.577961e+01;-2.922997e-01;1.487318e+00;8.505103e+00;-2.113819e+00;4.660366e-01;-1.476589e+00;-2.983146e+00;1.955527e+00;-4.069748e-01
