frameIndex;frameTime;pcm_fftMag_mfcc[0];pcm_fftMag_mfcc[1];pcm_fftMag_mfcc[2];pcm_fftMag_mfcc[3];pcm_fftMag_mfcc[4];pcm_fftMag_mfcc[5];pcm_fftMag_mfcc[6];pcm_fftMag_mfcc[7];pcm_fftMag_mfcc[8];pcm_fftMag_mfcc[9];pcm_fftMag_mfcc[10];pcm_fftMag_mfcc[11];pcm_fftMag_mfcc[12];pcm_fftMag_mfcc[13]
0;0.000000;-2.817564e-01;1.315214e+00;-2.554456e+00;-2.617243e+00;3.047256e-01;4.176667e+00;-9.954720e-01;-2.495006e+00;-2.369029e+00;6.047921e-01;-4.347790e+00;-3.520648e+00;-3.454229e+00;1.269829e+00
1;0.100000;1.125300e+00;-1.381458e+00;-5.209838e+00;-3.599548e+00;7.511215e-01;4.344659e+00;1.645000e+00;-1.642970e+00;-2.716610e+00;1.497344e+00;4.158211e-01;-1.390684e+00;-3.239420e+00;6.464920e-01
2;0.200000;1.624702e+00;-4.526233e+00;-2.869308e+00;-4.200787e+00;1.704576e+00;3.906874e+00;1.806986e+00;1.377562e+00;1.713022e+00;1.073673e+00;3.260165e+00;-1.163794e+00;1.331751e+00;7.827530e-01
3;0.300000;-3.244195e-01;-1.644344e-01;1.923275e-02;-2.974409e-02;6.888485e-01;6.955471e-01;5.671082e-01;1.355747e+00;2.406927e+00;-3.444662e-01;1.319464e+00;1.117963e+00;1.915573e+00;6.692352e-01
4;0.400000;-8.896351e-01;2.769581e+00;2.885702e+00;5.468754e+00;-1.814030e+00;-7.123620e+00;-1.102375e+00;1.840109e+00;1.052607e+00;-2.115524e+00;4.515986e-01;2.091380e+00;1.645821e+00;-1.043938e+00
5;0.500000;-1.254194e+00;1.987329e+00;7.728672e+00;4.978568e+00;-1.635246e+00;-6.000126e+00;-1.921247e+00;-4.354434e-01;-8.691216e-02;-7.158232e-01;-1.099257e+00;2.865784e+00;1.800500e+00;-2.324364e+00
