frameIndex;frameTime;pcm_fftMag_mfcc[0];pcm_fftMag_mfcc[1];pcm_fftMag_mfcc[2];pcm_fftMag_mfcc[3];pcm_fftMag_mfcc[4];pcm_fftMag_mfcc[5];pcm_fftMag_mfcc[6];pcm_fftMag_mfcc[7];pcm_fftMag_mfcc[8];pcm_fftMag_mfcc[9];pcm_fftMag_mfcc[10];pcm_fftMag_mfcc[11];pcm_fftMag_mfcc[12];pcm_fftMag_mfcc[13]
0;0.000000;-5.926062e-01;-1.133444e+00;-1.266830e+00;-1.174063e+00;1.592034e+00;-2.758408e-02;1.758740e+00;1.871039e+00;4.311028e-01;1.198965e+00;-1.096649e-01;-1.283449e+00;-6.417043e-01;1.890930e+00
1;0.100000;5.926062e-01;1.133444e+00;1.266830e+00;1.174064e+00;-1.592034e+00;2.758408e-02;-1.758740e+00;-1.871039e+00;-4.311028e-01;-1.198965e+00;1.096630e-01;1.283449e+00;6.417042e-01;-1.890930e+00
