frameIndex;frameTime;pcm_fftMag_mfcc[0];pcm_fftMag_mfcc[1];pcm_fftMag_mfcc[2];pcm_fftMag_mfcc[3];pcm_fftMag_mfcc[4];pcm_fftMag_mfcc[5];pcm_fftMag_mfcc[6];pcm_fftMag_mfcc[7];pcm_fftMag_mfcc[8];pcm_fftMag_mfcc[9];pcm_fftMag_mfcc[10];pcm_fftMag_mfcc[11];pcm_fftMag_mfcc[12];pcm_fftMag_mfcc[13]
0;0.000000;-1.187746e+00;8.376472e+00;-2.197901e+00;4.344216e+00;2.654972e-01;2.690891e+00;3.814713e+00;-5.300348e-01;3.698002e+00;-2.209724e+00;1.419085e+00;-1.170668e+00;-9.140634e-01;5.279579e+00
1;0.100000;8.009806e-01;-5.095119e-01;-2.562986e+00;-2.486871e+00;7.306309e-01;5.088059e+00;1.715220e+00;1.396643e+00;-1.231554e+00;4.274634e+00;-1.136132e+00;-1.695444e+00;3.659428e+00;1.899811e+00
2;0.200000;4.613104e-01;-5.583145e+00;-3.296419e+00;-5.055432e+00;-1.526690e+00;3.139707e+00;-5.479640e+00;1.485067e+00;-7.795211e+00;4.748588e+00;-6.218398e+00;-2.752316e+00;3.390125e+00;-1.109314e-01
3;0.300000;-5.983925e-01;-2.093861e+00;6.558151e-01;-2.922126e+00;-1.516161e-01;-4.142839e+00;-4.045575e+00;-4.323340e+00;-3.324580e+00;-2.212938e+00;-3.916605e+00;7.628059e-02;1.599689e+00;-1.755592e+00
4;0.400000;-4.474936e-01;-6.066742e-01;5.592766e+00;3.705950e-01;3.889751e-02;-6.830419e+00;2.092752e-01;-2.152896e+00;2.844666e+00;-5.059093e+00;2.171962e+00;2.083244e+00;-2.891793e+00;-2.986717e+00
5;0.500000;9.713421e-01;4.167204e-01;1.808720e+00;5.749614e+00;6.432819e-01;5.460107e-02;3.786005e+00;4.124558e+00;5.808686e+00;4.585304e-01;7.680087e+00;3.458903e+00;-4.843386e+00;-2.326103e+00
