frameIndex;frameTime;pcm_fftMag_mfcc[0];pcm_fftMag_mfcc[1];pcm_fftMag_mfcc[2];pcm_fftMag_mfcc[3];pcm_fftMag_mfcc[4];pcm_fftMag_mfcc[5];pcm_fftMag_mfcc[6];pcm_fftMag_mfcc[7];pcm_fftMag_mfcc[8];pcm_fftMag_mfcc[9];pcm_fftMag_mfcc[10];pcm_fftMag_mfcc[11];pcm_fftMag_mfcc[12];pcm_fftMag_mfcc[13]
0;0.000000;1.765583e+00;-3.435548e+00;-7.818789e+00;1.323751e+00;5.500658e+00;-1.874821e+00;8.144253e-01;-3.970661e+00;-6.056559e+00;1.401663e+00;-2.577782e-03;-4.165147e+00;-4.769575e+00;4.050446e-02
1;0.100000;3.176169e+00;-6.646509e-01;-5.194673e+00;2.371122e+00;2.601136e+00;-2.606735e-01;-3.538930e+00;-1.799891e+00;-8.460149e+00;9.891167e-01;-5.652647e-01;-3.671859e+00;-1.738566e+00;-2.431664e+00
2;0.200000;9.742556e-01;5.234261e+00;2.425203e+00;-2.617794e+00;-1.914334e+00;3.692818e-02;-2.707978e+00;-6.590023e-01;3.702024e+00;-1.291046e+00;-9.585953e-01;1.226608e+00;1.455691e+00;-1.317108e+00
3;0.300000;-1.377441e+00;1.382580e+00;3.418189e+00;-2.776320e+00;-1.083152e+00;-4.255466e-01;1.277171e+00;1.311219e+00;5.556974e+00;-1.639317e+00;-1.098319e+00;5.106239e-01;8.811533e-02;2.548393e+00
4;0.400000;-2.390100e+00;-1.500337e+00;3.257252e+00;-1.731363e+00;-1.395192e+00;9.618950e-02;2.751368e+00;2.160740e+00;4.411940e+00;-1.250049e+00;3.431416e-02;1.279412e+00;5.480405e-01;2.433525e+00
5;0.500000;-2.148467e+00;-1.016301e+00;3.912818e+00;3.430607e+00;-3.709116e+00;2.427926e+00;1.403942e+00;2.957593e+00;8.457693e-01;1.789632e+00;2.590442e+00;4.820362e+00;4.416295e+00;-1.273636e+00
