frameIndex;frameTime;pcm_fftMag_mfcc[0];pcm_fftMag_mfcc[1];pcm_fftMag_mfcc[2];pcm_fftMag_mfcc[3];pcm_fftMag_mfcc[4];pcm_fftMag_mfcc[5];pcm_fftMag_mfcc[6];pcm_fftMag_mfcc[7];pcm_fftMag_mfcc[8];pcm_fftMag_mfcc[9];pcm_fftMag_mfcc[10];pcm_fftMag_mfcc[11];pcm_fftMag_mfcc[12];pcm_fftMag_mfcc[13]
0;0.000000;-2.338219e-01;2.158654e+00;7.102694e+00;3.558758e+00;6.950420e+00;3.742130e-01;-3.975709e+00;-5.021667e+00;-1.749212e+00;-4.160417e+00;-5.386644e+00;-1.172991e+00;1.806855e+00;-7.321472e-01
1;0.100000;-3.748045e+00;3.038641e+00;3.357256e+00;2.517517e+00;7.211290e+00;1.366773e+00;-2.361488e-02;-3.905321e+00;-2.008729e+00;-5.276054e+00;-5.246292e+00;-3.586703e+00;-1.472373e+00;2.221451e-01
2;0.200000;-4.591787e+00;2.707641e+00;-1.658008e+00;-5.058899e-01;1.673143e+00;-2.413478e+00;-1.054325e-01;-3.369036e-01;-9.510608e-01;-3.046363e+00;-2.241657e+00;-1.228135e+00;-3.594306e+00;4.105606e-01
3;0.300000;-9.524765e-01;-6.440496e-02;-5.522612e+00;-1.505728e+00;-6.554443e+00;-4.644014e+00;-8.076859e-02;6.249213e-01;2.547607e-01;3.036483e+00;2.328234e+00;2.437299e+00;-6.139040e-02;9.253693e-01
4;0.400000;3.429868e+00;-3.709379e+00;-3.196555e+00;-1.420630e+00;-7.809431e+00;1.106922e+00;4.143496e-01;4.251683e+00;1.945852e+00;5.088223e+00;5.072752e+00;3.244257e+00;1.862578e+00;7.316208e-01
5;0.500000;6.096262e+00;-4.131151e+00;-8.277369e-02;-2.644030e+00;-1.470964e+00;4.209585e+00;3.771171e+00;4.387288e+00;2.508388e+00;4.358127e+00;5.473608e+00;3.062725e-01;1.458636e+00;-1.557541e+00
