frameIndex;frameTime;pcm_fftMag_mfcc[0];pcm_fftMag_mfcc[1];pcm_fftMag_mfcc[2];pcm_fftMag_mfcc[3];pcm_fftMag_mfcc[4];pcm_fftMag_mfcc[5];pcm_fftMag_mfcc[6];pcm_fftMag_mfcc[7];pcm_fftMag_mfcc[8];pcm_fftMag_mfcc[9];pcm_fftMag_mfcc[10];pcm_fftMag_mfcc[11];pcm_fftMag_mfcc[12];pcm_fftMag_mfcc[13]
0;0.000000;9.739051e+00;-2.391753e+00;-5.199592e-01;-4.396258e+00;-4.058918e+00;7.748854e+00;-2.571669e-01;-3.295507e-01;-8.709135e-01;-4.636159e+00;-1.486063e-01;-3.262618e+00;2.534152e+00;-2.937683e+00
1;0.100000;5.171899e+00;-2.087000e+00;9.835883e-01;-1.599387e+00;-6.129942e+00;6.758308e-01;1.688330e+00;-2.174840e+00;-5.786924e-01;-6.465563e-01;4.007757e+00;-1.133423e-01;-3.710346e-01;-8.581390e-01
2;0.200000;-2.260780e+00;2.747175e+00;7.178307e-03;1.098825e+00;-2.955376e+00;-5.825798e+00;-3.947163e-01;-3.502828e+00;-1.571607e+00;5.347105e+00;5.900463e+00;3.637110e+00;-2.901004e+00;4.347763e-01
3;0.300000;-5.837803e+00;4.736691e+00;-2.160024e+00;1.008486e+00;2.544596e+00;-6.975279e+00;-1.609147e+00;2.799985e+00;1.906152e+00;3.049994e+00;-3.942058e-01;9.698391e-02;-1.972156e+00;8.078766e-01
4;0.400000;-5.258371e+00;1.284836e+00;-7.340844e-01;2.613552e+00;4.739605e+00;-1.788734e+00;2.690134e-01;3.985353e+00;1.786302e+00;-1.140860e+00;-4.722747e+00;-3.711584e-01;1.290424e+00;1.616791e+00
5;0.500000;-1.553997e+00;-4.289949e+00;2.423301e+00;1.274785e+00;5.860046e+00;6.165129e+00;3.036854e-01;-7.781210e-01;-6.712427e-01;-1.973524e+00;-4.642660e+00;1.302528e-02;1.419618e+00;9.363251e-01
