frameIndex;frameTime;pcm_fftMag_mfcc[0];pcm_fftMag_mfcc[1];pcm_fftMag_mfcc[2];pcm_fftMag_mfcc[3];pcm_fftMag_mfcc[4];pcm_fftMag_mfcc[5];pcm_fftMag_mfcc[6];pcm_fftMag_mfcc[7];pcm_fftMag_mfcc[8];pcm_fftMag_mfcc[9];pcm_fftMag_mfcc[10];pcm_fftMag_mfcc[11];pcm_fftMag_mfcc[12];pcm_fftMag_mfcc[13]
0;0.000000;3.679987e+00;-3.878007e+00;-3.104773e+00;-2.193718e-01;-1.695687e+00;4.253189e+00;-2.338943e-01;4.460603e+00;6.923240e-01;2.522026e+00;1.857309e-01;-2.682720e+00;1.114597e+00;-4.331970e-01
1;0.100000;4.383069e+00;-3.279210e+00;-1.484921e+00;-4.626689e+00;8.600054e-01;6.570426e+00;-1.148409e+01;1.045269e+01;-3.691169e+00;3.311394e+00;-3.160841e+00;-7.417507e-01;-3.909303e+00;-1.027733e+00
2;0.200000;1.555160e+00;1.538224e+00;-2.297259e+00;-2.108291e+00;-2.954388e-01;3.683002e+00;-7.063572e+00;-9.315472e-01;-1.090101e+00;-2.764255e+00;1.018197e+00;-1.328485e+00;-3.409244e+00;1.907043e-01
3;0.300000;-2.516395e+00;5.096984e+00;1.076348e+00;7.052760e-01;1.975388e+00;-3.103869e+00;1.721478e-01;-6.199332e+00;6.327069e-02;-1.563214e+00;2.407570e+00;2.973112e+00;-2.230577e-01;6.697083e-01
4;0.400000;-4.617248e+00;3.985335e+00;3.632335e+00;2.794509e+00;3.411245e-01;-7.486706e+00;6.814352e+00;-5.787869e+00;2.039062e-01;-3.433733e-01;1.209400e+00;2.514894e+00;3.534480e+00;2.486267e-01
5;0.500000;-2.484571e+00;-3.463330e+00;2.178268e+00;3.454567e+00;-1.185390e+00;-3.916039e+00;1.179506e+01;-1.994544e+00;3.821769e+00;-1.162576e+00;-1.660058e+00;-7.350502e-01;2.892524e+00;3.518829e-01
