frameIndex;frameTime;pcm_fftMag_mfcc[0];pcm_fftMag_mfcc[1];pcm_fftMag_mfcc[2];pcm_fftMag_mfcc[3];pcm_fftMag_mfcc[4];pcm_fftMag_mfcc[5];pcm_fftMag_mfcc[6];pcm_fftMag_mfcc[7];pcm_fftMag_mfcc[8];pcm_fftMag_mfcc[9];pcm_fftMag_mfcc[10];pcm_fftMag_mfcc[11];pcm_fftMag_mfcc[12];pcm_fftMag_mfcc[13]
0;0.000000;-2.958923e+00;8.375751e+00;1.535882e+00;-1.804213e+00;3.579717e+00;-8.942375e-01;-9.793177e+00;-2.836612e+00;-3.787395e+00;-6.109195e+00;-3.791938e-01;-1.908310e+00;-4.215326e-01;-3.334885e+00
1;0.100000;-9.976902e-01;2.457134e+00;-2.944735e+00;2.760652e+00;-1.130466e-01;1.496501e+00;4.905946e+00;2.592216e+00;6.225085e-01;-2.742508e+00;5.738850e-01;1.955822e+00;-8.456607e-01;5.987701e-01
2;0.200000;9.820757e-01;-2.834413e+00;-2.135599e+00;2.168486e+00;-3.273963e+00;2.954747e+00;8.874454e+00;1.854696e+00;3.473680e+00;1.414116e+00;1.237563e+00;5.517470e+00;4.708307e-01;2.974792e+00
3;0.300000;1.450817e+00;-4.816863e+00;1.772454e+00;-1.461092e+00;-1.794274e+00;2.005433e+00;8.316740e+00;2.179399e+00;2.003678e+00;2.360453e+00;1.861658e+00;4.394855e+00;7.991300e-01;2.221252e+00
4;0.400000;-2.569275e-01;-1.527385e+00;2.426743e+00;-1.219184e+00;-3.557901e-01;-3.150997e-01;-1.274889e+00;-1.652820e-01;-1.392977e+00;1.061845e+00;-2.455487e-01;-2.358891e+00;1.008654e-02;-6.742401e-01
5;0.500000;1.780653e+00;-1.654224e+00;-6.547480e-01;-4.446497e-01;1.957352e+00;-5.247346e+00;-1.102907e+01;-3.624417e+00;-9.194942e-01;4.015290e+00;-3.048360e+00;-7.600945e+00;-1.285315e-02;-1.785652e+00
