frameIndex;frameTime;pcm_fftMag_mfcc[0];pcm_fftMag_mfcc[1];pcm_fftMag_mfcc[2];pcm_fftMag_mfcc[3];pcm_fftMag_mfcc[4];pcm_fftMag_mfcc[5];pcm_fftMag_mfcc[6];pcm_fftMag_mfcc[7];pcm_fftMag_mfcc[8];pcm_fftMag_mfcc[9];pcm_fftMag_mfcc[10];pcm_fftMag_mfcc[11];pcm_fftMag_mfcc[12];pcm_fftMag_mfcc[13]
0;0.000000;-1.351954e+00;-5.133400e+00;3.664333e+00;-4.135354e+00;1.398767e+00;-4.604205e+00;2.369286e-01;-1.654707e+00;-4.926403e+00;2.950926e-01;-1.808964e+00;-1.934317e+00;-1.167009e+00;-9.029617e-01
1;0.100000;9.547997e-01;-2.960592e+00;1.455979e-01;-2.391289e+00;5.168871e+00;7.972982e-01;1.001097e+00;1.193270e+00;2.832414e+00;2.908669e-01;2.997913e-01;2.347725e+00;4.253309e+00;-7.949524e-01
2;0.200000;1.622361e+00;1.396095e+00;-2.886619e+00;1.736171e+00;4.858086e+00;4.481626e+00;-9.980192e-01;2.984885e+00;4.180745e+00;-5.318165e-02;5.822191e-01;3.005355e+00;4.054820e+00;1.444855e-01
3;0.300000;3.800707e-01;4.020485e+00;-2.465608e+00;3.737134e+00;-1.310646e+00;2.222062e+00;3.261364e-01;8.493519e-02;1.279559e+00;1.055901e+00;7.616844e-01;-9.934821e-01;-1.776081e+00;1.010811e+00
4;0.400000;-1.605273e+00;2.677412e+00;1.542299e+00;1.053337e+00;-1.011508e+01;-2.896780e+00;-5.661428e-01;-2.608384e+00;-3.366317e+00;-1.588680e+00;1.652670e-01;-2.425281e+00;-5.365041e+00;5.425720e-01
