frameIndex;frameTime;pcm_fftMag_mfcc[0];pcm_fftMag_mfcc[1];pcm_fftMag_mfcc[2];pcm_fftMag_mfcc[3];pcm_fftMag_mfcc[4];pcm_fftMag_mfcc[5];pcm_fftMag_mfcc[6];pcm_fftMag_mfcc[7];pcm_fftMag_mfcc[8];pcm_fftMag_mfcc[9];pcm_fftMag_mfcc[10];pcm_fftMag_mfcc[11];pcm_fftMag_mfcc[12];pcm_fftMag_mfcc[13]
0;0.000000;3.897963e-01;4.878006e-01;-2.150345e-02;8.660389e+00;3.107940e+00;2.057822e+00;7.118497e+00;9.119327e-01;-2.901389e+00;-2.041665e+00;-8.761905e+00;9.339895e-01;1.493363e+00;1.670074e+00
1;0.100000;5.873098e-01;2.880519e+00;-4.613255e+00;5.821769e+00;-3.406744e+00;-1.938821e+00;3.808152e+00;-1.789503e+00;-1.130464e+00;1.847151e+00;-7.119238e+00;-3.048453e+00;3.787348e+00;1.130333e+00
2;0.200000;1.522888e+00;5.369199e+00;-6.815073e+00;-1.247458e-01;-4.920626e+00;-1.482536e+00;1.289790e+00;-5.296287e+00;-1.422331e+00;6.912577e+00;-5.102885e+00;-7.995656e+00;4.262541e+00;-1.348167e+00
3;0.300000;1.920049e+00;-2.008846e+00;-9.522457e-01;-4.689386e+00;-1.058819e+00;9.017634e-01;-3.292996e+00;1.969547e+00;-2.347716e+00;-3.641748e-01;4.586942e+00;-1.291950e+00;-4.437333e+00;-1.975258e+00
4;0.400000;-8.861217e-01;-5.757056e+00;3.700283e+00;-6.090566e+00;2.909062e+00;-7.718492e-01;-5.009095e+00;2.383604e+00;1.157949e+00;-4.126500e+00;7.979959e+00;4.389024e+00;-4.203735e+00;-3.390045e-01
5;0.500000;-3.533921e+00;-9.716101e-01;8.701798e+00;-3.577460e+00;3.369190e+00;1.233621e+00;-3.914349e+00;1.820706e+00;6.643950e+00;-2.227389e+00;8.417127e+00;7.013046e+00;-9.021833e-01;8.621063e-01
