frameIndex;frameTime;pcm_fftMag_mfcc[0];pcm_fftMag_mfcc[1];pcm_fftMag_mfcc[2];pcm_fftMag_mfcc[3];pcm_fftMag_mfcc[4];pcm_fftMag_mfcc[5];pcm_fftMag_mfcc[6];pcm_fftMag_mfcc[7];pcm_fftMag_mfcc[8];pcm_fftMag_mfcc[9];pcm_fftMag_mfcc[10];pcm_fftMag_mfcc[11];pcm_fftMag_mfcc[12];pcm_fftMag_mfcc[13]
0;0.000000;4.187167e+00;3.574749e+00;-2.530204e+00;-6.187674e+00;1.421855e+00;7.016535e+00;-7.805713e+00;-1.179678e+01;1.058350e+00;-1.735710e+00;1.462817e+00;-4.794530e+00;5.501183e+00;-5.397202e+00
1;0.100000;3.398729e+00;3.251076e-01;8.933007e-01;-8.295174e+00;-4.517651e-02;1.845587e+00;-6.531651e+00;-4.016085e+00;-2.729598e+00;-1.547228e+00;-2.900465e+00;-4.479392e+00;4.934130e+00;-1.794403e+00
2;0.200000;4.053278e-01;-3.593568e+00;-5.170755e-01;-4.356663e+00;-3.241694e+00;-2.606798e+00;-3.495243e+00;1.841394e+00;-6.544962e+00;-1.599963e+00;-5.413222e+00;2.371626e-01;-1.743570e+00;1.329849e+00
3;0.300000;-2.290600e+00;-3.194391e+00;-6.585798e-01;2.438912e+00;-2.629308e+00;-2.922922e+00;2.043558e+00;3.870350e+00;-2.209042e+00;-6.929909e-01;-2.325732e+00;1.347449e+00;-3.407171e+00;3.104439e+00
4;0.400000;-3.859581e+00;1.436613e-01;1.703821e+00;8.585271e+00;8.996897e-01;-1.756019e+00;7.823398e+00;6.226618e+00;4.397713e+00;1.515423e+00;2.409697e+00;2.712344e+00;-2.460527e+00;2.188080e+00
5;0.500000;-1.841043e+00;2.744441e+00;1.108738e+00;7.815319e+00;3.594633e+00;-1.576381e+00;7.965650e+00;3.874502e+00;6.027540e+00;4.060470e+00;6.766906e+00;4.976967e+00;-2.824043e+00;5.692825e-01
