frameIndex;frameTime;pcm_fftMag_mfcc[0];pcm_fftMag_mfcc[1];pcm_fftMag_mfcc[2];pcm_fftMag_mfcc[3];pcm_fftMag_mfcc[4];pcm_fftMag_mfcc[5];pcm_fftMag_mfcc[6];pcm_fftMag_mfcc[7];pcm_fftMag_mfcc[8];pcm_fftMag_mfcc[9];pcm_fftMag_mfcc[10];pcm_fftMag_mfcc[11];pcm_fftMag_mfcc[12];pcm_fftMag_mfcc[13]
0;0.000000;2.891912e+00;3.206837e+00;1.181911e+00;-2.684937e+00;9.155560e-01;5.384055e+00;5.231216e+00;-8.394445e+00;-5.108598e+00;4.273014e+00;-6.977416e+00;-2.782889e+00;-3.452641e+00;1.029625e+00
1;0.100000;1.524410e+00;-2.749627e+00;-2.823835e+00;-3.893530e+00;3.560524e+00;5.018623e+00;1.857117e+00;4.014148e-01;-1.676612e+00;4.047953e+00;4.131613e+00;-3.753935e+00;3.268413e+00;2.264969e+00
2;0.200000;-2.997885e-01;-4.403631e+00;-1.918814e+00;-2.231230e+00;4.056823e+00;3.909428e+00;2.006168e+00;2.912142e+00;4.375448e-01;3.213968e+00;5.047150e+00;-3.968019e+00;1.774881e+00;1.874016e+00
3;0.300000;-2.380426e+00;-3.477481e+00;6.360893e-01;-8.194933e-01;-7.411098e-01;-1.292124e+00;1.267643e+00;1.666765e+00;-3.118417e-01;-1.513910e-01;2.116421e+00;-3.610579e+00;-2.299129e+00;-9.984970e-01
4;0.400000;-1.279007e+00;1.558121e+00;1.921390e+00;3.088430e+00;-4.522327e+00;-5.741549e+00;-2.533930e+00;2.190907e+00;1.079975e+00;-2.944346e+00;2.637774e-01;4.320039e+00;2.406410e+00;-2.958076e+00
5;0.500000;-4.570990e-01;5.865780e+00;1.003254e+00;6.540766e+00;-3.269468e+00;-7.278431e+00;-7.828215e+00;1.223216e+00;5.579532e+00;-8.439198e+00;-4.581545e+00;9.795380e+00;-1.697933e+00;-1.212074e+00
