frameIndex;frameTime;pcm_fftMag_mfcc[0];pcm_fftMag_mfcc[1];pcm_fftMag_mfcc[2];pcm_fftMag_mfcc[3];pcm_fftMag_mfcc[4];pcm_fftMag_mfcc[5];pcm_fftMag_mfcc[6];pcm_fftMag_mfcc[7];pcm_fftMag_mfcc[8];pcm_fftMag_mfcc[9];pcm_fftMag_mfcc[10];pcm_fftMag_mfcc[11];pcm_fftMag_mfcc[12];pcm_fftMag_mfcc[13]
0;0.000000;1.598369e+00;-3.534730e+00;-4.830343e+00;-7.367990e+00;3.325257e+00;-4.404511e+00;5.479121e-02;-4.690960e+00;-5.878587e-01;-7.372550e-01;-3.524808e+00;-1.448177e+00;-5.765829e-01;7.754211e-01
1;0.100000;1.745484e+00;-1.739794e+00;-1.630645e+00;-5.114152e+00;-2.284775e-01;-1.054367e+00;2.105172e-01;-5.442715e-01;-1.206721e-01;6.488649e-01;-1.616115e+00;-1.221138e+00;2.102420e+00;-1.209763e+00
2;0.200000;5.168061e-01;-3.519250e+00;1.833166e+00;-3.769087e-01;-1.691256e+00;-1.719296e+00;1.517261e+00;2.133258e+00;-6.905794e-01;-6.217421e-01;-1.293224e+00;2.311504e+00;1.262534e+00;-1.186905e-01
3;0.300000;-4.018497e-02;-4.640458e+00;4.462595e-01;7.279616e-01;-1.970163e+00;-2.427801e+00;2.754042e+00;7.276750e-01;-8.329417e-01;-1.295550e+00;-1.971912e-01;2.487889e+00;-4.983139e-02;1.024857e-01
4;0.400000;-1.202638e+00;1.344779e+00;1.931477e-01;4.233811e+00;2.332869e-01;1.182020e+00;-3.792684e-01;1.668808e+00;-6.481690e-01;-3.587599e-01;2.366573e+00;-1.072405e+00;-5.711002e-01;7.077026e-02
5;0.500000;-2.617838e+00;1.208945e+01;3.988417e+00;7.897278e+00;3.313541e-01;8.423955e+00;-4.157343e+00;7.054925e-01;2.880221e+00;2.364443e+00;4.264764e+00;-1.057673e+00;-2.167438e+00;3.797760e-01
