frameIndex;frameTime;pcm_fftMag_mfcc[0];pcm_fftMag_mfcc[1];pcm_fftMag_mfcc[2];pcm_fftMag_mfcc[3];pcm_fftMag_mfcc[4];pcm_fftMag_mfcc[5];pcm_fftMag_mfcc[6];pcm_fftMag_mfcc[7];pcm_fftMag_mfcc[8];pcm_fftMag_mfcc[9];pcm_fftMag_mfcc[10];pcm_fftMag_mfcc[11];pcm_fftMag_mfcc[12];pcm_fftMag_mfcc[13]
0;0.000000;3.695013e+00;-4.541321e+00;-4.189084e+00;1.604536e+00;9.491299e+00;7.259907e+00;1.514322e+00;-5.263662e-02;-6.464230e+00;-8.292562e+00;-5.337863e+00;1.858383e+00;2.480921e+00;-8.395309e-01
1;0.100000;3.389108e+00;1.315899e+00;-4.241479e+00;1.213289e+00;8.050110e+00;-5.607624e-01;-9.193687e-01;4.788178e+00;-2.117814e+00;-7.238859e+00;-5.312595e+00;7.767865e-01;-1.247578e+00;-1.271278e+00
2;0.200000;2.814099e+00;-1.091582e+00;-1.143139e+00;-1.471996e+00;5.141963e+00;-1.287220e+00;-1.696857e+00;2.644773e+00;-2.505917e+00;-4.031377e+00;-5.197616e+00;-3.175159e+00;-3.556861e+00;-1.029259e+00
3;0.300000;1.396160e-01;-3.217902e+00;3.441750e+00;-1.928541e+00;-1.330847e+00;-1.121561e+00;6.373177e-01;-3.206002e+00;-1.589941e+00;3.331509e+00;-2.075827e+00;-3.307526e+00;-1.539353e+00;5.234528e-01
4;0.400000;-4.005177e+00;1.124370e+00;2.338768e+00;9.450912e-02;-9.183483e+00;-2.409981e+00;-2.059441e-01;-3.174804e+00;3.331553e+00;6.731001e+00;4.802008e+00;-1.270941e+00;1.965401e+00;1.885101e+00
5;0.500000;-6.032661e+00;6.410535e+00;3.793182e+00;4.882107e-01;-1.216904e+01;-1.880383e+00;6.705360e-01;-9.995074e-01;9.346349e+00;9.500288e+00;1.312189e+01;5.118456e+00;1.897469e+00;7.315445e-01
