frameIndex;frameTime;pcm_fftMag_mfcc[0];pcm_fftMag_mfcc[1];pcm_fftMag_mfcc[2];pcm_fftMag_mfcc[3];pcm_fftMag_mfcc[4];pcm_fftMag_mfcc[5];pcm_fftMag_mfcc[6];pcm_fftMag_mfcc[7];pcm_fftMag_mfcc[8];pcm_fftMag_mfcc[9];pcm_fftMag_mfcc[10];pcm_fftMag_mfcc[11];pcm_fftMag_mfcc[12];pcm_fftMag_mfcc[13]
0;0.000000;2.847190e+00;-7.493734e-01;-3.088500e+00;1.918774e-01;-4.379747e+00;6.625332e+00;-3.231297e-01;3.810691e+00;2.751682e+00;-8.767256e-01;-4.694203e+00;-5.074628e+00;-1.421039e+00;4.339752e-01
1;0.100000;-6.347299e-01;-5.296288e-01;-2.229077e+00;2.349504e+00;1.424770e-01;1.638880e+00;-8.718128e-01;3.047013e+00;2.020244e+00;-2.042901e+00;-3.080509e+00;-3.899142e+00;-1.142012e+00;1.007744e+00
2;0.200000;-1.950540e+00;1.969288e+00;-7.210684e-01;4.140003e+00;2.001480e+00;-1.584357e+00;-4.046595e+00;-2.016990e+00;2.145740e+00;1.272221e+00;2.122164e+00;-1.568824e+00;-3.969190e-01;3.689651e-01
3;0.300000;-1.416757e+00;1.118714e+00;3.269809e+00;3.779457e+00;5.014343e-01;-4.943477e+00;-1.715029e+00;-3.934416e+00;7.279873e-02;3.746104e+00;2.589214e+00;1.243652e+00;-4.431098e-01;1.814804e-01
4;0.400000;-4.024944e-01;-9.473305e-01;4.578923e+00;-1.370239e-01;-5.671597e-01;-5.894378e+00;3.454652e+00;-5.591846e-01;-1.759879e+00;7.889036e-01;-9.688144e-01;5.035811e+00;1.903627e+00;-8.434219e-01
5;0.500000;1.557334e+00;-8.616714e-01;-1.810086e+00;-1.032381e+01;2.301516e+00;4.158004e+00;3.501919e+00;-3.471143e-01;-5.230587e+00;-2.887601e+00;4.032149e+00;4.263130e+00;1.499452e+00;-1.148727e+00
