frameIndex;frameTime;pcm_fftMag_mfcc[0];pcm_fftMag_mfcc[1];pcm_fftMag_mfcc[2];pcm_fftMag_mfcc[3];pcm_fftMag_mfcc[4];pcm_fftMag_mfcc[5];pcm_fftMag_mfcc[6];pcm_fftMag_mfcc[7];pcm_fftMag_mfcc[8];pcm_fftMag_mfcc[9];pcm_fftMag_mfcc[10];pcm_fftMag_mfcc[11];pcm_fftMag_mfcc[12];pcm_fftMag_mfcc[13]
0;0.000000;1.425678e+00;9.288578e-01;-4.019153e+00;-4.578497e+00;2.853488e+00;5.428994e+00;1.572065e-01;-1.582115e+00;-1.013091e+00;1.001213e+00;1.743331e-01;-9.042084e-01;-9.309473e-01;8.026123e-02
1;0.100000;-1.425678e+00;-9.288578e-01;4.019153e+00;4.578497e+00;-2.853488e+00;-5.428994e+00;-1.572070e-01;1.582115e+00;1.013091e+00;-1.001213e+00;-1.743331e-01;9.042084e-01;9.309472e-01;-8.026123e-02
