frameIndex;frameTime;pcm_fftMag_mfcc[0];pcm_fftMag_mfcc[1];pcm_fftMag_mfcc[2];pcm_fftMag_mfcc[3];pcm_fftMag_mfcc[4];pcm_fftMag_mfcc[5];pcm_fftMag_mfcc[6];pcm_fftMag_mfcc[7];pcm_fftMag_mfcc[8];pcm_fftMag_mfcc[9];pcm_fftMag_mfcc[10];pcm_fftMag_mfcc[11];pcm_fftMag_mfcc[12];pcm_fftMag_mfcc[13]
0;0.000000;-1.118642e+00;-5.198793e-01;3.700900e+00;1.206781e+00;-6.040670e+00;-2.910580e+00;-3.965347e+00;9.370551e-01;4.427783e+00;-4.591598e+00;-1.592839e+00;5.763330e+00;8.377292e+00;-1.119392e+00
1;0.100000;-2.982439e+00;3.026950e+00;3.293395e+00;5.420543e+00;-2.058397e+00;-8.111248e-01;-1.361116e+00;2.688899e-01;1.721296e-01;-6.965194e+00;-4.941954e+00;2.905437e+00;5.963750e+00;-6.389236e-01
2;0.200000;-3.481222e+00;1.097392e+00;6.015587e-01;3.097281e+00;-4.512312e+00;-3.706850e+00;6.411877e-01;-4.651890e-01;-1.058175e+00;-2.708844e+00;-2.247268e+00;-7.748413e-01;-1.158426e+00;2.764359e-01
3;0.300000;5.029383e-01;-1.848303e+00;-2.269560e+00;-1.850672e-01;-1.046305e+00;2.036839e-01;3.407701e+00;1.462525e+00;8.354239e-01;2.802820e+00;2.622692e+00;-9.779129e-01;-2.263311e+00;1.229797e+00
4;0.400000;3.908412e+00;-2.799691e+00;-3.061432e+00;-4.719914e+00;4.362673e+00;3.180113e+00;7.716923e-01;9.298086e-02;-1.573661e+00;4.343003e+00;3.612967e+00;-3.568759e+00;-4.554316e+00;4.702148e-01
5;0.500000;3.170947e+00;1.043527e+00;-2.264868e+00;-4.819624e+00;9.295009e+00;4.044756e+00;5.058804e-01;-2.296261e+00;-2.803498e+00;7.119812e+00;2.546404e+00;-3.347251e+00;-6.364989e+00;-2.181396e-01
