frameIndex;frameTime;pcm_fftMag_mfcc[0];pcm_fftMag_mfcc[1];pcm_fftMag_mfcc[2];pcm_fftMag_mfcc[3];pcm_fftMag_mfcc[4];pcm_fftMag_mfcc[5];pcm_fftMag_mfcc[6];pcm_fftMag_mfcc[7];pcm_fftMag_mfcc[8];pcm_fftMag_mfcc[9];pcm_fftMag_mfcc[10];pcm_fftMag_mfcc[11];pcm_fftMag_mfcc[12];pcm_fftMag_mfcc[13]
0;0.000000;-1.606213e+00;1.403421e+01;9.987755e-01;-7.715702e-01;-5.608234e+00;8.775554e+00;-6.313619e+00;-2.587190e+00;8.487740e+00;8.781831e-01;-5.638819e-01;-1.279243e+00;-7.525288e+00;-1.698196e+00
1;0.100000;-2.029896e-02;5.743289e+00;5.050052e+00;-2.489862e+00;-1.046076e+01;1.251036e+00;2.360280e+00;3.904709e+00;9.225655e-02;4.640668e+00;-2.755746e+00;6.392941e-01;-1.819360e+00;-1.020683e+00
2;0.200000;-3.356533e-01;-5.948935e-01;5.058481e+00;-4.404360e+00;-6.086628e+00;-4.508324e-01;3.934609e+00;3.339847e+00;-2.251165e+00;3.516072e+00;-3.520647e+00;2.335763e+00;2.093242e+00;2.031784e-01
3;0.300000;6.143475e-01;-6.089004e+00;-2.631049e-01;-2.198618e+00;3.102331e+00;-1.602185e+00;2.251148e-01;5.981359e-01;-2.477734e+00;-9.221683e-01;-2.052100e+00;2.355742e-01;3.452144e-01;1.151764e+00
4;0.400000;1.520995e+00;-9.759166e+00;-3.142448e+00;1.122658e+00;1.212964e+01;-4.767602e+00;8.214717e-01;-2.558903e+00;-2.302782e+00;-4.486713e+00;1.745066e+00;-4.301276e-01;1.953398e+00;4.080963e-01
5;0.500000;-1.731796e-01;-3.334430e+00;-7.701755e+00;8.741756e+00;6.923657e+00;-3.205977e+00;-1.027861e+00;-2.696598e+00;-1.548326e+00;-3.626042e+00;7.147311e+00;-1.501260e+00;4.952794e+00;9.558411e-01
