frameIndex;frameTime;pcm_fftMag_mfcc[0];pcm_fftMag_mfcc[1];pcm_fftMag_mfcc[2];pcm_fftMag_mfcc[3];pcm_fftMag_mfcc[4];pcm_fftMag_mfcc[5];pcm_fftMag_mfcc[6];pcm_fftMag_mfcc[7];pcm_fftMag_mfcc[8];pcm_fftMag_mfcc[9];pcm_fftMag_mfcc[10];pcm_fftMag_mfcc[11];pcm_fftMag_mfcc[12];pcm_fftMag_mfcc[13]
0;0.000000;-1.557171e+00;5.311119e+00;7.569757e+00;5.958297e+00;-1.062356e+01;-2.287984e+00;-5.268555e-01;2.167309e+00;-8.596216e+00;-4.830563e+00;6.050412e+00;-2.958118e+00;-6.507309e+00;-1.882668e+00
1;0.100000;-2.836377e+00;3.208691e+00;2.499332e-01;6.375523e-01;-6.974212e+00;3.708313e-01;-2.095755e+00;-3.479810e+00;-5.972821e+00;-3.586457e+00;3.142400e+00;-1.444961e+00;-7.090677e+00;-9.967194e-01
2;0.200000;1.164445e-01;-3.452845e-01;-5.950940e+00;-3.206484e+00;2.514084e+00;3.833200e+00;1.448042e+00;-1.356048e+00;2.999190e+00;4.020869e+00;-4.588466e+00;-1.408398e+00;-1.896291e-01;1.066032e+00
3;0.300000;1.018651e+00;-4.204191e+00;-6.051126e+00;-4.237734e+00;7.426011e+00;2.171838e-01;6.065194e+00;1.970291e-02;6.810697e+00;7.776122e+00;-5.828837e+00;6.824274e-01;2.745181e+00;1.622810e+00
4;0.400000;1.549195e+00;-2.452239e+00;-1.896701e+00;-2.231804e+00;6.320361e+00;-1.357877e+00;8.197517e-01;-4.934273e-01;5.983186e+00;2.885081e+00;-3.231054e+00;9.704895e-01;5.011947e+00;1.024719e+00
5;0.500000;1.709258e+00;-1.518096e+00;6.079076e+00;3.080171e+00;1.337316e+00;-7.753544e-01;-5.710381e+00;3.142272e+00;-1.224037e+00;-6.265054e+00;4.455546e+00;4.158561e+00;6.030490e+00;-8.341827e-01
