frameIndex;frameTime;pcm_fftMag_mfcc[0];pcm_fftMag_mfcc[1];pcm_fftMag_mfcc[2];pcm_fftMag_mfcc[3];pcm_fftMag_mfcc[4];pcm_fftMag_mfcc[5];pcm_fftMag_mfcc[6];pcm_fftMag_mfcc[7];pcm_fftMag_mfcc[8];pcm_fftMag_mfcc[9];pcm_fftMag_mfcc[10];pcm_fftMag_mfcc[11];pcm_fftMag_mfcc[12];pcm_fftMag_mfcc[13]
0;0.000000;-2.735664e+00;1.089320e+01;-4.236279e-01;6.337663e+00;-1.398668e+00;1.685802e+00;-9.688993e-01;6.368828e-01;7.158203e-01;-5.218403e+00;-3.430176e-01;2.573754e+00;9.224892e-02;-2.419800e+00
1;0.100000;-2.187765e+00;4.168222e-01;-5.272881e+00;6.240764e+00;-4.815176e+00;5.542596e+00;7.081771e+00;5.567913e+00;5.205801e+00;1.165356e+00;6.552405e-01;3.447377e+00;-1.338653e+00;6.430588e-01
2;0.200000;-1.026882e+00;-5.512740e+00;-3.630671e+00;-1.182463e+00;-8.097437e+00;7.340546e-01;1.318844e+00;2.268067e+00;-1.310661e+00;1.330040e-01;-4.045205e-01;2.181849e+00;-2.375753e+00;1.623314e+00
3;0.300000;1.206036e-01;-3.246354e+00;3.222107e+00;-4.964557e+00;6.718655e-01;-3.439817e+00;9.040837e-01;-1.193142e-01;-2.276161e+00;-1.658470e+00;-6.809745e-01;-1.398045e+00;-3.539593e+00;1.313148e+00
4;0.400000;1.660006e+00;-2.952008e-01;3.032063e+00;-5.030597e+00;8.543386e+00;-2.556961e+00;-4.628452e+00;-3.653306e+00;1.004887e-01;1.651933e-01;-1.505712e+00;-4.331381e+00;-9.928727e-01;-1.630859e-01
5;0.500000;4.169698e+00;-2.255726e+00;3.073011e+00;-1.400813e+00;5.096025e+00;-1.965672e+00;-3.707345e+00;-4.700242e+00;-2.435289e+00;5.413319e+00;2.278984e+00;-2.473557e+00;8.154623e+00;-9.966354e-01
