frameIndex;frameTime;pcm_fftMag_mfcc[0];pcm_fftMag_mfcc[1];pcm_fftMag_mfcc[2];pcm_fftMag_mfcc[3];pcm_fftMag_mfcc[4];pcm_fftMag_mfcc[5];pcm_fftMag_mfcc[6];pcm_fftMag_mfcc[7];pcm_fftMag_mfcc[8];pcm_fftMag_mfcc[9];pcm_fftMag_mfcc[10];pcm_fftMag_mfcc[11];pcm_fftMag_mfcc[12];pcm_fftMag_mfcc[13]
0;0.000000;1.438684e-01;-1.549572e+00;-3.167124e-01;3.379211e-01;-1.069466e+00;1.968179e-01;-1.579788e+00;-4.556617e-01;-1.923108e+00;-7.979527e-01;7.290883e-01;6.621957e-02;2.174769e+00;5.178375e-01
1;0.100000;-1.438694e-01;1.549572e+00;3.167124e-01;-3.379211e-01;1.069466e+00;-1.968184e-01;1.579788e+00;4.556617e-01;1.923108e+00;7.979527e-01;-7.290883e-01;-6.621963e-02;-2.174769e+00;-5.178299e-01
