frameIndex;frameTime;pcm_fftMag_mfcc[0];pcm_fftMag_mfcc[1];pcm_fftMag_mfcc[2];pcm_fftMag_mfcc[3];pcm_fftMag_mfcc[4];pcm_fftMag_mfcc[5];pcm_fftMag_mfcc[6];pcm_fftMag_mfcc[7];pcm_fftMag_mfcc[8];pcm_fftMag_mfcc[9];pcm_fftMag_mfcc[10];pcm_fftMag_mfcc[11];pcm_fftMag_mfcc[12];pcm_fftMag_mfcc[13]
0;0.000000;2.949644e+00;-8.857794e+00;-4.649837e+00;-3.384789e+00;2.351792e+00;1.219160e+01;-4.105423e+00;5.410515e+00;2.550962e+00;-3.200736e-01;-7.871874e+00;4.568381e+00;3.903255e+00;-3.390121e-01
1;0.100000;2.224135e+00;-8.436413e+00;-3.357199e+00;-3.585154e+00;-2.976024e+00;4.958620e+00;-1.982345e+00;6.018461e+00;-1.753755e+00;5.165863e-01;-9.174240e+00;4.455085e+00;-8.041086e-01;3.196793e-01
2;0.200000;5.916901e-01;-4.828548e-01;-8.502636e-01;-2.155380e-01;-5.081283e+00;-4.351377e+00;6.524350e+00;1.556976e+00;-3.141479e-01;-1.284280e+00;-2.362495e+00;3.337786e-01;-1.547698e+00;1.106598e+00
3;0.300000;-2.572139e+00;8.226208e+00;3.139258e+00;-5.896626e-01;-5.837790e+00;-7.132156e+00;8.767567e+00;1.038365e+00;-4.833001e+00;1.020279e-01;5.770723e+00;-3.655900e+00;-1.354074e+00;1.035690e-01
4;0.400000;-3.059731e+00;9.780717e+00;3.174502e+00;2.444477e-01;1.226796e+00;-3.886776e+00;-1.651355e+00;-5.622044e+00;-1.605491e+00;2.318227e+00;6.758126e+00;-4.137396e+00;-1.065124e+00;-1.280739e+00
5;0.500000;-1.336002e-01;-2.298641e-01;2.543536e+00;7.530692e+00;1.031651e+01;-1.779915e+00;-7.552794e+00;-8.402274e+00;5.955434e+00;-1.332487e+00;6.879754e+00;-1.563945e+00;8.677478e-01;8.990479e-02
