frameIndex;frameTime;pcm_fftMag_mfcc[0];pcm_fftMag_mfcc[1];pcm_fftMag_mfcc[2];pcm_fftMag_mfcc[3];pcm_fftMag_mfcc[4];pcm_fftMag_mfcc[5];pcm_fftMag_mfcc[6];pcm_fftMag_mfcc[7];pcm_fftMag_mfcc[8];pcm_fftMag_mfcc[9];pcm_fftMag_mfcc[10];pcm_fftMag_mfcc[11];pcm_fftMag_mfcc[12];pcm_fftMag_mfcc[13]
0;0.000000;1.420810e+00;-8.354416e+00;2.752686e+00;-4.196136e+00;5.959073e+00;3.316497e+00;4.620478e+00;-2.316249e+00;2.444231e+00;8.762499e-01;-1.295228e+00;-1.972190e+00;2.209553e+00;3.594055e-01
1;0.100000;-2.074537e-01;-4.799153e+00;-2.080471e+00;-2.652912e-01;3.257145e+00;4.262748e+00;-1.954842e-02;-1.487062e+00;-1.197011e+00;1.399001e+00;-3.695427e+00;-2.161848e+00;1.937835e+00;9.862137e-01
2;0.200000;-4.461967e+00;2.721814e+00;-3.753551e+00;4.039394e+00;4.669853e+00;8.808727e-01;1.135584e+00;1.045088e+00;-1.271786e+00;1.692094e+00;-6.790996e-01;-5.133467e-01;1.715105e+00;-1.199646e-01
3;0.300000;-4.221715e+00;7.923576e+00;-2.103157e-01;1.113291e+00;-4.083183e+00;-5.365460e+00;4.144096e-02;4.888772e+00;-3.896616e-01;-1.342062e+00;3.683836e+00;3.331818e+00;-3.636336e-01;-4.885941e-01
4;0.400000;8.754263e-01;6.781975e+00;1.239397e+00;-1.464741e+00;-8.286762e+00;-1.884461e+00;-1.619520e+00;7.368295e-01;7.150652e-01;-1.813500e+00;2.519751e+00;1.233502e+00;-2.696764e+00;-2.938614e-01
5;0.500000;6.594901e+00;-4.273796e+00;2.052265e+00;7.734776e-01;-1.516125e+00;-1.210195e+00;-4.158434e+00;-2.867380e+00;-3.008373e-01;-8.117832e-01;-5.338340e-01;8.206558e-02;-2.802095e+00;-4.432602e-01
