frameIndex;frameTime;pcm_fftMag_mfcc[0];pcm_fftMag_mfcc[1];pcm_fftMag_mfcc[2];pcm_fftMag_mfcc[3];pcm_fftMag_mfcc[4];pcm_fftMag_mfcc[5];pcm_fftMag_mfcc[6];pcm_fftMag_mfcc[7];pcm_fftMag_mfcc[8];pcm_fftMag_mfcc[9];pcm_fftMag_mfcc[10];pcm_fftMag_mfcc[11];pcm_fftMag_mfcc[12];pcm_fftMag_mfcc[13]
0;0.000000;-5.188389e+00;-4.242121e+00;7.251940e-01;-2.508184e+00;1.148209e+01;1.057936e+00;4.885415e+00;1.755336e+00;4.014695e+00;1.094270e+00;-4.941066e+00;-1.426355e+00;2.352377e+00;-9.590912e-02
1;0.100000;-4.882877e+00;-5.138802e+00;-2.480898e-01;9.710217e-01;7.297408e+00;1.087780e+00;3.466549e+00;1.708339e+00;2.290576e+00;-4.392757e-01;-1.107773e+00;-2.643868e-01;3.041786e+00;5.592346e-03
2;0.200000;-2.458170e+00;-2.669254e+00;3.293991e-03;3.679682e+00;-1.261729e+00;9.838085e-01;2.427500e+00;3.908832e-01;-1.108007e+00;1.168348e+00;2.868131e+00;4.114578e+00;3.015446e+00;9.032288e-01
3;0.300000;1.383789e+00;2.054495e+00;8.697004e-01;3.003094e+00;-8.226723e+00;3.672276e-01;7.562056e-01;-2.903560e+00;-2.859116e+00;1.458121e+00;3.449196e+00;5.737365e+00;-2.577333e-01;4.915771e-01
4;0.400000;5.324642e+00;5.259352e+00;-9.431458e-02;-8.722267e-01;-8.777740e+00;-8.311615e-01;-4.194232e+00;-3.244341e+00;-2.162921e+00;6.060915e-01;8.140357e-01;6.451293e-01;-2.955669e+00;-1.013687e+00
5;0.500000;5.821004e+00;4.736331e+00;-1.255784e+00;-4.273380e+00;-5.133152e-01;-2.665581e+00;-7.341443e+00;2.293343e+00;-1.752262e-01;-3.887556e+00;-1.082524e+00;-8.806331e+00;-5.196207e+00;-2.908096e-01
