frameIndex;frameTime;pcm_fftMag_mfcc[0];pcm_fftMag_mfcc[1];pcm_fftMag_mfcc[2];pcm_fftMag_mfcc[3];pcm_fftMag_mfcc[4];pcm_fftMag_mfcc[5];pcm_fftMag_mfcc[6];pcm_fftMag_mfcc[7];pcm_fftMag_mfcc[8];pcm_fftMag_mfcc[9];pcm_fftMag_mfcc[10];pcm_fftMag_mfcc[11];pcm_fftMag_mfcc[12];pcm_fftMag_mfcc[13]
0;0.000000;-3.773432e-01;2.581012e+00;1.406690e+00;-6.824460e-01;-1.787245e+00;5.401812e-01;-2.814795e+00;-7.101777e+00;-1.778289e+00;-1.819134e-02;1.177129e+01;-2.398104e+00;-6.497850e+00;2.481476e+00
1;0.100000;2.527675e+00;-4.732457e+00;5.962114e+00;-5.523999e+00;-5.139165e+00;-2.330337e+00;1.108995e+00;3.759961e+00;-2.088744e+00;2.047302e+00;-3.007927e+00;4.482506e+00;-2.882414e+00;2.531715e+00
2;0.200000;2.205324e-01;-7.405472e+00;2.403813e+00;-8.484618e+00;-4.155833e+00;-2.088391e+00;4.631424e-02;7.429894e+00;-3.181097e+00;2.026855e+00;-1.062444e+01;6.746824e+00;-3.234148e+00;2.411331e+00
3;0.300000;-2.810334e+00;-4.828789e+00;-1.903840e+00;-5.188636e+00;-8.269215e-01;-1.559467e-01;2.463046e+00;5.762906e+00;2.598571e+00;-3.719571e+00;-7.059894e+00;2.757611e+00;2.714548e-01;1.731339e-01
4;0.400000;-1.246480e+00;5.841016e+00;-1.704019e+00;7.821715e+00;3.426764e+00;2.699211e+00;1.272030e+00;-1.346154e+00;5.978536e+00;-5.411837e+00;1.831248e-01;-1.259379e+00;4.554132e+00;-3.153450e+00
5;0.500000;1.685956e+00;8.544692e+00;-6.164760e+00;1.205798e+01;8.482405e+00;1.335285e+00;-2.075592e+00;-8.504827e+00;-1.528977e+00;5.075439e+00;8.737855e+00;-1.032946e+01;7.788824e+00;-4.444221e+00
