frameIndex;frameTime;pcm_fftMag_mfcc[0];pcm_fftMag_mfcc[1];pcm_fftMag_mfcc[2];pcm_fftMag_mfcc[3];pcm_fftMag_mfcc[4];pcm_fftMag_mfcc[5];pcm_fftMag_mfcc[6];pcm_fftMag_mfcc[7];pcm_fftMag_mfcc[8];pcm_fftMag_mfcc[9];pcm_fftMag_mfcc[10];pcm_fftMag_mfcc[11];pcm_fftMag_mfcc[12];pcm_fftMag_mfcc[13]
0;0.000000;2.644379e+00;-8.318986e+00;-4.038858e+00;-2.199152e+00;-5.453682e-02;-1.800531e+00;-2.730226e+00;3.178918e+00;8.017571e-01;7.213820e-01;1.934055e+00;-1.557187e+00;-8.041444e-01;-3.713760e-01
1;0.100000;1.533735e+00;-5.131452e+00;-2.356060e+00;-7.324600e-02;-2.489933e+00;-3.836185e+00;-1.458905e+00;2.827909e+00;2.040879e+00;1.243347e+00;4.206347e-01;-4.634752e-01;5.688224e-01;3.909225e-01
2;0.200000;1.875357e+00;-1.565452e+00;3.353493e+00;9.393225e-01;-2.454494e+00;-2.360466e+00;1.610737e+00;4.102483e+00;1.547797e+00;5.731106e-03;-1.219467e+00;1.974974e-01;3.398821e+00;-1.375092e+00
3;0.300000;1.755403e+00;2.434958e+00;2.338453e+00;5.168653e-01;2.373510e+00;4.929259e+00;1.778958e+00;-1.078403e+00;-1.531309e+00;-1.210254e+00;-7.529845e-01;-2.913514e+00;1.495130e+00;-1.840767e+00
4;0.400000;-2.629638e+00;7.122138e+00;-4.552307e-01;1.618814e-01;5.090196e+00;5.444955e+00;1.679087e-01;-4.954242e+00;-1.216218e+00;6.692824e-01;-5.622420e-01;-7.142105e-01;-3.823628e-01;7.454681e-01
5;0.500000;-5.179233e+00;5.458794e+00;1.158207e+00;6.543326e-01;-2.464737e+00;-2.377033e+00;6.315260e-01;-4.076669e+00;-1.642908e+00;-1.429489e+00;1.800027e-01;5.450893e+00;-4.276268e+00;2.450798e+00
