frameIndex;frameTime;pcm_fftMag_mfcc[0];pcm_fftMag_mfcc[1];pcm_fftMag_mfcc[2];pcm_fftMag_mfcc[3];pcm_fftMag_mfcc[4];pcm_fftMag_mfcc[5];pcm_fftMag_mfcc[6];pcm_fftMag_mfcc[7];pcm_fftMag_mfcc[8];pcm_fftMag_mfcc[9];pcm_fftMag_mfcc[10];pcm_fftMag_mfcc[11];pcm_fftMag_mfcc[12];pcm_fftMag_mfcc[13]
0;0.000000;1.262682e+00;-7.768380e+00;1.859491e+00;-8.217552e+00;1.158027e+01;-7.073226e-01;-2.188504e+00;8.586839e+00;-1.006253e+01;8.320882e+00;-1.198052e+01;-1.052504e-01;-7.621482e+00;1.201347e+00
1;0.100000;-1.880177e+00;-5.657441e+00;-2.826002e+00;-3.807116e+00;8.317337e+00;-7.277637e-01;-1.737004e+00;7.130466e+00;-8.618275e-01;2.520045e+00;-2.079719e-01;3.363325e+00;-1.139973e+00;1.912880e+00
2;0.200000;-2.895767e+00;1.965782e+00;-3.027256e+00;5.221658e+00;4.259901e+00;-1.891553e+00;-5.404902e-01;2.101320e+00;3.909932e+00;-3.775118e+00;6.237022e+00;3.956677e+00;1.949681e+00;4.377213e-01
3;0.300000;-1.949784e+00;9.071417e+00;-1.333128e+00;7.881334e+00;-3.482747e+00;-4.735541e+00;2.926522e+00;-3.656898e+00;4.914322e+00;-2.737127e+00;5.253298e+00;9.274168e-01;2.783375e+00;-1.873131e+00
4;0.400000;1.609381e+00;5.485661e+00;1.095402e+00;5.134125e-01;-1.033211e+01;2.046566e+00;3.152394e+00;-9.335493e+00;2.903807e+00;-2.865325e+00;2.017270e+00;-2.339331e+00;1.477201e+00;-1.055519e+00
5;0.500000;3.853665e+00;-3.097033e+00;4.231492e+00;-1.591734e+00;-1.034265e+01;6.015615e+00;-1.612918e+00;-4.826239e+00;-8.037084e-01;-1.463357e+00;-1.319101e+00;-5.802837e+00;2.551195e+00;-6.233673e-01
