frameIndex;frameTime;pcm_fftMag_mfcc[0];pcm_fftMag_mfcc[1];pcm_fftMag_mfcc[2];pcm_fftMag_mfcc[3];pcm_fftMag_mfcc[4];pcm_fftMag_mfcc[5];pcm_fftMag_mfcc[6];pcm_fftMag_mfcc[7];pcm_fftMag_mfcc[8];pcm_fftMag_mfcc[9];pcm_fftMag_mfcc[10];pcm_fftMag_mfcc[11];pcm_fftMag_mfcc[12];pcm_fftMag_mfcc[13]
0;0.000000;-3.665638e-01;-3.129992e+00;-2.629101e+00;1.853300e+00;3.353100e+00;4.323719e+00;3.388767e-01;3.894397e+00;3.493304e+00;-1.902735e+00;1.613785e+00;-1.646859e+00;4.803684e-01;4.919128e-01
1;0.100000;1.014450e+00;-4.751303e+00;-3.239220e+00;1.039645e+00;3.176933e+00;3.333306e+00;-2.725637e+00;5.234318e+00;3.375846e+00;4.080734e-01;5.776310e-02;-3.307624e+00;2.940305e+00;-2.629623e-01
2;0.200000;1.702744e+00;-9.861603e-01;-2.490785e+00;3.378287e+00;4.588110e+00;1.159744e-01;-7.554970e-01;2.821229e+00;1.910559e+00;3.384804e+00;-2.947361e+00;-1.326576e+00;2.909734e+00;-1.273048e+00
3;0.300000;6.864853e-01;1.427736e-01;-9.763007e-01;1.461698e+00;-7.725163e-01;-3.373161e+00;-1.249313e+00;-1.199919e+00;-2.078954e+00;-8.259954e-01;-5.931758e+00;-5.450182e-01;-3.518820e-02;-1.092926e+00
4;0.400000;-9.865227e-01;2.990719e+00;3.198866e+00;-3.109855e+00;-4.426352e+00;-3.824060e+00;1.108570e-01;-5.226697e+00;-2.837787e+00;-2.020760e+00;2.364383e-01;2.135653e+00;-3.517369e+00;5.804749e-01
5;0.500000;-2.050594e+00;5.733957e+00;6.136546e+00;-4.623075e+00;-5.919271e+00;-5.757790e-01;4.280716e+00;-5.523326e+00;-3.862965e+00;9.566116e-01;6.971131e+00;4.690426e+00;-2.777851e+00;1.556526e+00
