frameIndex;frameTime;pcm_fftMag_mfcc[0];pcm_fftMag_mfcc[1];pcm_fftMag_mfcc[2];pcm_fftMag_mfcc[3];pcm_fftMag_mfcc[4];pcm_fftMag_mfcc[5];pcm_fftMag_mfcc[6];pcm_fftMag_mfcc[7];pcm_fftMag_mfcc[8];pcm_fftMag_mfcc[9];pcm_fftMag_mfcc[10];pcm_fftMag_mfcc[11];pcm_fftMag_mfcc[12];pcm_fftMag_mfcc[13]
0;0.000000;6.485155e+00;-1.053620e+00;-3.365250e+00;-7.961665e+00;-8.347015e-01;9.811047e+00;1.206500e+00;9.194183e-01;-4.364442e+00;-6.423371e+00;8.750677e-02;-5.627432e-01;-2.875961e+00;-2.047615e+00
1;0.100000;6.605233e+00;-7.414389e+00;1.786304e+00;-4.047954e+00;-1.396130e+00;2.658546e+00;3.416168e+00;1.604008e+00;-4.690058e+00;-3.054490e+00;1.254292e+00;-1.967631e+00;3.117851e+00;-1.173805e+00
2;0.200000;-5.587397e-01;-1.573295e+00;-2.911491e-01;2.247948e+00;-2.027035e+00;-4.657930e+00;4.254728e+00;-1.618565e+00;-1.991197e+00;2.837000e+00;4.395342e-01;-1.057882e-01;4.716812e-01;9.853439e-01
3;0.300000;-4.825614e+00;4.334015e+00;-1.649637e-01;5.063452e+00;9.570599e-01;-5.010891e+00;2.967338e+00;-5.556602e-01;1.032025e+00;3.591651e+00;2.247543e-01;1.385704e+00;-6.759725e-01;9.765167e-01
4;0.400000;-5.079417e+00;4.678782e+00;-1.566890e+00;3.895287e+00;3.007866e+00;-3.284557e+00;-2.810961e+00;1.696606e-01;5.593121e+00;3.456514e+00;-1.496675e+00;6.350088e-01;1.239928e+00;7.761688e-01
5;0.500000;-2.626618e+00;1.028508e+00;3.601953e+00;8.029335e-01;2.929459e-01;4.837761e-01;-9.033771e+00;-5.188618e-01;4.420550e+00;-4.073033e-01;-5.094123e-01;6.154442e-01;-1.277526e+00;4.833679e-01
