frameIndex;frameTime;pcm_fftMag_mfcc[0];pcm_fftMag_mfcc[1];pcm_fftMag_mfcc[2];pcm_fftMag_mfcc[3];pcm_fftMag_mfcc[4];pcm_fftMag_mfcc[5];pcm_fftMag_mfcc[6];pcm_fftMag_mfcc[7];pcm_fftMag_mfcc[8];pcm_fftMag_mfcc[9];pcm_fftMag_mfcc[10];pcm_fftMag_mfcc[11];pcm_fftMag_mfcc[12];pcm_fftMag_mfcc[13]
0;0.000000;-1.822276e+00;6.190808e+00;2.197336e+00;4.657516e+00;-1.016466e+01;-5.625046e+00;4.366557e+00;-7.400160e+00;3.321269e+00;-5.669198e+00;-6.266272e+00;-1.020019e+01;-5.960146e+00;1.375557e+00
1;0.100000;-7.175817e-01;4.739900e+00;-5.717278e-03;1.579830e+00;-3.627900e+00;-5.152555e+00;3.171602e+00;-2.842989e+00;5.384766e+00;-7.527300e+00;-7.066661e+00;-1.011132e+01;-2.288548e+00;9.883270e-01
2;0.200000;-4.059525e-01;-6.361380e-01;-7.905722e-01;-3.328876e+00;-2.159814e+00;-1.072536e+00;7.054930e-01;1.740919e+00;-8.162861e-01;-2.866841e+00;-3.605440e+00;-2.318821e-01;3.753852e+00;2.212212e+00
3;0.300000;-6.767807e-01;-4.210479e+00;-1.127185e+00;-4.079012e+00;-5.510454e-01;2.581561e-01;-2.945680e+00;2.632723e+00;-4.184572e+00;4.088326e+00;2.478509e+00;7.576548e+00;4.584655e+00;2.525055e+00
4;0.400000;4.837284e-01;-4.620759e+00;-6.030378e-01;-1.441818e+00;4.704171e+00;3.311908e+00;-3.890027e+00;2.702726e+00;-4.276592e+00;6.351766e+00;5.780620e+00;9.217993e+00;2.156701e+00;-7.017517e-02
5;0.500000;3.138860e+00;-1.463332e+00;3.291836e-01;2.612360e+00;1.179924e+01;8.280075e+00;-1.407948e+00;3.166781e+00;5.714092e-01;5.623248e+00;8.679246e+00;3.748863e+00;-2.246516e+00;-7.030991e+00
