frameIndex;frameTime;pcm_fftMag_mfcc[0];pcm_fftMag_mfcc[1];pcm_fftMag_mfcc[2];pcm_fftMag_mfcc[3];pcm_fftMag_mfcc[4];pcm_fftMag_mfcc[5];pcm_fftMag_mfcc[6];pcm_fftMag_mfcc[7];pcm_fftMag_mfcc[8];pcm_fftMag_mfcc[9];pcm_fftMag_mfcc[10];pcm_fftMag_mfcc[11];pcm_fftMag_mfcc[12];pcm_fftMag_mfcc[13]
0;0.000000;-1.609696e+00;-2.113708e+00;-1.540331e+00;1.037990e+01;-2.155094e-01;-2.275095e+00;5.898619e-01;-5.570538e+00;-2.639427e-01;-3.644142e-01;1.891304e+00;3.736927e+00;1.593222e+00;1.556442e+00
1;0.100000;-1.195412e+00;-1.700459e+00;-1.633823e+00;8.832325e+00;-4.266731e+00;-1.918202e+00;3.668183e+00;-7.844365e-01;-8.991575e-01;2.815001e+00;-2.341175e+00;2.804960e+00;5.679906e+00;1.732826e+00
2;0.200000;9.672117e-01;6.349850e-01;-2.649172e+00;5.502954e+00;-6.019793e+00;-3.220802e+00;1.738791e+00;-1.271462e-02;-6.143627e-01;2.080283e+00;-4.736500e+00;1.773938e-01;8.633757e-02;7.955627e-01
3;0.300000;2.822994e+00;4.416435e+00;-2.252048e+00;-9.421644e-01;-1.532070e+00;-2.011421e+00;-1.792898e+00;2.471457e+00;-3.728714e-01;-3.370397e+00;-4.483306e+00;-9.000776e-01;-6.114142e+00;-2.400238e+00
4;0.400000;1.254458e+00;2.147617e+00;3.295105e+00;-1.189225e+01;4.608285e+00;3.902413e+00;-3.690580e+00;2.391216e+00;1.077670e+00;-2.704402e+00;2.582812e+00;-4.706412e+00;-3.239065e+00;-1.849617e+00
5;0.500000;-2.239555e+00;-3.384871e+00;4.780271e+00;-1.188075e+01;7.425819e+00;5.523103e+00;-5.133572e-01;1.505016e+00;1.072664e+00;1.543929e+00;7.086864e+00;-1.112790e+00;1.993739e+00;1.649780e-01
