frameIndex;frameTime;pcm_fftMag_mfcc[0];pcm_fftMag_mfcc[1];pcm_fftMag_mfcc[2];pcm_fftMag_mfcc[3];pcm_fftMag_mfcc[4];pcm_fftMag_mfcc[5];pcm_fftMag_mfcc[6];pcm_fftMag_mfcc[7];pcm_fftMag_mfcc[8];pcm_fftMag_mfcc[9];pcm_fftMag_mfcc[10];pcm_fftMag_mfcc[11];pcm_fftMag_mfcc[12];pcm_fftMag_mfcc[13]
0;0.000000;-7.391168e+00;7.248164e+00;3.585930e+00;-3.323853e+00;-8.272667e-01;-3.774468e+00;-1.767157e+00;1.620234e+00;1.434636e+01;6.346844e+00;5.923998e+00;-5.124138e+00;2.069862e+00;9.976959e-01
1;0.100000;-3.718564e+00;5.076620e+00;5.762534e+00;-6.146412e+00;-3.998293e+00;-5.008966e+00;-2.092126e+00;-5.337047e+00;6.940200e+00;3.912606e+00;1.960805e+00;-2.296698e+00;1.427548e+00;1.140114e+00
2;0.200000;3.237085e-01;-1.029523e+00;2.101172e+00;-1.684334e+00;1.964508e+00;-2.184039e+00;-2.245436e-01;-3.458598e+00;-4.714325e+00;-4.965768e-01;-2.449867e+00;2.976919e+00;1.650746e-01;1.268433e+00
3;0.300000;1.257818e+00;-3.656986e+00;-2.796530e+00;3.595613e+00;2.482599e+00;2.027494e+00;1.581191e+00;3.964261e+00;-6.353982e+00;-3.641753e+00;-3.565814e+00;3.944063e-01;-1.921262e+00;1.402046e+00
4;0.400000;2.603360e+00;-4.303700e+00;-3.850684e+00;4.880596e+00;-2.595348e-01;2.813900e+00;1.094502e+00;3.695992e+00;-6.163720e+00;-4.109885e+00;-2.821681e+00;9.335461e-01;-1.639621e+00;-6.492004e-01
5;0.500000;6.924851e+00;-3.334575e+00;-4.802421e+00;2.678383e+00;6.379814e-01;6.126080e+00;1.408135e+00;-4.848409e-01;-4.054533e+00;-2.011237e+00;9.525588e-01;3.115965e+00;-1.016030e-01;-4.159096e+00
