frameIndex;frameTime;pcm_fftMag_mfcc[0];pcm_fftMag_mfcc[1];pcm_fftMag_mfcc[2];pcm_fftMag_mfcc[3];pcm_fftMag_mfcc[4];pcm_fftMag_mfcc[5];pcm_fftMag_mfcc[6];pcm_fftMag_mfcc[7];pcm_fftMag_mfcc[8];pcm_fftMag_mfcc[9];pcm_fftMag_mfcc[10];pcm_fftMag_mfcc[11];pcm_fftMag_mfcc[12];pcm_fftMag_mfcc[13]
0;0.000000;-7.405252e-01;-2.057588e+00;-2.968025e-02;-6.813338e-01;2.165089e+00;-5.837778e+00;5.833054e+00;8.370733e-01;-6.742613e+00;1.858110e+00;-2.745334e+00;3.764587e+00;-4.757433e-01;9.438858e-01
1;0.100000;1.228109e+00;-3.455353e+00;-2.657605e+00;-5.918987e-01;2.387968e+00;-2.546598e+00;4.026684e+00;-7.103238e-01;-5.662956e+00;-5.580637e-01;-5.181438e+00;1.663900e+00;-3.627923e+00;2.626419e-01
2;0.200000;1.154743e+00;-2.168142e+00;3.250580e-01;9.109203e-01;-2.077930e+00;5.528300e+00;-2.321098e+00;-1.890035e+00;-6.339130e-01;-1.579549e+00;-2.725823e+00;-6.658221e+00;-3.261987e+00;-4.850769e-02
3;0.300000;-7.054243e-01;-1.389503e-01;6.438026e-01;2.968438e+00;-3.305048e+00;4.111404e+00;-7.642603e+00;-5.581698e-01;3.201545e+00;-2.183831e-01;2.019423e+00;-1.010591e+01;-3.371407e+00;4.104996e-01
4;0.400000;-2.945318e-01;2.478414e+00;4.783869e-01;-8.275890e-02;-2.105688e+00;1.792843e+00;-4.494171e+00;3.136106e+00;3.717453e+00;5.909021e-01;4.195372e+00;-1.387311e+00;3.462234e+00;-2.284241e-02
5;0.500000;-6.423693e-01;5.341616e+00;1.240037e+00;-2.523368e+00;2.935606e+00;-3.048176e+00;4.598133e+00;-8.146486e-01;6.120484e+00;-9.301543e-02;4.437800e+00;1.272296e+01;7.274826e+00;-1.545692e+00
