frameIndex;frameTime;pcm_fftMag_mfcc[0];pcm_fftMag_mfcc[1];pcm_fftMag_mfcc[2];pcm_fftMag_mfcc[3];pcm_fftMag_mfcc[4];pcm_fftMag_mfcc[5];pcm_fftMag_mfcc[6];pcm_fftMag_mfcc[7];pcm_fftMag_mfcc[8];pcm_fftMag_mfcc[9];pcm_fftMag_mfcc[10];pcm_fftMag_mfcc[11];pcm_fftMag_mfcc[12];pcm_fftMag_mfcc[13]
0;0.000000;2.901678e-01;-3.477192e+00;3.182769e-01;-7.645760e-01;-2.346804e+00;4.389994e+00;6.397938e+00;5.445477e+00;1.246660e+01;-5.035170e+00;-4.474085e+00;-1.054549e+01;-6.649619e+00;7.890396e-01
1;0.100000;1.737766e+00;-5.831127e+00;1.238398e+00;-1.651777e+00;2.208567e+00;4.350833e+00;6.238607e+00;1.113407e+00;2.471374e+00;-6.491099e+00;-2.936667e+00;-6.410392e+00;-4.333328e+00;2.312088e-01
2;0.200000;2.155317e+00;-6.120525e+00;3.901863e-01;-1.445116e+00;5.877584e+00;6.977463e-01;-3.600941e-01;-2.625571e+00;-3.774787e+00;-1.918473e+00;1.175826e+00;1.558151e-01;1.945451e+00;9.028549e-01
3;0.300000;8.331194e-01;-3.145807e+00;-2.073044e+00;1.807476e+00;3.310415e+00;1.951790e-01;-6.944391e+00;-3.145492e+00;-4.414396e+00;1.277001e+00;5.317744e+00;6.650918e+00;7.254160e+00;5.800552e-01
4;0.400000;-1.156740e+00;6.176044e+00;-3.600895e+00;3.853786e+00;-3.810635e-01;-2.403093e+00;-7.390493e+00;-3.351260e+00;-3.531605e+00;3.658928e+00;3.060536e+00;8.582397e+00;6.109251e+00;-1.153008e+00
5;0.500000;-3.859627e+00;1.239861e+01;3.727077e+00;-1.799791e+00;-8.668695e+00;-7.230660e+00;2.058436e+00;2.563440e+00;-3.217183e+00;8.508812e+00;-2.143349e+00;1.566753e+00;-4.325914e+00;-1.350166e+00
