frameIndex;frameTime;pcm_fftMag_mfcc[0];pcm_fftMag_mfcc[1];pcm_fftMag_mfcc[2];pcm_fftMag_mfcc[3];pcm_fftMag_mfcc[4];pcm_fftMag_mfcc[5];pcm_fftMag_mfcc[6];pcm_fftMag_mfcc[7];pcm_fftMag_mfcc[8];pcm_fftMag_mfcc[9];pcm_fftMag_mfcc[10];pcm_fftMag_mfcc[11];pcm_fftMag_mfcc[12];pcm_fftMag_mfcc[13]
0;0.000000;-3.736263e+00;-1.241913e-01;-3.683355e+00;1.983967e+00;3.652472e+00;3.283538e+00;7.032118e+00;5.595691e+00;5.798244e+00;-3.587033e+00;-2.124332e+00;1.524322e+00;5.861189e-01;7.913284e-01
1;0.100000;-4.985941e+00;3.998084e+00;5.572190e-01;1.078322e+00;1.331902e+00;7.555676e-02;2.389728e+00;-3.023362e+00;3.537544e+00;-2.970717e+00;-7.416248e-02;2.855160e+00;8.128893e-01;1.379486e+00
2;0.200000;-2.020173e+00;4.412481e+00;2.417702e+00;1.269831e+00;-5.106239e-01;-4.070465e+00;-7.576704e-01;-1.042895e+01;-2.214474e+00;-1.109789e+00;6.276299e+00;3.454924e+00;-4.021804e-01;1.183647e+00
3;0.300000;2.494675e+00;-1.552663e+00;3.823934e+00;-1.052368e+00;-1.937348e+00;-6.297276e+00;-3.322648e+00;-4.986559e+00;-2.320196e+00;-2.741442e-01;4.925580e+00;-1.573228e+00;3.184173e-01;7.652283e-03
4;0.400000;4.506864e+00;-4.754938e+00;8.588057e-01;-2.827657e+00;-3.486629e+00;2.026885e+00;-6.461452e+00;6.080024e+00;-4.276449e+00;5.146735e+00;-4.212256e+00;-1.536913e+00;-6.325510e-01;-1.959717e+00
5;0.500000;3.740833e+00;-1.978769e+00;-3.974304e+00;-4.520960e-01;9.502211e-01;4.981760e+00;1.119925e+00;6.763152e+00;-5.246687e-01;2.794946e+00;-4.791128e+00;-4.724266e+00;-6.826932e-01;-1.402374e+00
