frameIndex;frameTime;pcm_fftMag_mfcc[0];pcm_fftMag_mfcc[1];pcm_fftMag_mfcc[2];pcm_fftMag_mfcc[3];pcm_fftMag_mfcc[4];pcm_fftMag_mfcc[5];pcm_fftMag_mfcc[6];pcm_fftMag_mfcc[7];pcm_fftMag_mfcc[8];pcm_fftMag_mfcc[9];pcm_fftMag_mfcc[10];pcm_fftMag_mfcc[11];pcm_fftMag_mfcc[12];pcm_fftMag_mfcc[13]
0;0.000000;1.151728e+00;1.313848e+00;-4.230232e+00;6.634102e-01;-1.122093e-01;-7.077093e-01;5.694710e+00;-2.941265e-01;3.266884e+00;2.348456e-01;-2.303715e+00;2.209728e+00;4.580068e+00;-2.421532e+00
1;0.100000;7.510405e-01;2.509222e+00;-3.336253e+00;2.877114e+00;-2.318954e-02;-1.624848e+00;7.109952e+00;-1.295856e+00;2.268399e+00;1.334780e+00;-1.613455e+00;1.246551e+00;1.960825e+00;-8.278656e-01
2;0.200000;2.341547e-01;2.827034e+00;-4.565268e-01;1.116051e+00;3.161696e+00;-1.056560e+00;-4.512596e-02;-5.260352e+00;5.694282e-01;3.457050e+00;2.063561e+00;-3.089962e-01;-2.600988e+00;-1.032982e+00
3;0.300000;-1.153977e+00;-2.985616e-01;1.076767e+00;-1.092310e+00;3.828086e+00;1.111917e+00;-8.973394e+00;-4.120280e+00;1.252462e+00;1.980827e+00;3.391114e+00;1.473912e+00;-1.516197e+00;-1.137695e-01
4;0.400000;-7.723103e-01;-2.741962e+00;3.336288e+00;-6.619720e-01;-1.816086e+00;1.525480e+00;-7.315279e+00;1.326028e+00;-1.980883e+00;1.202321e-01;2.661064e+00;-1.078178e+00;-2.518890e+00;1.514473e+00
5;0.500000;-2.106314e-01;-3.609580e+00;3.609954e+00;-2.902288e+00;-5.038296e+00;7.517185e-01;3.529140e+00;9.644580e+00;-5.376290e+00;-7.127733e+00;-4.198571e+00;-3.543015e+00;9.518337e-02;2.881714e+00
