frameIndex;frameTime;pcm_fftMag_mfcc[0];pcm_fftMag_mfcc[1];pcm_fftMag_mfcc[2];pcm_fftMag_mfcc[3];pcm_fftMag_mfcc[4];pcm_fftMag_mfcc[5];pcm_fftMag_mfcc[6];pcm_fftMag_mfcc[7];pcm_fftMag_mfcc[8];pcm_fftMag_mfcc[9];pcm_fftMag_mfcc[10];pcm_fftMag_mfcc[11];pcm_fftMag_mfcc[12];pcm_fftMag_mfcc[13]
0;0.000000;-1.310698e+00;3.576243e+00;-1.021785e+01;3.452282e+00;-2.048893e-01;-2.329113e+00;-2.484697e+00;-2.073017e+00;2.261818e+00;-4.914621e+00;3.032478e+00;-6.900070e-01;7.750173e-01;8.165894e-01
1;0.100000;8.245893e-01;1.225282e+00;-4.219015e+00;2.516205e+00;1.756207e+00;-1.041132e+00;-1.596720e+00;1.268050e+00;2.387576e+00;-9.064950e-01;1.771478e+00;1.041160e-01;3.025115e+00;-7.894135e-02
2;0.200000;7.097549e-01;-2.428926e+00;5.685361e+00;-8.963375e-01;7.935448e-01;1.844833e+00;6.954975e-01;1.234400e+00;-2.272744e-01;3.240416e+00;-2.175070e+00;-4.932866e-01;-3.367710e-02;-1.024933e+00
3;0.300000;-2.236452e-01;-2.372597e+00;8.751506e+00;-5.072151e+00;-2.344868e+00;1.525415e+00;3.385918e+00;-4.294319e-01;-4.422120e+00;2.580701e+00;-2.628885e+00;1.079177e+00;-3.766455e+00;2.872772e-01
