frameIndex;frameTime;pcm_fftMag_mfcc[0];pcm_fftMag_mfcc[1];pcm_fftMag_mfcc[2];pcm_fftMag_mfcc[3];pcm_fftMag_mfcc[4];pcm_fftMag_mfcc[5];pcm_fftMag_mfcc[6];pcm_fftMag_mfcc[7];pcm_fftMag_mfcc[8];pcm_fftMag_mfcc[9];pcm_fftMag_mfcc[10];pcm_fftMag_mfcc[11];pcm_fftMag_mfcc[12];pcm_fftMag_mfcc[13]
0;0.000000;-2.472496e-01;6.609498e+00;4.655018e-01;-8.828762e+00;-1.553111e+01;-1.878435e+00;2.458381e+00;6.315060e+00;8.547993e-01;-5.567046e+00;8.532368e+00;4.206718e+00;4.758463e+00;-1.476440e-01
1;0.100000;2.811728e-01;7.142489e+00;3.169983e+00;-4.647413e+00;-1.265432e+01;-2.126499e+00;1.485557e+00;6.376359e+00;4.214004e+00;-1.802998e+00;1.208677e+01;6.140708e+00;4.199667e+00;-4.629936e+00
2;0.200000;5.159894e+00;7.028964e+00;2.918841e+00;5.930092e+00;1.840713e+00;3.139083e+00;-2.386436e+00;4.428796e-01;1.087422e+01;3.591424e+00;6.423784e+00;-1.800447e+00;-9.073405e+00;-8.383415e+00
3;0.300000;5.841017e-01;-5.381948e+00;-1.320055e+00;3.259901e+00;1.158849e+01;1.881809e+00;2.074111e+00;-4.525957e+00;-3.636677e+00;5.838734e+00;-7.497574e+00;-2.343612e+00;1.879164e+00;-6.941605e-01
4;0.400000;-2.137374e+00;-8.080987e+00;-2.689684e+00;1.850216e+00;9.304853e+00;-2.849483e-01;-3.081551e-01;-4.929344e+00;-6.536133e+00;7.922215e-01;-1.007798e+01;-2.888201e+00;6.215897e-01;5.890511e+00
5;0.500000;-3.640541e+00;-7.318017e+00;-2.544590e+00;2.435951e+00;5.451366e+00;-7.310100e-01;-3.323457e+00;-3.678998e+00;-5.770208e+00;-2.852336e+00;-9.467363e+00;-3.315167e+00;-2.385474e+00;7.964584e+00
