frameIndex;frameTime;pcm_fftMag_mfcc[0];pcm_fftMag_mfcc[1];pcm_fftMag_mfcc[2];pcm_fftMag_mfcc[3];pcm_fftMag_mfcc[4];pcm_fftMag_mfcc[5];pcm_fftMag_mfcc[6];pcm_fftMag_mfcc[7];pcm_fftMag_mfcc[8];pcm_fftMag_mfcc[9];pcm_fftMag_mfcc[10];pcm_fftMag_mfcc[11];pcm_fftMag_mfcc[12];pcm_fftMag_mfcc[13]
0;0.000000;-3.540066e+00;2.289472e+00;3.670109e+00;2.312473e+00;-2.393630e+00;-4.717346e+00;2.503167e+00;8.994031e+00;9.575705e+00;2.947028e+00;-3.232869e+00;-1.158429e+01;-1.144859e+01;-8.149109e-01
1;0.100000;-4.435745e+00;6.043565e+00;3.023536e+00;1.932352e+00;2.172582e+00;-4.455292e+00;7.723522e-02;4.457529e+00;4.069240e+00;2.714750e+00;2.968739e+00;-2.502963e+00;-3.838476e+00;-7.968674e-01
2;0.200000;-1.088718e+00;2.955234e+00;2.814551e+00;1.276978e+00;1.327422e+00;-2.738699e+00;-1.501591e+00;-4.274022e+00;-6.446764e-01;3.286413e+00;5.443937e+00;4.919770e+00;3.910049e+00;-4.043579e-03
3;0.300000;2.366253e+00;-2.813374e+00;2.452545e+00;-5.335617e-01;-2.861767e+00;5.899582e-01;2.156844e-01;-6.223560e+00;-2.352693e+00;3.320379e+00;3.153975e+00;6.559203e+00;4.648152e+00;-8.312225e-02
4;0.400000;3.261196e+00;-3.257519e+00;-4.462700e+00;-2.052408e+00;-2.749103e+00;5.574738e+00;1.333782e+00;-3.885525e+00;-3.657321e+00;-1.863387e+00;-1.486640e+00;1.749930e+00;3.740489e+00;6.430054e-01
5;0.500000;3.437078e+00;-5.217379e+00;-7.498043e+00;-2.935837e+00;4.504493e+00;5.746641e+00;-2.628275e+00;9.315469e-01;-6.990253e+00;-1.040519e+01;-6.847141e+00;8.583498e-01;2.988370e+00;1.055946e+00
