frameIndex;frameTime;pcm_fftMag_mfcc[0];pcm_fftMag_mfcc[1];pcm_fftMag_mfcc[2];pcm_fftMag_mfcc[3];pcm_fftMag_mfcc[4];pcm_fftMag_mfcc[5];pcm_fftMag_mfcc[6];pcm_fftMag_mfcc[7];pcm_fftMag_mfcc[8];pcm_fftMag_mfcc[9];pcm_fftMag_mfcc[10];pcm_fftMag_mfcc[11];pcm_fftMag_mfcc[12];pcm_fftMag_mfcc[13]
0;0.000000;5.130548e-01;-1.956207e+00;6.724329e-01;5.199051e+00;-2.866565e+00;6.284585e-01;1.098867e+00;4.410067e+00;-1.353362e+00;-1.084020e+00;-5.705397e+00;-3.392359e+00;4.587164e+00;4.008484e-01
1;0.100000;7.899590e-01;-2.593773e+00;1.069296e+00;4.710751e-01;5.891352e-01;8.279223e-01;9.508085e-02;3.974789e+00;3.749352e-01;-1.261547e+00;-3.855805e-01;-9.861374e-02;4.090018e+00;3.855209e-01
2;0.200000;3.546324e-01;1.173053e+00;-7.080030e-01;5.090599e-01;-9.077139e-01;1.121359e+00;-2.135664e+00;9.904528e-01;-1.373472e+00;-5.130813e+00;-2.016151e+00;-2.011289e+00;7.909836e-01;4.421921e-01
3;0.300000;-1.130119e+00;3.942965e+00;2.171022e+00;2.433729e+00;-4.886895e+00;-5.647039e-01;1.411309e+00;-1.525034e+00;-1.822832e+00;-4.831557e+00;-1.452702e+00;-1.863974e+00;-3.470030e+00;-2.117538e-01
4;0.400000;-6.493759e-01;1.426105e+00;3.287525e-01;-1.195515e+00;-7.094526e-01;-1.924282e+00;1.159294e+00;-4.717917e+00;-6.406984e-01;2.595299e+00;3.201811e+00;1.734207e+00;-3.973243e+00;-1.598129e-01
5;0.500000;1.218491e-01;-1.992142e+00;-3.533500e+00;-7.417398e+00;8.781492e+00;-8.875370e-02;-1.628888e+00;-3.132356e+00;4.815428e+00;9.712635e+00;6.358022e+00;5.632028e+00;-2.024892e+00;-8.570099e-01
