frameIndex;frameTime;pcm_fftMag_mfcc[0];pcm_fftMag_mfcc[1];pcm_fftMag_mfcc[2];pcm_fftMag_mfcc[3];pcm_fftMag_mfcc[4];pcm_fftMag_mfcc[5];pcm_fftMag_mfcc[6];pcm_fftMag_mfcc[7];pcm_fftMag_mfcc[8];pcm_fftMag_mfcc[9];pcm_fftMag_mfcc[10];pcm_fftMag_mfcc[11];pcm_fftMag_mfcc[12];pcm_fftMag_mfcc[13]
0;0.000000;2.564702e+00;6.045723e-01;1.124535e+00;-6.003277e+00;1.864905e+00;1.709129e+00;3.668499e+00;-2.424691e+00;-2.191170e+00;-1.417930e+00;6.613089e+00;3.521654e+00;2.815080e+00;4.594955e-01
1;0.100000;2.609832e+00;-1.577151e+00;1.132803e+00;-9.244694e+00;3.140540e+00;2.698472e+00;3.588993e+00;-5.455357e+00;1.329339e+00;3.616313e+00;1.059877e+00;1.707493e+00;1.784291e+00;2.694054e+00
2;0.200000;3.364249e+00;-4.138107e+00;2.670241e+00;-5.945372e+00;3.303930e+00;-3.076630e-01;1.635264e+00;-2.786819e+00;1.141278e+00;3.294443e+00;-2.193871e+00;-1.331845e+00;2.942185e-01;3.392731e+00
3;0.300000;3.116620e+00;-3.256191e+00;2.143018e+00;6.920567e-01;-2.136459e+00;-7.587600e-01;-3.074046e+00;2.287739e+00;5.153847e-02;2.494490e+00;-3.853564e+00;-3.062099e+00;-7.361641e-01;1.090431e+00
4;0.400000;-2.430295e+00;3.483544e+00;-2.912109e+00;8.177876e+00;-6.804851e+00;-2.734576e+00;-2.703337e+00;3.863528e+00;1.755915e+00;-1.445830e+00;-3.010486e+00;-3.386721e+00;-1.464014e+00;-2.515724e+00
5;0.500000;-9.225107e+00;4.883337e+00;-4.158490e+00;1.232342e+01;6.319349e-01;-6.066027e-01;-3.115371e+00;4.515599e+00;-2.086903e+00;-6.541487e+00;1.384957e+00;2.551517e+00;-2.693411e+00;-5.120956e+00
