frameIndex;frameTime;pcm_fftMag_mfcc[0];pcm_fftMag_mfcc[1];pcm_fftMag_mfcc[2];pcm_fftMag_mfcc[3];pcm_fftMag_mfcc[4];pcm_fftMag_mfcc[5];pcm_fftMag_mfcc[6];pcm_fftMag_mfcc[7];pcm_fftMag_mfcc[8];pcm_fftMag_mfcc[9];pcm_fftMag_mfcc[10];pcm_fftMag_mfcc[11];pcm_fftMag_mfcc[12];pcm_fftMag_mfcc[13]
0;0.000000;1.788964e+00;-6.453843e+00;4.775487e+00;-2.138363e+00;-4.199191e+00;-3.429794e-02;5.625001e+00;3.697852e+00;5.038342e+00;-4.445433e+00;-1.501000e+00;1.198149e+00;-7.925423e+00;6.712646e-01
1;0.100000;2.260418e-01;-6.710280e+00;2.316139e+00;1.713781e-01;-3.584172e+00;1.594726e+00;2.954887e+00;1.776566e+00;4.183502e+00;-3.886975e+00;3.157091e-01;3.684276e+00;-3.393970e+00;1.224373e+00
2;0.200000;-1.222445e+00;-1.340627e+00;4.298792e-01;2.834946e+00;-2.600030e+00;9.341269e-01;1.486001e+00;1.143345e+00;1.588159e+00;-3.420226e+00;-1.152935e-01;2.009748e+00;4.848194e-01;5.767975e-01
3;0.300000;-1.110357e+00;4.604885e+00;-4.557619e-01;2.310496e+00;1.486602e+00;-1.650761e+00;1.981797e-01;-5.484428e-01;-1.675712e+00;5.351129e-01;-1.558492e+00;-2.706228e+00;7.405472e-01;-8.890839e-01
4;0.400000;-1.556015e-02;5.075860e+00;-2.365224e+00;-1.087074e+00;4.165145e+00;-1.366000e+00;-3.168215e+00;-3.222494e+00;-4.928616e+00;5.792427e+00;-4.374857e-01;-2.651320e+00;2.807220e+00;-9.379578e-01
5;0.500000;3.333578e-01;4.824012e+00;-4.700516e+00;-2.091382e+00;4.731651e+00;5.222068e-01;-7.095853e+00;-2.846824e+00;-4.205671e+00;5.425094e+00;3.296558e+00;-1.534626e+00;7.286804e+00;-6.453552e-01
