frameIndex;frameTime;pcm_fftMag_mfcc[0];pcm_fftMag_mfcc[1];pcm_fftMag_mfcc[2];pcm_fftMag_mfcc[3];pcm_fftMag_mfcc[4];pcm_fftMag_mfcc[5];pcm_fftMag_mfcc[6];pcm_fftMag_mfcc[7];pcm_fftMag_mfcc[8];pcm_fftMag_mfcc[9];pcm_fftMag_mfcc[10];pcm_fftMag_mfcc[11];pcm_fftMag_mfcc[12];pcm_fftMag_mfcc[13]
0;0.000000;-2.335990e+00;2.892646e+00;-2.260736e+00;-1.768169e+00;-1.517235e+00;-2.986751e+00;1.833810e+00;-7.462624e+00;1.330061e-01;1.549789e+00;2.527417e+00;5.927984e+00;4.858661e+00;1.178215e+00
1;0.100000;-9.376693e-01;6.798501e-01;-1.581879e+00;-2.375126e+00;-1.063290e+00;-1.276355e+00;1.467516e+00;-1.182173e+00;2.841198e+00;-7.084320e-01;1.274051e+00;3.815179e+00;7.295852e-01;1.491493e+00
2;0.200000;6.368699e-01;-1.976501e+00;7.445316e-01;6.173277e-01;-6.824970e-02;2.266031e+00;-3.381157e-01;3.115559e+00;5.982399e-03;-5.156362e-01;-9.557619e-01;-2.357345e+00;-2.105673e+00;1.851196e-01
3;0.300000;2.636790e+00;-1.595995e+00;3.098085e+00;3.525966e+00;2.648773e+00;1.997073e+00;-2.963213e+00;5.529242e+00;-2.980186e+00;-3.257203e-01;-2.845707e+00;-7.385818e+00;-3.482573e+00;-2.854820e+00
