frameIndex;frameTime;pcm_fftMag_mfcc[0];pcm_fftMag_mfcc[1];pcm_fftMag_mfcc[2];pcm_fftMag_mfcc[3];pcm_fftMag_mfcc[4];pcm_fftMag_mfcc[5];pcm_fftMag_mfcc[6];pcm_fftMag_mfcc[7];pcm_fftMag_mfcc[8];pcm_fftMag_mfcc[9];pcm_fftMag_mfcc[10];pcm_fftMag_mfcc[11];pcm_fftMag_mfcc[12];pcm_fftMag_mfcc[13]
0;0.000000;2.830315e-01;-3.176770e+00;-1.117262e+00;1.924200e-01;5.468759e+00;1.834990e+00;-1.377592e+00;7.578688e-01;-1.394927e+00;-3.449872e+00;2.588177e-01;4.718809e+00;1.050239e+00;7.786102e-01
1;0.100000;2.321167e-01;8.369188e-01;-2.500277e+00;1.930593e+00;1.516548e+00;-7.697892e-01;-9.188824e-01;-1.194179e+00;5.600061e-01;1.063093e-01;3.908179e+00;2.087413e+00;1.530823e+00;-1.390907e+00
2;0.200000;-5.151491e-01;2.339852e+00;3.617538e+00;-2.123014e+00;-6.985308e+00;-1.065201e+00;2.296476e+00;4.363098e-01;8.349199e-01;3.343563e+00;-4.166998e+00;-6.806220e+00;-2.581062e+00;6.122971e-01
