frameIndex;frameTime;pcm_fftMag_mfcc[0];pcm_fftMag_mfcc[1];pcm_fftMag_mfcc[2];pcm_fftMag_mfcc[3];pcm_fftMag_mfcc[4];pcm_fftMag_mfcc[5];pcm_fftMag_mfcc[6];pcm_fftMag_mfcc[7];pcm_fftMag_mfcc[8];pcm_fftMag_mfcc[9];pcm_fftMag_mfcc[10];pcm_fftMag_mfcc[11];pcm_fftMag_mfcc[12];pcm_fftMag_mfcc[13]
0;0.000000;-3.598145e+00;1.081268e+00;2.155520e+00;-1.589039e+00;-1.058236e+01;-4.260548e+00;-1.536517e+00;-1.007352e+01;-1.136148e+01;-6.475645e+00;-5.786084e+00;-6.821758e+00;-6.561339e+00;-4.213982e+00
1;0.100000;1.581680e+00;-8.106241e-01;4.153461e+00;-5.206563e+00;-8.389315e+00;-7.810984e-01;5.903955e-01;-9.030584e+00;-1.293520e+01;-5.100100e+00;-3.330275e+00;-5.798110e+00;-3.012662e+00;-1.563721e+00
2;0.200000;1.960066e+00;2.978326e+00;5.619525e+00;-6.354527e+00;-1.047548e+00;2.463583e+00;4.190656e+00;-6.456077e+00;-8.163870e+00;-4.137406e-01;-2.458982e-01;-2.865345e+00;3.763731e+00;-5.641556e-01
3;0.300000;-2.379498e+00;8.899948e+00;5.681271e+00;-3.289930e+00;7.530162e+00;5.982697e+00;1.094762e+00;-3.121462e-01;3.905926e-01;-3.127961e-01;-4.552534e-01;2.301450e+00;6.542514e+00;-1.152550e+00
4;0.400000;-9.524651e-01;-3.511782e-01;-4.431726e+00;7.887435e+00;1.159241e+01;-1.992859e+00;-4.449648e+00;1.199587e+01;1.389201e+01;4.039876e+00;4.851889e+00;7.623344e+00;8.962176e-01;1.949890e+00
5;0.500000;3.388359e+00;-1.179774e+01;-1.317805e+01;8.552628e+00;8.966446e-01;-1.411775e+00;1.103511e-01;1.387645e+01;1.817795e+01;8.262406e+00;4.965621e+00;5.560413e+00;-1.628461e+00;5.544510e+00
