frameIndex;frameTime;pcm_fftMag_mfcc[0];pcm_fftMag_mfcc[1];pcm_fftMag_mfcc[2];pcm_fftMag_mfcc[3];pcm_fftMag_mfcc[4];pcm_fftMag_mfcc[5];pcm_fftMag_mfcc[6];pcm_fftMag_mfcc[7];pcm_fftMag_mfcc[8];pcm_fftMag_mfcc[9];pcm_fftMag_mfcc[10];pcm_fftMag_mfcc[11];pcm_fftMag_mfcc[12];pcm_fftMag_mfcc[13]
0;0.000000;-1.473087e+00;2.729219e+00;-2.231822e-01;2.501237e+00;9.649353e-01;1.954476e+00;2.932783e+00;-2.256372e+00;6.352234e-02;-8.377514e-01;-1.237620e+00;-6.098375e-01;-1.434527e+00;-4.310913e-01
1;0.100000;1.473088e+00;-2.729218e+00;2.231822e-01;-2.501237e+00;-9.649372e-01;-1.954476e+00;-2.932783e+00;2.256372e+00;-6.352234e-02;8.377513e-01;1.237620e+00;6.098366e-01;1.434527e+00;4.310989e-01
