frameIndex;frameTime;pcm_fftMag_mfcc[0];pcm_fftMag_mfcc[1];pcm_fftMag_mfcc[2];pcm_fftMag_mfcc[3];pcm_fftMag_mfcc[4];pcm_fftMag_mfcc[5];pcm_fftMag_mfcc[6];pcm_fftMag_mfcc[7];pcm_fftMag_mfcc[8];pcm_fftMag_mfcc[9];pcm_fftMag_mfcc[10];pcm_fftMag_mfcc[11];pcm_fftMag_mfcc[12];pcm_fftMag_mfcc[13]
0;0.000000;1.461164e+00;1.593512e+00;-5.315248e+00;8.886015e+00;1.935862e+00;-8.002982e+00;5.573158e+00;2.262326e+00;8.307512e+00;-1.496574e+00;-3.487540e+00;4.676383e+00;2.992245e+00;1.020691e+00
1;0.100000;-3.008461e-02;-7.666893e-01;-2.034171e+00;4.733898e+00;3.054586e+00;-3.041811e+00;3.551379e+00;4.466652e+00;9.682761e+00;-2.252056e+00;-5.475629e+00;2.662681e+00;3.406609e+00;1.795929e+00
2;0.200000;-4.028282e-01;-3.223419e-02;3.106897e+00;5.238018e-01;8.032517e-01;2.213235e+00;-1.992939e+00;1.381138e+00;3.790199e+00;-2.331801e+00;-6.553399e+00;-1.956634e+00;6.109609e+00;-3.098450e-01
3;0.300000;6.151371e-01;1.608442e+00;2.809649e-01;-5.575701e+00;-3.332359e+00;8.324974e+00;-6.344490e+00;-1.506596e+00;-8.943180e+00;2.143628e+00;3.996812e+00;-5.093268e+00;-1.080868e-01;-1.383949e+00
4;0.400000;-8.715134e-01;-1.940355e+00;-1.638772e+00;-7.783617e+00;-3.599368e+00;2.929497e-01;-3.710474e+00;-3.580321e+00;-1.158033e+01;1.008654e-01;3.941419e+00;-3.562425e+00;-9.111451e+00;-4.983673e-01
5;0.500000;-7.718763e-01;-4.626770e-01;5.600326e+00;-7.843990e-01;1.138028e+00;2.136316e-01;2.923363e+00;-3.023202e+00;-1.256969e+00;3.835938e+00;7.578338e+00;3.273265e+00;-3.288924e+00;-6.243973e-01
