frameIndex;frameTime;pcm_fftMag_mfcc[0];pcm_fftMag_mfcc[1];pcm_fftMag_mfcc[2];pcm_fftMag_mfcc[3];pcm_fftMag_mfcc[4];pcm_fftMag_mfcc[5];pcm_fftMag_mfcc[6];pcm_fftMag_mfcc[7];pcm_fftMag_mfcc[8];pcm_fftMag_mfcc[9];pcm_fftMag_mfcc[10];pcm_fftMag_mfcc[11];pcm_fftMag_mfcc[12];pcm_fftMag_mfcc[13]
0;0.000000;2.878961e+00;2.416687e+00;-2.029533e+00;-2.707756e+00;5.956116e+00;3.206028e+00;2.828263e+00;-5.079917e+00;3.396591e+00;7.105341e-01;-4.988390e+00;-1.003078e+01;-5.238349e+00;-3.340279e+00
1;0.100000;2.775875e+00;-3.430599e+00;3.725607e+00;-2.766594e+00;-1.002577e+00;2.747823e+00;1.345373e+00;7.170563e-01;-2.824653e+00;3.221379e+00;-5.778293e+00;-5.807943e+00;-7.177851e-01;-2.775497e-01
2;0.200000;1.127356e+00;-6.327349e+00;4.811288e+00;-3.980637e+00;-1.542198e+00;8.910098e-01;7.662659e-01;1.768430e+00;-5.824836e+00;4.975253e+00;-2.871303e+00;2.649755e+00;2.737138e-01;1.809959e+00
3;0.300000;-1.252993e+00;-5.390231e+00;1.519529e+00;-1.971123e+00;-1.035238e+00;-1.453615e+00;2.183605e+00;5.652456e-01;-7.204771e-01;2.775018e+00;5.526014e+00;7.157924e+00;2.153291e+00;2.074570e+00
4;0.400000;-2.337394e+00;2.467688e+00;-2.895609e+00;4.068944e+00;-2.393398e+00;-3.195971e+00;-2.078731e+00;-7.514324e-01;1.159583e+00;-4.607574e+00;6.801437e+00;5.467929e+00;1.003902e+00;1.250153e+00
5;0.500000;-3.191803e+00;1.026381e+01;-5.131280e+00;7.357168e+00;1.729393e-02;-2.195276e+00;-5.044778e+00;2.780620e+00;4.813802e+00;-7.074612e+00;1.310535e+00;5.631151e-01;2.525229e+00;-1.516853e+00
