frameIndex;frameTime;pcm_fftMag_mfcc[0];pcm_fftMag_mfcc[1];pcm_fftMag_mfcc[2];pcm_fftMag_mfcc[3];pcm_fftMag_mfcc[4];pcm_fftMag_mfcc[5];pcm_fftMag_mfcc[6];pcm_fftMag_mfcc[7];pcm_fftMag_mfcc[8];pcm_fftMag_mfcc[9];pcm_fftMag_mfcc[10];pcm_fftMag_mfcc[11];pcm_fftMag_mfcc[12];pcm_fftMag_mfcc[13]
0;0.000000;3.296686e+00;-3.549366e+00;-3.898868e+00;6.616934e+00;4.223002e+00;-1.191698e+01;7.166896e-01;5.941728e+00;-3.689299e+00;3.421293e+00;-5.291587e+00;-1.856045e+00;9.570930e+00;-4.737091e-01
1;0.100000;5.573935e+00;-1.012875e+00;-6.207252e+00;2.768500e+00;7.806235e+00;-4.412682e+00;2.489073e+00;4.930933e+00;-3.599749e-01;9.407973e-01;-4.312081e+00;2.337551e-01;6.039558e+00;-2.562012e+00
2;0.200000;-1.709242e-01;5.256272e+00;-5.281005e+00;-4.523687e+00;6.239674e+00;9.489173e+00;-1.554522e+00;-4.916264e+00;7.172544e+00;-3.569051e-01;-5.816487e-01;2.822255e+00;-2.838983e+00;-1.503288e+00
3;0.300000;-5.206779e+00;1.786369e+00;4.805638e+00;-9.666462e-01;-4.588341e+00;6.213272e+00;5.202354e-01;-5.447157e+00;2.203693e-01;7.207077e-01;7.095300e+00;6.907692e-01;-6.946043e+00;7.985229e-01
4;0.400000;-3.492916e+00;-2.480400e+00;1.058148e+01;-3.895102e+00;-1.368057e+01;6.272182e-01;-2.171475e+00;-5.092392e-01;-3.343635e+00;-4.725893e+00;3.090017e+00;-1.890731e+00;-5.825463e+00;3.740463e+00
