frameIndex;frameTime;pcm_fftMag_mfcc[0];pcm_fftMag_mfcc[1];pcm_fftMag_mfcc[2];pcm_fftMag_mfcc[3];pcm_fftMag_mfcc[4];pcm_fftMag_mfcc[5];pcm_fftMag_mfcc[6];pcm_fftMag_mfcc[7];pcm_fftMag_mfcc[8];pcm_fftMag_mfcc[9];pcm_fftMag_mfcc[10];pcm_fftMag_mfcc[11];pcm_fftMag_mfcc[12];pcm_fftMag_mfcc[13]
0;0.000000;-5.833778e+00;8.836447e+00;9.734198e+00;-3.046496e+00;-2.528826e+00;3.213451e+00;-3.753035e+00;-7.205192e+00;-5.678139e+00;5.181375e+00;-7.449484e+00;-5.836711e+00;1.137256e+00;-3.167931e+00
1;0.100000;-1.349066e+00;7.841185e+00;-1.368347e+00;2.811517e+00;-2.582935e+00;1.281529e+00;2.999364e+00;-8.489077e-01;-2.433413e+00;1.094144e+00;4.740504e-01;8.746132e-01;1.479325e-01;3.198700e-01
2;0.200000;1.878420e+00;2.627572e+00;-5.633777e+00;5.718918e+00;-5.199770e+00;2.252431e+00;7.274295e+00;1.559288e+00;1.407139e+00;6.406767e-01;7.205500e+00;3.053755e+00;-2.174083e+00;2.209183e+00
3;0.300000;2.764064e+00;-2.170704e+00;-2.177034e+00;1.602471e+00;-3.884193e+00;2.240632e+00;5.821155e+00;2.692233e+00;1.162044e+00;1.883874e+00;6.671820e+00;2.668805e+00;-3.759947e-01;1.486664e+00
4;0.400000;1.235231e+00;-7.042975e+00;8.805017e-01;-2.373087e+00;4.830107e+00;-3.818236e+00;-3.006184e+00;1.572076e+00;3.458623e+00;-1.082422e+00;6.216735e-02;-2.419180e-01;9.358916e-01;-2.395630e-01
5;0.500000;1.305126e+00;-1.009152e+01;-1.435540e+00;-4.713320e+00;9.365618e+00;-5.169807e+00;-9.335594e+00;2.230501e+00;2.083750e+00;-7.717647e+00;-6.964053e+00;-5.185440e-01;3.289981e-01;-6.082306e-01
