frameIndex;frameTime;pcm_fftMag_mfcc[0];pcm_fftMag_mfcc[1];pcm_fftMag_mfcc[2];pcm_fftMag_mfcc[3];pcm_fftMag_mfcc[4];pcm_fftMag_mfcc[5];pcm_fftMag_mfcc[6];pcm_fftMag_mfcc[7];pcm_fftMag_mfcc[8];pcm_fftMag_mfcc[9];pcm_fftMag_mfcc[10];pcm_fftMag_mfcc[11];pcm_fftMag_mfcc[12];pcm_fftMag_mfcc[13]
0;0.000000;-3.486293e+00;-5.524427e+00;-1.730431e+00;5.041462e+00;-1.332070e+00;-7.325498e+00;1.922508e+00;-9.993525e-01;2.035804e+00;1.244230e+00;1.409688e-01;-2.382794e+00;-1.329056e+00;3.186859e+00
1;0.100000;-5.262254e+00;-8.234172e-01;-1.225347e+00;4.694265e+00;1.466595e+00;-7.543128e+00;9.048629e-01;7.642570e-01;6.282043e-01;-4.101231e-01;1.008489e+00;-2.626831e+00;-1.357322e+00;3.650543e+00
2;0.200000;-3.782530e+00;5.404816e+00;7.368731e-01;1.956657e+00;1.327305e+00;-7.059371e+00;-1.099645e+00;2.191610e-01;-1.436720e-01;-8.224304e-01;1.677848e+00;-1.813587e+00;-2.872218e-01;1.319122e+00
3;0.300000;9.890251e-01;6.488717e+00;1.652430e+00;-1.247976e+00;-1.756173e+00;-9.302340e-01;1.422527e+00;-2.381423e+00;1.013498e-01;1.124488e+00;1.029069e+00;-3.175385e-01;2.503093e+00;-2.668312e+00
4;0.400000;6.473960e+00;-1.208916e+00;2.841491e+00;-3.038977e+00;-3.787199e+00;9.794156e+00;-8.915582e-01;-5.891185e-01;1.257530e+00;-2.029572e-01;4.454718e-01;2.943131e+00;-1.471109e+00;-4.478592e+00
5;0.500000;5.068096e+00;-4.336773e+00;-2.275015e+00;-7.405428e+00;4.081543e+00;1.306408e+01;-2.258696e+00;2.986478e+00;-3.879215e+00;-9.332078e-01;-4.301847e+00;4.197617e+00;1.941617e+00;-1.009659e+00
