frameIndex;frameTime;pcm_fftMag_mfcc[0];pcm_fftMag_mfcc[1];pcm_fftMag_mfcc[2];pcm_fftMag_mfcc[3];pcm_fftMag_mfcc[4];pcm_fftMag_mfcc[5];pcm_fftMag_mfcc[6];pcm_fftMag_mfcc[7];pcm_fftMag_mfcc[8];pcm_fftMag_mfcc[9];pcm_fftMag_mfcc[10];pcm_fftMag_mfcc[11];pcm_fftMag_mfcc[12];pcm_fftMag_mfcc[13]
0;0.000000;2.335322e+00;4.200325e-01;1.631300e+00;-1.560382e+00;-4.222547e+00;-5.298551e-01;4.400005e-01;2.126241e+00;8.946218e-01;-1.874352e-01;2.121505e+00;-2.566695e+00;1.172809e+00;-4.440689e-01
1;0.100000;1.666182e+00;-5.744290e-01;-1.691939e+00;-3.638722e+00;-7.384114e+00;1.727741e-01;-1.722373e+00;1.251982e+00;-6.101785e-01;-3.856724e+00;2.433625e+00;-1.670826e+00;-7.082534e-01;3.344711e+00
2;0.200000;1.685862e+00;-4.544640e-02;-2.504449e+00;-5.169641e+00;-7.637830e+00;2.527240e+00;-3.408131e+00;1.117902e+00;-2.498405e+00;-6.068498e+00;2.981601e+00;-1.200278e+00;-3.360564e+00;3.546165e+00
3;0.300000;2.058255e+00;1.846158e+00;-7.119169e-01;-3.674430e+00;-2.496078e+00;5.960666e+00;-1.519052e+00;1.176072e+00;-3.574532e+00;-4.325671e+00;3.040215e+00;-2.349834e-01;-4.171804e+00;5.470657e-01
4;0.400000;-7.460833e-01;1.428391e+00;1.199790e+00;3.706010e+00;8.193089e+00;-2.752324e+00;2.191843e+00;-3.852701e+00;1.312990e-01;4.195611e+00;-5.130595e+00;2.133062e+00;2.383934e+00;-2.276146e+00
5;0.500000;-6.999537e+00;-3.074708e+00;2.077223e+00;1.033717e+01;1.354748e+01;-5.378502e+00;4.017717e+00;-1.819495e+00;5.657192e+00;1.024272e+01;-5.446349e+00;3.539721e+00;4.683877e+00;-4.717712e+00
