frameIndex;frameTime;pcm_fftMag_mfcc[0];pcm_fftMag_mfcc[1];pcm_fftMag_mfcc[2];pcm_fftMag_mfcc[3];pcm_fftMag_mfcc[4];pcm_fftMag_mfcc[5];pcm_fftMag_mfcc[6];pcm_fftMag_mfcc[7];pcm_fftMag_mfcc[8];pcm_fftMag_mfcc[9];pcm_fftMag_mfcc[10];pcm_fftMag_mfcc[11];pcm_fftMag_mfcc[12];pcm_fftMag_mfcc[13]
0;0.000000;4.061172e+00;-2.701329e+00;-7.178663e+00;2.174673e+00;2.192343e+00;7.492229e+00;-8.510150e+00;-2.574316e+00;1.373769e+00;-5.441965e+00;-4.439446e+00;-7.224275e+00;-1.254505e+00;-1.228561e-01
1;0.100000;2.867042e+00;-7.437163e+00;-8.953125e+00;-8.481474e-01;5.866783e+00;2.339467e+00;-3.407345e+00;6.868061e+00;1.790553e+00;4.870412e-01;-3.558624e+00;-3.428340e+00;-2.404580e+00;2.563911e+00
2;0.200000;5.557261e-01;-7.991099e+00;-5.048018e+00;-3.483550e+00;3.232529e+00;1.607953e+00;-5.732293e+00;6.273330e+00;1.204824e+00;6.693065e-01;-5.447998e+00;-1.774131e+00;-2.099452e-01;3.184166e+00
3;0.300000;-1.519894e+00;-2.143824e+00;2.868940e+00;-2.070207e+00;1.150984e+00;8.971691e-02;-6.424766e+00;2.270196e+00;1.920757e-01;-5.148921e-01;-5.131989e+00;1.541362e+00;1.620893e+00;1.003929e+00
4;0.400000;-3.533085e+00;8.575038e+00;1.009129e+01;9.398012e-01;-5.235664e+00;-3.846326e+00;6.568085e+00;-2.902606e+00;-5.289898e-01;-8.688138e-01;6.456618e+00;6.581604e+00;2.241129e+00;-2.406006e+00
5;0.500000;-2.430961e+00;1.169838e+01;8.219572e+00;3.287430e+00;-7.206972e+00;-7.683036e+00;1.750647e+01;-9.934665e+00;-4.032234e+00;5.669323e+00;1.212144e+01;4.303788e+00;7.009029e-03;-4.223152e+00
