frameIndex;frameTime;pcm_fftMag_mfcc[0];pcm_fftMag_mfcc[1];pcm_fftMag_mfcc[2];pcm_fftMag_mfcc[3];pcm_fftMag_mfcc[4];pcm_fftMag_mfcc[5];pcm_fftMag_mfcc[6];pcm_fftMag_mfcc[7];pcm_fftMag_mfcc[8];pcm_fftMag_mfcc[9];pcm_fftMag_mfcc[10];pcm_fftMag_mfcc[11];pcm_fftMag_mfcc[12];pcm_fftMag_mfcc[13]
0;0.000000;3.545811e+00;3.562816e+00;-1.535312e+00;9.684272e+00;2.260830e+00;7.342384e+00;2.371208e+00;6.052725e-01;4.742813e+00;2.968378e-01;1.136112e-01;8.999392e+00;1.121862e+00;-4.039764e-02
1;0.100000;4.283361e+00;1.192825e+00;-2.204528e+00;4.954234e+00;4.677545e+00;8.277912e+00;-6.298993e-01;1.345837e-01;3.763917e+00;2.912559e+00;1.450740e+00;2.605825e+00;1.484999e+00;-1.036072e+00
2;0.200000;-4.638166e-01;-2.736528e+00;-2.458672e+00;-2.394943e+00;4.454520e+00;-4.672689e-01;-3.172719e+00;-2.021805e+00;-1.804688e+00;5.141037e-01;1.803996e+00;-2.200915e+00;4.864156e-01;6.017227e-01
3;0.300000;-3.687157e+00;-4.820830e-01;-2.690172e-01;-3.920988e+00;1.779600e+00;-2.216162e+00;-2.228562e+00;3.482819e-03;-1.888800e+00;-1.233082e+00;-3.163383e-01;-4.770733e+00;-2.298831e+00;1.718742e+00
4;0.400000;-3.647300e+00;7.050984e-01;3.518823e+00;-3.423134e+00;-3.423157e+00;-3.763996e+00;2.007835e+00;1.996248e+00;-1.991310e+00;-1.239060e+00;-8.070800e-01;-4.025893e+00;-1.340339e+00;7.912827e-01
5;0.500000;-3.090286e-02;-2.242129e+00;2.948709e+00;-4.899442e+00;-9.749336e+00;-9.172869e+00;1.652137e+00;-7.177812e-01;-2.821932e+00;-1.251357e+00;-2.244927e+00;-6.076756e-01;5.458946e-01;-2.035233e+00
