frameIndex;frameTime;pcm_fftMag_mfcc[0];pcm_fftMag_mfcc[1];pcm_fftMag_mfcc[2];pcm_fftMag_mfcc[3];pcm_fftMag_mfcc[4];pcm_fftMag_mfcc[5];pcm_fftMag_mfcc[6];pcm_fftMag_mfcc[7];pcm_fftMag_mfcc[8];pcm_fftMag_mfcc[9];pcm_fftMag_mfcc[10];pcm_fftMag_mfcc[11];pcm_fftMag_mfcc[12];pcm_fftMag_mfcc[13]
0;0.000000;-5.073383e+00;1.028438e+00;7.144300e+00;2.463762e+00;2.070177e+00;-4.616285e+00;6.028588e+00;3.383550e+00;9.331121e-01;-7.695266e+00;1.543765e+00;2.332166e+00;1.130752e+00;5.750732e-01
1;0.100000;-2.833217e+00;-6.463261e-01;3.281888e+00;2.675598e+00;2.156710e+00;-7.754642e+00;5.716895e+00;2.160047e+00;-2.310899e+00;-4.576349e+00;-1.853919e+00;8.315238e-01;2.850195e+00;9.398804e-01
2;0.200000;-1.314584e+00;-8.577681e-02;3.941017e+00;4.370109e+00;-6.564636e-01;-3.416765e+00;3.876286e-01;1.386214e+00;-2.002306e+00;-2.289383e-01;-2.981696e+00;7.981492e-01;3.087659e+00;-7.068100e-01
3;0.300000;1.355678e+00;9.348073e-01;4.199400e-01;2.245353e+00;-1.996275e+00;4.058042e+00;-2.646447e+00;2.488470e-01;-1.350304e+00;6.830673e+00;1.232815e-02;7.903227e-01;-2.916492e+00;-2.012634e+00
4;0.400000;4.147651e+00;6.665583e-01;-6.572885e+00;-3.469943e+00;-2.318390e+00;6.040192e+00;-4.230955e+00;-1.869608e+00;-4.431429e-01;5.295848e+00;1.722036e+00;-1.519718e+00;-4.013653e+00;-1.038971e-01
5;0.500000;3.717858e+00;-1.897699e+00;-8.214258e+00;-8.284883e+00;7.442455e-01;5.689460e+00;-5.255707e+00;-5.309049e+00;5.173542e+00;3.740329e-01;1.557486e+00;-3.232444e+00;-1.384611e-01;1.308418e+00
