frameIndex;frameTime;pcm_fftMag_mfcc[0];pcm_fftMag_mfcc[1];pcm_fftMag_mfcc[2];pcm_fftMag_mfcc[3];pcm_fftMag_mfcc[4];pcm_fftMag_mfcc[5];pcm_fftMag_mfcc[6];pcm_fftMag_mfcc[7];pcm_fftMag_mfcc[8];pcm_fftMag_mfcc[9];pcm_fftMag_mfcc[10];pcm_fftMag_mfcc[11];pcm_fftMag_mfcc[12];pcm_fftMag_mfcc[13]
0;0.000000;-4.197415e+00;-3.448334e+00;5.308687e+00;5.141878e-01;5.678404e+00;-5.327120e+00;-5.901480e-02;-3.629766e+00;-3.877605e+00;-3.015641e+00;-6.632650e-01;2.798575e+00;2.976325e+00;-3.736519e+00
1;0.100000;1.983480e-01;-3.865661e+00;3.997749e+00;-1.346930e+00;4.738216e+00;-1.364350e+00;-3.156162e+00;-4.255997e+00;-3.354115e+00;-2.359080e+00;-1.543576e+00;2.166166e+00;3.526007e+00;1.339798e+00
2;0.200000;1.524818e+00;-2.437794e+00;1.403122e+00;-1.099440e+00;3.043313e+00;2.141615e+00;-3.293293e+00;-3.638592e+00;-1.776040e+00;-2.227235e+00;-1.948813e+00;1.719824e+00;3.710746e+00;2.848633e+00
3;0.300000;1.377481e+00;6.014376e-01;-3.008684e+00;-1.407274e+00;-8.562983e-01;3.344446e+00;-1.597595e+00;-8.879642e-01;1.597473e+00;-9.784698e-02;-1.234002e+00;6.442299e-01;1.970569e+00;9.573059e-01
4;0.400000;7.321024e-01;2.014570e+00;-4.965221e+00;-1.356863e+00;-7.349192e+00;1.973643e+00;3.138918e+00;4.324801e+00;2.217440e+00;2.534307e+00;1.789338e+00;-3.333313e+00;-4.952147e+00;-1.419083e+00
5;0.500000;3.646650e-01;7.135782e+00;-2.735651e+00;4.696315e+00;-5.254442e+00;-7.682344e-01;4.967144e+00;8.087517e+00;5.192845e+00;5.165495e+00;3.600317e+00;-3.995482e+00;-7.231501e+00;9.925842e-03
