frameIndex;frameTime;pcm_fftMag_mfcc[0];pcm_fftMag_mfcc[1];pcm_fftMag_mfcc[2];pcm_fftMag_mfcc[3];pcm_fftMag_mfcc[4];pcm_fftMag_mfcc[5];pcm_fftMag_mfcc[6];pcm_fftMag_mfcc[7];pcm_fftMag_mfcc[8];pcm_fftMag_mfcc[9];pcm_fftMag_mfcc[10];pcm_fftMag_mfcc[11];pcm_fftMag_mfcc[12];pcm_fftMag_mfcc[13]
0;0.000000;-1.814653e+00;4.827404e-02;-8.036437e-01;3.804124e+00;-2.414031e+00;-6.064919e+00;2.251394e+00;1.437061e+00;5.329571e-01;1.487036e-01;-7.464197e+00;-1.107712e+00;6.426824e+00;-5.774918e-01
1;0.100000;1.814652e+00;-4.827309e-02;8.036437e-01;-3.804125e+00;2.414032e+00;6.064919e+00;-2.251395e+00;-1.437061e+00;-5.329571e-01;-1.487045e-01;7.464197e+00;1.107711e+00;-6.426824e+00;5.774841e-01
