frameIndex;frameTime;pcm_fftMag_mfcc[0];pcm_fftMag_mfcc[1];pcm_fftMag_mfcc[2];pcm_fftMag_mfcc[3];pcm_fftMag_mfcc[4];pcm_fftMag_mfcc[5];pcm_fftMag_mfcc[6];pcm_fftMag_mfcc[7];pcm_fftMag_mfcc[8];pcm_fftMag_mfcc[9];pcm_fftMag_mfcc[10];pcm_fftMag_mfcc[11];pcm_fftMag_mfcc[12];pcm_fftMag_mfcc[13]
0;0.000000;-4.811419e+00;-7.099586e-01;1.413599e+00;7.804662e+00;-4.715214e-01;-3.121614e+00;-1.617599e+00;3.912315e-01;5.763003e+00;3.602986e+00;-8.679269e+00;-5.393810e-01;3.456057e+00;1.673035e+00
1;0.100000;-2.607036e+00;-1.495870e+00;1.240155e+00;6.409943e+00;2.204064e+00;-2.512476e+00;-3.227935e+00;3.372441e+00;6.138474e+00;5.237737e-01;-3.236411e+00;-2.758212e+00;1.203306e+00;1.575722e+00
2;0.200000;-1.514688e-01;-1.715321e+00;5.297481e+00;4.451022e+00;1.981530e+00;-1.136241e+00;-2.735385e+00;2.818699e-01;3.664000e+00;-5.003896e+00;-1.352021e+00;-3.021441e+00;-2.792106e+00;6.426163e-01
3;0.300000;2.430991e+00;-1.354326e+00;3.545190e+00;-7.417870e-01;2.791454e+00;1.417657e+00;2.468352e+00;1.566177e+00;-2.179989e+00;-2.947637e+00;4.239736e+00;3.214998e+00;-3.057643e+00;4.946899e-01
4;0.400000;3.281526e+00;-5.053849e-01;-4.414148e+00;-7.828772e+00;-2.030790e+00;-8.320103e-01;1.718211e+00;-1.422924e+00;-7.293854e+00;-1.649897e+00;5.496118e+00;2.766771e-01;-2.634517e+00;-9.875336e-01
5;0.500000;1.857407e+00;5.780859e+00;-7.082277e+00;-1.009507e+01;-4.474751e+00;6.184687e+00;3.394352e+00;-4.188803e+00;-6.091633e+00;5.474671e+00;3.531847e+00;2.827356e+00;3.824899e+00;-3.398605e+00
