frameIndex;frameTime;pcm_fftMag_mfcc[0];pcm_fftMag_mfcc[1];pcm_fftMag_mfcc[2];pcm_fftMag_mfcc[3];pcm_fftMag_mfcc[4];pcm_fftMag_mfcc[5];pcm_fftMag_mfcc[6];pcm_fftMag_mfcc[7];pcm_fftMag_mfcc[8];pcm_fftMag_mfcc[9];pcm_fftMag_mfcc[10];pcm_fftMag_mfcc[11];pcm_fftMag_mfcc[12];pcm_fftMag_mfcc[13]
0;0.000000;-5.650164e+00;-1.154210e+00;-3.256273e+00;5.970844e+00;5.229204e+00;2.197845e+00;1.895568e+00;1.462985e+01;1.594934e+01;1.069223e+01;8.570530e+00;3.159850e+00;-8.190328e+00;-3.227806e+00
1;0.100000;-2.003002e+00;-6.930189e-01;-4.075265e+00;-2.098637e-01;-4.226288e+00;-1.399265e+00;-1.777212e+00;-6.138449e-01;-8.206272e-02;-5.345118e-01;1.529071e+00;4.453037e+00;1.088133e-01;2.640762e-01
2;0.200000;2.078941e+00;4.503956e-01;6.852961e-01;-2.697275e+00;-2.763987e+00;-1.179117e+00;-1.382188e+00;-6.812955e+00;-6.831069e+00;-5.652246e+00;-4.325316e+00;-1.494926e+00;3.309849e+00;2.038696e+00
3;0.300000;5.574227e+00;1.396837e+00;6.646243e+00;-3.063709e+00;1.761070e+00;3.805370e-01;1.263831e+00;-7.203053e+00;-9.036210e+00;-4.505477e+00;-5.774285e+00;-6.117960e+00;4.771664e+00;9.250412e-01
