frameIndex;frameTime;pcm_fftMag_mfcc[0];pcm_fftMag_mfcc[1];pcm_fftMag_mfcc[2];pcm_fftMag_mfcc[3];pcm_fftMag_mfcc[4];pcm_fftMag_mfcc[5];pcm_fftMag_mfcc[6];pcm_fftMag_mfcc[7];pcm_fftMag_mfcc[8];pcm_fftMag_mfcc[9];pcm_fftMag_mfcc[10];pcm_fftMag_mfcc[11];pcm_fftMag_mfcc[12];pcm_fftMag_mfcc[13]
0;0.000000;4.388592e+00;5.222373e-01;-4.510087e+00;-2.801870e+00;3.770855e+00;1.045813e+01;-1.809384e+00;-2.047680e+00;-3.688757e+00;-1.271811e-01;1.013556e-01;2.997918e-01;-3.429653e+00;-3.379082e+00
1;0.100000;-2.400446e-01;-1.437840e+00;-2.124136e+00;-4.313940e+00;-1.445006e+00;4.586889e+00;-2.548816e+00;-9.030186e+00;-4.244299e+00;-4.498067e-01;-3.504982e-01;6.080787e-01;-1.824072e+00;-3.272781e-01
2;0.200000;-1.945819e+00;3.870482e-01;1.108081e+00;-1.718031e+00;-1.496924e+00;2.228598e+00;-3.908074e+00;-8.024673e+00;4.737759e-01;5.459542e-01;1.559148e+00;3.303391e+00;1.670248e+00;1.056313e+00
3;0.300000;-1.918107e+00;2.100585e+00;2.386866e+00;2.952148e+00;-3.636236e-01;-3.203489e+00;-2.407448e+00;-8.264647e-01;4.506430e+00;-8.606195e-02;2.073102e+00;2.598808e+00;4.284264e+00;9.576340e-01
4;0.400000;-8.440742e-01;9.849153e-01;2.718498e+00;4.888729e+00;-7.435608e-01;-9.547701e+00;2.710274e+00;7.872864e+00;3.374427e+00;6.308689e-01;3.790789e-01;-3.502697e+00;3.216175e-01;1.090530e+00
5;0.500000;5.594568e-01;-2.556945e+00;4.207787e-01;9.929619e-01;2.782583e-01;-4.522436e+00;7.963445e+00;1.205613e+01;-4.215736e-01;-5.137734e-01;-3.762185e+00;-3.307373e+00;-1.022404e+00;6.018982e-01
