frameIndex;frameTime;pcm_fftMag_mfcc[0];pcm_fftMag_mfcc[1];pcm_fftMag_mfcc[2];pcm_fftMag_mfcc[3];pcm_fftMag_mfcc[4];pcm_fftMag_mfcc[5];pcm_fftMag_mfcc[6];pcm_fftMag_mfcc[7];pcm_fftMag_mfcc[8];pcm_fftMag_mfcc[9];pcm_fftMag_mfcc[10];pcm_fftMag_mfcc[11];pcm_fftMag_mfcc[12];pcm_fftMag_mfcc[13]
0;0.000000;4.437995e+00;-7.111069e+00;-9.810829e-01;2.842178e+00;-4.204378e-01;3.431679e+00;-2.006043e+00;-1.322689e+00;2.629839e+00;4.696974e+00;-1.487786e+00;-3.277531e+00;1.534631e-01;-1.602226e+00
1;0.100000;-1.460221e+00;-4.391645e+00;-6.168646e+00;1.387463e+00;1.126844e+00;1.554658e+00;1.631742e+00;-1.527092e+00;3.678632e+00;7.282760e+00;-2.260504e+00;-1.285194e+00;4.174919e+00;2.530350e+00
2;0.200000;-4.694647e+00;-3.013129e-01;-5.367847e+00;2.376213e-01;2.912301e+00;-3.789139e-01;1.367569e-01;-1.666061e+00;8.324575e-01;3.171315e+00;-4.863187e+00;-3.614658e+00;2.321029e+00;3.120483e+00
3;0.300000;-4.149929e+00;5.260755e+00;-5.889511e-02;-7.017136e-03;6.998634e-01;-4.872045e+00;-8.735142e-01;1.197392e+00;-3.159981e+00;-2.425868e+00;-2.142941e+00;-2.415606e+00;-9.717462e-01;1.365135e+00
4;0.400000;8.365135e-01;5.571068e+00;4.952857e+00;1.057911e-01;-1.570895e+00;-2.409476e+00;2.475463e+00;4.148386e+00;-4.756606e+00;-5.021361e+00;3.316646e+00;3.239325e+00;-4.073167e-02;-1.135979e+00
5;0.500000;5.030291e+00;9.722017e-01;7.623619e+00;-4.566040e+00;-2.747673e+00;2.674099e+00;-1.364404e+00;-8.299274e-01;7.756555e-01;-7.703819e+00;7.437772e+00;7.353666e+00;-5.636931e+00;-4.277733e+00
