frameIndex;frameTime;pcm_fftMag_mfcc[0];pcm_fftMag_mfcc[1];pcm_fftMag_mfcc[2];pcm_fftMag_mfcc[3];pcm_fftMag_mfcc[4];pcm_fftMag_mfcc[5];pcm_fftMag_mfcc[6];pcm_fftMag_mfcc[7];pcm_fftMag_mfcc[8];pcm_fftMag_mfcc[9];pcm_fftMag_mfcc[10];pcm_fftMag_mfcc[11];pcm_fftMag_mfcc[12];pcm_fftMag_mfcc[13]
0;0.000000;5.904010e+00;-2.906165e+00;-5.331421e-01;-7.837528e+00;5.685587e-01;6.014914e+00;-1.011912e+01;2.007894e+00;-2.967386e+00;-3.771914e+00;-2.991663e+00;-8.485538e+00;2.704123e+00;-7.598953e-01
1;0.100000;4.409458e+00;-1.695118e+00;1.213510e+00;-2.468210e+00;5.414734e-01;2.288256e+00;-7.918787e+00;2.093998e+00;-5.367247e-01;-2.111520e+00;-5.582161e+00;-1.122218e+01;-7.689780e+00;-7.325363e-01
2;0.200000;-4.293041e-01;2.536427e+00;2.229923e+00;2.177258e+00;2.110217e+00;-1.073711e+00;8.104992e-01;-1.207120e+00;1.529337e+00;-9.940990e-01;-6.206396e+00;-7.137076e+00;-1.146844e+01;7.167053e-01
3;0.300000;-4.050535e+00;5.171577e+00;3.736709e+00;3.905168e+00;-1.428480e-01;-4.438988e+00;4.587799e+00;-3.078475e+00;-3.273972e+00;-3.340065e-01;2.912264e-01;3.282726e+00;-3.917414e+00;5.687332e-01
4;0.400000;-4.137600e+00;2.017725e+00;-9.360409e-02;5.662522e+00;1.615965e+00;-3.683123e+00;5.329880e+00;-3.609063e+00;-1.990157e+00;3.260831e+00;6.558929e+00;1.260905e+01;8.346878e+00;1.677856e-01
5;0.500000;-1.696032e+00;-5.124446e+00;-6.553395e+00;-1.439215e+00;-4.693365e+00;8.926582e-01;7.309725e+00;3.792763e+00;7.238902e+00;3.950708e+00;7.930064e+00;1.095302e+01;1.202464e+01;3.923035e-02
