frameIndex;frameTime;pcm_fftMag_mfcc[0];pcm_fftMag_mfcc[1];pcm_fftMag_mfcc[2];pcm_fftMag_mfcc[3];pcm_fftMag_mfcc[4];pcm_fftMag_mfcc[5];pcm_fftMag_mfcc[6];pcm_fftMag_mfcc[7];pcm_fftMag_mfcc[8];pcm_fftMag_mfcc[9];pcm_fftMag_mfcc[10];pcm_fftMag_mfcc[11];pcm_fftMag_mfcc[12];pcm_fftMag_mfcc[13]
0;0.000000;-5.100536e-01;-7.486934e+00;-1.455303e+00;7.775534e+00;-5.579060e+00;-4.287853e+00;6.282496e+00;8.573402e+00;-3.935928e+00;-6.793780e+00;-6.446282e+00;4.014874e+00;1.525258e+00;2.424240e+00
1;0.100000;-3.512573e-01;-4.971376e+00;6.595411e-01;5.929064e+00;-6.057701e+00;-2.188345e+00;2.171575e+00;2.172804e+00;-3.984320e+00;-3.157124e+00;-4.447183e+00;3.512139e+00;1.298521e+00;1.233139e+00
2;0.200000;1.881073e+00;-1.884975e+00;2.654918e+00;1.805355e+00;-1.911259e+00;1.784328e+00;-2.563972e-01;-3.567575e+00;-2.529863e+00;4.022990e+00;-2.038505e+00;1.333371e+00;1.064551e+00;-1.943840e+00
3;0.300000;1.176003e+00;4.091119e+00;1.486346e+00;-3.035778e+00;5.824248e+00;-1.773932e+00;9.994240e-01;-1.687966e+00;3.813620e+00;3.182034e+00;1.231301e+00;-6.555514e+00;-2.065337e+00;-3.223610e+00
4;0.400000;1.704025e-02;5.420440e+00;-9.300508e-01;-8.040083e+00;6.411534e+00;9.693260e-01;-4.226046e+00;-2.511007e+00;3.960505e+00;8.290067e-01;4.074687e+00;-2.654008e+00;-3.042167e+00;-9.533691e-02
5;0.500000;-2.212801e+00;4.831724e+00;-2.415451e+00;-4.434099e+00;1.312238e+00;5.496480e+00;-4.971050e+00;-2.979661e+00;2.675984e+00;1.916873e+00;7.625983e+00;3.491411e-01;1.219174e+00;1.605446e+00
