frameIndex;frameTime;pcm_fftMag_mfcc[0];pcm_fftMag_mfcc[1];pcm_fftMag_mfcc[2];pcm_fftMag_mfcc[3];pcm_fftMag_mfcc[4];pcm_fftMag_mfcc[5];pcm_fftMag_mfcc[6];pcm_fftMag_mfcc[7];pcm_fftMag_mfcc[8];pcm_fftMag_mfcc[9];pcm_fftMag_mfcc[10];pcm_fftMag_mfcc[11];pcm_fftMag_mfcc[12];pcm_fftMag_mfcc[13]
0;0.000000;7.867427e-01;4.496146e+00;3.107287e+00;-7.624056e+00;2.627509e+00;2.558356e+00;-6.982238e+00;-2.663264e+00;-7.216859e-01;9.549817e+00;1.179245e+00;-5.258051e+00;3.887860e+00;1.447121e+00
1;0.100000;9.863725e-01;5.058855e+00;1.639855e+00;-5.074163e+00;4.389247e+00;5.481099e+00;-9.834390e-01;-4.298477e+00;4.328717e+00;7.985467e+00;5.076104e+00;-3.525457e-01;-1.195879e+00;2.754662e+00
2;0.200000;4.165668e-01;1.785745e+00;3.626795e-01;3.167000e-01;5.521248e+00;5.195612e+00;2.123599e+00;-7.399287e-01;6.364806e+00;4.773734e+00;4.054717e+00;3.034720e+00;-3.616260e+00;2.461121e+00
3;0.300000;-3.094335e-01;-1.551622e+00;-9.719791e-01;4.140058e+00;2.692543e+00;1.871808e+00;4.117058e+00;2.573334e+00;4.319392e+00;1.560020e+00;1.522687e+00;3.931735e+00;-8.996820e-01;-2.287750e-01
4;0.400000;-2.839017e-01;-4.434994e+00;-3.805099e+00;5.986939e+00;-6.423117e+00;-6.322914e+00;4.117052e+00;1.242738e+00;-2.592021e+00;-9.549479e+00;-4.044891e+00;1.137003e+00;-9.069920e-03;-3.030617e+00
5;0.500000;-1.596346e+00;-5.354130e+00;-3.327475e-01;2.254521e+00;-8.807431e+00;-8.783962e+00;-2.392032e+00;3.885597e+00;-1.169921e+01;-1.431956e+01;-7.787860e+00;-2.492867e+00;1.833033e+00;-3.403481e+00
