frameIndex;frameTime;pcm_fftMag_mfcc[0];pcm_fftMag_mfcc[1];pcm_fftMag_mfcc[2];pcm_fftMag_mfcc[3];pcm_fftMag_mfcc[4];pcm_fftMag_mfcc[5];pcm_fftMag_mfcc[6];pcm_fftMag_mfcc[7];pcm_fftMag_mfcc[8];pcm_fftMag_mfcc[9];pcm_fftMag_mfcc[10];pcm_fftMag_mfcc[11];pcm_fftMag_mfcc[12];pcm_fftMag_mfcc[13]
0;0.000000;-1.027700e+00;2.326920e+00;-1.678024e+00;-1.736858e-01;4.038874e+00;2.922802e-01;-9.771128e-01;-3.830375e+00;-1.572646e+00;3.836206e+00;-1.472345e+00;3.807004e+00;-4.107271e+00;1.155075e+00
1;0.100000;9.698267e-01;-2.182883e+00;2.317133e-01;-2.458680e+00;2.540545e+00;-9.143448e-02;-1.698136e+00;-3.239580e-01;-1.550850e+00;2.580736e+00;-9.480703e-01;2.324471e-01;-3.737530e+00;2.116928e-01
2;0.200000;3.162527e-01;3.564682e-01;6.122837e-01;-1.167280e+00;8.612213e-01;-7.410002e-01;-2.622178e+00;-4.009098e-01;1.279509e+00;9.822683e-01;-4.014819e-01;-2.806869e+00;2.850881e+00;-3.277054e-01
3;0.300000;-1.260449e+00;3.184993e+00;2.395353e-01;2.762296e+00;-1.082592e+00;-2.006507e+00;-1.785068e+00;-7.515275e-02;2.151934e+00;-9.694545e-01;-4.419823e-01;-8.878856e-01;4.836831e+00;2.526779e-01
4;0.400000;-1.291404e+00;9.276047e-01;1.068807e+00;3.429472e+00;-5.008326e+00;-1.190742e+00;3.377390e+00;2.744456e+00;1.269751e+00;-3.830788e+00;1.441015e+00;4.721198e-01;1.786187e+00;-1.237183e-01
5;0.500000;2.293474e+00;-4.613100e+00;-4.743128e-01;-2.392122e+00;-1.349722e+00;3.737405e+00;3.705109e+00;1.885940e+00;-1.577698e+00;-2.598967e+00;1.822865e+00;-8.168187e-01;-1.629098e+00;-1.168106e+00
