frameIndex;frameTime;pcm_fftMag_mfcc[0];pcm_fftMag_mfcc[1];pcm_fftMag_mfcc[2];pcm_fftMag_mfcc[3];pcm_fftMag_mfcc[4];pcm_fftMag_mfcc[5];pcm_fftMag_mfcc[6];pcm_fftMag_mfcc[7];pcm_fftMag_mfcc[8];pcm_fftMag_mfcc[9];pcm_fftMag_mfcc[10];pcm_fftMag_mfcc[11];pcm_fftMag_mfcc[12];pcm_fftMag_mfcc[13]
0;0.000000;-7.627596e+00;-4.959728e+00;-1.809985e+00;4.252800e+00;3.069340e+00;-7.908206e+00;2.408592e+00;1.660088e+00;-3.837863e+00;-6.506391e+00;-7.824731e+00;-8.472607e+00;-8.988837e-01;3.228401e+00
1;0.100000;-4.147539e+00;-3.294333e+00;-1.181325e+00;1.260429e+00;2.183062e+00;-2.973950e+00;-1.265877e+00;1.818335e+00;-2.392179e+00;-5.790887e+00;-4.069190e+00;-7.303486e+00;2.957616e-01;2.246941e+00
2;0.200000;-7.904654e-01;-4.196084e-01;-8.652353e-01;-5.385768e+00;-4.658730e+00;-4.000158e-01;-5.735931e+00;-2.345459e+00;-4.633665e-01;-1.920223e-01;1.140152e+00;1.380736e+00;2.940202e+00;-1.716309e-01
3;0.300000;3.722833e+00;3.743929e+00;9.477472e-01;-5.234140e+00;-3.864805e+00;5.503315e+00;-5.951080e-01;-1.801056e+00;2.342754e+00;4.963140e+00;3.518750e+00;9.250256e+00;1.249355e+00;-1.625443e+00
4;0.400000;8.842772e+00;4.929740e+00;2.908802e+00;5.106677e+00;3.271137e+00;5.778860e+00;5.188324e+00;6.680946e-01;4.350651e+00;7.526163e+00;7.235019e+00;5.145102e+00;-3.586435e+00;-3.678299e+00
