frameIndex;frameTime;pcm_fftMag_mfcc[0];pcm_fftMag_mfcc[1];pcm_fftMag_mfcc[2];pcm_fftMag_mfcc[3];pcm_fftMag_mfcc[4];pcm_fftMag_mfcc[5];pcm_fftMag_mfcc[6];pcm_fftMag_mfcc[7];pcm_fftMag_mfcc[8];pcm_fftMag_mfcc[9];pcm_fftMag_mfcc[10];pcm_fftMag_mfcc[11];pcm_fftMag_mfcc[12];pcm_fftMag_mfcc[13]
0;0.000000;6.721306e-01;-5.813334e+00;2.531460e+00;-4.691028e+00;-2.614730e+00;5.162166e-01;-1.297608e+00;2.919207e+00;-2.899883e+00;6.668436e+00;-5.999050e+00;-6.725567e+00;-4.800898e+00;3.345520e+00
1;0.100000;-3.043737e-01;-6.541359e+00;-8.028889e-01;-2.592103e+00;-1.464969e+00;6.402588e-02;-3.327603e+00;4.173503e-01;9.912717e-02;3.832914e+00;-8.476696e-01;-4.125490e+00;-1.285463e+00;2.292931e+00
2;0.200000;-6.364698e-01;6.157656e-01;-1.257064e+00;4.094980e+00;2.844485e+00;-1.077053e+00;-1.593810e+00;-5.073125e+00;3.278992e+00;-1.165737e+00;2.823774e+00;-9.061568e-01;4.746342e-01;-9.652252e-01
3;0.300000;-5.948439e-01;1.028735e+01;-1.107572e+00;6.001126e+00;1.983678e+00;-2.685569e+00;3.244699e+00;-2.419466e+00;1.513520e+00;-2.979635e+00;3.019401e+00;1.557520e+00;-4.158282e-01;-3.594688e+00
4;0.400000;1.166229e-01;2.955899e+00;9.744453e-02;1.464345e+00;-1.177340e-01;2.228159e+00;2.610485e+00;1.490996e+00;2.018662e-01;-4.566232e+00;1.813591e+00;4.314637e+00;3.317383e+00;-8.808365e-01
5;0.500000;7.469282e-01;-1.504325e+00;5.386171e-01;-4.277321e+00;-6.307298e-01;9.542208e-01;3.638420e-01;2.665040e+00;-2.193622e+00;-1.789748e+00;-8.100476e-01;5.885057e+00;2.710172e+00;-1.976852e-01
