frameIndex;frameTime;pcm_fftMag_mfcc[0];pcm_fftMag_mfcc[1];pcm_fftMag_mfcc[2];pcm_fftMag_mfcc[3];pcm_fftMag_mfcc[4];pcm_fftMag_mfcc[5];pcm_fftMag_mfcc[6];pcm_fftMag_mfcc[7];pcm_fftMag_mfcc[8];pcm_fftMag_mfcc[9];pcm_fftMag_mfcc[10];pcm_fftMag_mfcc[11];pcm_fftMag_mfcc[12];pcm_fftMag_mfcc[13]
0;0.000000;9.081268e-02;4.202377e+00;-2.519249e+00;2.362881e+00;1.311748e+00;-1.052712e+00;2.414049e+00;-2.707273e+00;8.482458e+00;-2.623388e+00;-8.108102e+00;-3.224751e+00;6.567845e+00;-1.504349e+00
1;0.100000;2.967012e+00;9.987053e+00;-3.765028e+00;-2.931889e+00;-4.358469e-01;2.044950e+00;3.705648e+00;-1.527299e+00;6.418758e+00;-1.953228e+00;-1.249825e+00;-1.970907e+00;6.251594e+00;-4.475441e+00
2;0.200000;2.265867e+00;-1.093576e+00;2.981014e-01;-5.309420e+00;-1.194893e+00;1.228028e+00;-1.429039e+00;4.600694e+00;1.009941e-02;1.568223e+00;6.253964e+00;1.848181e+00;1.926425e+00;-2.277962e+00
3;0.300000;-2.261972e+00;-6.491838e+00;7.627335e-01;-3.934803e-01;1.228210e+00;2.105554e+00;-2.479240e+00;4.679547e+00;-7.650690e-01;6.196993e+00;5.593870e+00;4.210864e+00;-1.608148e+00;1.726852e+00
4;0.400000;-3.150570e+00;-5.356861e+00;1.833488e+00;3.215333e+00;1.827014e+00;5.912714e-01;-8.978329e-01;-1.709132e-01;-5.050787e+00;5.631206e-01;5.216713e-01;1.077625e+00;-4.506061e+00;3.629707e+00
5;0.500000;8.886147e-02;-1.247154e+00;3.389957e+00;3.056577e+00;-2.736232e+00;-4.917088e+00;-1.313581e+00;-4.874755e+00;-9.095461e+00;-3.751720e+00;-3.011578e+00;-1.941016e+00;-8.631662e+00;2.901138e+00
