frameIndex;frameTime;pcm_fftMag_mfcc[0];pcm_fftMag_mfcc[1];pcm_fftMag_mfcc[2];pcm_fftMag_mfcc[3];pcm_fftMag_mfcc[4];pcm_fftMag_mfcc[5];pcm_fftMag_mfcc[6];pcm_fftMag_mfcc[7];pcm_fftMag_mfcc[8];pcm_fftMag_mfcc[9];pcm_fftMag_mfcc[10];pcm_fftMag_mfcc[11];pcm_fftMag_mfcc[12];pcm_fftMag_mfcc[13]
0;0.000000;4.622514e+00;-4.317884e+00;-3.040869e+00;-7.470770e-01;-9.492226e+00;1.025316e+00;3.331232e+00;1.068826e+01;3.258843e-01;-1.025749e+00;-7.361411e+00;-5.344736e+00;-1.586803e+01;2.452217e+00
1;0.100000;1.674502e+00;3.654830e+00;-2.975827e+00;4.037513e+00;-4.799339e+00;4.088367e+00;5.924253e+00;9.838138e+00;5.217770e+00;3.506326e+00;-5.514233e+00;-5.142013e+00;-1.340970e+01;-3.619759e+00
2;0.200000;-4.339142e-01;2.822585e+00;2.677939e+00;3.925730e+00;3.335251e+00;-2.249298e-01;-3.371744e+00;1.433752e+00;1.648064e-01;3.377453e+00;2.570327e+00;1.408456e+00;1.523719e+00;-4.530258e+00
3;0.300000;-1.172514e+00;-1.642442e+00;5.563993e+00;-5.979080e-01;4.383951e+00;-2.732504e+00;-6.510221e+00;-6.360041e+00;-1.774461e+00;2.067582e+00;4.285650e+00;3.654018e+00;9.213358e+00;2.654724e-01
4;0.400000;-2.890274e+00;-1.958590e-01;3.757352e+00;-1.415260e+00;3.482704e+00;-3.411758e+00;-5.743099e+00;-9.587161e+00;-2.162943e-01;4.434555e-01;4.430468e+00;3.122579e+00;1.093318e+01;2.346809e+00
5;0.500000;-1.800320e+00;-3.212304e-01;-5.982588e+00;-5.202997e+00;3.089661e+00;1.255508e+00;6.369576e+00;-6.012942e+00;-3.717708e+00;-8.369068e+00;1.589199e+00;2.301697e+00;7.607472e+00;3.085541e+00
