frameIndex;frameTime;pcm_fftMag_mfcc[0];pcm_fftMag_mfcc[1];pcm_fftMag_mfcc[2];pcm_fftMag_mfcc[3];pcm_fftMag_mfcc[4];pcm_fftMag_mfcc[5];pcm_fftMag_mfcc[6];pcm_fftMag_mfcc[7];pcm_fftMag_mfcc[8];pcm_fftMag_mfcc[9];pcm_fftMag_mfcc[10];pcm_fftMag_mfcc[11];pcm_fftMag_mfcc[12];pcm_fftMag_mfcc[13]
0;0.000000;2.993345e+00;4.875427e+00;-1.087243e+01;-1.129608e+01;8.303061e+00;8.791725e+00;-1.128344e+00;-1.381299e+00;2.566016e-01;2.147245e+00;-2.880267e+00;-2.259865e+00;-1.467918e+00;-2.675934e-01
1;0.100000;-1.701670e+00;2.287743e+00;-3.595276e+00;-1.844995e+00;2.335951e+00;1.420621e+00;4.993987e+00;1.621895e+00;-2.991102e+00;-1.246352e-01;-2.731393e+00;-1.489797e+00;2.175836e-01;1.743469e-01
2;0.200000;-2.486509e+00;-1.504132e+00;5.869931e+00;6.061143e+00;-4.287950e+00;-5.496513e+00;-4.105473e-01;-5.621116e-01;-7.058525e-02;-2.575741e-01;1.639814e+00;1.998260e+00;4.775653e-01;5.336075e-01
3;0.300000;1.194835e+00;-5.659037e+00;8.597777e+00;7.079926e+00;-6.351062e+00;-4.715832e+00;-3.455097e+00;3.215156e-01;2.805085e+00;-1.765037e+00;3.971846e+00;1.751402e+00;7.727694e-01;-4.403763e-01
