frameIndex;frameTime;pcm_fftMag_mfcc[0];pcm_fftMag_mfcc[1];pcm_fftMag_mfcc[2];pcm_fftMag_mfcc[3];pcm_fftMag_mfcc[4];pcm_fftMag_mfcc[5];pcm_fftMag_mfcc[6];pcm_fftMag_mfcc[7];pcm_fftMag_mfcc[8];pcm_fftMag_mfcc[9];pcm_fftMag_mfcc[10];pcm_fftMag_mfcc[11];pcm_fftMag_mfcc[12];pcm_fftMag_mfcc[13]
0;0.000000;-3.211890e+00;4.672319e+00;6.235315e+00;-2.487959e+00;8.263515e+00;-7.096713e+00;2.775662e+00;2.365856e-01;3.227291e+00;1.668143e+00;-3.040543e+00;4.183877e+00;-2.000269e+00;7.636337e-01
1;0.100000;-1.802885e+00;-1.687039e+00;8.424320e-01;-6.762820e+00;6.824046e+00;1.380990e+00;2.938849e+00;9.703064e-02;1.110253e+01;3.170552e+00;-1.207746e+00;-2.528267e+00;1.497000e+00;5.852356e-01
2;0.200000;-3.005662e-01;-2.377596e+00;6.804085e-02;-1.764296e+00;1.706840e+00;3.129809e+00;3.698334e+00;7.786579e-01;1.072827e+01;-1.029886e+00;-2.122655e-01;-7.656312e+00;1.973798e+00;1.002060e+00
3;0.300000;1.506639e-01;-1.101689e+00;-3.769802e+00;8.812370e-01;-5.977068e+00;-6.180582e-01;6.234360e-02;-3.714859e+00;4.434347e-01;-3.027530e+00;-4.538468e+00;-6.544582e+00;-1.225767e+00;-3.619843e-01
4;0.400000;2.598718e+00;1.429511e+00;-3.555477e+00;4.686596e+00;-5.984900e+00;3.445732e+00;-4.140339e+00;-2.865318e+00;-1.009106e+01;1.489434e+00;2.453035e+00;3.967816e+00;1.732411e-01;-1.371193e+00
5;0.500000;2.565959e+00;-9.355068e-01;1.794949e-01;5.447247e+00;-4.832424e+00;-2.417612e-01;-5.334845e+00;5.467896e+00;-1.541047e+01;-2.270712e+00;6.545985e+00;8.577467e+00;-4.180040e-01;-6.178055e-01
