frameIndex;frameTime;pcm_fftMag_mfcc[0];pcm_fftMag_mfcc[1];pcm_fftMag_mfcc[2];pcm_fftMag_mfcc[3];pcm_fftMag_mfcc[4];pcm_fftMag_mfcc[5];pcm_fftMag_mfcc[6];pcm_fftMag_mfcc[7];pcm_fftMag_mfcc[8];pcm_fftMag_mfcc[9];pcm_fftMag_mfcc[10];pcm_fftMag_mfcc[11];pcm_fftMag_mfcc[12];pcm_fftMag_mfcc[13]
0;0.000000;1.558341e+00;-1.570501e+00;-7.101426e-01;-1.119175e-01;-1.113758e-01;-1.289996e+00;1.892074e+00;4.334045e+00;-9.233618e-01;-1.088425e+00;3.591766e-01;2.696090e+00;-1.536594e+00;-5.333023e-01
1;0.100000;2.483612e+00;-1.164679e+00;-4.580925e+00;-1.094214e+01;-1.314015e+00;4.542762e+00;-3.639050e+00;1.712796e+00;-6.179102e+00;3.520831e+00;-4.300944e+00;-3.870532e+00;-2.888910e+00;-2.045929e+00
2;0.200000;2.819214e+00;3.894315e-01;-2.729245e+00;-1.026998e+01;-1.261097e+00;6.928160e+00;1.811371e+00;1.090375e+00;-6.905634e+00;3.556136e+00;-2.827196e+00;-6.469547e+00;-7.754827e+00;-3.169479e+00
3;0.300000;-1.531556e+00;1.996136e+00;4.427342e+00;6.919250e-01;-5.131601e+00;-1.465664e+00;4.408827e+00;-7.400885e-01;1.338147e+00;-9.016309e-01;6.085625e-01;-1.523452e-01;-2.256055e+00;-3.381577e-01
4;0.400000;-3.346107e+00;1.287618e-01;2.572739e+00;7.716365e+00;1.782188e-01;-5.773529e+00;-2.808800e+00;-4.253346e+00;5.173391e+00;-2.224461e+00;1.594651e+00;1.735898e+00;4.710724e+00;2.610947e+00
5;0.500000;-1.983505e+00;2.208500e-01;1.020230e+00;1.291575e+01;7.639875e+00;-2.941730e+00;-1.664415e+00;-2.143779e+00;7.496559e+00;-2.862451e+00;4.565750e+00;6.060437e+00;9.725669e+00;3.475929e+00
