frameIndex;frameTime;pcm_fftMag_mfcc[0];pcm_fftMag_mfcc[1];pcm_fftMag_mfcc[2];pcm_fftMag_mfcc[3];pcm_fftMag_mfcc[4];pcm_fftMag_mfcc[5];pcm_fftMag_mfcc[6];pcm_fftMag_mfcc[7];pcm_fftMag_mfcc[8];pcm_fftMag_mfcc[9];pcm_fftMag_mfcc[10];pcm_fftMag_mfcc[11];pcm_fftMag_mfcc[12];pcm_fftMag_mfcc[13]
0;0.000000;3.900162e+00;-1.512816e+01;5.754135e-01;-3.169955e+00;9.854945e+00;-2.604156e+00;-1.123250e+01;4.142514e+00;4.227085e-01;8.022960e+00;3.851652e-02;-3.873149e+00;-4.931372e+00;1.201416e+00
1;0.100000;1.421655e+00;-7.068907e+00;4.153698e+00;3.379550e+00;4.445093e+00;-3.904413e+00;-9.268312e+00;4.962149e+00;2.394447e+00;3.596750e+00;2.375071e+00;-4.123783e-01;2.656426e+00;2.111565e+00
2;0.200000;-1.642412e+00;3.042130e+00;1.586203e+00;6.662464e+00;-2.378538e+00;-6.504090e+00;-3.527693e+00;2.521160e+00;5.401192e+00;-1.250622e-01;1.991434e+00;2.956962e+00;2.625562e+00;1.288841e+00
3;0.300000;-4.381159e+00;7.019080e+00;1.298580e-01;5.327685e+00;-4.637846e+00;-4.040948e+00;2.488820e+00;-2.950361e+00;2.528643e+00;-6.622684e-01;2.838888e+00;5.406614e+00;7.517767e-02;-2.817154e-01
4;0.400000;-3.653309e+00;7.110349e+00;-3.191035e+00;-4.530991e+00;-5.709517e+00;7.298758e+00;1.325447e+01;-5.618576e+00;-6.476351e+00;-4.694204e+00;-1.628803e+00;6.748028e-01;-9.350464e-01;-1.768127e+00
5;0.500000;4.355068e+00;5.025511e+00;-3.254138e+00;-7.668749e+00;-1.574127e+00;9.754842e+00;8.285214e+00;-3.056889e+00;-4.270639e+00;-6.138175e+00;-5.615108e+00;-4.752847e+00;5.092539e-01;-2.551949e+00
