frameIndex;frameTime;pcm_fftMag_mfcc[0];pcm_fftMag_mfcc[1];pcm_fftMag_mfcc[2];pcm_fftMag_mfcc[3];pcm_fftMag_mfcc[4];pcm_fftMag_mfcc[5];pcm_fftMag_mfcc[6];pcm_fftMag_mfcc[7];pcm_fftMag_mfcc[8];pcm_fftMag_mfcc[9];pcm_fftMag_mfcc[10];pcm_fftMag_mfcc[11];pcm_fftMag_mfcc[12];pcm_fftMag_mfcc[13]
0;0.000000;3.899459e+00;2.450631e+00;6.148205e-01;4.605577e+00;-5.313416e-01;-5.653590e+00;1.456934e+00;6.901860e-01;1.855057e+00;-4.147210e-01;3.653240e-02;6.027576e+00;1.629998e+00;1.237862e+00
1;0.100000;2.912547e+00;-4.586859e-01;-1.365208e+00;4.782414e+00;-1.317812e+00;-3.367791e+00;8.638258e-01;1.146290e+00;-3.141962e-01;-2.414667e+00;-7.132702e-01;3.629505e+00;2.114825e+00;1.593704e+00
2;0.200000;-5.241737e-01;-1.155320e+00;-2.011517e+00;2.819036e+00;1.305165e+00;-4.390739e+00;8.332901e-01;-4.045420e-01;-2.928974e+00;-6.259586e+00;-2.286514e+00;7.664547e-01;1.107131e+00;-1.372849e+00
3;0.300000;-3.289401e+00;9.613789e-01;8.212509e-01;-9.186907e-01;2.618420e+00;6.757598e-01;1.721043e+00;-1.430295e+00;8.752934e-01;5.193400e-01;-2.968788e-03;-2.543259e+00;-1.875956e+00;-1.382881e+00
4;0.400000;-2.783028e+00;-1.273473e+00;3.401375e-01;-3.861832e+00;1.033651e+00;6.338380e+00;8.925753e-01;2.867317e-01;1.325359e+00;4.851378e+00;1.640678e+00;-3.823352e+00;-2.036167e+00;4.276123e-01
5;0.500000;-2.154083e-01;-5.245321e-01;1.600502e+00;-7.426504e+00;-3.108083e+00;6.397984e+00;-5.767665e+00;-2.883720e-01;-8.125404e-01;3.718257e+00;1.325549e+00;-4.056922e+00;-9.398320e-01;-5.034332e-01
