frameIndex;frameTime;pcm_fftMag_mfcc[0];pcm_fftMag_mfcc[1];pcm_fftMag_mfcc[2];pcm_fftMag_mfcc[3];pcm_fftMag_mfcc[4];pcm_fftMag_mfcc[5];pcm_fftMag_mfcc[6];pcm_fftMag_mfcc[7];pcm_fftMag_mfcc[8];pcm_fftMag_mfcc[9];pcm_fftMag_mfcc[10];pcm_fftMag_mfcc[11];pcm_fftMag_mfcc[12];pcm_fftMag_mfcc[13]
0;0.000000;-1.100491e+00;8.961549e-01;2.009328e+00;-8.049047e-02;9.170299e+00;-3.456372e+00;1.182385e+00;-2.647305e-02;3.684415e+00;-6.747463e-01;4.337367e-01;3.028712e+00;-2.024592e+00;6.606674e-01
1;0.100000;1.668789e+00;-1.425375e+00;-2.828915e+00;-1.766527e+00;4.633052e+00;-8.418751e-02;9.732702e-01;2.056615e+00;2.288261e+00;2.840693e+00;-4.366241e-01;1.171233e+00;-5.033191e-01;-3.536987e-01
2;0.200000;1.768312e+00;2.929777e+00;-9.091886e+00;3.705022e+00;7.242451e-01;7.152176e-02;3.378636e+00;-2.370182e+00;8.995495e-01;3.379858e+00;-3.394132e+00;-1.141911e+00;2.300947e+00;-4.969711e-01
3;0.300000;-1.042529e+00;4.513959e+00;-2.132766e+00;3.500429e+00;-3.941563e+00;3.171056e+00;5.554290e-01;-3.862065e+00;1.053109e-01;-2.299247e+00;-3.537568e-01;-7.331696e-01;9.876945e-01;-3.292847e-01
4;0.400000;-2.422441e+00;4.930248e-01;6.762765e+00;6.729054e-01;-8.375544e+00;-5.458422e-01;-2.437395e+00;1.908720e+00;-1.588388e+00;-3.055753e+00;2.475257e+00;-1.257983e+00;4.707994e-01;2.452545e-01
5;0.500000;1.128364e+00;-7.407541e+00;5.281474e+00;-6.031338e+00;-2.210476e+00;8.438225e-01;-3.652324e+00;2.293386e+00;-5.389149e+00;-1.908035e-01;1.275519e+00;-1.066879e+00;-1.231530e+00;2.740402e-01
