frameIndex;frameTime;pcm_fftMag_mfcc[0];pcm_fftMag_mfcc[1];pcm_fftMag_mfcc[2];pcm_fftMag_mfcc[3];pcm_fftMag_mfcc[4];pcm_fftMag_mfcc[5];pcm_fftMag_mfcc[6];pcm_fftMag_mfcc[7];pcm_fftMag_mfcc[8];pcm_fftMag_mfcc[9];pcm_fftMag_mfcc[10];pcm_fftMag_mfcc[11];pcm_fftMag_mfcc[12];pcm_fftMag_mfcc[13]
0;0.000000;-3.156557e+00;1.772489e+00;2.530577e+00;5.582047e-02;6.063931e+00;5.188575e-01;-3.615856e-01;-5.038032e+00;9.014254e-01;-4.328535e+00;4.039011e-01;2.668744e+00;-1.372195e+00;1.889053e+00
1;0.100000;-3.357410e-01;-6.617546e-01;1.662897e+00;2.062638e+00;4.745993e+00;-1.087520e+00;-1.574097e+00;2.148780e-02;-8.590231e-01;-4.361280e+00;1.349292e+00;-6.536164e-01;-6.504574e-01;1.325394e+00
2;0.200000;9.357576e-01;6.608486e-02;9.097118e-01;8.660908e-01;4.797363e-01;-2.014585e+00;-3.644729e+00;2.184273e+00;-1.219069e+00;2.132891e+00;1.200253e+00;-2.022065e+00;1.306264e+00;5.216599e-01
3;0.300000;3.125944e-01;2.134710e+00;-2.506657e-01;4.463048e-01;-3.415575e+00;-1.760262e+00;-1.121958e+00;1.110720e+00;1.283709e+00;3.957816e+00;-3.538990e-02;-1.927915e-01;1.254052e+00;-4.118500e-01
4;0.400000;3.267069e-01;4.751606e-01;-7.116165e-01;1.644316e-01;-5.456284e+00;3.968763e-01;2.641705e+00;1.262457e+00;7.149258e-01;1.257225e+00;-3.370008e-01;2.064763e+00;-3.690915e-01;-1.410561e+00
5;0.500000;1.917239e+00;-3.786691e+00;-4.140902e+00;-3.595283e+00;-2.417802e+00;3.946635e+00;4.060660e+00;4.590949e-01;-8.219700e-01;1.341887e+00;-2.581056e+00;-1.865030e+00;-1.685734e-01;-1.913704e+00
