frameIndex;frameTime;pcm_fftMag_mfcc[0];pcm_fftMag_mfcc[1];pcm_fftMag_mfcc[2];pcm_fftMag_mfcc[3];pcm_fftMag_mfcc[4];pcm_fftMag_mfcc[5];pcm_fftMag_mfcc[6];pcm_fftMag_mfcc[7];pcm_fftMag_mfcc[8];pcm_fftMag_mfcc[9];pcm_fftMag_mfcc[10];pcm_fftMag_mfcc[11];pcm_fftMag_mfcc[12];pcm_fftMag_mfcc[13]
0;0.000000;4.580689e+00;-1.941161e-01;-1.203559e+01;1.150382e+01;-1.116150e+00;5.983532e+00;-4.918041e+00;-1.162511e+00;8.191169e+00;-6.610575e+00;-9.392147e-01;3.083923e+00;-7.013345e-02;-2.812531e+00
1;0.100000;8.667467e+00;-7.345220e+00;-7.924545e+00;7.095664e+00;6.013422e-01;3.103374e+00;-4.117446e+00;-6.264943e-01;5.479337e+00;-5.538631e+00;-2.460512e+00;4.151260e+00;-1.930295e+00;-3.009453e+00
2;0.200000;1.758227e+00;-6.572571e-01;-1.124267e+00;-8.248100e-01;4.173527e+00;-4.784442e+00;-2.867207e+00;7.621551e-01;-1.659050e-01;7.360229e-01;1.028137e-01;1.084760e+00;-3.163290e-01;6.263351e-01
3;0.300000;-5.499699e+00;5.220414e+00;8.528650e+00;-4.717958e+00;-1.260826e+00;-5.356473e+00;-1.589364e+00;-1.307646e+00;-6.045198e-01;7.003470e+00;2.220342e+00;-2.449265e+00;1.660316e-01;1.576447e+00
4;0.400000;-7.550219e+00;2.824106e+00;7.410529e+00;-7.198309e+00;-1.667683e+00;-4.120827e-02;5.579165e+00;3.460464e-01;-5.168311e+00;3.790627e+00;1.120226e+00;-2.881215e+00;1.255493e+00;1.792221e+00
5;0.500000;-1.956460e+00;1.520705e-01;5.145233e+00;-5.858408e+00;-7.302113e-01;1.095216e+00;7.912894e+00;1.988450e+00;-7.731765e+00;6.190858e-01;-4.365158e-02;-2.989464e+00;8.952322e-01;1.826996e+00
