frameIndex;frameTime;pcm_fftMag_mfcc[0];pcm_fftMag_mfcc[1];pcm_fftMag_mfcc[2];pcm_fftMag_mfcc[3];pcm_fftMag_mfcc[4];pcm_fftMag_mfcc[5];pcm_fftMag_mfcc[6];pcm_fftMag_mfcc[7];pcm_fftMag_mfcc[8];pcm_fftMag_mfcc[9];pcm_fftMag_mfcc[10];pcm_fftMag_mfcc[11];pcm_fftMag_mfcc[12];pcm_fftMag_mfcc[13]
0;0.000000;-9.683334e+00;1.185117e+01;-6.981778e+00;2.314724e+00;2.062502e-01;4.558301e-01;1.183114e+01;-1.155787e+01;7.018960e-01;-4.448600e+00;5.079654e+00;4.404109e+00;3.939571e+00;3.061554e+00
1;0.100000;-7.397473e+00;1.061284e+01;2.163865e+00;3.069808e+00;-3.941816e+00;-1.062711e+00;7.087965e+00;-1.339454e+01;5.603986e-01;-3.050462e+00;8.199537e+00;1.744637e+00;1.025717e+00;3.220657e+00
2;0.200000;-8.752780e-01;1.511249e+00;1.311627e+00;1.658665e+00;1.312151e-01;-8.441415e-01;1.285177e+00;-8.188879e+00;4.216811e+00;-1.819217e+00;4.270980e+00;-3.492612e+00;6.836774e-01;2.503502e+00
3;0.300000;6.261908e+00;-8.636066e+00;4.715848e-01;-1.162824e+00;8.431759e-01;2.987969e+00;-7.644441e+00;6.996228e+00;-1.372423e+00;2.874594e+00;-4.545219e+00;-2.872473e+00;-1.869946e+00;-2.440567e-01
4;0.400000;6.303043e+00;-9.432557e+00;2.254391e-02;-2.461882e+00;1.146266e+00;1.252934e+00;-8.022403e+00;1.203428e+01;-1.453543e+00;2.729911e+00;-6.849036e+00;-1.293897e+00;-2.855113e+00;-2.016449e+00
5;0.500000;5.391129e+00;-5.906638e+00;3.012156e+00;-3.418489e+00;1.614906e+00;-2.789880e+00;-4.537450e+00;1.411077e+01;-2.653139e+00;3.713773e+00;-6.155914e+00;1.510234e+00;-9.239073e-01;-6.525230e+00
