frameIndex;frameTime;pcm_fftMag_mfcc[0];pcm_fftMag_mfcc[1];pcm_fftMag_mfcc[2];pcm_fftMag_mfcc[3];pcm_fftMag_mfcc[4];pcm_fftMag_mfcc[5];pcm_fftMag_mfcc[6];pcm_fftMag_mfcc[7];pcm_fftMag_mfcc[8];pcm_fftMag_mfcc[9];pcm_fftMag_mfcc[10];pcm_fftMag_mfcc[11];pcm_fftMag_mfcc[12];pcm_fftMag_mfcc[13]
0;0.000000;1.611337e+00;-8.322352e+00;-2.988152e+00;-5.197300e+00;2.230232e+00;-8.754635e-01;2.693287e+00;3.197840e+00;-4.638771e+00;-4.279691e+00;-3.261770e+00;1.532021e+00;2.496046e+00;7.215576e-01
1;0.100000;-3.555412e-01;-6.038752e+00;-2.165648e+00;-4.054289e+00;3.692702e+00;8.385091e-01;3.812586e+00;3.407287e+00;-3.387186e+00;-3.624051e+00;-2.992246e+00;1.547035e+00;2.840424e-02;7.620544e-01
2;0.200000;-4.436188e-01;1.158111e+00;1.110317e+00;1.121725e+00;4.561897e+00;1.463660e+00;5.548342e-01;2.664088e+00;1.463070e-01;-1.346643e+00;5.805330e-01;2.279993e+00;3.724580e-01;-1.425407e+00
3;0.300000;-3.725252e-01;8.379974e+00;-2.506423e-01;7.635708e+00;-9.089170e-01;-9.476204e-01;-2.982154e+00;-3.191504e-01;4.470135e+00;1.076436e+00;3.796612e+00;2.452001e+00;1.486228e+00;-2.893799e+00
4;0.400000;-7.346058e-01;4.885926e+00;1.789350e+00;2.843983e+00;-5.029528e+00;4.534674e-01;-1.959725e+00;-4.486156e+00;2.558718e+00;4.382583e+00;2.095436e+00;-2.787377e+00;-1.359806e+00;6.741333e-01
5;0.500000;2.949467e-01;-6.290764e-02;2.504776e+00;-2.349831e+00;-4.546385e+00;-9.325495e-01;-2.118827e+00;-4.463909e+00;8.508015e-01;3.791366e+00;-2.185678e-01;-5.023674e+00;-3.023328e+00;2.161453e+00
