frameIndex;frameTime;pcm_fftMag_mfcc[0];pcm_fftMag_mfcc[1];pcm_fftMag_mfcc[2];pcm_fftMag_mfcc[3];pcm_fftMag_mfcc[4];pcm_fftMag_mfcc[5];pcm_fftMag_mfcc[6];pcm_fftMag_mfcc[7];pcm_fftMag_mfcc[8];pcm_fftMag_mfcc[9];pcm_fftMag_mfcc[10];pcm_fftMag_mfcc[11];pcm_fftMag_mfcc[12];pcm_fftMag_mfcc[13]
0;0.000000;7.261333e-01;-1.799617e+00;-3.932251e+00;3.985044e+00;3.586226e-01;3.538339e+00;8.025399e+00;1.066234e+01;2.401061e+00;-6.587343e-01;-3.532921e+00;3.767807e+00;-1.132161e+00;4.520561e+00
1;0.100000;-3.030044e+00;4.159340e+00;-1.813677e+00;8.683346e+00;1.864600e+00;3.024633e+00;9.229981e+00;6.371274e+00;4.853110e+00;4.024906e-01;-4.445682e-01;3.487628e+00;-3.066569e+00;1.944092e+00
2;0.200000;-3.754540e+00;6.707417e+00;-3.723259e-01;2.534807e+00;-2.416004e+00;3.846788e-02;3.400729e+00;-3.289802e+00;7.080256e-01;1.122443e+00;1.866864e+00;1.854282e+00;-1.390055e+00;5.302582e-01
3;0.300000;-2.300157e+00;4.285409e+00;2.210269e-01;-5.471284e+00;-5.400293e+00;-2.058931e+00;-4.834261e+00;-8.005262e+00;-2.469768e+00;-1.541004e-01;1.006203e+00;-2.639951e+00;1.023316e-02;-8.818512e-01
4;0.400000;2.249883e+00;-2.898119e+00;3.169380e+00;-5.747568e+00;-5.042896e-01;-1.854769e+00;-9.537254e+00;-5.160659e+00;-2.473404e+00;3.970098e-01;1.609886e+00;-4.317325e+00;3.576899e+00;-2.669388e+00
5;0.500000;6.108724e+00;-1.045443e+01;2.727846e+00;-3.984344e+00;6.097355e+00;-2.687740e+00;-6.284601e+00;-5.778946e-01;-3.019024e+00;-1.109107e+00;-5.054650e-01;-2.152442e+00;2.001654e+00;-3.443649e+00
