frameIndex;frameTime;pcm_fftMag_mfcc[0];pcm_fftMag_mfcc[1];pcm_fftMag_mfcc[2];pcm_fftMag_mfcc[3];pcm_fftMag_mfcc[4];pcm_fftMag_mfcc[5];pcm_fftMag_mfcc[6];pcm_fftMag_mfcc[7];pcm_fftMag_mfcc[8];pcm_fftMag_mfcc[9];pcm_fftMag_mfcc[10];pcm_fftMag_mfcc[11];pcm_fftMag_mfcc[12];pcm_fftMag_mfcc[13]
0;0.000000;4.745359e+00;-2.776985e+00;-2.272952e+00;-3.243603e+00;-2.347984e+00;4.424972e+00;-7.963536e+00;-6.160388e+00;1.700211e-01;5.348502e+00;-7.375108e+00;-3.001748e+00;-3.286433e+00;-3.519577e+00
1;0.100000;2.607269e+00;-5.134466e+00;-9.143917e+00;-5.069186e+00;5.870787e+00;-6.621804e-01;-7.548483e+00;5.807176e+00;6.812258e-01;-8.238740e-01;-5.292036e+00;-1.945601e+00;-7.186666e+00;3.564224e-01
2;0.200000;8.330717e-01;-6.763638e+00;-5.231609e+00;-4.165783e+00;2.540834e+00;-5.503364e-01;-3.409948e+00;4.694058e+00;-2.360449e-01;2.082606e+00;-6.188643e+00;-1.907171e+00;-3.744114e+00;2.529312e+00
3;0.300000;-1.139532e+00;-3.001828e+00;4.621742e-01;5.758457e-01;2.572346e-01;-2.129359e-01;3.614760e+00;1.208062e+00;2.404261e+00;2.656511e+00;-2.731351e+00;-1.235233e+00;2.211747e+00;1.508621e+00
4;0.400000;-3.348990e+00;7.002174e+00;7.567893e+00;5.478810e+00;-3.016646e+00;-1.062030e+00;7.846725e+00;-2.842452e+00;-1.575899e-01;-2.121884e+00;7.781534e+00;2.066772e+00;5.958041e+00;-3.833694e-01
5;0.500000;-3.697178e+00;1.067474e+01;8.618412e+00;6.423918e+00;-3.304222e+00;-1.937491e+00;7.460486e+00;-2.706458e+00;-2.861868e+00;-7.141859e+00;1.380560e+01;6.022982e+00;6.047425e+00;-4.913788e-01
