frameIndex;frameTime;pcm_fftMag_mfcc[0];pcm_fftMag_mfcc[1];pcm_fftMag_mfcc[2];pcm_fftMag_mfcc[3];pcm_fftMag_mfcc[4];pcm_fftMag_mfcc[5];pcm_fftMag_mfcc[6];pcm_fftMag_mfcc[7];pcm_fftMag_mfcc[8];pcm_fftMag_mfcc[9];pcm_fftMag_mfcc[10];pcm_fftMag_mfcc[11];pcm_fftMag_mfcc[12];pcm_fftMag_mfcc[13]
0;0.000000;-1.150736e+00;1.395643e+00;-4.029422e+00;-9.096175e-01;2.826734e+00;-2.052448e+00;4.150517e+00;2.225883e+00;2.063965e+00;1.248788e+00;4.329807e+00;-8.769255e-01;-3.733818e-01;3.363419e+00
1;0.100000;1.028858e+00;-1.541341e+00;-8.710957e-01;-7.538412e-01;2.439562e-01;-1.345777e+00;-4.855623e-01;3.006207e+00;-1.555001e+00;5.233860e-01;-5.161438e-01;2.237673e-01;-1.779697e+00;6.759567e-01
2;0.200000;1.218785e-01;1.456981e-01;4.900518e+00;1.663459e+00;-3.070691e+00;3.398226e+00;-3.664955e+00;-5.232089e+00;-5.089643e-01;-1.772171e+00;-3.813665e+00;6.531582e-01;2.153079e+00;-4.039383e+00
