frameIndex;frameTime;pcm_fftMag_mfcc[0];pcm_fftMag_mfcc[1];pcm_fftMag_mfcc[2];pcm_fftMag_mfcc[3];pcm_fftMag_mfcc[4];pcm_fftMag_mfcc[5];pcm_fftMag_mfcc[6];pcm_fftMag_mfcc[7];pcm_fftMag_mfcc[8];pcm_fftMag_mfcc[9];pcm_fftMag_mfcc[10];pcm_fftMag_mfcc[11];pcm_fftMag_mfcc[12];pcm_fftMag_mfcc[13]
0;0.000000;-1.742659e-01;4.232960e+00;1.458136e+00;1.875759e+00;-3.358616e+00;4.247815e+00;-8.296969e+00;-2.333330e+00;-5.171520e+00;-1.760295e-01;1.212228e+01;6.816483e+00;-6.397554e+00;-1.724586e+00
1;0.100000;2.346949e+00;-8.870726e-01;2.125953e+00;2.599541e+00;-1.984802e+00;-1.521117e+00;-8.059635e-01;5.545932e+00;-2.544757e+00;1.029215e+00;-1.997328e-01;2.517471e+00;-1.511374e-01;-5.627289e-01
2;0.200000;2.966165e+00;-5.818797e+00;-1.098158e+00;-8.620920e-01;4.402685e-01;2.846688e+00;2.518794e+00;5.129194e+00;-6.548830e-01;1.506705e+00;-5.551353e+00;-5.451860e-01;-1.212878e-01;1.041565e+00
3;0.300000;1.466483e+00;-5.302251e+00;-3.096553e+00;-2.327237e+00;5.746889e-02;3.584960e+00;2.364078e+00;2.108953e+00;8.370935e-01;-6.804456e-01;-4.757580e+00;-3.376667e+00;9.249535e-01;1.670204e+00
4;0.400000;-1.921947e+00;9.018068e-01;-2.182596e+00;-2.643563e+00;1.693480e+00;-1.842746e+00;3.568036e+00;-2.954173e+00;3.105357e+00;-2.777201e+00;-2.380219e+00;-3.938874e+00;2.017245e+00;1.070229e+00
5;0.500000;-4.683383e+00;6.873354e+00;2.793219e+00;1.357596e+00;3.152199e+00;-7.315601e+00;6.520309e-01;-7.496575e+00;4.428710e+00;1.097757e+00;7.666101e-01;-1.473226e+00;3.727782e+00;-1.494644e+00
