frameIndex;frameTime;pcm_fftMag_mfcc[0];pcm_fftMag_mfcc[1];pcm_fftMag_mfcc[2];pcm_fftMag_mfcc[3];pcm_fftMag_mfcc[4];pcm_fftMag_mfcc[5];pcm_fftMag_mfcc[6];pcm_fftMag_mfcc[7];pcm_fftMag_mfcc[8];pcm_fftMag_mfcc[9];pcm_fftMag_mfcc[10];pcm_fftMag_mfcc[11];pcm_fftMag_mfcc[12];pcm_fftMag_mfcc[13]
0;0.000000;-3.864366e+00;9.583249e-01;5.689416e+00;-5.132351e-01;-1.036186e+00;-4.232400e+00;3.477488e-01;1.759407e+00;-1.764564e+00;-8.369503e-01;-2.408843e+00;4.512704e+00;-2.967133e+00;3.393066e+00
1;0.100000;-1.013130e+00;-1.396529e+00;2.732600e+00;-1.338723e+00;-4.707050e-01;1.638530e+00;-1.106262e-04;2.435243e+00;-2.191321e+00;-4.051099e-01;1.249346e+00;1.033029e+00;-1.560347e+00;2.095787e+00
2;0.200000;2.173702e+00;-2.609977e+00;-4.402657e-01;-5.144253e-01;-1.406872e+00;4.076392e+00;2.211998e+00;-1.262035e-01;-2.359195e+00;8.618121e-01;1.426938e+00;-1.633250e+00;2.601152e+00;-2.452469e-01
3;0.300000;3.403976e+00;-1.973543e+00;-2.475929e+00;3.115778e-01;-2.089384e+00;2.505458e+00;1.464637e+00;-1.533386e+00;-1.139575e+00;5.096388e-01;-6.523399e-01;-2.049255e+00;3.570179e+00;-1.934692e+00
4;0.400000;2.347260e+00;-8.581100e-01;-1.893629e+00;5.211325e-01;5.407238e-01;-2.718649e-01;-4.153060e+00;6.812096e-01;1.836621e+00;-8.991404e-01;1.105578e+00;-1.378503e+00;-3.011007e-01;-2.157974e+00
5;0.500000;-3.047445e+00;5.879832e+00;-3.612194e+00;1.533669e+00;4.462438e+00;-3.716113e+00;1.287842e-01;-3.216274e+00;5.618034e+00;7.697501e-01;-7.206764e-01;-4.847250e-01;-1.342748e+00;-1.150940e+00
