frameIndex;frameTime;pcm_fftMag_mfcc[0];pcm_fftMag_mfcc[1];pcm_fftMag_mfcc[2];pcm_fftMag_mfcc[3];pcm_fftMag_mfcc[4];pcm_fftMag_mfcc[5];pcm_fftMag_mfcc[6];pcm_fftMag_mfcc[7];pcm_fftMag_mfcc[8];pcm_fftMag_mfcc[9];pcm_fftMag_mfcc[10];pcm_fftMag_mfcc[11];pcm_fftMag_mfcc[12];pcm_fftMag_mfcc[13]
0;0.000000;5.104230e+00;-4.598117e+00;-1.395570e+01;1.358728e+00;-3.844713e+00;8.041271e+00;5.517082e-01;-1.510474e+00;1.853144e+00;-1.229939e+00;-8.814564e-01;-7.146220e-01;2.480083e+00;6.197281e-01
1;0.100000;2.099043e+00;-1.404683e+00;-5.092666e+00;-2.949921e+00;1.389243e+00;2.348330e+00;1.723541e+00;-6.150542e-01;-1.232249e+00;1.006702e+00;1.059418e+00;6.865315e-01;-1.191024e+00;6.076202e-01
2;0.200000;-4.579473e+00;4.262318e+00;6.261352e+00;-3.555891e+00;6.131945e-01;1.810398e-01;3.120117e-01;-2.868115e+00;-4.048455e+00;2.492176e+00;2.818443e+00;2.293033e+00;-1.654277e-01;9.189377e-01
3;0.300000;-6.582372e+00;6.740292e+00;1.130432e+01;-2.310190e+00;-5.726724e-01;-1.953139e+00;-2.466651e+00;-3.157748e+00;-2.213531e+00;3.209543e+00;2.161497e+00;1.930763e+00;-9.623437e-01;1.656494e-01
4;0.400000;-1.912709e+00;1.078296e+00;4.416928e+00;4.933929e-02;1.254688e+00;-4.923861e+00;-2.581824e+00;3.901995e+00;2.418629e+00;-1.313718e+00;-3.097181e+00;2.021646e-02;-8.604512e-01;-1.855469e-02
5;0.500000;5.871278e+00;-6.078107e+00;-2.934237e+00;7.407934e+00;1.160259e+00;-3.693635e+00;2.461215e+00;4.249396e+00;3.222470e+00;-4.164766e+00;-2.060720e+00;-4.215924e+00;6.991611e-01;-2.293358e+00
