frameIndex;frameTime;pcm_fftMag_mfcc[0];pcm_fftMag_mfcc[1];pcm_fftMag_mfcc[2];pcm_fftMag_mfcc[3];pcm_fftMag_mfcc[4];pcm_fftMag_mfcc[5];pcm_fftMag_mfcc[6];pcm_fftMag_mfcc[7];pcm_fftMag_mfcc[8];pcm_fftMag_mfcc[9];pcm_fftMag_mfcc[10];pcm_fftMag_mfcc[11];pcm_fftMag_mfcc[12];pcm_fftMag_mfcc[13]
0;0.000000;3.252198e+00;6.086677e+00;5.304963e+00;-1.049170e+00;-2.963778e+00;4.812187e+00;-3.476342e+00;-9.952697e+00;2.899990e-01;-4.123566e-01;-5.698974e-01;4.865867e+00;2.356400e-01;-4.980659e+00
1;0.100000;3.362714e+00;-1.221094e+00;-4.698323e+00;-4.763279e+00;6.078151e+00;2.347597e+00;2.359875e+00;-2.191377e+00;-1.294814e+00;3.431802e+00;-1.281922e+00;-7.395673e-01;-2.329872e+00;-1.006821e+00
2;0.200000;1.505171e+00;-5.059427e+00;-7.025756e+00;-4.959476e+00;7.773188e+00;-7.585933e-01;4.923681e+00;3.256284e+00;-4.817462e-01;4.274273e+00;-2.495623e-02;-4.000781e+00;-2.157959e+00;2.290474e+00
3;0.300000;-8.351350e-02;-5.006749e+00;-5.076291e+00;-1.456593e+00;4.149234e+00;-1.294521e+00;3.452777e+00;4.527084e+00;7.402120e-01;1.449251e+00;4.455923e-01;-4.439815e+00;-1.230389e+00;3.026283e+00
4;0.400000;-2.371917e+00;-5.945482e-01;3.175025e-01;4.860419e+00;-4.409741e+00;-1.602255e+00;-1.683913e+00;3.869806e+00;1.406517e+00;-2.258491e+00;6.148342e-01;-1.777922e+00;1.230440e+00;1.370033e+00
5;0.500000;-5.664652e+00;5.795142e+00;1.117790e+01;7.368107e+00;-1.062705e+01;-3.504412e+00;-5.576079e+00;4.909005e-01;-6.601682e-01;-6.484477e+00;8.163495e-01;6.092216e+00;4.252139e+00;-6.993408e-01
