frameIndex;frameTime;pcm_fftMag_mfcc[0];pcm_fftMag_mfcc[1];pcm_fftMag_mfcc[2];pcm_fftMag_mfcc[3];pcm_fftMag_mfcc[4];pcm_fftMag_mfcc[5];pcm_fftMag_mfcc[6];pcm_fftMag_mfcc[7];pcm_fftMag_mfcc[8];pcm_fftMag_mfcc[9];pcm_fftMag_mfcc[10];pcm_fftMag_mfcc[11];pcm_fftMag_mfcc[12];pcm_fftMag_mfcc[13]
0;0.000000;1.266384e-01;-2.888742e+00;-2.877893e-01;1.029038e+00;-1.236547e+00;-9.243662e+00;2.993544e+00;3.017076e+00;2.591915e-01;-4.362213e+00;-6.210444e+00;2.109948e+00;2.494222e+00;2.600784e-01
1;0.100000;2.848767e+00;-2.153545e+00;6.162624e-01;-2.975788e+00;8.144379e-04;1.376966e+00;-5.527229e-01;-8.367796e-01;-3.099914e-01;-1.919225e+00;-4.889582e+00;-2.055820e+00;1.150261e+00;-3.879547e-01
2;0.200000;-1.042309e-01;2.257229e+00;-1.798256e+00;-2.912251e+00;8.589087e-01;7.574989e+00;-3.067152e+00;-3.205905e+00;-1.249086e+00;5.411377e-01;2.397870e+00;-3.227180e+00;-2.487100e+00;-3.049240e-01
3;0.300000;-2.871176e+00;2.785058e+00;1.469783e+00;4.859001e+00;3.768244e-01;2.917042e-01;6.263332e-01;1.025606e+00;1.299886e+00;5.740299e+00;8.702156e+00;3.173055e+00;-1.157384e+00;4.328156e-01
