frameIndex;frameTime;pcm_fftMag_mfcc[0];pcm_fftMag_mfcc[1];pcm_fftMag_mfcc[2];pcm_fftMag_mfcc[3];pcm_fftMag_mfcc[4];pcm_fftMag_mfcc[5];pcm_fftMag_mfcc[6];pcm_fftMag_mfcc[7];pcm_fftMag_mfcc[8];pcm_fftMag_mfcc[9];pcm_fftMag_mfcc[10];pcm_fftMag_mfcc[11];pcm_fftMag_mfcc[12];pcm_fftMag_mfcc[13]
0;0.000000;4.762259e-01;1.029006e+00;4.708382e+00;-5.265023e+00;4.233995e+00;3.302897e+00;-1.071252e+01;-5.846947e+00;-3.295208e+00;6.151261e+00;6.415237e+00;3.222693e+00;-1.715464e+00;3.829041e-01
1;0.100000;1.261977e+00;7.224001e-01;2.475035e+00;-2.160226e+00;2.280481e+00;1.710348e-01;-1.008856e+01;-5.381340e+00;-4.000397e+00;4.313341e+00;6.296059e+00;2.426542e+00;-2.360461e+00;-8.451843e-02
2;0.200000;-1.375898e+00;2.799973e+00;1.730798e+00;2.002153e+00;1.697281e+00;-2.894253e+00;-3.900649e+00;-2.078262e+00;-2.822934e+00;1.323024e+00;1.930182e+00;1.453192e+00;-8.827634e-01;-5.079880e-01
3;0.300000;-2.433735e+00;2.993423e-01;-1.111409e+00;3.918219e-01;8.354626e-01;4.002018e-01;5.750131e+00;5.598216e+00;1.885090e+00;-2.087907e+00;-4.913543e+00;-1.432706e+00;1.677807e+00;5.022964e-01
4;0.400000;-5.131006e-02;-2.772062e+00;-4.204998e+00;1.118882e+00;-2.715667e+00;-2.323589e-01;1.057334e+01;5.680189e+00;5.036545e+00;-3.582736e+00;-4.937777e+00;-2.117529e+00;2.198287e+00;6.194229e-01
5;0.500000;2.122738e+00;-2.078659e+00;-3.597807e+00;3.912393e+00;-6.331553e+00;-7.475262e-01;8.378250e+00;2.028139e+00;3.196903e+00;-6.116985e+00;-4.790162e+00;-3.552192e+00;1.082592e+00;-9.121094e-01
