frameIndex;frameTime;pcm_fftMag_mfcc[0];pcm_fftMag_mfcc[1];pcm_fftMag_mfcc[2];pcm_fftMag_mfcc[3];pcm_fftMag_mfcc[4];pcm_fftMag_mfcc[5];pcm_fftMag_mfcc[6];pcm_fftMag_mfcc[7];pcm_fftMag_mfcc[8];pcm_fftMag_mfcc[9];pcm_fftMag_mfcc[10];pcm_fftMag_mfcc[11];pcm_fftMag_mfcc[12];pcm_fftMag_mfcc[13]
0;0.000000;3.359266e+00;-8.044548e-01;-4.191494e-01;-4.213717e-01;9.839985e+00;4.741969e+00;3.785580e+00;5.081612e+00;5.211732e+00;7.581100e+00;6.656682e+00;4.822718e+00;-4.105601e-01;1.750061e+00
1;0.100000;-1.864710e-01;-8.148292e+00;-5.767308e+00;-8.248945e+00;2.667663e+00;-3.230196e+00;-1.521205e+00;4.497091e+00;-5.357121e+00;-1.433430e-01;-3.934080e+00;-1.367714e+00;-8.785244e+00;2.545464e+00
2;0.200000;-1.914978e-03;-7.982263e+00;-3.603797e+00;-7.726432e+00;-1.564407e-02;-3.195103e+00;-4.051543e+00;5.879374e+00;-9.176740e+00;-1.464921e+00;-7.814586e+00;-1.624346e-01;-9.512104e+00;1.894386e+00
3;0.300000;5.468569e-01;-4.298739e+00;1.816140e+00;-3.580379e+00;-3.635822e+00;6.024036e-01;-5.014539e+00;1.777225e+00;-6.344855e+00;-2.051824e+00;-7.113655e+00;1.722465e-01;-2.924879e+00;-1.365623e+00
4;0.400000;-1.648278e+00;6.720194e+00;5.710933e+00;5.214392e+00;-6.055622e+00;1.932149e+00;5.953309e-01;-9.331997e+00;5.311558e+00;-3.340675e+00;3.861799e+00;-3.148991e+00;9.046167e+00;-3.151802e+00
5;0.500000;-2.069457e+00;1.451356e+01;2.263183e+00;1.476274e+01;-2.800557e+00;-8.512268e-01;6.206375e+00;-7.903306e+00;1.035543e+01;-5.803337e-01;8.343842e+00;-3.158250e-01;1.258662e+01;-1.672478e+00
