frameIndex;frameTime;pcm_fftMag_mfcc[0];pcm_fftMag_mfcc[1];pcm_fftMag_mfcc[2];pcm_fftMag_mfcc[3];pcm_fftMag_mfcc[4];pcm_fftMag_mfcc[5];pcm_fftMag_mfcc[6];pcm_fftMag_mfcc[7];pcm_fftMag_mfcc[8];pcm_fftMag_mfcc[9];pcm_fftMag_mfcc[10];pcm_fftMag_mfcc[11];pcm_fftMag_mfcc[12];pcm_fftMag_mfcc[13]
0;0.000000;-1.598416e+00;3.798932e-01;-2.674805e+00;-2.802801e+00;6.373584e+00;-2.602526e+00;1.856379e+00;5.279540e+00;-2.832459e+00;4.732838e-01;-9.188833e-01;-2.376257e+00;3.130938e+00;1.396568e+00
1;0.100000;4.719591e-02;-2.151972e+00;-2.409097e+00;1.005342e+00;-1.345148e-01;1.367038e+00;2.089252e+00;2.546713e+00;8.761809e-01;-1.676209e+00;-2.584228e+00;-4.692268e-02;6.532755e-01;1.521446e+00
2;0.200000;1.779017e-01;-7.926656e-01;1.683773e+00;1.273350e+00;-3.177382e+00;2.044861e+00;-4.727240e-01;5.495501e-02;1.587307e+00;-1.684555e+00;-4.547300e-01;6.234679e-01;-1.886504e+00;1.729507e-01
3;0.300000;1.373318e+00;2.564744e+00;3.400130e+00;5.241070e-01;-3.061688e+00;-8.093729e-01;-3.472902e+00;-7.881207e+00;3.689707e-01;2.887480e+00;3.957840e+00;1.799711e+00;-1.897711e+00;-3.090950e+00
