frameIndex;frameTime;pcm_fftMag_mfcc[0];pcm_fftMag_mfcc[1];pcm_fftMag_mfcc[2];pcm_fftMag_mfcc[3];pcm_fftMag_mfcc[4];pcm_fftMag_mfcc[5];pcm_fftMag_mfcc[6];pcm_fftMag_mfcc[7];pcm_fftMag_mfcc[8];pcm_fftMag_mfcc[9];pcm_fftMag_mfcc[10];pcm_fftMag_mfcc[11];pcm_fftMag_mfcc[12];pcm_fftMag_mfcc[13]
0;0.000000;-1.972560e+00;2.805571e+00;1.861769e+00;3.290506e+00;-3.697896e+00;1.195682e+00;-1.329950e+00;5.823597e+00;-4.173887e-01;-7.882993e+00;6.823708e+00;1.074280e+00;2.469601e+00;3.421127e+00
1;0.100000;6.622381e-01;-2.160486e+00;3.056522e+00;-8.210039e-02;-3.381949e+00;2.519579e-01;-3.611504e+00;6.777064e+00;-1.369194e+00;-6.393517e+00;5.392459e+00;4.276743e-01;2.952603e+00;3.345573e+00
2;0.200000;2.199154e+00;-4.789230e+00;1.226467e+00;-1.859867e+00;-4.205427e-01;-1.519414e+00;-4.052403e+00;3.895516e+00;8.326578e-02;-2.269943e+00;1.572583e+00;3.900955e-01;7.540998e-01;3.637848e-01
3;0.300000;2.798155e+00;-1.972540e+00;-3.685503e+00;-2.513709e+00;1.318833e+00;2.719027e+00;-3.467109e+00;-2.521016e+00;5.482200e+00;4.069395e+00;-1.513555e+00;-2.620641e+00;4.733545e-01;-2.209808e+00
4;0.400000;1.675027e+00;-3.651142e-03;-2.034605e+00;-2.096279e+00;3.048241e+00;1.646585e-01;9.408627e-01;-6.138843e+00;2.814285e+00;7.169537e+00;-5.306566e+00;-9.110279e-01;-2.494205e+00;-3.823647e+00
5;0.500000;-5.362013e+00;6.120337e+00;-4.246511e-01;3.261451e+00;3.133315e+00;-2.811913e+00;1.152010e+01;-7.836318e+00;-6.593169e+00;5.307524e+00;-6.968629e+00;1.639619e+00;-4.155453e+00;-1.097061e+00
