frameIndex;frameTime;pcm_fftMag_mfcc[0];pcm_fftMag_mfcc[1];pcm_fftMag_mfcc[2];pcm_fftMag_mfcc[3];pcm_fftMag_mfcc[4];pcm_fftMag_mfcc[5];pcm_fftMag_mfcc[6];pcm_fftMag_mfcc[7];pcm_fftMag_mfcc[8];pcm_fftMag_mfcc[9];pcm_fftMag_mfcc[10];pcm_fftMag_mfcc[11];pcm_fftMag_mfcc[12];pcm_fftMag_mfcc[13]
0;0.000000;6.271709e+00;-5.286300e+00;3.902712e-01;-6.909204e-01;5.770938e+00;3.566000e+00;-1.071453e+00;5.981340e+00;-4.510628e+00;2.837335e+00;-6.195425e+00;-1.350654e+00;-3.343212e+00;-2.435425e+00
1;0.100000;4.884312e+00;-5.179201e+00;2.789866e+00;-3.790615e+00;1.515846e-01;1.892247e+00;2.619925e+00;8.289601e+00;-5.515556e+00;-4.027205e-01;-4.524535e+00;7.017560e-01;-1.422554e+00;-8.323669e-01
2;0.200000;1.714036e+00;-1.696187e+00;-1.035619e+00;-1.859488e+00;-1.480179e-01;-9.090710e-01;4.488844e+00;2.415045e+00;1.299226e-02;-4.425311e+00;-2.823240e-01;-2.987056e-01;1.109405e+00;-3.628769e-01
3;0.300000;-7.600908e-01;1.938636e+00;-2.023300e+00;2.004943e-01;-1.769365e+00;-3.717427e+00;-1.810539e+00;-5.645086e+00;2.727416e+00;-1.545658e+00;1.765357e+00;1.420791e+00;1.317019e+00;3.196487e-01
4;0.400000;-4.303196e+00;5.368870e+00;-3.882337e-02;1.799512e+00;-3.829439e+00;-2.096481e+00;-3.518354e+00;-6.727422e+00;3.568286e+00;1.289960e+00;3.967749e+00;1.085296e-01;8.806357e-01;1.773735e+00
5;0.500000;-7.806775e+00;4.854179e+00;-8.239651e-02;4.341015e+00;-1.757050e-01;1.264736e+00;-7.084188e-01;-4.313482e+00;3.717491e+00;2.246394e+00;5.269176e+00;-5.817146e-01;1.458703e+00;1.537270e+00
