frameIndex;frameTime;pcm_fftMag_mfcc[0];pcm_fftMag_mfcc[1];pcm_fftMag_mfcc[2];pcm_fftMag_mfcc[3];pcm_fftMag_mfcc[4];pcm_fftMag_mfcc[5];pcm_fftMag_mfcc[6];pcm_fftMag_mfcc[7];pcm_fftMag_mfcc[8];pcm_fftMag_mfcc[9];pcm_fftMag_mfcc[10];pcm_fftMag_mfcc[11];pcm_fftMag_mfcc[12];pcm_fftMag_mfcc[13]
0;0.000000;5.735528e+00;-1.248168e+01;-7.932053e-01;-5.251170e+00;2.006859e+00;-2.720103e+00;-2.361374e+00;5.419864e+00;-8.231497e-01;-2.961066e+00;-2.739502e+00;1.795635e+00;-5.269827e+00;1.322281e+00
1;0.100000;3.260152e+00;-5.554605e+00;8.742332e-02;-2.764939e+00;1.479567e+00;-1.945684e+00;-2.403792e-01;4.964301e+00;1.130164e+00;-1.512321e+00;-2.266622e-01;2.269899e+00;-3.005558e+00;1.248199e+00
2;0.200000;-2.574100e-01;1.407819e+00;1.333683e+00;1.972691e+00;-3.508966e+00;-5.530872e-01;7.426808e-01;1.264709e+00;3.207824e+00;2.059456e+00;1.909552e+00;7.835793e-01;-5.749907e-01;1.527306e+00
3;0.300000;-3.863783e+00;5.500712e+00;2.581337e+00;5.301282e+00;-2.658895e+00;-5.710797e-01;2.081683e+00;-2.198019e-01;3.637380e+00;4.991261e+00;2.584993e+00;-1.510736e+00;5.680604e-01;4.634857e-01
4;0.400000;-4.830460e+00;6.420671e+00;1.389487e+00;4.839726e+00;1.371784e-01;-4.620366e-01;5.525433e-01;-2.796381e+00;-1.280486e+00;-1.495647e-01;-1.269789e-01;-2.120518e+00;3.662182e+00;-1.524132e+00
5;0.500000;-4.402161e-02;4.707074e+00;-4.598723e+00;-4.097590e+00;2.544248e+00;6.251989e+00;-7.751545e-01;-8.632691e+00;-5.871730e+00;-2.427765e+00;-1.401402e+00;-1.217856e+00;4.620136e+00;-3.037117e+00
