frameIndex;frameTime;pcm_fftMag_mfcc[0];pcm_fftMag_mfcc[1];pcm_fftMag_mfcc[2];pcm_fftMag_mfcc[3];pcm_fftMag_mfcc[4];pcm_fftMag_mfcc[5];pcm_fftMag_mfcc[6];pcm_fftMag_mfcc[7];pcm_fftMag_mfcc[8];pcm_fftMag_mfcc[9];pcm_fftMag_mfcc[10];pcm_fftMag_mfcc[11];pcm_fftMag_mfcc[12];pcm_fftMag_mfcc[13]
0;0.000000;-3.534326e+00;-2.604539e+00;1.608067e-01;-5.486450e-01;2.764845e-01;-5.687316e+00;-5.410185e+00;6.369232e+00;5.114583e+00;3.152939e+00;-2.174921e+00;-3.026681e+00;-1.733621e+00;5.859261e+00
1;0.100000;-1.494226e+00;-2.317142e+00;2.694104e+00;1.203542e+00;9.906693e-01;-2.335484e+00;-5.308822e+00;4.745363e+00;2.699581e+00;2.967029e+00;-1.933305e+00;-3.590045e+00;-9.844424e-01;3.115456e+00
2;0.200000;2.351062e+00;-8.230915e-01;2.860959e-01;1.047434e+00;-2.498836e+00;6.430652e+00;9.935722e-01;-4.075405e+00;-2.065920e+00;-3.370180e-01;1.144238e+00;1.264653e-01;-4.459982e-01;-6.938934e-02
3;0.300000;4.844764e+00;1.215352e+00;-4.361518e+00;-7.063293e-02;-4.223485e+00;5.302219e+00;4.715014e+00;-3.692739e+00;-4.972393e+00;-7.375555e-01;2.296852e+00;1.047301e+00;2.670048e-01;-2.158356e+00
4;0.400000;2.313616e+00;2.637033e+00;-1.729273e+00;-2.477937e+00;1.239805e-01;-7.087264e-01;5.709541e+00;6.472378e-01;-4.056482e+00;-4.527919e+00;2.113552e-01;3.798263e+00;1.898034e+00;-4.151611e+00
5;0.500000;-4.480889e+00;1.892385e+00;2.949785e+00;8.462343e-01;5.331186e+00;-3.001344e+00;-6.991229e-01;-3.993690e+00;3.280631e+00;-5.174754e-01;4.557803e-01;1.644698e+00;9.990233e-01;-2.595314e+00
