frameIndex;frameTime;pcm_fftMag_mfcc[0];pcm_fftMag_mfcc[1];pcm_fftMag_mfcc[2];pcm_fftMag_mfcc[3];pcm_fftMag_mfcc[4];pcm_fftMag_mfcc[5];pcm_fftMag_mfcc[6];pcm_fftMag_mfcc[7];pcm_fftMag_mfcc[8];pcm_fftMag_mfcc[9];pcm_fftMag_mfcc[10];pcm_fftMag_mfcc[11];pcm_fftMag_mfcc[12];pcm_fftMag_mfcc[13]
0;0.000000;-3.422481e+00;6.421408e+00;-3.252629e+00;-4.498156e+00;4.001821e+00;-3.041945e+00;1.593534e+00;-4.793665e+00;1.596397e+00;4.125522e+00;-1.444211e+00;-4.382368e+00;-3.659153e+00;-3.873444e-02
1;0.100000;1.378824e+00;-1.312656e-01;2.648654e-01;-3.337297e+00;-9.319534e-01;-2.147360e+00;3.961282e-01;-2.070658e+00;3.202133e+00;2.142638e+00;-9.334383e-01;-3.616375e+00;-1.138869e+00;-2.903061e-01
2;0.200000;7.535667e-01;-6.712236e-01;6.951489e-01;8.326310e-01;-4.934849e+00;1.388855e-01;-2.783471e+00;2.171459e-01;1.544745e+00;1.007775e+00;-1.003219e+00;-2.209231e+00;3.243343e+00;5.182037e-01
3;0.300000;-1.377482e+00;1.169506e+00;5.555613e-01;3.574579e+00;-3.618937e+00;-1.096115e-01;-3.349764e-01;4.547119e-01;3.140334e-01;-1.584332e+00;4.357038e-01;1.941676e+00;3.192296e+00;6.809921e-01
4;0.400000;-5.645399e-01;-6.848783e-01;1.020040e+00;3.501535e+00;-1.149437e+00;1.394953e+00;5.306966e-01;3.308292e+00;-1.356860e+00;-5.218723e+00;2.450552e+00;4.535071e+00;7.719336e-01;1.990967e-01
5;0.500000;3.232115e+00;-6.103548e+00;7.170136e-01;-7.329257e-02;6.633355e+00;3.765076e+00;5.980880e-01;2.884172e+00;-5.300448e+00;-4.728847e-01;4.946103e-01;3.731229e+00;-2.409551e+00;-1.069267e+00
