frameIndex;frameTime;pcm_fftMag_mfcc[0];pcm_fftMag_mfcc[1];pcm_fftMag_mfcc[2];pcm_fftMag_mfcc[3];pcm_fftMag_mfcc[4];pcm_fftMag_mfcc[5];pcm_fftMag_mfcc[6];pcm_fftMag_mfcc[7];pcm_fftMag_mfcc[8];pcm_fftMag_mfcc[9];pcm_fftMag_mfcc[10];pcm_fftMag_mfcc[11];pcm_fftMag_mfcc[12];pcm_fftMag_mfcc[13]
0;0.000000;-9.856100e-01;-4.555824e+00;-1.450219e-01;-3.099389e+00;6.125717e-01;-2.670641e+00;9.830770e-01;4.132428e+00;1.580508e+00;-1.402853e+00;-3.125349e+00;1.861429e-02;-4.495866e+00;2.094315e+00
1;0.100000;3.843461e-01;-1.341966e+00;-1.661234e+00;-1.491838e+00;7.940578e-02;-3.506920e+00;5.810180e-01;2.143037e-01;-1.505142e+00;-1.634568e+00;2.921500e-01;-1.021832e+00;-2.985901e+00;6.077728e-01
2;0.200000;5.561877e-01;1.727995e+00;-1.483879e-01;4.647906e-01;-1.302109e-01;1.548412e-01;-4.349813e-01;-1.765938e+00;-1.260215e+00;-5.570965e-01;1.451496e+00;-4.365005e-01;2.092294e+00;-6.386948e-01
3;0.300000;4.507637e-02;4.169795e+00;1.954644e+00;4.126437e+00;-5.617695e-01;6.022719e+00;-1.129114e+00;-2.580793e+00;1.184851e+00;3.594518e+00;1.381702e+00;1.439719e+00;5.389471e+00;-2.063393e+00
