frameIndex;frameTime;pcm_fftMag_mfcc[0];pcm_fftMag_mfcc[1];pcm_fftMag_mfcc[2];pcm_fftMag_mfcc[3];pcm_fftMag_mfcc[4];pcm_fftMag_mfcc[5];pcm_fftMag_mfcc[6];pcm_fftMag_mfcc[7];pcm_fftMag_mfcc[8];pcm_fftMag_mfcc[9];pcm_fftMag_mfcc[10];pcm_fftMag_mfcc[11];pcm_fftMag_mfcc[12];pcm_fftMag_mfcc[13]
0;0.000000;6.657994e+00;3.748566e+00;4.886156e+00;-2.335105e-01;9.567183e+00;8.187789e+00;2.372824e+00;1.692671e+00;-1.062804e+01;-3.574042e-01;6.497561e+00;2.746268e+00;-2.310541e+00;-1.048553e+01
1;0.100000;8.518147e-01;5.302842e+00;-1.398413e+00;-5.494184e+00;3.840746e+00;5.829584e+00;-1.299829e+00;-9.649767e+00;-6.552125e+00;-2.023860e+00;3.394566e-01;2.194745e+00;2.982216e-01;-3.386047e+00
2;0.200000;-2.452307e+00;3.275700e+00;7.931790e-01;-1.437772e+00;1.877246e+00;1.964196e+00;2.301431e-01;-3.108722e+00;-1.079354e+00;-1.876482e+00;-2.001313e+00;6.153417e-01;5.495331e-01;1.932823e+00
3;0.300000;-2.509369e+00;-1.500408e+00;7.718096e-01;2.462261e+00;-9.118767e-01;-2.855533e+00;1.351957e+00;4.229446e+00;6.085153e+00;2.577194e+00;-1.547771e+00;-6.155076e-01;4.898951e-01;4.799171e+00
4;0.400000;-1.057026e+00;-5.642153e+00;-3.675556e-01;2.368843e+00;-4.466637e+00;-5.450554e+00;4.173625e-01;4.432300e+00;6.693234e+00;2.829322e+00;-1.203285e+00;-1.571872e+00;-4.041703e-01;4.712715e+00
5;0.500000;-1.491109e+00;-5.184548e+00;-4.685176e+00;2.334363e+00;-9.906663e+00;-7.675479e+00;-3.072457e+00;2.404069e+00;5.481129e+00;-1.148769e+00;-2.084647e+00;-3.368975e+00;1.377063e+00;2.426857e+00
