frameIndex;frameTime;pcm_fftMag_mfcc[0];pcm_fftMag_mfcc[1];pcm_fftMag_mfcc[2];pcm_fftMag_mfcc[3];pcm_fftMag_mfcc[4];pcm_fftMag_mfcc[5];pcm_fftMag_mfcc[6];pcm_fftMag_mfcc[7];pcm_fftMag_mfcc[8];pcm_fftMag_mfcc[9];pcm_fftMag_mfcc[10];pcm_fftMag_mfcc[11];pcm_fftMag_mfcc[12];pcm_fftMag_mfcc[13]
0;0.000000;4.098414e+00;-6.619256e+00;3.630582e+00;1.139679e-01;-5.015833e+00;3.423778e+00;5.047419e-01;1.979378e+00;1.820859e+00;8.535190e-01;-2.656916e+00;3.154755e-01;-3.074261e+00;-1.200668e+00
1;0.100000;4.553127e+00;-5.933757e+00;1.712990e-02;-2.202583e+00;-2.940650e+00;4.379400e+00;2.818146e-01;6.869202e-01;5.389704e+00;2.274146e+00;-2.425101e+00;7.560787e-01;-1.302089e+00;1.088181e+00
2;0.200000;-4.062643e-01;3.694033e-01;-3.499120e+00;-3.081267e+00;1.704297e-01;5.448112e-01;1.077867e+00;-5.643373e-01;4.321658e+00;2.323755e+00;-8.895416e-01;-6.729317e-02;1.234655e+00;2.631348e+00
3;0.300000;-5.042565e+00;6.483566e+00;-4.075759e+00;-3.474762e+00;3.803165e+00;-3.527983e+00;1.662908e-01;1.203593e+00;3.665013e-01;1.910652e+00;1.544723e+00;-4.199038e-01;1.974552e+00;1.470413e-01
4;0.400000;-4.847232e+00;8.367204e+00;1.538488e+00;1.630225e+00;3.223399e+00;-4.565443e+00;1.275105e+00;-9.085422e-01;-7.971117e+00;-2.393067e+00;3.598104e+00;2.034245e-01;2.139879e+00;-1.721756e+00
5;0.500000;1.644521e+00;-2.667160e+00;2.388676e+00;7.014422e+00;7.594886e-01;-2.545619e-01;-3.305818e+00;-2.397016e+00;-3.927605e+00;-4.969005e+00;8.287334e-01;-7.877798e-01;-9.727358e-01;-9.440994e-01
