frameIndex;frameTime;pcm_fftMag_mfcc[0];pcm_fftMag_mfcc[1];pcm_fftMag_mfcc[2];pcm_fftMag_mfcc[3];pcm_fftMag_mfcc[4];pcm_fftMag_mfcc[5];pcm_fftMag_mfcc[6];pcm_fftMag_mfcc[7];pcm_fftMag_mfcc[8];pcm_fftMag_mfcc[9];pcm_fftMag_mfcc[10];pcm_fftMag_mfcc[11];pcm_fftMag_mfcc[12];pcm_fftMag_mfcc[13]
0;0.000000;-1.237535e+00;-3.345449e+00;-4.920594e+00;-3.111670e+00;2.801419e+00;1.108849e+00;1.228862e-01;-2.243928e+00;1.078035e+00;-9.933925e-02;-8.800764e-01;-4.081990e+00;-1.412398e+00;3.099136e+00
1;0.100000;-1.086330e+00;-1.374208e+00;-2.990241e+00;1.753330e-02;-1.465398e+00;1.974792e+00;-6.337671e-01;1.982624e+00;1.035679e+00;-1.468602e+00;9.647083e-01;-3.241947e+00;-1.778765e+00;8.606949e-01
2;0.200000;4.036098e-01;2.028823e+00;-2.560411e+00;1.700377e+00;-5.061155e+00;3.826864e+00;-3.969173e+00;2.365645e+00;-3.833055e+00;-2.137254e+00;1.227561e+00;-4.201417e-01;4.247935e-01;-3.635361e+00
3;0.300000;1.605779e+00;6.903949e-01;2.263854e+00;-4.829645e-01;-1.005976e+00;1.106911e+00;-3.214706e+00;-2.169485e+00;-7.603517e-01;3.811408e+00;-5.566883e-01;1.607292e+00;6.979382e-01;-3.183586e+00
4;0.400000;1.293969e+00;-3.933046e-01;4.982352e+00;-6.305456e-01;1.305906e+00;-3.365780e+00;2.201756e+00;-1.507174e+00;1.855908e+00;1.851261e+00;-1.001978e-01;2.426469e+00;2.339330e-01;6.645050e-01
5;0.500000;-9.794936e-01;2.393744e+00;3.225039e+00;2.507270e+00;3.425204e+00;-4.651634e+00;5.493005e+00;1.572320e+00;6.237849e-01;-1.957475e+00;-6.553054e-01;3.710321e+00;1.834498e+00;2.194572e+00
