frameIndex;frameTime;pcm_fftMag_mfcc[0];pcm_fftMag_mfcc[1];pcm_fftMag_mfcc[2];pcm_fftMag_mfcc[3];pcm_fftMag_mfcc[4];pcm_fftMag_mfcc[5];pcm_fftMag_mfcc[6];pcm_fftMag_mfcc[7];pcm_fftMag_mfcc[8];pcm_fftMag_mfcc[9];pcm_fftMag_mfcc[10];pcm_fftMag_mfcc[11];pcm_fftMag_mfcc[12];pcm_fftMag_mfcc[13]
0;0.000000;2.836179e+00;-2.244413e+00;-9.733105e-01;-8.549721e+00;1.640053e-01;2.982345e+00;2.916867e+00;-4.184167e-01;-1.762961e+00;4.306779e-01;4.755298e+00;-1.274687e+00;-3.060454e+00;-1.685028e+00
1;0.100000;-8.007622e-02;-1.732136e+00;-8.114824e-01;-2.473209e+00;-4.275455e-01;-2.226607e+00;1.585069e+00;-1.720712e-01;-1.364016e+00;1.105933e-01;5.916875e+00;2.659102e+00;-2.324554e+00;-7.626801e-01
2;0.200000;-2.834495e+00;1.666968e+00;2.671840e+00;4.798581e+00;-1.812496e-01;-4.809873e+00;-1.331417e+00;-1.847970e+00;-3.065208e+00;-1.123708e+00;1.979053e+00;2.648845e+00;-1.805462e+00;-4.683685e-02
3;0.300000;-2.544854e+00;3.524070e+00;2.484893e+00;6.390038e+00;-1.490511e+00;-4.088204e+00;-1.521972e+00;-5.063810e-01;-3.283082e+00;-5.566983e+00;-6.347078e+00;-5.063043e-01;-4.734564e-02;1.847229e-01
4;0.400000;-2.295265e-01;6.190726e-01;-2.135322e+00;1.210193e+00;-9.708500e-01;8.684483e-01;-1.937722e+00;4.895096e-01;1.676283e+00;-1.031678e+00;-5.899247e+00;-2.166946e+00;2.060488e+00;1.333328e+00
5;0.500000;2.852769e+00;-1.833562e+00;-1.236613e+00;-1.375880e+00;2.906144e+00;7.273892e+00;2.891712e-01;2.455330e+00;7.798984e+00;7.181097e+00;-4.049034e-01;-1.360010e+00;5.177331e+00;9.764633e-01
