frameIndex;frameTime;pcm_fftMag_mfcc[0];pcm_fftMag_mfcc[1];pcm_fftMag_mfcc[2];pcm_fftMag_mfcc[3];pcm_fftMag_mfcc[4];pcm_fftMag_mfcc[5];pcm_fftMag_mfcc[6];pcm_fftMag_mfcc[7];pcm_fftMag_mfcc[8];pcm_fftMag_mfcc[9];pcm_fftMag_mfcc[10];pcm_fftMag_mfcc[11];pcm_fftMag_mfcc[12];pcm_fftMag_mfcc[13]
0;0.000000;-1.075399e+01;1.223593e+01;-6.192740e+00;6.873293e+00;-5.536785e+00;-6.823318e-01;5.808345e+00;-5.254526e-01;2.958297e+00;-1.409564e+00;7.173254e-01;-8.226118e-01;1.070492e+00;4.211021e+00
1;0.100000;-6.848610e+00;7.266003e+00;-1.264410e+00;6.145325e+00;-6.499416e+00;-3.524671e-01;2.418732e+00;-3.050747e+00;-8.496802e-01;-2.359919e+00;3.204875e+00;-7.652292e-01;-1.126172e+00;4.704308e+00
2;0.200000;-1.918411e-01;-4.828713e-01;-5.599566e-01;2.722378e+00;-3.682528e+00;2.077774e+00;-5.282221e-01;-2.385661e+00;-2.279938e+00;-2.343574e+00;2.556242e+00;-2.841093e+00;-1.013412e+00;2.124489e+00
3;0.300000;7.026615e+00;-6.962734e+00;-5.828230e-01;-3.621779e+00;4.254363e+00;1.698226e+00;5.230246e-01;-6.305923e-01;-2.180805e+00;2.436573e+00;-2.322948e+00;9.071951e-01;-3.010982e+00;-3.109756e+00
4;0.400000;6.652303e+00;-4.586855e+00;-4.019737e-04;-5.044448e+00;7.748001e+00;8.976631e-01;-2.089655e+00;7.490821e-01;4.645680e-01;9.456778e-01;-2.642261e+00;3.721388e+00;-2.220614e+00;-5.936737e+00
5;0.500000;4.115528e+00;-7.469473e+00;8.600332e+00;-7.074763e+00;3.716366e+00;-3.638865e+00;-6.132224e+00;5.843375e+00;1.887558e+00;2.730807e+00;-1.513233e+00;-1.996479e-01;6.300692e+00;-1.993279e+00
