frameIndex;frameTime;pcm_fftMag_mfcc[0];pcm_fftMag_mfcc[1];pcm_fftMag_mfcc[2];pcm_fftMag_mfcc[3];pcm_fftMag_mfcc[4];pcm_fftMag_mfcc[5];pcm_fftMag_mfcc[6];pcm_fftMag_mfcc[7];pcm_fftMag_mfcc[8];pcm_fftMag_mfcc[9];pcm_fftMag_mfcc[10];pcm_fftMag_mfcc[11];pcm_fftMag_mfcc[12];pcm_fftMag_mfcc[13]
0;0.000000;9.746399e-01;-1.489045e+00;3.259411e+00;2.687904e+00;-4.769606e+00;7.863407e-01;-6.441822e-01;1.681308e+00;-2.995038e-02;2.004753e+00;3.986568e+00;-1.607516e+00;-8.237362e-01;1.591492e-02
1;0.100000;1.884248e+00;-2.734716e+00;-3.204690e+00;-9.164529e-01;-2.635473e+00;6.879134e+00;-2.721243e-01;2.813717e+00;-1.761726e+00;-8.034210e-01;1.650299e+00;-2.377695e+00;1.541671e+00;4.548645e-02
2;0.200000;5.173182e+00;-4.210425e+00;-5.602053e+00;-1.508399e+00;-1.221420e+00;7.994422e+00;-1.842036e+00;7.505966e-01;-7.217406e-01;-9.131107e-01;-7.163749e-01;-3.548712e+00;1.213109e+00;-1.260178e+00
3;0.300000;3.767497e+00;-2.827387e+00;-1.101162e+00;-1.975788e+00;5.224554e+00;1.041893e+00;1.150769e+00;-3.025146e+00;8.637698e-01;-1.573690e+00;-4.212265e+00;-4.597645e-01;-2.457931e+00;-2.088478e+00
4;0.400000;-4.200992e+00;4.476844e+00;3.354545e+00;1.270621e+00;2.786401e+00;-6.646883e+00;6.516180e-01;-2.141417e+00;-2.838014e-01;-1.459055e+00;-2.029028e+00;2.981932e+00;-3.328238e-01;6.277084e-01
5;0.500000;-7.598571e+00;6.784730e+00;3.293948e+00;4.421148e-01;6.155438e-01;-1.005491e+01;9.559536e-01;-7.905889e-02;1.933449e+00;2.744524e+00;1.320800e+00;5.011755e+00;8.597126e-01;2.659492e+00
