frameIndex;frameTime;pcm_fftMag_mfcc[0];pcm_fftMag_mfcc[1];pcm_fftMag_mfcc[2];pcm_fftMag_mfcc[3];pcm_fftMag_mfcc[4];pcm_fftMag_mfcc[5];pcm_fftMag_mfcc[6];pcm_fftMag_mfcc[7];pcm_fftMag_mfcc[8];pcm_fftMag_mfcc[9];pcm_fftMag_mfcc[10];pcm_fftMag_mfcc[11];pcm_fftMag_mfcc[12];pcm_fftMag_mfcc[13]
0;0.000000;2.537417e+00;4.256058e-02;-5.047964e+00;7.220556e+00;1.731233e+00;7.496867e-01;5.613340e+00;8.860760e-01;7.318398e+00;2.675590e+00;-2.904785e+00;4.121509e+00;-1.158940e+00;-2.997185e+00
1;0.100000;3.577377e+00;5.173664e-01;-8.089572e+00;-1.207817e+00;2.295619e+00;5.262901e+00;1.889102e+00;2.323985e-02;8.781242e-02;4.111864e+00;1.749363e-01;-5.211278e+00;-2.975946e+00;-5.688705e-01
2;0.200000;2.331251e+00;-1.098173e+00;-4.210949e+00;-4.426065e+00;2.546237e+00;4.148582e+00;-1.524473e+00;1.197672e-02;-2.514074e+00;2.092052e+00;-4.300385e-01;-4.021561e+00;-1.208046e+00;3.109985e+00
3;0.300000;-8.615267e-01;-9.517212e-01;-2.286243e-01;-4.392530e+00;1.807212e+00;8.735447e-01;-2.001417e+00;-1.045734e+00;-2.976799e+00;-1.376557e-01;4.370213e-01;-1.301993e+00;2.026386e-01;3.948013e+00
4;0.400000;-3.795543e+00;-1.686616e-01;5.624144e+00;-1.000835e+00;-1.211125e+00;-3.298274e+00;-2.366749e+00;-1.205201e+00;-3.025251e+00;-2.675096e+00;1.604300e+00;2.201698e+00;2.580081e+00;1.072487e+00
5;0.500000;-3.788975e+00;1.658627e+00;1.195297e+01;3.806700e+00;-7.169175e+00;-7.736440e+00;-1.609808e+00;1.329642e+00;1.109915e+00;-6.066753e+00;1.118571e+00;4.211624e+00;2.560213e+00;-4.564423e+00
