frameIndex;frameTime;pcm_fftMag_mfcc[0];pcm_fftMag_mfcc[1];pcm_fftMag_mfcc[2];pcm_fftMag_mfcc[3];pcm_fftMag_mfcc[4];pcm_fftMag_mfcc[5];pcm_fftMag_mfcc[6];pcm_fftMag_mfcc[7];pcm_fftMag_mfcc[8];pcm_fftMag_mfcc[9];pcm_fftMag_mfcc[10];pcm_fftMag_mfcc[11];pcm_fftMag_mfcc[12];pcm_fftMag_mfcc[13]
0;0.000000;-2.355597e+00;-8.470875e+00;1.696438e+00;-4.940173e+00;2.799181e+00;-4.693005e+00;7.995208e+00;4.571910e+00;-5.392204e+00;-2.671289e-02;-2.212371e+00;4.131138e+00;9.441757e-01;4.997795e+00
1;0.100000;-4.016485e-01;-5.751702e+00;3.137862e+00;-4.854169e+00;1.176823e+00;-3.588192e+00;4.442964e+00;4.611070e+00;-8.223932e+00;1.758242e-02;-2.139928e+00;5.058527e+00;1.986449e+00;2.569511e+00
2;0.200000;1.584397e+00;-1.469435e+00;3.160835e+00;-2.611969e+00;-9.799976e-01;4.366074e+00;-5.502919e+00;2.856411e+00;-1.972025e+00;8.963995e-01;-4.045926e+00;1.289673e-01;5.729065e-01;-1.190872e-01
3;0.300000;9.352145e-01;8.365641e-01;2.381822e+00;1.557307e-01;-1.306740e+00;6.478001e+00;-7.503230e+00;-1.555186e+00;5.289441e+00;8.286595e-01;-2.598123e+00;-3.455073e+00;-3.084335e+00;-1.520485e+00
4;0.400000;3.558221e-01;5.118681e+00;-3.106371e+00;5.573988e+00;-1.975506e+00;7.538266e-01;-1.871709e+00;-4.997070e+00;7.049969e+00;-1.352479e+00;4.237244e+00;-3.397814e+00;-2.567701e+00;-2.370895e+00
5;0.500000;-1.181941e-01;9.736767e+00;-7.270587e+00;6.676591e+00;2.862415e-01;-3.316706e+00;2.439687e+00;-5.487132e+00;3.248751e+00;-3.634505e-01;6.759105e+00;-2.465749e+00;2.148506e+00;-3.556816e+00
