frameIndex;frameTime;pcm_fftMag_mfcc[0];pcm_fftMag_mfcc[1];pcm_fftMag_mfcc[2];pcm_fftMag_mfcc[3];pcm_fftMag_mfcc[4];pcm_fftMag_mfcc[5];pcm_fftMag_mfcc[6];pcm_fftMag_mfcc[7];pcm_fftMag_mfcc[8];pcm_fftMag_mfcc[9];pcm_fftMag_mfcc[10];pcm_fftMag_mfcc[11];pcm_fftMag_mfcc[12];pcm_fftMag_mfcc[13]
0;0.000000;1.727198e+00;5.180798e-01;-3.126563e+00;7.078388e+00;1.278660e+00;8.569756e-01;5.730036e+00;-4.404816e+00;3.783931e+00;2.392293e+00;-4.472234e+00;4.249789e+00;5.070491e+00;1.280746e+00
1;0.100000;9.633675e-01;2.585078e+00;-2.499572e+00;8.096333e-01;2.411824e+00;4.358411e+00;2.165907e+00;-4.608950e+00;4.688767e+00;2.343633e+00;-2.973078e+00;2.104298e+00;1.677709e+00;-9.774399e-01
2;0.200000;3.072096e+00;-1.661056e+00;-4.477655e+00;-1.623317e+00;1.294795e+00;3.290888e+00;1.200929e+00;-1.945510e+00;-6.896906e-01;-3.043017e-01;2.104993e-01;9.489441e-02;-3.986991e+00;-5.298691e-01
3;0.300000;3.358333e+00;-5.719515e+00;-8.857832e-01;-1.698746e+00;-6.454220e-01;-4.611702e-01;-1.470875e+00;1.459392e+00;-3.133102e+00;1.293933e-01;-9.036422e-01;-3.268080e-01;-4.923265e+00;2.417908e-01
4;0.400000;-2.429384e+00;-1.012533e+00;2.555604e+00;-2.394522e+00;-1.968390e+00;-4.190373e+00;-5.046604e+00;2.759043e+00;-2.894223e+00;-2.613053e+00;1.793586e+00;-4.789948e+00;-1.983505e-01;7.378006e-01
5;0.500000;-6.691612e+00;5.289947e+00;8.433973e+00;-2.171437e+00;-2.371467e+00;-3.854730e+00;-2.579391e+00;6.740841e+00;-1.755684e+00;-1.947964e+00;6.344871e+00;-1.332222e+00;2.360407e+00;-7.530136e-01
