frameIndex;frameTime;pcm_fftMag_mfcc[0];pcm_fftMag_mfcc[1];pcm_fftMag_mfcc[2];pcm_fftMag_mfcc[3];pcm_fftMag_mfcc[4];pcm_fftMag_mfcc[5];pcm_fftMag_mfcc[6];pcm_fftMag_mfcc[7];pcm_fftMag_mfcc[8];pcm_fftMag_mfcc[9];pcm_fftMag_mfcc[10];pcm_fftMag_mfcc[11];pcm_fftMag_mfcc[12];pcm_fftMag_mfcc[13]
0;0.000000;7.137446e+00;-9.615877e+00;2.488960e+00;-1.282866e+00;-1.961078e+00;-4.338584e+00;-7.898589e+00;1.031425e+01;-3.491259e-01;2.517911e+00;3.546405e-02;1.427332e+00;2.753671e+00;7.627563e-01
1;0.100000;1.628993e+00;-2.432227e+00;3.672810e-01;1.175242e+00;-1.000387e+00;-5.566195e+00;-1.725179e+00;2.070344e+00;1.934932e+00;-1.497969e+00;1.804656e+00;1.146568e+00;2.557586e-01;3.984833e-01
2;0.200000;-2.363476e+00;4.330608e+00;-4.094863e+00;2.731029e+00;3.290299e+00;-3.524254e+00;3.151636e+00;-3.275180e+00;1.007939e+00;-4.167056e-01;-5.108325e-01;8.261878e-01;-1.455100e+00;-1.083382e+00
3;0.300000;-2.944315e+00;3.956450e+00;-2.402148e+00;1.798142e+00;2.035695e+00;-1.264086e-01;4.582184e+00;-3.732433e+00;4.688106e-01;5.553215e-01;-1.620022e+00;2.248015e-01;-1.795578e+00;-5.212097e-01
4;0.400000;-7.763929e-01;7.988410e-01;2.458379e+00;-1.603235e+00;-1.508798e+00;5.782268e+00;2.198792e+00;-2.145818e+00;-1.921474e+00;4.352236e-02;-2.520642e-01;-5.341291e-01;-1.441396e+00;1.125107e-01
5;0.500000;-2.682255e+00;2.962206e+00;1.182384e+00;-2.818318e+00;-8.557291e-01;7.773172e+00;-3.088431e-01;-3.231164e+00;-1.141082e+00;-1.202080e+00;5.427992e-01;-3.090760e+00;1.682645e+00;3.308487e-01
