frameIndex;frameTime;pcm_fftMag_mfcc[0];pcm_fftMag_mfcc[1];pcm_fftMag_mfcc[2];pcm_fftMag_mfcc[3];pcm_fftMag_mfcc[4];pcm_fftMag_mfcc[5];pcm_fftMag_mfcc[6];pcm_fftMag_mfcc[7];pcm_fftMag_mfcc[8];pcm_fftMag_mfcc[9];pcm_fftMag_mfcc[10];pcm_fftMag_mfcc[11];pcm_fftMag_mfcc[12];pcm_fftMag_mfcc[13]
0;0.000000;4.825124e+00;-1.247053e+00;5.542326e-02;-1.344579e+00;9.630070e-01;4.622936e-02;1.504154e-01;2.682108e+00;-1.577898e+00;1.004720e+00;-6.682413e-01;-3.401566e+00;-9.644241e-01;7.562103e-01
1;0.100000;4.849435e+00;-5.209087e+00;3.291621e+00;-6.637589e+00;-2.668076e+00;-1.493571e+00;7.888975e-01;1.998819e+00;-3.866736e+00;2.224249e+00;-2.065470e+00;-5.939388e-01;-1.743242e+00;2.941864e+00
2;0.200000;4.595426e+00;-6.008001e+00;4.699016e+00;-8.055320e+00;-4.797215e+00;-2.495709e+00;2.765369e-02;-1.802206e-01;-3.384067e+00;1.715686e+00;-2.272766e+00;1.166658e+00;-1.090897e+00;2.281273e+00
3;0.300000;-1.340408e-01;1.451692e+00;4.047954e-02;-2.049226e+00;-7.677378e+00;-2.963343e-01;-1.967064e+00;-4.034706e+00;1.580137e+00;-9.366894e-01;2.437325e+00;8.428373e-01;2.616621e+00;9.580231e-02
4;0.400000;-5.347110e+00;6.367063e+00;-2.460462e+00;5.938641e+00;1.723038e+00;-7.042484e-01;-3.989019e+00;-3.535121e+00;4.053826e+00;-1.248404e+00;3.143611e+00;2.158607e+00;1.116925e+00;-2.068710e+00
5;0.500000;-8.788831e+00;4.645391e+00;-5.626078e+00;1.214807e+01;1.245662e+01;4.943635e+00;4.989117e+00;3.069121e+00;3.194739e+00;-2.759558e+00;-5.744586e-01;-1.725979e-01;6.501722e-02;-4.006409e+00
