frameIndex;frameTime;pcm_fftMag_mfcc[0];pcm_fftMag_mfcc[1];pcm_fftMag_mfcc[2];pcm_fftMag_mfcc[3];pcm_fftMag_mfcc[4];pcm_fftMag_mfcc[5];pcm_fftMag_mfcc[6];pcm_fftMag_mfcc[7];pcm_fftMag_mfcc[8];pcm_fftMag_mfcc[9];pcm_fftMag_mfcc[10];pcm_fftMag_mfcc[11];pcm_fftMag_mfcc[12];pcm_fftMag_mfcc[13]
0;0.000000;3.507338e+00;-1.085025e+01;2.780444e+00;-6.664016e+00;7.851439e+00;-3.323720e+00;3.738557e+00;1.265872e+01;-4.339143e+00;-1.742707e+00;-3.546239e+00;3.875003e+00;-8.283407e+00;1.310249e+00
1;0.100000;9.755726e-01;-4.450728e+00;-9.509802e-02;-1.491973e+00;5.804634e-02;-1.612107e+00;2.314182e+00;9.322018e+00;-2.827760e+00;-4.381112e+00;2.116058e+00;2.414134e+00;-3.750416e+00;1.905113e+00
2;0.200000;-1.843051e+00;2.901551e+00;-1.339888e+00;3.217128e+00;-5.009190e+00;3.711758e-01;2.360698e+00;3.622390e+00;1.721746e+00;-3.872111e+00;2.908258e+00;6.378530e-01;-2.785717e+00;1.023926e+00
3;0.300000;-3.257150e+00;6.693084e+00;-1.201260e+00;3.150306e+00;-4.210804e+00;-2.356949e-01;-6.458986e-01;-5.062303e+00;2.036357e+00;1.654121e+00;1.000593e+00;-2.711077e+00;1.378848e+00;-1.564789e-02
4;0.400000;-1.688980e+00;4.856549e+00;-1.249865e+00;1.341935e+00;-1.285107e+00;1.109728e+00;-4.396727e+00;-1.049570e+01;2.100766e+00;4.172457e+00;-1.222634e+00;-2.869266e+00;6.241914e+00;-7.288437e-01
5;0.500000;2.306274e+00;8.497930e-01;1.105667e+00;4.466214e-01;2.595619e+00;3.690617e+00;-3.370812e+00;-1.004512e+01;1.308034e+00;4.169350e+00;-1.256037e+00;-1.346647e+00;7.198777e+00;-3.494797e+00
