frameIndex;frameTime;pcm_fftMag_mfcc[0];pcm_fftMag_mfcc[1];pcm_fftMag_mfcc[2];pcm_fftMag_mfcc[3];pcm_fftMag_mfcc[4];pcm_fftMag_mfcc[5];pcm_fftMag_mfcc[6];pcm_fftMag_mfcc[7];pcm_fftMag_mfcc[8];pcm_fftMag_mfcc[9];pcm_fftMag_mfcc[10];pcm_fftMag_mfcc[11];pcm_fftMag_mfcc[12];pcm_fftMag_mfcc[13]
0;0.000000;8.236418e-01;-4.177683e+00;-2.593589e+00;1.901112e-01;3.492441e+00;-5.951042e-01;4.836329e+00;6.436601e-01;2.267430e+00;-8.719549e-01;-2.367315e+00;-2.056552e+00;3.937355e+00;1.243088e+00
1;0.100000;7.585993e-01;-5.496452e+00;-4.336205e-01;-8.046684e-01;1.354345e+00;1.103529e+00;6.420929e+00;3.718310e+00;5.131102e-01;-4.268141e-01;-2.552243e+00;-7.157679e-01;1.655000e+00;3.006233e+00
2;0.200000;1.829598e+00;-4.503615e+00;1.515548e+00;-1.889809e+00;-6.357584e-01;6.288722e-01;4.297860e+00;4.918087e+00;-2.342298e+00;8.949146e-01;-1.374110e+00;5.370951e-01;-1.355872e+00;2.505592e+00
3;0.300000;1.364847e+00;-1.624528e+00;2.152766e+00;-2.764051e+00;-4.155703e-01;-5.156655e-01;-7.813358e-01;2.644967e+00;-1.901150e+00;1.573163e+00;-8.199329e-01;9.946375e-01;-3.325903e+00;3.252258e-01
4;0.400000;-1.122322e+00;3.813196e+00;1.896263e+00;-1.968843e+00;-8.109570e-01;-5.773926e-01;-8.375567e+00;-5.344434e+00;6.166344e-01;8.511734e-01;5.758839e-01;-3.560762e-01;-1.556273e+00;-2.611855e+00
5;0.500000;-3.654371e+00;1.198908e+01;-2.537369e+00;7.237257e+00;-2.984499e+00;-4.423857e-02;-6.398216e+00;-6.580592e+00;8.462715e-01;-2.020480e+00;6.537716e+00;1.596662e+00;6.456985e-01;-4.468269e+00
