frameIndex;frameTime;pcm_fftMag_mfcc[0];pcm_fftMag_mfcc[1];pcm_fftMag_mfcc[2];pcm_fftMag_mfcc[3];pcm_fftMag_mfcc[4];pcm_fftMag_mfcc[5];pcm_fftMag_mfcc[6];pcm_fftMag_mfcc[7];pcm_fftMag_mfcc[8];pcm_fftMag_mfcc[9];pcm_fftMag_mfcc[10];pcm_fftMag_mfcc[11];pcm_fftMag_mfcc[12];pcm_fftMag_mfcc[13]
0;0.000000;3.942275e+00;-8.832598e+00;4.317227e+00;-5.758116e+00;-1.457053e+00;3.312714e+00;-2.738961e+00;9.142265e-01;-3.159455e+00;-2.054483e+00;-3.229561e-01;6.252575e-01;-3.538523e-01;-2.900009e-01
1;0.100000;3.813083e+00;-9.670129e+00;8.544006e-01;-4.455289e+00;-3.298243e+00;4.351564e+00;-3.932405e+00;1.152208e+00;-4.141217e+00;-3.347633e-01;-6.000021e+00;2.223835e+00;-1.769705e-01;3.143539e+00
2;0.200000;1.586434e+00;-6.133334e+00;-1.599304e+00;-1.857794e+00;-2.441190e+00;3.689551e+00;-9.092050e-01;-3.963881e-01;1.110538e+00;-3.233330e+00;-4.179235e+00;9.083200e-01;-2.458506e-01;3.795143e+00
3;0.300000;-2.109912e+00;1.265707e+00;-3.959936e+00;2.789075e+00;1.205194e+00;2.260043e+00;2.768826e+00;-2.177753e-01;6.685852e+00;-2.597940e+00;-1.355654e+00;-4.472399e-02;1.652431e-02;1.432182e+00
4;0.400000;-5.259555e+00;9.332522e+00;-1.905539e+00;5.666088e+00;5.669157e+00;-3.469438e+00;3.587454e+00;1.951694e+00;4.333309e+00;2.918665e+00;3.355320e+00;-2.007343e+00;9.736567e-01;-2.821594e+00
5;0.500000;-1.972325e+00;1.403783e+01;2.293151e+00;3.616037e+00;3.221374e-01;-1.014443e+01;1.224290e+00;-3.403969e+00;-4.829028e+00;5.301850e+00;8.502545e+00;-1.705348e+00;-2.135067e-01;-5.259247e+00
