frameIndex;frameTime;pcm_fftMag_mfcc[0];pcm_fftMag_mfcc[1];pcm_fftMag_mfcc[2];pcm_fftMag_mfcc[3];pcm_fftMag_mfcc[4];pcm_fftMag_mfcc[5];pcm_fftMag_mfcc[6];pcm_fftMag_mfcc[7];pcm_fftMag_mfcc[8];pcm_fftMag_mfcc[9];pcm_fftMag_mfcc[10];pcm_fftMag_mfcc[11];pcm_fftMag_mfcc[12];pcm_fftMag_mfcc[13]
0;0.000000;1.833248e+00;-4.794240e+00;1.030560e-01;8.421366e+00;-1.129463e+00;-2.798368e+00;4.550086e-01;1.282921e+00;5.813699e+00;4.831628e+00;-8.887393e-01;-5.929047e+00;-3.603011e+00;2.054825e+00
1;0.100000;-3.484421e+00;-1.241072e+00;-3.089218e+00;7.915394e+00;2.418499e+00;-3.712760e+00;3.277168e+00;1.862616e+00;4.771593e+00;5.204536e+00;-1.826088e+00;-5.360840e+00;-2.083843e+00;2.216812e+00
2;0.200000;-4.970833e+00;3.830012e+00;-2.739351e+00;3.881336e+00;3.994908e+00;-2.082690e+00;2.781660e+00;8.096681e-01;8.371361e-01;7.518377e-01;-1.194886e+00;-7.561350e-01;8.298850e-01;1.543655e-01
3;0.300000;-6.787052e-01;3.343849e+00;-4.282818e-01;-5.641840e+00;-2.438021e+00;9.765186e-01;1.463611e-01;-1.985487e+00;-3.466664e+00;-5.538447e+00;-5.793486e-01;4.230731e+00;8.768399e-01;2.926636e-02
4;0.400000;3.693168e+00;-9.402699e-01;4.031952e+00;-9.474579e+00;-2.014884e+00;2.853180e+00;-2.324465e+00;-3.301849e-01;-5.087757e+00;-4.419394e+00;-2.613468e-01;4.988901e+00;2.182574e+00;-1.399811e+00
5;0.500000;3.607544e+00;-1.982794e-01;2.121843e+00;-5.101686e+00;-8.310378e-01;4.764121e+00;-4.335734e+00;-1.639531e+00;-2.868007e+00;-8.301597e-01;4.750409e+00;2.826387e+00;1.797555e+00;-3.055496e+00
