frameIndex;frameTime;pcm_fftMag_mfcc[0];pcm_fftMag_mfcc[1];pcm_fftMag_mfcc[2];pcm_fftMag_mfcc[3];pcm_fftMag_mfcc[4];pcm_fftMag_mfcc[5];pcm_fftMag_mfcc[6];pcm_fftMag_mfcc[7];pcm_fftMag_mfcc[8];pcm_fftMag_mfcc[9];pcm_fftMag_mfcc[10];pcm_fftMag_mfcc[11];pcm_fftMag_mfcc[12];pcm_fftMag_mfcc[13]
0;0.000000;5.419111e-01;-5.245149e+00;-7.966197e+00;1.437993e+00;2.295493e+00;9.358637e+00;4.733171e-01;-6.736567e+00;5.267906e-02;-1.017041e-01;-7.923887e+00;3.690535e+00;1.678992e+00;2.540237e+00
1;0.100000;-2.345085e-01;-3.493880e+00;-7.347528e+00;2.499763e+00;1.573107e+00;8.336386e+00;-1.989937e-01;-7.230720e+00;4.307575e-01;-1.451833e+00;-6.038269e+00;3.243098e+00;1.998392e+00;1.861069e+00
2;0.200000;-6.853819e-02;3.314296e+00;-2.872197e+00;3.820372e-01;-5.190048e-01;1.946549e+00;-6.817003e+00;-3.597291e+00;1.122584e+00;-1.165387e+00;3.873483e+00;1.157389e-01;1.429276e+00;-5.432739e-01
3;0.300000;-1.477299e+00;8.060293e+00;7.253284e+00;-2.277970e+00;-2.662081e+00;-7.318321e+00;-7.904090e+00;2.383991e+00;1.519075e+00;-2.092931e-01;9.462212e+00;-2.901526e+00;-2.411280e+00;-2.330711e+00
4;0.400000;-3.102455e-01;1.512695e+00;6.544951e+00;-1.958011e+00;-6.398258e-01;-6.791040e+00;4.112405e+00;6.670549e+00;-4.831276e-01;-1.319334e+00;5.003402e+00;-3.373545e+00;-3.586195e-01;-1.447868e+00
5;0.500000;1.548681e+00;-4.148255e+00;4.387685e+00;-8.380795e-02;-4.768944e-02;-5.532208e+00;1.033436e+01;8.510039e+00;-2.641965e+00;4.247552e+00;-4.376936e+00;-7.742977e-01;-2.336761e+00;-7.942200e-02
