frameIndex;frameTime;pcm_fftMag_mfcc[0];pcm_fftMag_mfcc[1];pcm_fftMag_mfcc[2];pcm_fftMag_mfcc[3];pcm_fftMag_mfcc[4];pcm_fftMag_mfcc[5];pcm_fftMag_mfcc[6];pcm_fftMag_mfcc[7];pcm_fftMag_mfcc[8];pcm_fftMag_mfcc[9];pcm_fftMag_mfcc[10];pcm_fftMag_mfcc[11];pcm_fftMag_mfcc[12];pcm_fftMag_mfcc[13]
0;0.000000;9.743225e+00;-7.186979e+00;8.065462e-02;-1.311330e+01;6.711594e+00;-2.876493e+00;-6.733503e-01;-1.023240e+01;5.954685e-01;-6.046605e+00;-3.793622e+00;-7.649982e-01;-3.315872e+00;6.312370e+00
1;0.100000;3.752270e+00;1.838460e+00;2.015206e+00;-2.533257e+00;-3.147177e+00;1.454645e+00;-6.077086e+00;-6.437317e+00;3.707790e-01;-4.290895e+00;-9.535880e-01;6.030750e-02;-1.316460e+00;2.280327e+00
2;0.200000;-3.714472e+00;5.755558e+00;-6.167419e-01;6.958828e+00;-1.960937e+00;-1.035013e+00;-4.000657e+00;-2.706152e+00;-2.537133e+00;-2.564566e+00;1.661818e+00;2.634234e-01;4.752560e-01;-2.458359e+00
3;0.300000;-9.069418e+00;1.102691e+00;-6.049681e+00;9.896839e+00;8.118810e+00;6.595671e+00;9.256170e+00;1.038389e+01;2.413049e+00;2.430725e+00;3.550226e+00;1.256767e+00;2.250967e-01;-4.633919e+00
4;0.400000;-4.260090e+00;2.628321e+00;-2.677911e+00;4.257577e+00;-2.132553e+00;-1.162719e+00;3.573998e+00;6.084702e+00;3.416729e+00;5.754603e+00;1.689282e+00;1.778999e+00;1.326345e+00;-3.498192e+00
5;0.500000;3.548492e+00;-4.138050e+00;7.248474e+00;-5.466689e+00;-7.589735e+00;-2.976091e+00;-2.079070e+00;2.907285e+00;-4.258893e+00;4.716739e+00;-2.154116e+00;-2.594498e+00;2.605634e+00;1.997772e+00
