frameIndex;frameTime;pcm_fftMag_mfcc[0];pcm_fftMag_mfcc[1];pcm_fftMag_mfcc[2];pcm_fftMag_mfcc[3];pcm_fftMag_mfcc[4];pcm_fftMag_mfcc[5];pcm_fftMag_mfcc[6];pcm_fftMag_mfcc[7];pcm_fftMag_mfcc[8];pcm_fftMag_mfcc[9];pcm_fftMag_mfcc[10];pcm_fftMag_mfcc[11];pcm_fftMag_mfcc[12];pcm_fftMag_mfcc[13]
0;0.000000;5.221946e+00;-2.639650e+00;8.611269e-01;-3.787897e+00;-1.846862e-01;2.927341e+00;-3.961685e+00;-1.080948e+00;-1.322319e+00;2.849818e+00;4.372903e+00;3.672141e+00;-1.830963e+00;-2.349785e+00
1;0.100000;5.254192e-01;-1.809607e-01;1.489273e+00;-2.478860e+00;3.318453e-02;-9.003277e-01;-6.110555e+00;-3.804371e+00;-4.688605e-01;2.588496e+00;2.741494e+00;5.635124e+00;-2.120960e+00;9.266510e-01
2;0.200000;-3.560451e+00;1.893142e+00;3.469314e+00;3.533449e-01;-3.024669e-01;-1.692202e+00;-2.425210e+00;-2.494347e+00;-2.820708e-01;1.595583e+00;2.325387e+00;4.016526e+00;-1.446999e+00;1.344933e+00
3;0.300000;-5.174134e+00;3.003448e+00;1.900899e+00;1.377250e+00;-2.723026e-02;-1.573841e+00;3.728443e+00;1.576712e+00;-8.598171e-01;-2.319849e+00;-2.813533e+00;-1.685681e+00;1.288176e+00;5.524597e-01
4;0.400000;-1.254077e+00;9.992218e-01;-3.833422e+00;1.492678e+00;1.723743e+00;-6.349602e-01;3.909007e+00;1.773844e+00;5.715740e-01;-2.257143e+00;-4.228757e+00;-5.403229e+00;2.149192e+00;7.586441e-01
5;0.500000;4.241288e+00;-3.075203e+00;-3.887194e+00;3.043479e+00;-1.242544e+00;1.873981e+00;4.860001e+00;4.029106e+00;2.361493e+00;-2.456907e+00;-2.397496e+00;-6.234880e+00;1.961553e+00;-1.232841e+00
