frameIndex;frameTime;pcm_fftMag_mfcc[0];pcm_fftMag_mfcc[1];pcm_fftMag_mfcc[2];pcm_fftMag_mfcc[3];pcm_fftMag_mfcc[4];pcm_fftMag_mfcc[5];pcm_fftMag_mfcc[6];pcm_fftMag_mfcc[7];pcm_fftMag_mfcc[8];pcm_fftMag_mfcc[9];pcm_fftMag_mfcc[10];pcm_fftMag_mfcc[11];pcm_fftMag_mfcc[12];pcm_fftMag_mfcc[13]
0;0.000000;3.439714e+00;1.835290e+00;2.336560e+00;6.164760e+00;-4.512019e+00;1.939292e+00;-8.414685e+00;-3.276409e+00;-3.994656e+00;-4.594202e+00;2.636250e+00;-3.686771e+00;-4.417913e+00;-2.049454e+00
1;0.100000;2.007735e+00;4.552577e+00;2.384100e+00;5.643591e+00;-1.347542e-03;2.288323e+00;-7.349801e+00;-1.960125e-01;-7.665996e+00;-3.398808e+00;3.336995e+00;-5.400391e-01;-4.464144e+00;-4.932343e+00
2;0.200000;-1.568007e-01;3.851705e+00;-2.598063e+00;-2.272013e+00;6.308170e+00;7.644348e-01;1.832367e+00;6.652850e+00;-4.052195e+00;3.940623e+00;-2.702383e+00;1.057360e+00;1.061413e-01;-4.898613e+00
3;0.300000;-9.876254e-01;-3.054631e+00;-3.292886e+00;-4.639388e+00;2.240349e+00;-2.815158e+00;5.647381e+00;1.000862e+00;4.298981e+00;4.659434e+00;-3.323878e+00;1.242339e+00;3.187277e+00;1.346535e+00
4;0.400000;-1.049841e+00;-4.714295e+00;-5.835956e-01;-3.321311e+00;-1.125602e+00;-1.781768e+00;4.690623e+00;-1.486343e+00;6.308729e+00;6.730642e-01;-1.496531e+00;1.555204e+00;1.840022e+00;4.950775e+00
5;0.500000;-3.253181e+00;-2.470645e+00;1.753884e+00;-1.575639e+00;-2.909556e+00;-3.951225e-01;3.594114e+00;-2.694944e+00;5.105139e+00;-1.280112e+00;1.549547e+00;3.719082e-01;3.748618e+00;5.583076e+00
