frameIndex;frameTime;pcm_fftMag_mfcc[0];pcm_fftMag_mfcc[1];pcm_fftMag_mfcc[2];pcm_fftMag_mfcc[3];pcm_fftMag_mfcc[4];pcm_fftMag_mfcc[5];pcm_fftMag_mfcc[6];pcm_fftMag_mfcc[7];pcm_fftMag_mfcc[8];pcm_fftMag_mfcc[9];pcm_fftMag_mfcc[10];pcm_fftMag_mfcc[11];pcm_fftMag_mfcc[12];pcm_fftMag_mfcc[13]
0;0.000000;5.351370e+00;-6.476429e+00;-4.242446e+00;-1.461865e+00;3.151443e+00;-2.941152e+00;2.443177e+00;5.297894e+00;6.157243e+00;-5.055137e+00;-2.525583e+00;5.080739e+00;9.659100e-02;9.590149e-02
1;0.100000;2.259540e+00;-3.136505e+00;-5.719893e+00;2.880222e+00;-6.965504e-01;-2.148386e+00;3.274428e+00;8.530115e+00;5.828626e+00;-4.823048e+00;-2.268661e+00;4.482262e+00;-6.508303e-02;9.838562e-01
2;0.200000;-9.740753e-01;2.724085e+00;-5.139055e+00;6.563562e+00;-1.487965e+00;-3.016235e+00;2.879271e+00;6.115369e+00;2.940022e+00;-4.666642e+00;6.042042e-01;3.465848e+00;-6.031666e-01;-1.251450e-01
3;0.300000;-3.426939e+00;6.204775e+00;1.950366e+00;1.079301e+00;-2.555357e+00;1.204688e+00;-2.075114e+00;-4.478723e+00;-3.127759e+00;2.437246e+00;3.381596e+00;-5.850203e-01;9.383869e-01;-3.477325e-01
4;0.400000;-3.057461e+00;3.264822e+00;5.483476e+00;-4.967292e+00;-8.785248e-01;5.706544e+00;-4.119588e+00;-1.036771e+01;-5.959560e+00;7.705404e+00;1.428199e+00;-6.352816e+00;2.593594e-01;2.342911e-01
5;0.500000;-1.524343e-01;-2.580749e+00;7.667552e+00;-4.093924e+00;2.466963e+00;1.194541e+00;-2.402174e+00;-5.096946e+00;-5.838570e+00;4.402175e+00;-6.197605e-01;-6.091012e+00;-6.260848e-01;-8.411331e-01
