frameIndex;frameTime;pcm_fftMag_mfcc[0];pcm_fftMag_mfcc[1];pcm_fftMag_mfcc[2];pcm_fftMag_mfcc[3];pcm_fftMag_mfcc[4];pcm_fftMag_mfcc[5];pcm_fftMag_mfcc[6];pcm_fftMag_mfcc[7];pcm_fftMag_mfcc[8];pcm_fftMag_mfcc[9];pcm_fftMag_mfcc[10];pcm_fftMag_mfcc[11];pcm_fftMag_mfcc[12];pcm_fftMag_mfcc[13]
0;0.000000;-6.159427e-01;7.855377e-01;7.566175e-01;6.279488e-01;-4.400260e+00;-1.223831e+00;1.329468e+00;-1.481785e+00;-2.650564e+00;-2.560946e+00;5.408823e-01;1.270683e+00;-2.093845e+00;-9.187393e-01
1;0.100000;5.395114e-01;-1.002069e+00;-1.135572e+00;-3.670240e+00;-8.246243e-01;5.121645e-01;-7.664776e-01;-7.150124e-01;-6.648231e-02;2.715498e+00;-8.861729e-01;-3.990211e-01;8.617859e-01;1.303337e+00
2;0.200000;3.714523e-01;-9.939342e-01;-6.108422e-01;-1.080112e+00;1.491887e+00;5.407618e-01;-5.428038e-01;1.086107e+00;1.255342e+00;2.003982e+00;-4.947306e-01;-9.600585e-01;6.956129e-01;1.348473e+00
3;0.300000;-2.950208e-01;1.210466e+00;9.897966e-01;4.122408e+00;3.732997e+00;1.709042e-01;-2.018738e-02;1.110691e+00;1.461704e+00;-2.158535e+00;8.400211e-01;8.839631e-02;5.364475e-01;-1.733093e+00
