frameIndex;frameTime;pcm_fftMag_mfcc[0];pcm_fftMag_mfcc[1];pcm_fftMag_mfcc[2];pcm_fftMag_mfcc[3];pcm_fftMag_mfcc[4];pcm_fftMag_mfcc[5];pcm_fftMag_mfcc[6];pcm_fftMag_mfcc[7];pcm_fftMag_mfcc[8];pcm_fftMag_mfcc[9];pcm_fftMag_mfcc[10];pcm_fftMag_mfcc[11];pcm_fftMag_mfcc[12];pcm_fftMag_mfcc[13]
0;0.000000;-2.927982e+00;4.655769e-01;-1.936279e+00;6.280170e+00;4.414040e+00;-9.293567e+00;1.963933e+00;1.602163e+00;6.120919e+00;-2.516445e+00;-5.489733e+00;-2.374673e-02;4.191578e+00;1.754997e+00
1;0.100000;-3.711703e+00;4.113264e+00;-1.127604e+00;4.653253e+00;3.352702e+00;-7.045462e+00;5.411968e-01;-2.215630e+00;6.570432e+00;-8.121994e-01;-3.239413e+00;4.062098e-01;4.265152e+00;8.760529e-01
2;0.200000;-3.366760e+00;6.095440e+00;9.154682e-01;2.160599e+00;1.947677e+00;-2.597738e+00;-3.406246e-01;-3.296015e+00;3.880348e+00;6.811731e-01;-2.134864e+00;1.624670e+00;4.266488e+00;-2.305855e+00
3;0.300000;1.533825e+00;2.878571e+00;-2.197469e+00;-4.436035e+00;-3.543195e+00;5.578114e+00;2.687262e+00;-8.663082e-02;-6.709887e+00;-1.742153e-01;1.744160e+00;1.661881e+00;-1.865910e+00;-2.807167e+00
4;0.400000;5.327380e+00;-5.807148e+00;1.349092e+00;-4.689846e+00;-3.968434e+00;7.620552e+00;-2.294109e+00;2.581776e+00;-6.907324e+00;1.576319e+00;4.381650e+00;-1.158952e+00;-5.674981e+00;4.473267e-01
5;0.500000;3.145242e+00;-7.745703e+00;2.996792e+00;-3.968143e+00;-2.202788e+00;5.738102e+00;-2.557659e+00;1.414337e+00;-2.954487e+00;1.245367e+00;4.738198e+00;-2.510063e+00;-5.182328e+00;2.034599e+00
