frameIndex;frameTime;pcm_fftMag_mfcc[0];pcm_fftMag_mfcc[1];pcm_fftMag_mfcc[2];pcm_fftMag_mfcc[3];pcm_fftMag_mfcc[4];pcm_fftMag_mfcc[5];pcm_fftMag_mfcc[6];pcm_fftMag_mfcc[7];pcm_fftMag_mfcc[8];pcm_fftMag_mfcc[9];pcm_fftMag_mfcc[10];pcm_fftMag_mfcc[11];pcm_fftMag_mfcc[12];pcm_fftMag_mfcc[13]
0;0.000000;-7.004471e-01;-4.406793e+00;4.831381e-01;-4.042943e+00;-5.098785e+00;-6.884537e-01;1.066084e-01;4.503088e-01;-5.494986e+00;3.924755e+00;-2.674815e+00;2.072696e+00;-2.411065e+00;3.535698e+00
1;0.100000;-2.831566e+00;-2.290348e+00;-1.262725e+00;-3.109482e+00;-4.228540e+00;-8.179426e-01;3.083922e+00;1.232461e+00;-2.325818e+00;-6.342936e-02;-1.179445e+00;-3.860123e-01;-4.133606e-01;4.545609e+00
2;0.200000;-3.314056e+00;1.083921e+00;-2.092414e+00;-2.574301e-01;-7.144375e-01;6.199112e-01;3.767263e+00;7.990112e-01;1.345870e-01;-3.254891e+00;9.489250e-02;-6.637418e-01;8.239031e-01;2.756332e+00
3;0.300000;-2.158695e+00;4.073393e+00;-1.579070e-01;3.421999e+00;1.945148e+00;5.393782e-01;1.136884e+00;-3.294597e-01;4.645836e+00;-2.950484e+00;2.267715e+00;1.418641e+00;1.109324e+00;-1.084496e+00
4;0.400000;2.240363e+00;3.728446e+00;1.911363e+00;3.066908e+00;3.149060e+00;2.192268e-01;-3.671485e+00;-1.735075e+00;4.753175e+00;-2.015755e-01;2.679878e+00;2.194585e+00;1.272520e+00;-4.714409e+00
5;0.500000;6.764403e+00;-2.188619e+00;1.118541e+00;9.209456e-01;4.947563e+00;1.278753e-01;-4.423193e+00;-4.172492e-01;-1.712794e+00;2.545622e+00;-1.188224e+00;-4.636170e+00;-3.813162e-01;-5.038689e+00
