frameIndex;frameTime;pcm_fftMag_mfcc[0];pcm_fftMag_mfcc[1];pcm_fftMag_mfcc[2];pcm_fftMag_mfcc[3];pcm_fftMag_mfcc[4];pcm_fftMag_mfcc[5];pcm_fftMag_mfcc[6];pcm_fftMag_mfcc[7];pcm_fftMag_mfcc[8];pcm_fftMag_mfcc[9];pcm_fftMag_mfcc[10];pcm_fftMag_mfcc[11];pcm_fftMag_mfcc[12];pcm_fftMag_mfcc[13]
0;0.000000;1.079007e+00;-3.566277e+00;-1.882607e+00;4.599564e+00;-2.777311e+00;-4.082274e+00;1.578646e+00;3.706310e+00;4.988189e-01;-1.775641e-01;-4.864764e+00;-3.212220e+00;1.657940e+00;1.291672e+00
1;0.100000;-4.904871e-01;1.428772e+00;-3.285476e+00;4.034777e+00;-2.439703e+00;-3.292272e+00;-1.420685e+00;2.627022e+00;2.059706e+00;1.728516e-01;-5.310407e+00;-5.191850e+00;4.200068e-01;-1.751633e-01
2;0.200000;-1.695541e+00;5.239374e+00;-7.650795e-01;-1.296277e+00;1.053819e+00;1.424405e+00;-4.703012e+00;-8.193974e-01;2.935942e+00;-6.124606e-01;-1.715765e+00;-1.308330e+00;7.782874e-01;-1.478401e+00
3;0.300000;4.228764e-01;1.290365e+00;-2.360511e+00;-4.366908e+00;-1.366268e+00;3.277060e+00;8.352685e-01;-2.339433e+00;-2.612020e+00;-7.408590e-01;5.623512e+00;1.784608e+00;7.362404e-01;-8.888474e-01
4;0.400000;2.439437e+00;-3.566827e+00;6.858196e-01;-2.255297e+00;9.761324e-01;1.333403e+00;2.236414e+00;-1.345921e+00;-2.612573e+00;-2.866087e-01;4.267964e+00;2.545293e+00;-1.710643e+00;-6.836700e-02
5;0.500000;-1.755297e+00;-8.254061e-01;7.607847e+00;-7.158599e-01;4.553335e+00;1.339679e+00;1.473371e+00;-1.828580e+00;-2.698735e-01;1.644638e+00;1.999460e+00;5.382499e+00;-1.881835e+00;1.319145e+00
