frameIndex;frameTime;pcm_fftMag_mfcc[0];pcm_fftMag_mfcc[1];pcm_fftMag_mfcc[2];pcm_fftMag_mfcc[3];pcm_fftMag_mfcc[4];pcm_fftMag_mfcc[5];pcm_fftMag_mfcc[6];pcm_fftMag_mfcc[7];pcm_fftMag_mfcc[8];pcm_fftMag_mfcc[9];pcm_fftMag_mfcc[10];pcm_fftMag_mfcc[11];pcm_fftMag_mfcc[12];pcm_fftMag_mfcc[13]
0;0.000000;5.831439e+00;-3.199750e+00;4.305571e+00;2.496759e-01;-9.733040e+00;1.346287e+01;2.333264e+00;3.366959e+00;-1.693791e+00;-7.220908e+00;-6.996241e-01;-1.395619e+00;-9.668426e+00;-5.255585e-01
1;0.100000;-5.380936e-01;-2.824173e+00;5.008770e+00;7.620350e-01;-3.218337e+00;4.895979e+00;3.635139e+00;3.348969e+00;-1.497775e+00;-4.553408e+00;-1.130028e+00;-2.100525e-01;-5.240145e+00;1.022324e+00
2;0.200000;-4.074538e+00;7.077031e-01;1.362576e+00;-1.791650e-01;1.466463e+00;-3.059805e+00;6.011448e-01;6.329136e-01;-2.997370e-01;1.000338e+00;1.578367e+00;-1.617897e+00;-3.107208e-01;1.781822e+00
3;0.300000;-3.894806e+00;3.792647e+00;-2.306840e+00;-1.761129e-01;5.715683e+00;-7.253031e+00;-3.617599e+00;-2.655765e+00;1.199203e-01;4.920302e+00;3.864460e-01;-2.043263e+00;5.168291e+00;7.945251e-01
4;0.400000;-1.184383e+00;2.629343e+00;-2.443433e+00;1.310022e+00;5.446860e+00;-7.810508e+00;-3.290023e+00;-2.139538e+00;2.813112e+00;4.396765e+00;-1.446484e+00;2.674725e-01;7.266937e+00;-9.422913e-01
5;0.500000;3.860383e+00;-1.105770e+00;-5.926645e+00;-1.966454e+00;3.223720e-01;-2.355037e-01;3.380728e-01;-2.553539e+00;5.582685e-01;1.456912e+00;1.311324e+00;4.999359e+00;2.784064e+00;-2.130821e+00
