frameIndex;frameTime;pcm_fftMag_mfcc[0];pcm_fftMag_mfcc[1];pcm_fftMag_mfcc[2];pcm_fftMag_mfcc[3];pcm_fftMag_mfcc[4];pcm_fftMag_mfcc[5];pcm_fftMag_mfcc[6];pcm_fftMag_mfcc[7];pcm_fftMag_mfcc[8];pcm_fftMag_mfcc[9];pcm_fftMag_mfcc[10];pcm_fftMag_mfcc[11];pcm_fftMag_mfcc[12];pcm_fftMag_mfcc[13]
0;0.000000;4.878384e+00;-4.831257e+00;-4.808741e+00;-1.303999e+00;-3.706558e-01;5.238967e+00;-4.194233e+00;-3.805928e+00;3.379571e+00;-1.887607e+00;1.421547e-01;-3.423799e+00;-2.167210e+00;-1.935173e+00
1;0.100000;1.473686e+00;-6.565414e+00;-1.906456e+00;-3.413858e+00;-1.655502e+00;2.235311e+00;1.912231e-01;-1.354415e+00;2.699264e+00;3.885930e-01;-2.398731e+00;-8.230865e-01;-4.183950e+00;9.384766e-01
2;0.200000;-1.541912e+00;-2.620608e+00;-8.894343e-01;-3.621252e+00;3.005791e-02;1.576805e+00;1.909646e+00;-5.716252e-02;8.382301e-01;3.181175e-01;-2.417165e+00;-6.622093e-01;-2.703838e+00;2.194725e+00
3;0.300000;-3.703938e+00;3.316812e+00;6.203403e-01;-8.943176e-01;3.896901e+00;-1.129413e+00;1.251197e+00;1.421364e+00;-2.778378e+00;-7.814025e-01;-9.935331e-02;1.329158e+00;2.128742e+00;1.133453e+00
4;0.400000;-2.483919e+00;6.110737e+00;3.446682e+00;3.316736e+00;1.892973e+00;-5.671543e+00;4.408083e-01;3.158305e+00;-3.438987e+00;1.950989e-01;2.444633e+00;1.411910e+00;3.768802e+00;-2.560959e-01
5;0.500000;1.377699e+00;4.589729e+00;3.537610e+00;5.916687e+00;-3.793772e+00;-2.250127e+00;4.013577e-01;6.378375e-01;-6.996956e-01;1.767201e+00;2.328458e+00;2.168026e+00;3.157454e+00;-2.075371e+00
