frameIndex;frameTime;pcm_fftMag_mfcc[0];pcm_fftMag_mfcc[1];pcm_fftMag_mfcc[2];pcm_fftMag_mfcc[3];pcm_fftMag_mfcc[4];pcm_fftMag_mfcc[5];pcm_fftMag_mfcc[6];pcm_fftMag_mfcc[7];pcm_fftMag_mfcc[8];pcm_fftMag_mfcc[9];pcm_fftMag_mfcc[10];pcm_fftMag_mfcc[11];pcm_fftMag_mfcc[12];pcm_fftMag_mfcc[13]
0;0.000000;6.230884e-01;-1.113081e-01;-9.278474e-01;-2.716788e+00;-3.958483e+00;-2.016510e+00;3.591553e+00;-1.442580e+00;2.800381e+00;1.832250e+00;5.664749e-01;-1.688838e-01;-1.155496e-02;7.512970e-01
1;0.100000;3.814289e+00;-2.074356e+00;-4.091046e+00;-3.606270e+00;-2.531676e+00;2.794479e+00;5.556304e+00;-1.775752e+00;9.843597e-01;6.517549e-01;-6.701517e-01;-1.260706e+00;-1.422303e-01;1.549683e+00
2;0.200000;5.305652e+00;-5.081353e+00;-2.785045e+00;-3.142139e+00;-2.216875e+00;5.328637e+00;1.067618e+00;3.662109e-04;-4.457631e-01;-6.408441e-01;1.981780e+00;-4.142091e+00;1.473579e+00;7.139206e-01
3;0.300000;2.607762e+00;-2.620774e+00;-1.013753e+00;5.726862e-01;9.654884e-01;3.188399e+00;8.813863e-01;2.063065e-01;-1.062369e+00;-4.581571e-02;-2.374630e-01;-2.066417e-01;-7.654119e-02;-2.128792e+00
4;0.400000;-5.925600e+00;5.236666e+00;4.600735e+00;4.787741e+00;5.396108e+00;-3.002481e+00;-5.142745e+00;1.327877e+00;-1.150395e+00;-1.376261e+00;-1.107808e+00;3.554256e+00;-9.356961e-01;-2.161858e+00
5;0.500000;-6.425190e+00;4.651129e+00;4.216957e+00;4.104765e+00;2.345438e+00;-6.292522e+00;-5.954118e+00;1.683784e+00;-1.126215e+00;-4.210846e-01;-5.328307e-01;2.224066e+00;-3.075566e-01;1.275742e+00
