frameIndex;frameTime;pcm_fftMag_mfcc[0];pcm_fftMag_mfcc[1];pcm_fftMag_mfcc[2];pcm_fftMag_mfcc[3];pcm_fftMag_mfcc[4];pcm_fftMag_mfcc[5];pcm_fftMag_mfcc[6];pcm_fftMag_mfcc[7];pcm_fftMag_mfcc[8];pcm_fftMag_mfcc[9];pcm_fftMag_mfcc[10];pcm_fftMag_mfcc[11];pcm_fftMag_mfcc[12];pcm_fftMag_mfcc[13]
0;0.000000;2.544035e+00;-3.901711e-01;1.648476e+01;1.093921e+01;7.931546e+00;7.293784e+00;1.084819e+01;5.794335e+00;-5.064496e-01;8.586819e+00;1.703193e+00;3.725202e+00;2.308017e+00;-1.068232e+01
1;0.100000;5.393312e+00;-2.874322e+00;4.570100e+00;4.221424e+00;2.798552e+00;4.851645e+00;1.202109e+00;7.731732e+00;-1.623371e+00;9.247990e+00;-2.699757e+00;3.008451e+00;4.283938e-01;-7.285469e+00
2;0.200000;1.937881e+00;-5.622292e-01;-4.707097e+00;-3.446074e-01;-2.026477e-01;-2.231433e+00;-4.152105e+00;-7.052784e-01;9.294676e-01;-1.459321e+00;-1.714859e+00;-1.928164e+00;-1.053195e-01;-5.243912e-01
3;0.300000;-3.139915e+00;1.936718e+00;-4.658851e+00;-2.715279e+00;-1.673218e+00;-3.441992e+00;-2.992303e+00;-4.084498e+00;2.121833e+00;-3.874607e+00;-6.305213e-01;-3.126611e+00;-9.408779e-01;4.553185e+00
4;0.400000;-4.077799e+00;1.982802e+00;-5.486665e+00;-5.326739e+00;-3.358252e+00;-2.555997e+00;-1.831147e+00;-4.700617e+00;4.944869e-01;-4.954645e+00;1.042409e+00;-1.545692e+00;-7.797904e-01;7.101967e+00
5;0.500000;-2.657518e+00;-9.279871e-02;-6.202247e+00;-6.774008e+00;-5.495978e+00;-3.916005e+00;-3.074744e+00;-4.035673e+00;-1.415967e+00;-7.546235e+00;2.299534e+00;-1.331816e-01;-9.104228e-01;6.837029e+00
