frameIndex;frameTime;pcm_fftMag_mfcc[0];pcm_fftMag_mfcc[1];pcm_fftMag_mfcc[2];pcm_fftMag_mfcc[3];pcm_fftMag_mfcc[4];pcm_fftMag_mfcc[5];pcm_fftMag_mfcc[6];pcm_fftMag_mfcc[7];pcm_fftMag_mfcc[8];pcm_fftMag_mfcc[9];pcm_fftMag_mfcc[10];pcm_fftMag_mfcc[11];pcm_fftMag_mfcc[12];pcm_fftMag_mfcc[13]
0;0.000000;1.956446e+00;-1.795936e+00;-3.800703e+00;-7.376943e-01;-2.110291e+00;-2.240040e+00;-4.388219e+00;-2.752415e+00;1.257572e+00;1.880103e+00;-2.206407e+00;4.851024e-01;8.132935e-03;-1.400223e+00
1;0.100000;2.628789e-01;1.046029e+00;2.841001e-01;-2.958292e+00;-6.417774e+00;-1.584476e+00;-2.392817e+00;-2.102391e+00;-8.670521e-01;1.891882e+00;-4.350399e-01;1.449815e-01;-1.211445e+00;3.804092e-01
2;0.200000;-1.048381e+00;9.410610e-01;1.540282e+00;-3.470368e-01;2.467728e-01;1.047725e+00;1.849690e+00;6.250148e-01;-2.789729e-01;4.502633e-01;2.011428e+00;-3.457407e-01;-2.744312e-01;1.236290e+00
3;0.300000;-1.170945e+00;-1.911535e-01;1.976321e+00;4.043022e+00;8.281295e+00;2.776793e+00;4.931343e+00;4.229792e+00;-1.115470e-01;-4.222248e+00;6.300184e-01;-2.843430e-01;1.477744e+00;-2.164993e-01
