frameIndex;frameTime;pcm_fftMag_mfcc[0];pcm_fftMag_mfcc[1];pcm_fftMag_mfcc[2];pcm_fftMag_mfcc[3];pcm_fftMag_mfcc[4];pcm_fftMag_mfcc[5];pcm_fftMag_mfcc[6];pcm_fftMag_mfcc[7];pcm_fftMag_mfcc[8];pcm_fftMag_mfcc[9];pcm_fftMag_mfcc[10];pcm_fftMag_mfcc[11];pcm_fftMag_mfcc[12];pcm_fftMag_mfcc[13]
0;0.000000;1.320564e+00;9.512491e-01;-3.769684e-02;2.109442e+00;-9.430919e-01;-6.093633e-01;-4.160263e+00;-4.106426e-02;-4.618033e+00;-5.807564e+00;6.037895e+00;5.794907e+00;2.148219e-01;9.670258e-01
1;0.100000;-2.168015e+00;2.462402e+00;1.296373e+00;1.514549e-01;1.165570e+00;-2.391300e+00;-4.080135e+00;-5.739918e-01;-5.222631e+00;-3.596334e+00;4.804255e+00;4.683205e+00;1.028131e+00;2.149399e+00
2;0.200000;-4.861018e+00;2.360489e+00;1.889660e+00;-2.748894e+00;6.918652e-01;-2.252218e+00;-4.275875e-01;-8.061571e-01;-5.617185e-01;1.011686e+00;-9.652531e-01;-6.402321e-01;4.768573e-01;2.987442e-01
3;0.300000;-1.214838e+00;-3.799305e-01;1.921844e-02;-2.757093e+00;5.143058e-01;5.031384e-01;3.680258e+00;-2.636507e+00;1.980298e+00;4.681295e+00;-5.622293e+00;-3.468061e+00;-3.170606e-01;2.767944e-02
4;0.400000;3.254756e+00;-3.642975e+00;-1.680641e-01;-5.182457e-02;-6.474910e-01;3.436402e+00;2.333057e+00;1.697676e+00;1.343772e+00;4.867881e+00;-5.074479e+00;-2.296551e+00;-3.280720e-01;-1.530396e+00
5;0.500000;3.668553e+00;-1.751235e+00;-2.999495e+00;3.296920e+00;-7.811594e-01;1.313340e+00;2.654675e+00;2.360046e+00;7.078312e+00;-1.156970e+00;8.198760e-01;-4.073266e+00;-1.074678e+00;-1.912445e+00
