frameIndex;frameTime;pcm_fftMag_mfcc[0];pcm_fftMag_mfcc[1];pcm_fftMag_mfcc[2];pcm_fftMag_mfcc[3];pcm_fftMag_mfcc[4];pcm_fftMag_mfcc[5];pcm_fftMag_mfcc[6];pcm_fftMag_mfcc[7];pcm_fftMag_mfcc[8];pcm_fftMag_mfcc[9];pcm_fftMag_mfcc[10];pcm_fftMag_mfcc[11];pcm_fftMag_mfcc[12];pcm_fftMag_mfcc[13]
0;0.000000;1.459189e+00;-7.319326e+00;-3.025290e+00;5.600899e+00;-5.491849e+00;-3.281814e+00;3.406739e+00;-6.594138e-01;1.676636e+00;2.304868e+00;-2.719251e+00;-1.342279e+00;1.696026e-01;3.748016e-01
1;0.100000;-2.596674e+00;-4.134708e+00;-5.381509e+00;1.619173e+00;7.671633e-01;-6.047604e+00;4.558334e+00;4.223948e-01;1.246743e+00;9.965219e-01;-2.208378e+00;-3.780326e+00;8.284290e-01;4.144707e+00
2;0.200000;-4.803602e+00;8.643153e-01;-3.278566e+00;3.410797e-01;5.617584e+00;-3.293443e+00;2.848308e+00;4.339960e+00;1.688527e+00;-6.073480e-01;4.106398e-01;-2.699514e+00;5.220792e-01;4.091461e+00
3;0.300000;-3.970854e+00;6.492032e+00;2.175203e+00;-1.665409e+00;4.410861e+00;-9.631548e-01;-7.618760e-01;1.251774e+00;-6.485524e-01;-2.244743e+00;2.877850e+00;1.256046e-01;2.251759e-01;1.309631e+00
4;0.400000;1.367785e+00;4.561051e+00;4.423534e+00;-2.146822e+00;-7.649260e-01;2.381356e+00;-4.116826e+00;-4.779568e+00;-1.467363e+00;-1.830383e+00;2.112864e+00;2.460196e+00;-1.754761e-02;-2.555771e+00
5;0.500000;8.544155e+00;-4.633642e-01;5.086628e+00;-3.748919e+00;-4.538831e+00;1.120466e+01;-5.934679e+00;-5.751495e-01;-2.495994e+00;1.381086e+00;-4.737206e-01;5.236313e+00;-1.727740e+00;-7.364861e+00
