frameIndex;frameTime;pcm_fftMag_mfcc[0];pcm_fftMag_mfcc[1];pcm_fftMag_mfcc[2];pcm_fftMag_mfcc[3];pcm_fftMag_mfcc[4];pcm_fftMag_mfcc[5];pcm_fftMag_mfcc[6];pcm_fftMag_mfcc[7];pcm_fftMag_mfcc[8];pcm_fftMag_mfcc[9];pcm_fftMag_mfcc[10];pcm_fftMag_mfcc[11];pcm_fftMag_mfcc[12];pcm_fftMag_mfcc[13]
0;0.000000;3.256449e+00;2.395183e+00;5.865498e+00;5.932595e+00;4.743761e+00;1.873055e-01;-1.266570e+00;4.351034e-01;-1.345786e+00;-2.084053e+00;3.426327e+00;3.505282e+00;-1.766909e+00;4.260269e+00
1;0.100000;5.084339e+00;-3.682181e+00;9.354581e+00;1.600189e+00;1.022149e+00;9.806604e-01;-9.798155e-01;9.341622e+00;-3.205435e+00;1.537544e+00;-2.722087e+00;5.762575e+00;-7.238646e-01;4.314346e+00
2;0.200000;1.367343e+00;-4.255690e+00;5.060127e+00;1.746118e-01;-2.098671e+00;2.270044e+00;-2.785309e-01;9.827785e+00;1.270125e+00;-7.229185e-01;-1.104187e+00;2.355816e+00;2.201804e+00;3.288803e+00
3;0.300000;-3.794294e+00;-2.721022e+00;-2.036543e+00;-8.917223e-01;-3.990361e+00;-8.501720e-01;3.935195e-01;3.186769e+00;5.331367e+00;-5.544572e+00;-2.122049e-01;-1.977873e-01;2.189815e+00;-1.132889e-01
4;0.400000;-4.932981e+00;3.291849e+00;-7.880674e+00;-9.130484e-01;-1.297455e+00;-3.910987e+00;-1.609643e+00;-6.506735e+00;2.541724e+00;-4.119420e+00;4.967079e-02;-2.740602e+00;-1.101824e+00;-4.981575e+00
5;0.500000;-9.808559e-01;4.971862e+00;-1.036299e+01;-5.902627e+00;1.620577e+00;1.323150e+00;3.741041e+00;-1.628454e+01;-4.591995e+00;1.093342e+01;5.624813e-01;-8.685282e+00;-7.990217e-01;-6.768539e+00
