frameIndex;frameTime;pcm_fftMag_mfcc[0];pcm_fftMag_mfcc[1];pcm_fftMag_mfcc[2];pcm_fftMag_mfcc[3];pcm_fftMag_mfcc[4];pcm_fftMag_mfcc[5];pcm_fftMag_mfcc[6];pcm_fftMag_mfcc[7];pcm_fftMag_mfcc[8];pcm_fftMag_mfcc[9];pcm_fftMag_mfcc[10];pcm_fftMag_mfcc[11];pcm_fftMag_mfcc[12];pcm_fftMag_mfcc[13]
0;0.000000;5.597902e+00;-4.058616e-01;-1.503961e+00;-1.108827e+01;1.614418e+00;3.012553e+00;2.345526e+00;3.110235e+00;-1.351707e+00;3.625982e-01;-5.662857e+00;6.533423e+00;-1.403492e+00;-3.252640e-01
1;0.100000;4.696225e+00;1.526257e+00;3.313345e-01;-9.977139e+00;-2.434790e+00;7.894564e-01;4.478218e+00;5.289028e+00;-9.642591e-01;-4.638660e+00;-6.911916e+00;6.436057e+00;1.811091e+00;-3.218300e+00
2;0.200000;-1.066480e+00;1.875222e+00;6.147098e+00;2.231035e+00;-1.860975e+00;-1.043702e+00;2.041937e+00;5.429989e+00;-1.254735e+00;-5.563122e+00;-3.238924e+00;-1.958295e+00;2.803629e+00;-3.445412e+00
3;0.300000;-3.250673e+00;3.333685e-01;1.267309e+00;7.419506e+00;2.041698e+00;3.059511e-01;-4.186560e+00;-3.519944e+00;6.458387e-01;1.869803e+00;5.710736e+00;-4.008608e+00;-1.969054e+00;1.606674e-01
4;0.400000;-2.111751e+00;-1.964547e+00;-2.302103e+00;5.794662e+00;-2.509556e-01;2.446356e-01;-1.841588e+00;-6.108843e+00;1.095788e+00;3.616271e+00;7.046586e+00;-4.502248e+00;-1.611290e+00;2.853088e+00
5;0.500000;-3.865225e+00;-1.364440e+00;-3.939678e+00;5.620205e+00;8.905926e-01;-3.308892e+00;-2.837531e+00;-4.200462e+00;1.829075e+00;4.353106e+00;3.056373e+00;-2.500331e+00;3.691137e-01;3.975204e+00
