frameIndex;frameTime;pcm_fftMag_mfcc[0];pcm_fftMag_mfcc[1];pcm_fftMag_mfcc[2];pcm_fftMag_mfcc[3];pcm_fftMag_mfcc[4];pcm_fftMag_mfcc[5];pcm_fftMag_mfcc[6];pcm_fftMag_mfcc[7];pcm_fftMag_mfcc[8];pcm_fftMag_mfcc[9];pcm_fftMag_mfcc[10];pcm_fftMag_mfcc[11];pcm_fftMag_mfcc[12];pcm_fftMag_mfcc[13]
0;0.000000;2.486210e+00;2.498141e+00;6.841021e-01;-3.823368e+00;-6.726408e+00;9.218793e-01;1.249414e+00;-7.705514e+00;3.438140e+00;5.356121e+00;-3.015025e+00;-1.095209e+00;-1.300271e+00;2.743294e+00
1;0.100000;3.436071e+00;2.638348e+00;3.612655e+00;-5.548138e+00;-5.841663e+00;7.578068e-01;-2.215440e+00;-7.995436e+00;3.818312e+00;2.248546e+00;-4.252058e+00;-1.186578e-01;-1.426989e+00;2.783722e+00
2;0.200000;3.849568e+00;4.881861e+00;5.313915e+00;-2.642170e+00;-4.407249e+00;2.623291e-01;-6.709080e+00;-6.131213e+00;3.794278e+00;-1.646115e+00;-2.716838e+00;2.094444e+00;-1.067532e+00;1.431656e-01
3;0.300000;2.153018e+00;3.916593e+00;3.969676e+00;4.169922e+00;6.293955e-02;-4.534119e+00;-7.811398e+00;-5.821293e-01;-2.660637e+00;-4.154561e+00;3.262546e+00;1.994408e+00;1.325136e+00;-2.815651e+00
4;0.400000;-3.762199e+00;-3.950422e+00;-4.308566e+00;4.416615e+00;6.607534e+00;-2.567855e+00;2.776237e+00;7.025927e+00;-8.294210e+00;-3.469451e+00;1.937471e+00;-1.965137e+00;2.093189e+00;-1.797386e+00
5;0.500000;-8.162666e+00;-9.984521e+00;-9.271784e+00;3.427128e+00;1.030485e+01;5.159963e+00;1.271027e+01;1.538837e+01;-9.588242e-02;1.665460e+00;4.783901e+00;-9.098467e-01;3.764687e-01;-1.057144e+00
