frameIndex;frameTime;pcm_fftMag_mfcc[0];pcm_fftMag_mfcc[1];pcm_fftMag_mfcc[2];pcm_fftMag_mfcc[3];pcm_fftMag_mfcc[4];pcm_fftMag_mfcc[5];pcm_fftMag_mfcc[6];pcm_fftMag_mfcc[7];pcm_fftMag_mfcc[8];pcm_fftMag_mfcc[9];pcm_fftMag_mfcc[10];pcm_fftMag_mfcc[11];pcm_fftMag_mfcc[12];pcm_fftMag_mfcc[13]
0;0.000000;5.147957e+00;-2.447736e+00;-8.273648e+00;-7.007030e+00;2.623951e+00;4.790139e+00;-2.817964e+00;3.889956e+00;4.825383e+00;-3.181620e-01;-2.394209e+00;-1.711316e+00;3.697131e+00;-1.764091e+00
1;0.100000;3.192102e+00;-4.533311e+00;-5.677278e+00;-3.737679e+00;2.696499e+00;1.665147e+00;-2.127170e+00;4.066176e+00;6.092752e+00;-5.782328e-01;-4.330771e-01;1.892889e-01;-8.364582e-02;1.256104e-01
2;0.200000;-4.685106e-01;-1.030078e+00;-1.153269e-01;1.595604e+00;1.309118e+00;-2.586787e+00;-8.996391e-02;-9.356594e-02;1.881506e+00;6.598473e-03;-1.956492e+00;2.421904e-01;-2.954759e+00;7.840652e-01
3;0.300000;-2.570615e+00;3.637228e+00;6.160872e+00;3.316454e+00;-1.597017e+00;-1.576029e+00;2.652594e+00;-3.321668e+00;-3.554802e+00;-3.661327e-01;9.819984e-02;-1.202881e+00;-3.464313e+00;2.661133e-02
4;0.400000;-2.681659e+00;3.401135e+00;4.281248e+00;3.121867e+00;-1.844200e+00;-2.029371e-01;1.888480e+00;-3.180605e+00;-5.121850e+00;-6.026831e-01;1.905912e+00;6.973681e-01;3.618360e-01;1.135025e-01
5;0.500000;-2.619275e+00;9.727616e-01;3.624133e+00;2.710784e+00;-3.188353e+00;-2.089533e+00;4.940176e-01;-1.360290e+00;-4.122989e+00;1.858613e+00;2.779666e+00;1.785348e+00;2.443750e+00;7.143097e-01
