frameIndex;frameTime;pcm_fftMag_mfcc[0];pcm_fftMag_mfcc[1];pcm_fftMag_mfcc[2];pcm_fftMag_mfcc[3];pcm_fftMag_mfcc[4];pcm_fftMag_mfcc[5];pcm_fftMag_mfcc[6];pcm_fftMag_mfcc[7];pcm_fftMag_mfcc[8];pcm_fftMag_mfcc[9];pcm_fftMag_mfcc[10];pcm_fftMag_mfcc[11];pcm_fftMag_mfcc[12];pcm_fftMag_mfcc[13]
0;0.000000;9.208126e-01;-1.472285e+00;-3.105401e+00;1.304092e-01;3.297564e+00;1.079029e+00;-2.283667e-01;3.127092e-02;9.792070e-01;-1.765413e-01;-1.772872e+00;-1.351387e+00;9.928560e-01;-1.805573e-01
1;0.100000;-9.208126e-01;1.472285e+00;3.105400e+00;-1.304097e-01;-3.297564e+00;-1.079031e+00;2.283666e-01;-3.127098e-02;-9.792070e-01;1.765413e-01;1.772872e+00;1.351387e+00;-9.928560e-01;1.805496e-01
