frameIndex;frameTime;pcm_fftMag_mfcc[0];pcm_fftMag_mfcc[1];pcm_fftMag_mfcc[2];pcm_fftMag_mfcc[3];pcm_fftMag_mfcc[4];pcm_fftMag_mfcc[5];pcm_fftMag_mfcc[6];pcm_fftMag_mfcc[7];pcm_fftMag_mfcc[8];pcm_fftMag_mfcc[9];pcm_fftMag_mfcc[10];pcm_fftMag_mfcc[11];pcm_fftMag_mfcc[12];pcm_fftMag_mfcc[13]
0;0.000000;3.532351e+00;-2.447137e+00;6.271620e-01;-6.807227e+00;3.633000e+00;3.477629e+00;-1.855040e-01;-2.436472e+00;-1.058217e+00;7.153302e-01;4.191914e-01;-4.253659e-01;8.349497e-01;-1.335381e+00
1;0.100000;1.212737e+00;-4.962523e+00;-5.231190e-02;-6.450810e+00;-6.093903e-01;2.620717e+00;-1.811641e+00;-2.149313e+00;-5.590833e+00;3.134900e+00;1.459292e+00;1.995484e+00;3.194149e+00;1.355331e+00
2;0.200000;-1.282258e+00;-2.193660e+00;-5.928898e-01;-1.185202e+00;-1.595522e+00;1.916494e+00;-1.588162e+00;-2.755525e+00;-4.480109e+00;1.514883e+00;1.578027e+00;9.164968e-01;1.486221e+00;1.919693e+00
3;0.300000;-2.332750e+00;3.480593e+00;7.539654e-01;5.556645e+00;-2.239683e+00;-2.164575e+00;-1.137919e+00;-1.218247e+00;4.872799e-02;-1.068406e-01;2.347460e+00;-2.211051e-01;-1.231188e+00;-2.848053e-01
4;0.400000;-1.361368e+00;4.989119e+00;4.908562e-02;6.514092e+00;-1.403660e+00;-3.568079e+00;2.255014e+00;3.375550e+00;5.649873e+00;-3.185971e+00;-1.900639e+00;2.421193e-01;-1.669906e+00;-1.293610e+00
5;0.500000;2.312870e-01;1.133607e+00;-7.850075e-01;2.372504e+00;2.215250e+00;-2.282186e+00;2.468210e+00;5.184002e+00;5.430563e+00;-2.072302e+00;-3.903326e+00;-2.507629e+00;-2.614228e+00;-3.612442e-01
