frameIndex;frameTime;pcm_fftMag_mfcc[0];pcm_fftMag_mfcc[1];pcm_fftMag_mfcc[2];pcm_fftMag_mfcc[3];pcm_fftMag_mfcc[4];pcm_fftMag_mfcc[5];pcm_fftMag_mfcc[6];pcm_fftMag_mfcc[7];pcm_fftMag_mfcc[8];pcm_fftMag_mfcc[9];pcm_fftMag_mfcc[10];pcm_fftMag_mfcc[11];pcm_fftMag_mfcc[12];pcm_fftMag_mfcc[13]
0;0.000000;-4.581718e+00;7.640888e+00;-5.858934e+00;7.217184e+00;4.091324e+00;1.854892e+00;-1.603370e+00;1.956895e+00;3.278182e+00;2.436050e+00;2.826102e+00;1.743091e+00;-1.045771e+00;-8.393936e-01
1;0.100000;-8.701239e-01;5.967696e+00;-6.221447e+00;4.462307e+00;1.306597e+00;4.054143e+00;2.000473e+00;3.893575e+00;5.025066e+00;2.613080e+00;2.276829e+00;2.083006e-01;9.036276e-01;-1.248970e+00
2;0.200000;4.333010e+00;-5.712511e+00;-2.685173e+00;1.261776e+00;3.586041e+00;4.265239e+00;2.993197e+00;4.496571e+00;1.596467e+00;1.342061e+00;1.729301e+00;-1.988884e+00;1.955113e+00;-3.149719e-01
3;0.300000;3.723836e+00;-6.869692e+00;-5.106983e-01;-2.715646e+00;4.190453e+00;-2.000136e-01;1.339095e+00;7.193522e-01;-2.412142e-01;-1.425861e+00;5.215702e-01;-2.351642e-01;1.091377e+00;3.424759e-01
4;0.400000;-3.777218e-01;-1.398411e+00;4.869766e+00;-4.338355e+00;-3.621762e+00;-3.851226e+00;-3.683102e+00;-6.646996e+00;-4.642607e+00;-2.392424e+00;-1.897246e+00;8.833098e-01;-3.992059e-01;5.871811e-01
5;0.500000;-2.227281e+00;3.720284e-01;1.040649e+01;-5.887266e+00;-9.552652e+00;-6.123034e+00;-1.046293e+00;-4.419396e+00;-5.015893e+00;-2.572906e+00;-5.456554e+00;-6.106505e-01;-2.505141e+00;1.473671e+00
