frameIndex;frameTime;pcm_fftMag_mfcc[0];pcm_fftMag_mfcc[1];pcm_fftMag_mfcc[2];pcm_fftMag_mfcc[3];pcm_fftMag_mfcc[4];pcm_fftMag_mfcc[5];pcm_fftMag_mfcc[6];pcm_fftMag_mfcc[7];pcm_fftMag_mfcc[8];pcm_fftMag_mfcc[9];pcm_fftMag_mfcc[10];pcm_fftMag_mfcc[11];pcm_fftMag_mfcc[12];pcm_fftMag_mfcc[13]
0;0.000000;8.137270e-01;-2.402891e+00;-3.462841e+00;-5.821877e-01;1.121784e+00;1.389466e+00;1.583169e+00;1.104754e+00;2.623913e+00;-8.304532e-01;1.099044e+00;-2.034450e+00;-2.040975e+00;3.076263e+00
1;0.100000;-3.077717e-01;-1.302401e+00;-1.897744e+00;5.308552e-01;-5.029898e-01;-7.829991e-01;-6.162605e-01;4.847932e-01;1.861598e+00;8.392733e-02;-2.873741e-01;-1.832503e+00;-1.383399e+00;2.198250e+00
2;0.200000;-1.993065e-01;2.612381e+00;8.894415e-01;-2.926292e-01;-1.414438e+00;5.261239e-01;1.739259e+00;-2.070005e+00;-1.572631e+00;-9.925628e-02;-2.088231e+00;1.901896e+00;8.226014e-01;-4.766388e-01
3;0.300000;-8.800411e-02;5.412311e+00;2.553833e+00;-6.540680e-01;-2.607795e+00;2.658588e+00;5.255494e+00;-3.305781e+00;-2.996296e+00;-2.898717e+00;-1.541728e+00;3.772229e+00;1.938584e+00;-3.762039e+00
4;0.400000;4.942989e-02;-1.474633e-01;2.441864e-01;1.480576e+00;4.347854e-01;3.637188e-01;-3.543531e+00;-3.529491e-01;-7.919128e-01;7.072396e-01;2.443892e+00;-4.358215e-01;1.527359e+00;-1.746452e+00
5;0.500000;-2.680740e-01;-4.171937e+00;1.673123e+00;-4.825439e-01;2.968655e+00;-4.154898e+00;-4.418127e+00;4.139187e+00;8.753286e-01;3.037260e+00;3.743963e-01;-1.371351e+00;-8.641717e-01;7.106247e-01
