frameIndex;frameTime;pcm_fftMag_mfcc[0];pcm_fftMag_mfcc[1];pcm_fftMag_mfcc[2];pcm_fftMag_mfcc[3];pcm_fftMag_mfcc[4];pcm_fftMag_mfcc[5];pcm_fftMag_mfcc[6];pcm_fftMag_mfcc[7];pcm_fftMag_mfcc[8];pcm_fftMag_mfcc[9];pcm_fftMag_mfcc[10];pcm_fftMag_mfcc[11];pcm_fftMag_mfcc[12];pcm_fftMag_mfcc[13]
0;0.000000;-3.782910e+00;-4.182081e-01;-7.186275e-01;-3.367697e+00;5.017714e+00;3.543953e+00;9.517193e-02;4.478922e+00;-1.386499e+00;-5.321252e+00;-1.562030e+00;-3.122864e-01;7.131243e-01;4.058434e+00
1;0.100000;-5.679492e+00;2.618209e+00;2.956304e+00;-4.793094e+00;3.112991e+00;3.370763e+00;-3.112527e+00;1.679804e+00;1.388477e+00;-5.101237e-01;8.453150e-01;1.541700e-01;2.320966e+00;3.572266e+00
2;0.200000;-3.125886e+00;2.689186e+00;4.091405e+00;-3.664524e+00;-5.606308e-01;-2.687078e+00;-7.569556e+00;-5.007582e-01;2.331667e+00;2.899122e+00;3.325275e+00;-1.667607e+00;1.178811e+00;1.536545e+00
3;0.300000;3.478570e+00;-1.989020e+00;1.977065e+00;-5.184965e-01;-1.378425e+00;-4.155185e+00;-2.002745e+00;-1.368176e+00;-1.573438e+00;2.955860e+00;1.801990e+00;-1.856498e+00;-1.318604e+00;-1.944031e+00
4;0.400000;5.086637e+00;-2.561243e+00;-8.390021e-01;3.820114e+00;-1.794683e+00;-1.748847e+00;5.775021e+00;-3.656342e+00;-4.344088e-01;3.126903e+00;-3.243128e+00;2.822654e+00;-2.469265e+00;-4.028549e+00
5;0.500000;4.023087e+00;-3.389244e-01;-7.467145e+00;8.523704e+00;-4.396964e+00;1.676398e+00;6.814632e+00;-6.334486e-01;-3.257989e-01;-3.150506e+00;-1.167423e+00;8.595672e-01;-4.250336e-01;-3.194649e+00
