frameIndex;frameTime;pcm_fftMag_mfcc[0];pcm_fftMag_mfcc[1];pcm_fftMag_mfcc[2];pcm_fftMag_mfcc[3];pcm_fftMag_mfcc[4];pcm_fftMag_mfcc[5];pcm_fftMag_mfcc[6];pcm_fftMag_mfcc[7];pcm_fftMag_mfcc[8];pcm_fftMag_mfcc[9];pcm_fftMag_mfcc[10];pcm_fftMag_mfcc[11];pcm_fftMag_mfcc[12];pcm_fftMag_mfcc[13]
0;0.000000;1.133272e+00;-9.437041e-01;-1.048812e+01;5.697789e-01;1.149116e+01;1.375319e+01;3.929783e+00;-3.358781e+00;2.310954e+00;5.429905e+00;3.771629e+00;-5.299232e+00;5.193503e+00;1.156487e+00
1;0.100000;-1.252107e+00;4.113141e+00;-2.661389e+00;1.067795e+00;5.473776e+00;8.097006e+00;-1.731389e+00;-3.030733e+00;7.343209e+00;-4.217515e-01;4.756664e+00;1.215457e+00;4.206002e+00;-6.391373e-01
2;0.200000;-1.570261e+00;2.638196e+00;-6.468229e-01;2.820437e+00;9.134331e-01;-2.977200e+00;-1.914009e+00;2.957874e+00;6.126471e+00;-5.713814e+00;1.352467e+00;2.610183e+00;-4.914658e-01;-4.642487e-02
3;0.300000;6.724606e-01;5.239058e-01;-4.124275e+00;1.023944e+00;1.267684e+00;-9.563883e+00;-2.337353e+00;3.733039e+00;3.070302e-01;-5.383771e+00;-2.207613e+00;1.090709e+00;-4.151256e+00;5.141830e-01
4;0.400000;9.646187e-01;-2.841186e+00;3.276785e+00;-4.999712e-01;-5.897752e+00;-6.080332e+00;9.590874e-01;-7.968011e-01;-2.258011e+00;8.739982e-01;-4.652325e+00;-7.251854e-01;-1.609609e+00;-6.197357e-02
5;0.500000;5.201578e-02;-3.490351e+00;1.464382e+01;-4.981985e+00;-1.324830e+01;-3.228776e+00;1.093879e+00;4.954009e-01;-1.382965e+01;5.215432e+00;-3.020822e+00;1.108069e+00;-3.147175e+00;-9.230652e-01
