frameIndex;frameTime;pcm_fftMag_mfcc[0];pcm_fftMag_mfcc[1];pcm_fftMag_mfcc[2];pcm_fftMag_mfcc[3];pcm_fftMag_mfcc[4];pcm_fftMag_mfcc[5];pcm_fftMag_mfcc[6];pcm_fftMag_mfcc[7];pcm_fftMag_mfcc[8];pcm_fftMag_mfcc[9];pcm_fftMag_mfcc[10];pcm_fftMag_mfcc[11];pcm_fftMag_mfcc[12];pcm_fftMag_mfcc[13]
0;0.000000;-6.972895e-01;1.148085e+00;-2.396935e+00;-6.341691e+00;2.592278e+00;-1.143824e+00;3.222056e+00;-9.926567e-01;4.807193e-01;3.478883e+00;-2.619857e+00;-4.598154e+00;2.732200e+00;2.301376e+00
1;0.100000;1.453114e-02;-8.947420e-01;-2.199402e+00;4.722471e-01;-3.180063e+00;3.574572e-01;-6.149445e-01;-1.793233e+00;3.030394e+00;-2.010988e+00;7.130389e-01;-1.924296e+00;5.334339e-01;-2.344589e-01
2;0.200000;6.827593e-01;-2.533436e-01;4.596337e+00;5.869443e+00;5.877876e-01;7.863665e-01;-2.607112e+00;2.785889e+00;-3.511114e+00;-1.467896e+00;1.906816e+00;6.522450e+00;-3.265635e+00;-2.066925e+00
