frameIndex;frameTime;pcm_fftMag_mfcc[0];pcm_fftMag_mfcc[1];pcm_fftMag_mfcc[2];pcm_fftMag_mfcc[3];pcm_fftMag_mfcc[4];pcm_fftMag_mfcc[5];pcm_fftMag_mfcc[6];pcm_fftMag_mfcc[7];pcm_fftMag_mfcc[8];pcm_fftMag_mfcc[9];pcm_fftMag_mfcc[10];pcm_fftMag_mfcc[11];pcm_fftMag_mfcc[12];pcm_fftMag_mfcc[13]
0;0.000000;3.534079e-01;-1.076609e+01;4.415699e+00;-1.401371e+00;6.618633e-01;-1.958412e+00;6.416652e+00;2.388313e+00;-1.031998e+01;1.429412e+00;-5.235554e+00;3.703144e+00;-2.195984e+00;3.603668e+00
1;0.100000;3.448801e-01;-7.282871e+00;1.138325e+00;9.235306e-01;8.049841e-01;-6.064453e-01;3.320558e+00;-1.897424e+00;-4.263981e+00;-2.865547e+00;-1.842222e+00;2.095827e+00;1.062675e+00;2.390221e+00
2;0.200000;-3.705301e-01;2.322628e+00;-2.408268e+00;5.761614e+00;-1.665994e+00;-7.090425e-01;-1.312946e+00;-3.548907e+00;2.287062e+00;-4.495321e+00;2.676794e+00;1.946166e+00;3.713567e+00;-7.033920e-01
3;0.300000;-1.777430e+00;8.103863e+00;-2.330839e+00;3.082765e+00;-2.808835e+00;-8.901935e-01;-2.230190e+00;7.067323e-01;7.534520e+00;-6.053174e-01;3.853219e+00;2.653178e-01;1.469912e+00;-2.091881e+00
4;0.400000;-8.721075e-01;5.102403e+00;-1.570468e+00;-2.050153e+00;2.307682e-01;1.827957e+00;-2.779649e+00;9.164848e-01;4.018920e+00;1.443546e+00;2.620506e-01;-3.852114e+00;-1.439003e+00;-9.839783e-01
5;0.500000;2.321782e+00;2.520069e+00;7.555552e-01;-6.316387e+00;2.777212e+00;2.336135e+00;-3.414423e+00;1.434799e+00;7.434580e-01;5.093229e+00;2.857227e-01;-4.158341e+00;-2.611170e+00;-2.214668e+00
