frameIndex;frameTime;pcm_fftMag_mfcc[0];pcm_fftMag_mfcc[1];pcm_fftMag_mfcc[2];pcm_fftMag_mfcc[3];pcm_fftMag_mfcc[4];pcm_fftMag_mfcc[5];pcm_fftMag_mfcc[6];pcm_fftMag_mfcc[7];pcm_fftMag_mfcc[8];pcm_fftMag_mfcc[9];pcm_fftMag_mfcc[10];pcm_fftMag_mfcc[11];pcm_fftMag_mfcc[12];pcm_fftMag_mfcc[13]
0;0.000000;-1.518773e+00;3.763521e+00;-3.631282e+00;-1.418869e+00;7.519785e+00;-6.640320e-01;6.922045e-01;-6.756022e+00;-4.554827e-01;-2.442012e-01;-1.424959e+00;-1.471920e-01;-6.645827e-01;1.290703e+00
1;0.100000;1.091754e+00;-7.779579e-01;-7.149382e-01;-2.439817e+00;4.530388e+00;6.407642e-01;-4.715919e-02;-3.599949e+00;1.534447e+00;-5.487347e-02;1.675931e+00;-4.454198e-01;1.841230e-01;3.322067e-01
2;0.200000;1.371255e+00;-1.645784e-01;1.363383e+00;-9.098856e-01;3.339767e-03;2.092009e+00;-4.773173e+00;2.245725e+00;1.968929e+00;1.317563e-01;7.487079e-01;1.135100e+00;2.452445e+00;-3.106537e-01
3;0.300000;-5.524902e-01;2.766974e+00;7.608204e-01;3.494526e+00;-3.321941e+00;-1.553778e+00;-2.877343e+00;3.496194e+00;5.976470e-01;-2.712723e+00;-5.624831e-01;1.841908e-01;2.029154e-01;-4.434509e-01
4;0.400000;-1.582435e+00;3.255942e-01;1.317283e+00;3.736540e+00;-6.721565e+00;-1.723450e+00;2.157106e+00;2.797765e+00;-2.894393e+00;-2.675198e+00;-1.638579e-01;-1.227521e+00;-1.816882e+00;-1.040932e+00
5;0.500000;1.190692e+00;-5.913555e+00;9.047298e-01;-2.462494e+00;-2.010004e+00;1.208496e+00;4.848365e+00;1.816290e+00;-7.511451e-01;5.555239e+00;-2.733393e-01;5.008419e-01;-3.580189e-01;1.721115e-01
