frameIndex;frameTime;pcm_fftMag_mfcc[0];pcm_fftMag_mfcc[1];pcm_fftMag_mfcc[2];pcm_fftMag_mfcc[3];pcm_fftMag_mfcc[4];pcm_fftMag_mfcc[5];pcm_fftMag_mfcc[6];pcm_fftMag_mfcc[7];pcm_fftMag_mfcc[8];pcm_fftMag_mfcc[9];pcm_fftMag_mfcc[10];pcm_fftMag_mfcc[11];pcm_fftMag_mfcc[12];pcm_fftMag_mfcc[13]
0;0.000000;2.219318e+00;-2.363029e+00;-6.593064e+00;-9.638580e-01;1.605498e+00;-8.133059e-01;2.272206e+00;-4.120086e+00;-4.778848e+00;2.532105e-01;1.782807e+00;-5.612971e+00;-6.382893e+00;-1.298744e+00
1;0.100000;-3.374165e+00;5.053591e+00;-2.958653e+00;2.403831e+00;7.012361e+00;-3.740000e+00;2.683446e+00;4.076672e-01;-9.529529e-01;3.758578e+00;2.428058e+00;-3.627889e+00;2.690281e-01;-5.326843e-02
2;0.200000;-4.595938e+00;5.522374e+00;4.881244e+00;5.587639e+00;3.049946e+00;-1.107796e+01;-3.192919e+00;4.463547e+00;4.748104e+00;1.253495e-01;-9.881344e-01;9.327505e-01;4.842537e+00;1.931419e+00
3;0.300000;-2.253884e+00;1.459762e+00;6.483576e+00;4.042848e+00;-1.268823e-01;-8.258143e+00;-4.328147e+00;1.771223e+00;4.629791e+00;-2.323054e+00;-2.943988e+00;3.099988e+00;4.064111e+00;2.357849e+00
4;0.400000;2.010380e+00;-4.238236e+00;2.394606e+00;-2.234754e+00;-4.287093e+00;5.161719e+00;-1.740419e+00;-7.421880e-01;1.641850e-01;-2.813792e+00;-2.750245e+00;4.279432e+00;1.390704e+00;1.841965e-01
5;0.500000;5.994286e+00;-5.434462e+00;-4.207710e+00;-8.835705e+00;-7.253827e+00;1.872769e+01;4.305837e+00;-1.780167e+00;-3.810279e+00;9.997082e-01;2.471503e+00;9.286878e-01;-4.183488e+00;-3.121407e+00
