frameIndex;frameTime;pcm_fftMag_mfcc[0];pcm_fftMag_mfcc[1];pcm_fftMag_mfcc[2];pcm_fftMag_mfcc[3];pcm_fftMag_mfcc[4];pcm_fftMag_mfcc[5];pcm_fftMag_mfcc[6];pcm_fftMag_mfcc[7];pcm_fftMag_mfcc[8];pcm_fftMag_mfcc[9];pcm_fftMag_mfcc[10];pcm_fftMag_mfcc[11];pcm_fftMag_mfcc[12];pcm_fftMag_mfcc[13]
0;0.000000;-4.337443e+00;1.499365e+00;-3.750716e+00;-2.082621e+00;2.545359e+00;5.119400e-01;8.160946e+00;-1.182113e-01;1.168737e+01;-1.510729e+00;-5.764571e+00;-3.464895e+00;-1.664008e+00;2.658302e+00
1;0.100000;-4.332942e+00;3.070432e+00;-4.439640e-01;5.398731e-01;1.172901e+00;-8.175850e-01;6.344395e+00;-8.767830e+00;1.785100e+00;-3.576349e+00;7.004157e-01;2.484990e+00;7.891991e-01;1.335648e+00
2;0.200000;6.668730e-01;8.898218e-01;1.292575e+00;1.861582e+00;-5.187130e-02;-1.132729e+00;1.407584e+00;-9.174042e+00;-4.307971e+00;-2.444190e+00;7.525911e+00;2.794361e+00;-4.509091e-02;4.446793e-01
3;0.300000;4.083437e+00;-3.925587e+00;5.937383e+00;2.025437e-01;-4.668308e+00;1.604865e+00;-7.999285e+00;5.728992e+00;-1.001083e+01;3.498378e+00;1.789432e+00;2.502834e+00;7.685027e-01;-9.841156e-02
4;0.400000;2.400603e+00;-2.103114e+00;2.967229e+00;7.390928e-02;-2.727697e+00;-3.560753e-01;-5.121114e+00;7.140933e+00;-4.006453e+00;9.812059e-01;-5.222802e-01;4.405694e-01;1.675010e+00;-1.104454e+00
5;0.500000;1.519474e+00;5.690815e-01;-6.002506e+00;-5.952883e-01;3.729618e+00;1.895838e-01;-2.792527e+00;5.190155e+00;4.852780e+00;3.051684e+00;-3.728907e+00;-4.757859e+00;-1.523614e+00;-3.235817e+00
