frameIndex;frameTime;pcm_fftMag_mfcc[0];pcm_fftMag_mfcc[1];pcm_fftMag_mfcc[2];pcm_fftMag_mfcc[3];pcm_fftMag_mfcc[4];pcm_fftMag_mfcc[5];pcm_fftMag_mfcc[6];pcm_fftMag_mfcc[7];pcm_fftMag_mfcc[8];pcm_fftMag_mfcc[9];pcm_fftMag_mfcc[10];pcm_fftMag_mfcc[11];pcm_fftMag_mfcc[12];pcm_fftMag_mfcc[13]
0;0.000000;3.826173e+00;2.099399e+00;-1.912555e+00;-4.602217e+00;1.621453e+01;-2.371045e+00;-3.375193e+00;-3.739267e+00;-6.792370e+00;4.752366e+00;-7.299262e+00;1.028430e+00;-5.778731e+00;-1.224168e+01
1;0.100000;-2.103308e+00;4.982512e+00;-2.827234e+00;8.141356e-01;5.365249e+00;6.810465e-01;-3.736286e+00;-1.272482e+00;1.241511e+00;1.500991e+00;8.353360e-01;-2.400214e+00;-9.600646e-01;-4.189110e+00
2;0.200000;-2.135678e+00;2.759147e+00;-4.428515e-01;2.013767e+00;-3.011590e+00;-4.808140e-01;-1.521652e+00;9.209738e-01;3.702478e+00;1.168162e+00;3.810409e+00;1.476222e+00;3.042871e+00;2.828468e+00
3;0.300000;-1.356490e+00;2.178097e-01;1.860884e+00;2.588213e+00;-6.327055e+00;-8.720999e-01;-4.075441e-01;8.454628e-01;2.962691e+00;1.295130e+00;3.622944e+00;1.708643e+00;3.290827e+00;5.235718e+00
4;0.400000;2.983322e-01;-3.078865e+00;3.290430e+00;1.349638e+00;-7.407794e+00;2.006159e-01;2.220440e+00;1.490645e+00;-1.585579e-02;-1.043279e+00;7.479267e-01;3.038802e-01;2.345024e+00;3.733414e+00
5;0.500000;1.470968e+00;-6.980003e+00;3.133059e-02;-2.163536e+00;-4.833337e+00;2.842300e+00;6.820234e+00;1.754667e+00;-1.098453e+00;-7.673368e+00;-1.717354e+00;-2.116960e+00;-1.939926e+00;4.633217e+00
