frameIndex;frameTime;pcm_fftMag_mfcc[0];pcm_fftMag_mfcc[1];pcm_fftMag_mfcc[2];pcm_fftMag_mfcc[3];pcm_fftMag_mfcc[4];pcm_fftMag_mfcc[5];pcm_fftMag_mfcc[6];pcm_fftMag_mfcc[7];pcm_fftMag_mfcc[8];pcm_fftMag_mfcc[9];pcm_fftMag_mfcc[10];pcm_fftMag_mfcc[11];pcm_fftMag_mfcc[12];pcm_fftMag_mfcc[13]
0;0.000000;1.176561e+00;5.941248e-02;-7.913697e+00;4.510768e+00;3.211175e+00;1.695035e-01;2.028454e+00;-3.288224e+00;3.290548e-01;2.010884e+00;1.918337e+00;-6.612039e+00;8.152514e-01;-1.156502e+00
1;0.100000;2.671318e-01;1.295058e+00;-2.774157e+00;2.804847e+00;1.660720e+00;-3.123906e-01;-1.039608e+00;-1.223150e+00;6.300316e-01;-1.288927e+00;6.419334e-01;-2.496191e+00;9.206951e-01;-9.682617e-01
2;0.200000;-5.441995e-01;1.063056e+00;3.776155e+00;-3.650670e+00;-1.812274e+00;8.929062e-01;-1.624154e+00;-2.108378e-01;-4.851446e-01;1.408305e-01;-8.553371e-01;1.903640e+00;-9.971607e-01;4.691620e-01
3;0.300000;-8.205380e-01;-8.179326e-01;4.484400e+00;-3.214664e+00;-2.312574e+00;5.441731e-02;-6.516933e-02;2.400212e+00;-1.097923e+00;2.980542e-01;-1.031150e+00;3.687735e+00;-1.416204e+00;1.560524e+00
4;0.400000;-7.895517e-02;-1.599595e+00;2.427298e+00;-4.502783e-01;-7.470479e-01;-8.044363e-01;7.004771e-01;2.321999e+00;6.239834e-01;-1.160840e+00;-6.737871e-01;3.516855e+00;6.774182e-01;9.508514e-02
