frameIndex;frameTime;pcm_fftMag_mfcc[0];pcm_fftMag_mfcc[1];pcm_fftMag_mfcc[2];pcm_fftMag_mfcc[3];pcm_fftMag_mfcc[4];pcm_fftMag_mfcc[5];pcm_fftMag_mfcc[6];pcm_fftMag_mfcc[7];pcm_fftMag_mfcc[8];pcm_fftMag_mfcc[9];pcm_fftMag_mfcc[10];pcm_fftMag_mfcc[11];pcm_fftMag_mfcc[12];pcm_fftMag_mfcc[13]
0;0.000000;1.109849e+00;-6.978798e-01;-1.939472e+00;1.748928e+00;-1.143932e+00;-1.384018e+00;-4.020453e+00;-6.315826e+00;-8.415375e-01;1.466555e+00;1.843079e+00;-2.587759e+00;-3.773880e-01;7.415314e-01
1;0.100000;-8.174324e-02;-6.936646e-01;-5.855274e-02;1.759361e+00;-2.810473e+00;2.448120e-01;5.067286e-01;-1.117023e+00;-3.902855e-01;-3.282526e+00;-6.575508e-01;-5.532908e-01;1.389600e+00;-4.969940e-01
2;0.200000;4.385169e+00;-2.524753e+00;9.120703e-02;-2.065754e-01;-2.830629e+00;4.931484e+00;2.198778e+00;-4.572830e-01;-1.212825e+00;-2.851421e+00;6.549406e-02;-1.434089e+00;-4.229279e-01;-1.965271e+00
3;0.300000;5.642509e-02;1.277282e+00;-1.063657e-01;-2.454231e+00;3.036590e+00;1.009254e-01;1.919097e+00;2.362478e+00;-1.106458e+00;1.450138e+00;-1.271111e+00;-1.921339e-01;-1.052238e+00;-7.484436e-02
4;0.400000;-5.469696e+00;2.639017e+00;2.013183e+00;-8.474813e-01;3.748445e+00;-3.893206e+00;-6.041493e-01;5.527653e+00;3.551105e+00;3.217256e+00;2.008677e-02;4.767272e+00;4.629532e-01;1.795540e+00
