frameIndex;frameTime;pcm_fftMag_mfcc[0];pcm_fftMag_mfcc[1];pcm_fftMag_mfcc[2];pcm_fftMag_mfcc[3];pcm_fftMag_mfcc[4];pcm_fftMag_mfcc[5];pcm_fftMag_mfcc[6];pcm_fftMag_mfcc[7];pcm_fftMag_mfcc[8];pcm_fftMag_mfcc[9];pcm_fftMag_mfcc[10];pcm_fftMag_mfcc[11];pcm_fftMag_mfcc[12];pcm_fftMag_mfcc[13]
0;0.000000;3.791094e+00;-1.984067e+00;-1.474292e+00;-7.261190e+00;2.236545e+00;4.263306e+00;6.126066e+00;-4.336449e+00;-2.501808e+00;4.587781e-01;2.866469e+00;-2.575011e-01;1.146381e+00;-1.463387e+00
1;0.100000;2.864576e+00;-8.186986e+00;8.327478e+00;-7.019303e+00;-1.025631e+00;1.100308e+00;-2.519133e+00;2.920222e+00;-1.013188e+01;8.238685e+00;-5.624594e+00;2.384306e+00;-2.641284e-02;2.770996e-02
2;0.200000;-1.020936e+00;-5.005580e+00;6.331765e+00;-3.176218e+00;-3.306874e+00;-2.503517e+00;-1.660872e+00;8.392966e-01;-3.832263e+00;3.783707e+00;-2.870332e+00;-5.997128e-01;1.337363e-01;1.626991e+00
3;0.300000;-3.120655e+00;9.810008e-01;1.700165e+00;3.899743e+00;-3.910888e+00;-2.286179e+00;-3.865740e-01;3.869594e-01;2.316317e+00;-1.487731e+00;-3.662455e-01;-6.304276e-01;-1.875370e-01;7.362518e-01
4;0.400000;-2.463896e+00;7.924811e+00;-4.700020e+00;9.465658e+00;-3.221760e-01;-2.848463e+00;-7.791841e-01;-1.014892e+00;6.303942e+00;-6.985102e+00;1.841130e+00;1.615219e+00;-1.167618e+00;-1.449699e+00
5;0.500000;-5.018806e-02;6.270820e+00;-1.018510e+01;4.091307e+00;6.329029e+00;2.274547e+00;-7.803013e-01;1.204863e+00;7.845688e+00;-4.008337e+00;4.153572e+00;-2.511883e+00;1.014509e-01;5.221481e-01
