frameIndex;frameTime;pcm_fftMag_mfcc[0];pcm_fftMag_mfcc[1];pcm_fftMag_mfcc[2];pcm_fftMag_mfcc[3];pcm_fftMag_mfcc[4];pcm_fftMag_mfcc[5];pcm_fftMag_mfcc[6];pcm_fftMag_mfcc[7];pcm_fftMag_mfcc[8];pcm_fftMag_mfcc[9];pcm_fftMag_mfcc[10];pcm_fftMag_mfcc[11];pcm_fftMag_mfcc[12];pcm_fftMag_mfcc[13]
0;0.000000;-2.175076e+00;3.170181e+00;1.262684e+01;-2.048347e+00;1.064262e-01;-1.027957e+00;-7.987646e+00;-1.087305e+01;-7.018994e+00;1.716245e+00;-3.136104e+00;-1.136356e+00;3.935123e+00;-2.293259e+00
1;0.100000;-6.843187e+00;5.266915e+00;1.036086e+01;8.807993e-01;5.993010e+00;2.294006e-01;-7.819438e+00;-5.685842e+00;-6.072833e+00;-6.903553e-02;-7.068515e-01;-4.309902e-01;2.277249e+00;-2.340530e+00
2;0.200000;-5.007563e+00;3.732397e+00;-1.475719e+00;-1.959184e+00;4.030553e+00;1.974998e+00;-2.564831e-01;9.264097e+00;9.675083e-01;3.460293e-01;8.505480e-01;-1.353197e+00;-4.106197e-01;-1.328201e+00
3;0.300000;2.389633e+00;-9.652042e-01;-9.926115e+00;2.486162e+00;-3.512276e+00;1.046791e+00;2.677466e+00;7.320163e+00;1.357658e+00;-1.750746e-01;1.746898e+00;2.582912e-01;-7.258356e-01;1.493904e+00
4;0.400000;6.115278e+00;-5.889693e+00;-7.918219e+00;2.618477e+00;-6.626827e+00;2.019304e+00;3.942209e+00;2.581160e+00;4.140910e+00;-1.173005e+00;4.500313e-01;1.359937e+00;-2.534849e+00;2.602402e+00
5;0.500000;5.520917e+00;-5.314596e+00;-3.667650e+00;-1.977911e+00;9.113312e-03;-4.242535e+00;9.443892e+00;-2.606529e+00;6.625751e+00;-6.451569e-01;7.954788e-01;1.302312e+00;-2.541069e+00;1.865723e+00
