frameIndex;frameTime;pcm_fftMag_mfcc[0];pcm_fftMag_mfcc[1];pcm_fftMag_mfcc[2];pcm_fftMag_mfcc[3];pcm_fftMag_mfcc[4];pcm_fftMag_mfcc[5];pcm_fftMag_mfcc[6];pcm_fftMag_mfcc[7];pcm_fftMag_mfcc[8];pcm_fftMag_mfcc[9];pcm_fftMag_mfcc[10];pcm_fftMag_mfcc[11];pcm_fftMag_mfcc[12];pcm_fftMag_mfcc[13]
0;0.000000;4.588283e+00;-2.915763e+00;-1.201603e+00;-6.078325e+00;8.207664e-01;4.667781e+00;-7.629152e+00;1.753557e+00;-3.886652e-02;7.329915e+00;-1.204467e+00;-1.744137e+00;-1.102262e+00;9.786911e-01
1;0.100000;5.777561e+00;-3.212849e+00;-2.007952e-01;-4.954260e+00;1.071795e+00;6.158406e+00;-5.707663e+00;3.338161e+00;-2.837988e+00;5.786939e+00;-1.018923e+00;-2.183646e+00;-2.509368e+00;1.094559e+00
2;0.200000;6.292159e+00;-4.690886e+00;8.496971e-01;-1.703284e+00;1.596692e+00;4.041290e+00;-1.689463e+00;3.057488e+00;-3.637160e+00;2.620784e+00;-1.483410e+00;-1.303461e+00;-3.329741e+00;-4.303818e-01
3;0.300000;1.155106e+00;-1.918378e+00;-2.448614e+00;3.983641e+00;3.689966e-01;-3.583041e+00;3.108219e+00;-1.731841e+00;3.538441e+00;-2.675313e+00;2.394694e+00;-1.068524e+00;-1.847944e+00;-4.282761e-01
4;0.400000;-6.946396e+00;4.359571e+00;-1.207020e+00;4.666361e+00;-5.127115e-01;-6.382438e+00;4.134451e+00;-2.481759e+00;4.820663e+00;-3.215434e+00;1.212803e+00;6.378757e-01;1.835161e+00;-1.540222e-01
5;0.500000;-1.086671e+01;8.378304e+00;4.208335e+00;4.085865e+00;-3.345537e+00;-4.901998e+00;7.783598e+00;-3.935606e+00;-1.845090e+00;-9.846893e+00;9.930290e-02;5.661893e+00;6.954153e+00;-1.060577e+00
