frameIndex;frameTime;pcm_fftMag_mfcc[0];pcm_fftMag_mfcc[1];pcm_fftMag_mfcc[2];pcm_fftMag_mfcc[3];pcm_fftMag_mfcc[4];pcm_fftMag_mfcc[5];pcm_fftMag_mfcc[6];pcm_fftMag_mfcc[7];pcm_fftMag_mfcc[8];pcm_fftMag_mfcc[9];pcm_fftMag_mfcc[10];pcm_fftMag_mfcc[11];pcm_fftMag_mfcc[12];pcm_fftMag_mfcc[13]
0;0.000000;-2.104197e-01;-1.564283e+00;2.809999e+00;-5.098045e+00;1.033745e-01;2.869657e+00;3.308721e+00;8.871822e-01;-6.301847e+00;-4.060174e+00;-1.268449e+00;-1.112889e+00;-3.938438e+00;5.585098e-01
1;0.100000;-1.904217e+00;1.673579e+00;5.352177e+00;-1.068540e+00;-2.033577e-01;4.195786e-02;3.373650e+00;-6.259310e-01;-3.555106e+00;-3.983542e+00;-2.132549e-01;-3.936410e-02;-2.274873e+00;-3.676071e-01
2;0.200000;-1.289148e-01;3.421425e+00;2.134729e+00;1.761473e+00;1.026602e+00;-3.236801e+00;2.418954e+00;-1.592455e+00;2.838783e-01;-3.096333e+00;-3.554908e+00;3.471713e+00;1.049008e-01;-1.827782e+00
3;0.300000;2.646329e+00;5.848417e-01;-2.816149e+00;1.271215e+00;4.588921e+00;-1.148428e+00;-1.498422e+00;-3.732073e-01;2.858327e+00;3.581051e+00;-2.539279e+00;2.562568e+00;2.740748e-01;-1.547501e+00
4;0.400000;1.699042e+00;-3.332297e+00;-2.401860e+00;4.613953e-01;6.478062e-01;1.751824e+00;-4.041081e+00;2.202918e+00;2.425709e+00;6.085067e+00;1.888584e+00;-1.239288e+00;1.999472e+00;8.344879e-01
5;0.500000;-2.101817e+00;-7.832658e-01;-5.078896e+00;2.672501e+00;-6.163343e+00;-2.782135e-01;-3.561821e+00;-4.985065e-01;4.289042e+00;1.473932e+00;5.687308e+00;-3.642740e+00;3.834863e+00;2.349876e+00
