frameIndex;frameTime;pcm_fftMag_mfcc[0];pcm_fftMag_mfcc[1];pcm_fftMag_mfcc[2];pcm_fftMag_mfcc[3];pcm_fftMag_mfcc[4];pcm_fftMag_mfcc[5];pcm_fftMag_mfcc[6];pcm_fftMag_mfcc[7];pcm_fftMag_mfcc[8];pcm_fftMag_mfcc[9];pcm_fftMag_mfcc[10];pcm_fftMag_mfcc[11];pcm_fftMag_mfcc[12];pcm_fftMag_mfcc[13]
0;0.000000;-2.271258e+00;-4.222577e-01;-6.391177e-01;6.241322e+00;-1.163627e+00;-4.253253e+00;-1.293677e+00;-2.437629e+00;5.257401e+00;3.025811e-01;1.599074e+00;4.142202e+00;4.239602e+00;9.087219e-01
1;0.100000;-1.438315e+00;-1.381718e+00;-1.529788e+00;3.200959e+00;1.497204e+00;-2.325467e+00;-5.141128e+00;-1.722519e+00;3.496504e+00;-1.129718e+00;-2.998743e-01;3.911252e-01;5.427539e+00;6.816559e-01
2;0.200000;-1.061420e+00;-1.586001e+00;2.988640e+00;-2.930957e+00;-1.289271e+00;-2.470284e+00;-3.217808e+00;-1.414108e-02;-1.451157e+00;1.966761e+00;-1.490800e+00;-1.412773e+00;2.262643e+00;1.163139e+00
3;0.300000;-2.788019e-02;-9.028413e-01;9.907060e-01;-3.613537e+00;-8.079901e-01;-5.685387e-01;2.903185e-01;2.125800e+00;-4.386168e+00;1.061738e+00;-9.666052e-01;-1.394564e+00;-2.809687e+00;1.706993e+00
4;0.400000;1.592192e+00;1.315141e-02;-1.993473e+00;-2.174658e+00;7.655678e-01;2.818761e+00;2.594708e+00;2.829609e+00;-3.327244e+00;-1.128032e+00;-3.945351e-03;-1.949564e+00;-5.428658e+00;-2.730255e-01
5;0.500000;3.206678e+00;4.279668e+00;1.830301e-01;-7.231312e-01;9.981213e-01;6.798787e+00;6.767586e+00;-7.811208e-01;4.106636e-01;-1.073332e+00;1.162144e+00;2.235723e-01;-3.691440e+00;-4.187508e+00
