frameIndex;frameTime;pcm_fftMag_mfcc[0];pcm_fftMag_mfcc[1];pcm_fftMag_mfcc[2];pcm_fftMag_mfcc[3];pcm_fftMag_mfcc[4];pcm_fftMag_mfcc[5];pcm_fftMag_mfcc[6];pcm_fftMag_mfcc[7];pcm_fftMag_mfcc[8];pcm_fftMag_mfcc[9];pcm_fftMag_mfcc[10];pcm_fftMag_mfcc[11];pcm_fftMag_mfcc[12];pcm_fftMag_mfcc[13]
0;0.000000;9.482918e-01;-7.237514e+00;-5.053576e+00;-2.305888e+00;5.926281e+00;-2.206707e+00;3.527566e+00;6.642800e+00;3.924685e+00;-2.432029e+00;-1.115125e+01;3.294808e+00;-6.826267e-01;4.404823e+00
1;0.100000;2.479115e-01;-5.253189e+00;-2.967510e+00;-2.126223e+00;3.600220e+00;-2.584031e+00;2.573903e+00;3.315954e+00;-5.644979e-01;-1.190112e+00;-7.220775e+00;3.063135e+00;-2.979481e+00;4.166656e+00
2;0.200000;-1.385870e-01;-6.722090e-01;-2.189450e+00;-6.368995e-01;9.913197e-01;2.189474e-01;1.532627e+00;-8.976836e-01;-3.667091e+00;1.110024e-01;-3.513584e-01;1.784066e+00;-2.702155e+00;1.307922e+00
3;0.300000;5.025988e-01;4.590351e+00;-8.736678e-01;3.173436e+00;-2.029249e+00;3.347921e+00;-1.781990e+00;-3.715636e+00;-1.919553e+00;-3.401785e-01;5.557312e+00;-1.136628e+00;6.923294e-01;-3.106361e+00
4;0.400000;-8.992739e-01;5.878582e+00;3.918071e+00;3.405673e+00;-2.688780e+00;1.992957e+00;-2.999789e+00;-2.035240e+00;1.011669e+00;8.157992e-01;7.910937e+00;-3.616900e+00;3.248487e+00;-4.500816e+00
5;0.500000;-6.609430e-01;2.693978e+00;7.166133e+00;-1.510097e+00;-5.799799e+00;-7.690878e-01;-2.852316e+00;-3.310196e+00;1.214791e+00;3.035520e+00;5.255138e+00;-3.388481e+00;2.423453e+00;-2.272171e+00
