frameIndex;frameTime;pcm_fftMag_mfcc[0];pcm_fftMag_mfcc[1];pcm_fftMag_mfcc[2];pcm_fftMag_mfcc[3];pcm_fftMag_mfcc[4];pcm_fftMag_mfcc[5];pcm_fftMag_mfcc[6];pcm_fftMag_mfcc[7];pcm_fftMag_mfcc[8];pcm_fftMag_mfcc[9];pcm_fftMag_mfcc[10];pcm_fftMag_mfcc[11];pcm_fftMag_mfcc[12];pcm_fftMag_mfcc[13]
0;0.000000;9.162159e-01;2.791486e+00;-4.447832e-01;3.798183e+00;2.135597e+00;2.570659e+00;2.010886e+00;-5.988306e+00;-5.541148e+00;-2.605514e+00;-9.134393e-01;-5.884798e-01;-3.567945e+00;-8.285522e-02
1;0.100000;2.793221e+00;-1.062471e+00;4.174696e+00;7.002325e-01;3.093472e-01;5.835878e+00;-3.387963e+00;-3.735241e+00;-7.481274e+00;-2.168212e+00;3.589773e-01;-1.664159e+00;-2.980580e+00;-7.012863e-01
2;0.200000;-6.600380e-01;-1.292510e+00;6.070570e+00;6.746511e-01;2.432126e+00;4.485938e+00;-3.067135e+00;-3.840250e+00;-5.238108e+00;-2.418466e+00;-2.161807e+00;-8.112357e-01;5.030675e-01;-1.554367e+00
3;0.300000;-5.289505e+00;2.829742e-02;1.335491e+00;7.752695e-01;2.925817e+00;1.106388e+00;6.477814e-01;-9.267864e-01;4.529101e+00;1.698265e+00;-2.781455e+00;2.086821e+00;1.209157e+00;-2.517273e+00
4;0.400000;-1.037727e+00;1.524491e+00;-6.412740e+00;-3.137016e+00;-2.799782e+00;-6.989356e+00;2.370565e+00;5.296718e+00;8.377322e+00;4.330626e+00;7.086658e-01;2.006378e+00;2.516043e+00;6.395111e-01
5;0.500000;3.277826e+00;-1.989294e+00;-4.723233e+00;-2.811326e+00;-5.003109e+00;-7.009506e+00;1.425863e+00;9.193864e+00;5.354107e+00;1.163304e+00;4.789059e+00;-1.029325e+00;2.320260e+00;4.216248e+00
