frameIndex;frameTime;pcm_fftMag_mfcc[0];pcm_fftMag_mfcc[1];pcm_fftMag_mfcc[2];pcm_fftMag_mfcc[3];pcm_fftMag_mfcc[4];pcm_fftMag_mfcc[5];pcm_fftMag_mfcc[6];pcm_fftMag_mfcc[7];pcm_fftMag_mfcc[8];pcm_fftMag_mfcc[9];pcm_fftMag_mfcc[10];pcm_fftMag_mfcc[11];pcm_fftMag_mfcc[12];pcm_fftMag_mfcc[13]
0;0.000000;4.977646e-01;-6.151848e+00;1.459251e+00;1.265499e+00;2.760132e+00;-4.197152e+00;4.980826e+00;-1.235018e+00;-2.460198e+00;-3.290710e+00;-1.119232e+00;7.360458e-01;2.999290e+00;1.284561e+00
1;0.100000;-1.633263e-01;-3.490940e+00;-2.043997e+00;2.257809e+00;-1.439876e+00;-1.451766e+00;3.034724e+00;-1.106179e+00;-3.876595e+00;-1.790933e+00;-2.166725e+00;4.331799e-01;1.834886e+00;3.010918e+00
2;0.200000;-1.343533e+00;1.598464e+00;-2.767944e+00;1.943012e+00;-2.682790e+00;-8.751259e-01;9.648943e-01;-6.546685e-01;-1.714500e+00;-6.609459e-01;-1.552454e+00;-6.731892e-02;-5.161910e-01;1.834312e+00
3;0.300000;-2.298122e+00;6.931900e+00;2.034906e+00;4.780769e-02;-1.645530e+00;-7.524328e-01;-4.048518e+00;2.443587e+00;3.126576e+00;7.893505e-01;-3.290625e-01;-1.482766e+00;-9.737840e-01;-1.365356e+00
4;0.400000;-4.546862e-01;3.748339e+00;1.320106e+00;-1.864687e+00;9.429369e-01;3.386670e+00;-2.916849e+00;1.753810e+00;1.856902e+00;2.646097e+00;3.667432e+00;-3.210468e-01;-1.497659e+00;-2.982841e+00
5;0.500000;3.761904e+00;-2.635915e+00;-2.336502e-03;-3.649441e+00;2.065126e+00;3.889808e+00;-2.015077e+00;-1.201532e+00;3.067818e+00;2.307143e+00;1.500040e+00;7.019038e-01;-1.846545e+00;-1.781639e+00
