frameIndex;frameTime;pcm_fftMag_mfcc[0];pcm_fftMag_mfcc[1];pcm_fftMag_mfcc[2];pcm_fftMag_mfcc[3];pcm_fftMag_mfcc[4];pcm_fftMag_mfcc[5];pcm_fftMag_mfcc[6];pcm_fftMag_mfcc[7];pcm_fftMag_mfcc[8];pcm_fftMag_mfcc[9];pcm_fftMag_mfcc[10];pcm_fftMag_mfcc[11];pcm_fftMag_mfcc[12];pcm_fftMag_mfcc[13]
0;0.000000;3.780597e+00;-6.528752e+00;-2.410777e+00;-7.164043e+00;-2.570793e+00;1.017629e+00;-1.568317e-02;2.794356e+00;-4.073202e+00;-2.075856e+00;2.163425e+00;2.301340e-01;-2.945841e+00;1.429459e+00
1;0.100000;5.439493e+00;-8.795603e+00;-1.420222e+00;-7.198050e+00;1.290865e-01;8.301744e-01;-3.599508e+00;4.150311e+00;-4.949578e+00;4.190120e+00;-5.740308e+00;1.619392e+00;-2.992178e+00;2.068626e+00
2;0.200000;3.869431e+00;-5.672876e+00;-1.322508e-01;-2.605516e+00;3.103151e-01;-1.184231e+00;-1.359756e+00;-6.048689e-01;-2.421875e-01;1.629122e+00;-4.031259e+00;-1.792668e+00;-9.106679e-01;1.783844e+00
3;0.300000;-1.533535e+00;3.520016e+00;-1.239541e+00;3.220705e+00;1.367146e+00;-5.488539e-01;2.432982e+00;-3.294867e+00;1.465022e+00;-6.398344e-02;-3.371210e-01;-3.704571e+00;2.685887e+00;-7.648468e-02
4;0.400000;-6.434669e+00;9.262771e+00;3.643456e-01;6.399102e+00;3.943428e+00;2.007896e+00;4.601737e+00;-1.665042e+00;7.152140e-01;-8.149901e-01;4.194034e+00;5.612555e-01;2.943512e+00;-2.830017e+00
5;0.500000;-5.121314e+00;8.214443e+00;4.838445e+00;7.347806e+00;-3.179186e+00;-2.122612e+00;-2.059772e+00;-1.379889e+00;7.084730e+00;-2.864413e+00;3.751233e+00;3.086458e+00;1.219292e+00;-2.375465e+00
