frameIndex;frameTime;pcm_fftMag_mfcc[0];pcm_fftMag_mfcc[1];pcm_fftMag_mfcc[2];pcm_fftMag_mfcc[3];pcm_fftMag_mfcc[4];pcm_fftMag_mfcc[5];pcm_fftMag_mfcc[6];pcm_fftMag_mfcc[7];pcm_fftMag_mfcc[8];pcm_fftMag_mfcc[9];pcm_fftMag_mfcc[10];pcm_fftMag_mfcc[11];pcm_fftMag_mfcc[12];pcm_fftMag_mfcc[13]
0;0.000000;1.941823e+00;-4.498157e+00;6.654768e-01;-1.270866e+00;-3.910980e-01;9.447325e-01;-3.509845e+00;3.361877e+00;-7.001103e+00;-2.349560e+00;3.618573e+00;5.980003e-01;-1.296348e+00;1.689590e+00
1;0.100000;-3.499737e-01;-2.258591e+00;4.263549e-01;2.530555e+00;-1.086700e+00;-1.256177e+00;-5.258925e+00;2.271356e+00;-3.251007e+00;-1.713963e+00;1.982661e+00;-1.659233e+00;1.320721e-01;2.129745e+00
2;0.200000;-5.321302e-01;-5.034652e-01;1.482093e+00;4.702487e+00;-1.098110e+00;-1.870408e+00;-6.270051e+00;2.331601e+00;2.647720e+00;1.810478e+00;-6.294526e-01;-4.562054e+00;1.527837e+00;-3.358994e-01
3;0.300000;1.850492e+00;-8.872843e-02;1.148660e+00;-5.139017e-01;6.012917e-01;1.065337e+00;2.630279e+00;-1.744182e+00;4.746981e+00;1.944483e+00;-3.076435e+00;-1.011416e+00;4.461388e-01;-2.714439e+00
4;0.400000;-2.910210e+00;7.348942e+00;-3.722582e+00;-5.448278e+00;1.974622e+00;1.116516e+00;1.240854e+01;-6.220654e+00;2.857409e+00;3.085625e-01;-1.895347e+00;6.634702e+00;-8.097001e-01;-7.690125e-01
