frameIndex;frameTime;pcm_fftMag_mfcc[0];pcm_fftMag_mfcc[1];pcm_fftMag_mfcc[2];pcm_fftMag_mfcc[3];pcm_fftMag_mfcc[4];pcm_fftMag_mfcc[5];pcm_fftMag_mfcc[6];pcm_fftMag_mfcc[7];pcm_fftMag_mfcc[8];pcm_fftMag_mfcc[9];pcm_fftMag_mfcc[10];pcm_fftMag_mfcc[11];pcm_fftMag_mfcc[12];pcm_fftMag_mfcc[13]
0;0.000000;-1.959801e-02;-3.507062e+00;-6.532604e+00;6.965446e-02;-5.196772e-01;-8.271713e+00;-5.756493e+00;1.036225e+01;5.637330e+00;2.614772e+00;-8.044081e-01;9.859123e-01;-5.430678e+00;5.652016e+00
1;0.100000;2.196720e+00;-8.010249e-01;-5.443485e-01;-5.776522e+00;2.111540e+00;1.475048e-01;-7.060288e+00;3.578035e+00;5.966341e-01;2.829909e+00;2.271170e+00;-2.888200e+00;-6.767249e-02;1.846176e+00
2;0.200000;2.335716e+00;-1.499205e-01;1.322701e+00;-5.604609e+00;1.497341e+00;4.743514e+00;-3.835898e+00;4.697952e-01;-2.392126e+00;2.375388e+00;3.262253e-01;-4.494576e+00;1.527862e+00;4.506912e-01
3;0.300000;2.628682e+00;5.255709e-01;1.141136e+00;-7.500935e-01;6.591072e-01;5.346228e+00;9.696689e-01;-1.192008e+00;-2.118914e+00;-1.953873e+00;-1.119633e+00;-5.690498e-01;2.012130e+00;-1.505516e+00
4;0.400000;-1.469067e+00;2.045590e+00;4.161013e-01;4.833696e+00;-1.600361e-02;1.195267e+00;7.682045e+00;-5.492583e+00;5.102057e-01;-2.045042e+00;-9.854097e-01;2.082948e+00;9.494293e-02;-2.755989e+00
5;0.500000;-5.672452e+00;1.886843e+00;4.197013e+00;7.227874e+00;-3.732306e+00;-3.160797e+00;8.000965e+00;-7.725490e+00;-2.233129e+00;-3.821153e+00;3.120594e-01;4.882962e+00;1.863417e+00;-3.687370e+00
