frameIndex;frameTime;pcm_fftMag_mfcc[0];pcm_fftMag_mfcc[1];pcm_fftMag_mfcc[2];pcm_fftMag_mfcc[3];pcm_fftMag_mfcc[4];pcm_fftMag_mfcc[5];pcm_fftMag_mfcc[6];pcm_fftMag_mfcc[7];pcm_fftMag_mfcc[8];pcm_fftMag_mfcc[9];pcm_fftMag_mfcc[10];pcm_fftMag_mfcc[11];pcm_fftMag_mfcc[12];pcm_fftMag_mfcc[13]
0;0.000000;-7.224588e-01;4.438396e+00;-9.383567e+00;1.696907e+00;-6.638289e+00;3.202126e+00;1.674700e+00;2.439060e-01;2.098764e+00;-4.791398e+00;-3.497596e+00;1.372165e+00;3.974980e+00;1.356247e+00
1;0.100000;5.558205e-02;1.059156e+00;-1.895501e+00;-1.579376e+00;-6.896729e-01;-2.628205e+00;3.039874e+00;1.071486e-01;1.449730e+00;-1.090631e+00;3.460851e-01;1.700640e-01;1.127974e+00;1.164101e+00
2;0.200000;-5.851259e-01;9.513788e-01;5.005407e-01;-1.025031e+00;1.173227e+00;-5.024076e+00;3.952272e+00;4.050058e-01;1.438624e+00;-1.470550e+00;2.037390e+00;-1.887064e-01;-6.447935e-01;1.429588e+00
3;0.300000;1.466283e+00;-1.723123e-01;-5.808640e-02;-9.651871e-01;2.507723e+00;-2.976595e+00;-4.453373e-02;-1.210790e+00;2.059569e+00;-1.328219e+00;9.362559e-01;-5.576324e-01;-1.489872e+00;-2.365265e-01
4;0.400000;2.818693e+00;-5.537512e+00;4.624063e+00;-4.906464e-01;2.038981e+00;2.717106e+00;-5.660138e+00;2.643943e-01;-3.258071e+00;4.528585e+00;-9.933004e-01;2.026434e-01;-1.974753e+00;-2.315384e+00
5;0.500000;-3.032977e+00;-7.391057e-01;6.212550e+00;2.363333e+00;1.608031e+00;4.709649e+00;-2.962174e+00;1.903361e-01;-3.788615e+00;4.152209e+00;1.171165e+00;-9.985323e-01;-9.935350e-01;-1.398010e+00
