frameIndex;frameTime;pcm_fftMag_mfcc[0];pcm_fftMag_mfcc[1];pcm_fftMag_mfcc[2];pcm_fftMag_mfcc[3];pcm_fftMag_mfcc[4];pcm_fftMag_mfcc[5];pcm_fftMag_mfcc[6];pcm_fftMag_mfcc[7];pcm_fftMag_mfcc[8];pcm_fftMag_mfcc[9];pcm_fftMag_mfcc[10];pcm_fftMag_mfcc[11];pcm_fftMag_mfcc[12];pcm_fftMag_mfcc[13]
0;0.000000;-8.724318e-01;4.716540e+00;1.138235e+00;-7.210464e-01;-1.111921e+00;-6.573236e+00;1.574934e+00;-8.137042e+00;1.725625e+00;-4.308414e-02;2.187280e+00;-8.427782e-01;-7.342189e-01;-1.604385e-01
1;0.100000;-1.127149e+00;8.863697e-01;5.721869e-01;-2.777906e+00;-4.843307e+00;-2.847311e+00;-3.705269e+00;-2.264702e+00;-5.576207e+00;-3.958939e+00;1.066025e+00;-1.770607e+00;-7.312728e-01;2.437439e-01
2;0.200000;-6.418018e-01;-2.848192e+00;-1.183349e+00;-6.191826e-02;6.438589e-01;2.896107e+00;-7.109833e-01;3.346168e+00;-1.017384e+00;-1.802825e+00;-7.083025e-01;-8.106422e-01;-2.848864e-01;4.216156e-01
3;0.300000;2.641382e+00;-2.754721e+00;-5.270739e-01;3.560872e+00;5.311369e+00;6.524438e+00;2.841322e+00;7.055575e+00;4.867966e+00;5.804846e+00;-2.545000e+00;3.424026e+00;1.750378e+00;-5.049515e-01
