frameIndex;frameTime;pcm_fftMag_mfcc[0];pcm_fftMag_mfcc[1];pcm_fftMag_mfcc[2];pcm_fftMag_mfcc[3];pcm_fftMag_mfcc[4];pcm_fftMag_mfcc[5];pcm_fftMag_mfcc[6];pcm_fftMag_mfcc[7];pcm_fftMag_mfcc[8];pcm_fftMag_mfcc[9];pcm_fftMag_mfcc[10];pcm_fftMag_mfcc[11];pcm_fftMag_mfcc[12];pcm_fftMag_mfcc[13]
0;0.000000;1.010513e+01;-1.068412e+01;-6.727975e+00;3.955143e+00;7.191469e+00;5.094622e+00;-5.047877e+00;-4.375515e-01;1.103179e+01;1.155748e+00;-3.595388e+00;-4.672017e-01;6.171925e-01;1.722069e+00
1;0.100000;1.075337e+01;-1.259801e+01;-3.397177e+00;2.439147e+00;3.255207e+00;5.796371e+00;-4.390762e+00;1.339365e+00;1.857995e+00;2.249602e+00;-3.796740e-01;-4.252946e+00;1.243828e+00;-9.961624e-01
2;0.200000;5.178350e+00;-5.421871e+00;6.768086e+00;2.718341e+00;-5.186450e+00;-3.141851e+00;7.482821e-01;2.469672e+00;-3.115901e+00;-1.458872e+00;1.356429e+00;-2.433465e+00;-4.186728e-01;4.411392e-01
3;0.300000;-3.145981e-02;2.146786e+00;5.874633e+00;3.068697e+00;-7.724273e+00;-7.803967e+00;5.329832e+00;3.024977e+00;-3.514838e+00;-2.637122e+00;-2.816000e-01;1.201456e+00;-1.398652e-01;2.079681e+00
4;0.400000;-5.888718e+00;8.025398e+00;3.494650e+00;1.716281e+00;-5.070876e+00;-7.994322e+00;5.592703e+00;3.122027e+00;-3.271470e+00;-2.277691e+00;-1.231330e+00;4.358939e+00;1.015056e+00;4.897385e-01
5;0.500000;-1.241926e+01;1.013061e+01;1.449536e+00;-1.825662e+00;2.522900e+00;2.605247e-02;4.045720e-01;-1.996223e+00;-4.957008e-01;8.090584e-01;1.255365e+00;4.594999e+00;1.416361e+00;-3.087067e+00
6;0.600000;-7.697412e+00;8.401211e+00;-7.461754e+00;-1.207195e+01;5.012026e+00;8.023095e+00;-2.636751e+00;-7.522273e+00;-2.491868e+00;2.159275e+00;2.876197e+00;-3.001781e+00;-3.733899e+00;-6.493454e-01
