frameIndex;frameTime;pcm_fftMag_mfcc[0];pcm_fftMag_mfcc[1];pcm_fftMag_mfcc[2];pcm_fftMag_mfcc[3];pcm_fftMag_mfcc[4];pcm_fftMag_mfcc[5];pcm_fftMag_mfcc[6];pcm_fftMag_mfcc[7];pcm_fftMag_mfcc[8];pcm_fftMag_mfcc[9];pcm_fftMag_mfcc[10];pcm_fftMag_mfcc[11];pcm_fftMag_mfcc[12];pcm_fftMag_mfcc[13]
0;0.000000;-1.021028e-01;3.334712e+00;1.523730e+00;4.768114e+00;-1.315578e+00;-2.127777e+00;-4.831810e-01;-7.674366e+00;-5.485608e+00;3.252149e+00;6.834865e+00;2.322632e+00;1.671889e+00;-1.427986e+00
1;0.100000;1.465796e+00;1.443685e+00;-2.413098e+00;1.449582e+00;-1.496088e+00;1.706712e+00;-2.137844e+00;-7.741226e+00;-1.634952e+00;1.624259e+00;4.609680e+00;1.333817e+00;-2.222202e+00;-3.221741e-01
2;0.200000;6.769423e-01;4.899988e-01;-3.615523e+00;-8.455445e-01;8.853397e-01;7.048209e-01;-2.619055e+00;-2.885899e+00;6.325788e-01;6.747746e-01;-1.313572e-01;4.075603e-01;-3.091843e+00;3.766632e-01
3;0.300000;4.963808e-01;2.411795e-01;-4.103832e+00;-5.715209e-01;2.992968e+00;-2.750904e+00;2.689873e+00;1.174555e+00;8.798256e-01;2.288814e+00;-3.068377e+00;-1.362900e+00;-2.852276e+00;1.450424e-01
4;0.400000;1.148094e+00;-4.985428e-01;-3.596729e-01;-1.918038e+00;9.353714e-01;-2.774414e+00;2.773838e+00;-8.919283e-01;-9.698076e-01;1.022234e+00;-2.137823e+00;-3.386633e+00;-3.198842e+00;-3.254623e-01
5;0.500000;-1.178310e+00;-1.584830e+00;4.020205e+00;-7.786151e-01;-4.569744e+00;3.341701e-01;-2.918606e-01;1.948506e+00;-2.689392e+00;-6.775903e+00;-9.120674e-01;-1.488334e+00;-7.230620e-01;4.136581e-01
6;0.600000;-2.398088e+00;-3.590302e+00;2.050974e+00;-5.320145e-01;-2.636623e+00;1.940392e+00;-1.184900e+00;4.998467e+00;-2.492260e+00;-6.665224e+00;-2.356952e+00;-9.302711e-01;1.721924e+00;1.656006e+00
7;0.700000;-1.325441e+00;-3.077983e+00;1.109410e+00;-4.653497e-01;1.016706e+00;3.517816e+00;1.785469e-01;7.507392e+00;9.246259e-01;-1.114342e+00;-2.330309e+00;-4.963551e-01;3.494401e+00;5.993500e-01
8;0.800000;1.216733e+00;3.242080e+00;1.787806e+00;-1.106614e+00;4.187666e+00;-5.508175e-01;1.074585e+00;3.564497e+00;1.083499e+01;5.693236e+00;-5.076594e-01;3.600478e+00;5.200010e+00;-1.115067e+00
