frameIndex;frameTime;pcm_fftMag_mfcc[0];pcm_fftMag_mfcc[1];pcm_fftMag_mfcc[2];pcm_fftMag_mfcc[3];pcm_fftMag_mfcc[4];pcm_fftMag_mfcc[5];pcm_fftMag_mfcc[6];pcm_fftMag_mfcc[7];pcm_fftMag_mfcc[8];pcm_fftMag_mfcc[9];pcm_fftMag_mfcc[10];pcm_fftMag_mfcc[11];pcm_fftMag_mfcc[12];pcm_fftMag_mfcc[13]
0;0.000000;1.865118e+00;2.028322e+00;-4.810808e+00;5.837897e+00;-5.580835e+00;3.838567e+00;5.004967e+00;1.005884e+01;3.071313e+00;7.878696e+00;-4.359002e+00;1.373777e+00;-2.121234e+00;-1.435562e+00
1;0.100000;-1.883533e+00;3.697454e+00;3.131200e+00;-2.200984e+00;6.286075e+00;1.604054e+00;4.355745e+00;4.278647e+00;-1.420771e+00;6.151106e+00;-4.921368e+00;-1.130839e+00;-2.497723e+00;-5.856323e-01
2;0.200000;-1.154822e+00;2.204621e+00;8.265334e-01;-7.568521e+00;7.002859e+00;3.969231e-01;5.340843e-01;-3.620079e+00;-5.119236e+00;1.819147e+00;-8.921764e+00;-2.934112e+00;-2.059701e+00;2.387192e+00
3;0.300000;1.221276e+00;5.647335e-01;-2.645531e+00;-7.643886e+00;4.294929e+00;-5.050106e-01;-3.213709e+00;-8.208595e+00;-5.396006e+00;1.666699e+00;-9.891396e+00;-1.654383e+00;-5.153265e-01;3.535690e+00
4;0.400000;1.456809e+00;7.845964e-01;-5.016464e+00;-2.371735e+00;-2.824085e+00;-2.443615e+00;-3.799120e+00;-1.029308e+01;-5.049366e+00;1.057742e+00;-3.747457e+00;-1.175273e+00;-1.174746e+00;3.033531e+00
5;0.500000;-1.342608e+00;7.979631e-01;-1.081925e+00;-6.860828e-02;-5.503752e+00;-4.082789e+00;-2.492682e+00;-4.916624e+00;-4.806059e+00;-5.102005e-01;5.097144e+00;1.393278e-01;5.117004e-01;1.699028e+00
6;0.600000;-3.023357e+00;-5.279627e-01;3.429868e+00;2.965858e+00;-4.524638e+00;-1.340625e+00;1.434288e+00;1.899979e+00;8.666515e-01;-2.947244e+00;1.115538e+01;3.024184e+00;5.625814e+00;-5.162888e-01
7;0.700000;-1.862408e+00;-2.906582e+00;2.296377e+00;5.374208e+00;-4.869537e-01;8.092537e-01;1.808182e+00;3.903852e+00;6.375099e+00;-6.163819e+00;1.060997e+01;1.336922e+00;4.644093e+00;-3.265594e+00
8;0.800000;4.723532e+00;-6.643150e+00;3.870751e+00;5.675770e+00;1.336406e+00;1.723248e+00;-3.631755e+00;6.897056e+00;1.147839e+01;-8.952125e+00;4.978489e+00;1.020393e+00;-2.412877e+00;-4.852310e+00
