frameIndex;frameTime;pcm_fftMag_mfcc[0];pcm_fftMag_mfcc[1];pcm_fftMag_mfcc[2];pcm_fftMag_mfcc[3];pcm_fftMag_mfcc[4];pcm_fftMag_mfcc[5];pcm_fftMag_mfcc[6];pcm_fftMag_mfcc[7];pcm_fftMag_mfcc[8];pcm_fftMag_mfcc[9];pcm_fftMag_mfcc[10];pcm_fftMag_mfcc[11];pcm_fftMag_mfcc[12];pcm_fftMag_mfcc[13]
0;0.000000;4.925312e+00;-2.651428e+00;-7.817526e-01;-2.655845e+00;5.755835e-01;4.497776e+00;5.091095e-02;-4.636536e-01;-7.646666e-01;1.466428e+00;-3.300788e+00;-3.109987e+00;1.196689e+00;-6.851425e-01
1;0.100000;2.326951e+00;2.313191e+00;-3.147964e+00;-3.138980e+00;2.162300e+00;5.186682e+00;1.827056e+00;-2.146235e-01;-2.186708e-01;1.185793e+00;7.932723e-01;-1.403945e+00;-3.720245e-01;-8.184204e-01
2;0.200000;-2.583954e+00;2.694790e+00;-2.006598e+00;2.217346e+00;4.920852e+00;-1.187428e+00;-8.138752e-02;-2.314262e-01;7.844296e-01;1.521949e+00;2.210774e+00;1.630440e+00;-9.399760e-01;-3.420410e-01
3;0.300000;-4.668304e+00;-2.356556e+00;5.936315e+00;3.577479e+00;-7.658734e+00;-8.497031e+00;-1.796580e+00;9.097042e-01;1.989083e-01;-4.174170e+00;2.967412e-01;2.883492e+00;1.153114e-01;1.845581e+00
