frameIndex;frameTime;pcm_fftMag_mfcc[0];pcm_fftMag_mfcc[1];pcm_fftMag_mfcc[2];pcm_fftMag_mfcc[3];pcm_fftMag_mfcc[4];pcm_fftMag_mfcc[5];pcm_fftMag_mfcc[6];pcm_fftMag_mfcc[7];pcm_fftMag_mfcc[8];pcm_fftMag_mfcc[9];pcm_fftMag_mfcc[10];pcm_fftMag_mfcc[11];pcm_fftMag_mfcc[12];pcm_fftMag_mfcc[13]
0;0.000000;4.625421e-01;-1.948309e+00;2.213953e-01;-7.938023e-01;-5.520683e+00;-8.384476e-01;-4.462943e-01;3.265872e-01;3.284028e+00;2.581807e+00;-7.749717e+00;-2.792952e+00;1.010133e+00;2.185654e+00
1;0.100000;1.318805e+00;-2.711350e+00;-1.531823e+00;6.417837e-01;-5.587343e+00;2.521588e+00;-1.613697e+00;-1.863311e+00;2.004280e+00;3.428189e+00;-5.811387e+00;-3.494601e+00;5.759196e-01;1.818520e+00
2;0.200000;-1.791072e-02;-6.825504e-01;-2.498354e+00;5.105677e-01;1.485915e+00;-1.775094e+00;3.808675e+00;-3.092974e+00;-8.639355e-01;4.269526e+00;-3.227616e+00;-2.652445e+00;-7.849412e-01;6.629257e-01
3;0.300000;-1.553908e+00;1.521236e+00;1.970441e-01;1.075068e+00;5.973608e+00;-7.514902e+00;4.511959e+00;-1.117807e+00;-6.724944e-01;3.017731e-01;-1.391623e+00;2.706671e-02;-1.425626e+00;-8.041382e-03
4;0.400000;-9.928508e-01;1.820412e+00;3.391904e+00;-9.127045e-01;3.675770e+00;-4.508271e+00;1.410017e-01;-2.324419e+00;9.769082e-01;-4.938807e-01;9.189606e-03;1.202643e+00;-2.870165e+00;-2.950134e-01
5;0.500000;6.001918e-01;5.426426e-01;2.499702e+00;-3.019789e+00;-2.005863e-02;4.278277e+00;-2.261684e+00;-5.464497e-01;-1.819326e+00;-2.056411e+00;4.827580e+00;4.036593e-01;-2.548764e+00;-4.023972e-01
6;0.600000;3.818059e-01;-8.872795e-02;-2.359843e-02;-7.071609e-01;-7.176542e-01;4.973393e+00;-2.428704e+00;3.662766e+00;-2.205121e+00;-3.830453e+00;6.995138e+00;2.443737e+00;9.777226e-01;-8.200912e-01
7;0.700000;-1.986742e-01;1.546649e+00;-2.256269e+00;3.206035e+00;7.104435e-01;2.863459e+00;-1.711260e+00;4.955609e+00;-7.043396e-01;-4.200550e+00;6.348434e+00;4.862892e+00;5.065721e+00;-3.141548e+00
