frameIndex;frameTime;pcm_fftMag_mfcc[0];pcm_fftMag_mfcc[1];pcm_fftMag_mfcc[2];pcm_fftMag_mfcc[3];pcm_fftMag_mfcc[4];pcm_fftMag_mfcc[5];pcm_fftMag_mfcc[6];pcm_fftMag_mfcc[7];pcm_fftMag_mfcc[8];pcm_fftMag_mfcc[9];pcm_fftMag_mfcc[10];pcm_fftMag_mfcc[11];pcm_fftMag_mfcc[12];pcm_fftMag_mfcc[13]
0;0.000000;-2.000434e+00;-5.038402e-01;-3.507322e-01;-1.510012e+00;-1.142848e+00;-1.319128e+00;2.856674e-01;1.401940e+00;-1.009702e+00;-2.084925e+00;-3.403724e-01;-1.062531e+00;9.129200e-01;-3.028870e-03
1;0.100000;-4.884787e-01;2.691674e-01;-4.269903e-01;1.503611e-01;1.669227e+00;-6.193419e-01;-1.526798e+00;-3.895612e-01;-3.506799e-01;-1.607535e-01;1.594234e+00;1.400406e+00;7.373037e-01;9.333878e-01
2;0.200000;2.488913e+00;2.346723e-01;7.777225e-01;1.359649e+00;-5.263791e-01;1.938468e+00;1.241129e+00;-1.012378e+00;1.360381e+00;2.245679e+00;-1.253862e+00;-3.378747e-01;-1.650224e+00;-9.303589e-01
