frameIndex;frameTime;pcm_fftMag_mfcc[0];pcm_fftMag_mfcc[1];pcm_fftMag_mfcc[2];pcm_fftMag_mfcc[3];pcm_fftMag_mfcc[4];pcm_fftMag_mfcc[5];pcm_fftMag_mfcc[6];pcm_fftMag_mfcc[7];pcm_fftMag_mfcc[8];pcm_fftMag_mfcc[9];pcm_fftMag_mfcc[10];pcm_fftMag_mfcc[11];pcm_fftMag_mfcc[12];pcm_fftMag_mfcc[13]
0;0.000000;-2.092068e+00;1.029042e+01;3.838884e+00;-1.005466e+00;-1.109863e+00;-5.684090e-01;-4.920021e+00;-9.312137e+00;-4.952526e-02;-1.170094e+01;-4.782628e+00;2.226389e+00;-1.598022e+00;4.520798e-01
1;0.100000;-3.832895e+00;1.077503e+01;4.442862e+00;-7.782297e+00;-5.613923e+00;-1.810652e+00;-7.856848e+00;-8.004842e+00;6.579419e+00;-5.608109e+00;-4.229618e+00;5.791258e+00;2.531353e+00;1.401909e+00
2;0.200000;-5.833225e+00;4.886628e+00;1.230884e+00;-1.939728e+00;-8.733479e+00;-2.707096e+00;-3.809258e+00;-3.236842e+00;6.242774e+00;1.877434e+00;4.551635e+00;9.232527e+00;2.764117e+00;2.816795e+00
3;0.300000;-6.263119e+00;-2.455466e+00;-5.241519e+00;4.312239e+00;-5.584858e+00;4.050007e-01;6.574307e+00;3.037430e+00;6.090794e+00;8.093607e+00;1.260774e+01;8.085114e+00;2.048666e+00;3.101608e+00
4;0.400000;-3.685621e+00;-6.666427e+00;-7.731605e+00;6.956888e+00;3.189421e-01;5.852115e+00;1.274527e+01;5.941303e+00;4.703369e+00;6.360825e+00;1.122709e+01;-4.127483e-01;-9.506445e-01;2.330002e+00
5;0.500000;2.078199e+00;-6.605011e+00;-6.002741e+00;2.252781e+00;9.984789e-01;1.857088e+00;5.974161e+00;1.254787e+00;1.492215e+00;2.564578e+00;1.122585e+01;-6.873808e-01;2.732751e+00;-9.178162e-03
6;0.600000;6.373414e+00;-4.477494e+00;8.068748e-01;-4.911982e+00;4.465505e+00;6.273975e-01;-1.204638e+00;9.142447e-01;-3.158273e+00;3.611671e+00;1.143845e+00;-3.021976e+00;-2.781448e-01;-2.682610e+00
7;0.700000;6.043480e+00;-1.070859e+00;3.814113e+00;-3.274530e+00;7.755435e+00;3.343678e-01;-5.501259e+00;2.403807e+00;-9.807551e+00;-1.190518e+00;-1.054763e+01;-8.309013e+00;-2.046319e+00;-3.659996e+00
8;0.800000;7.211836e+00;-4.676818e+00;4.842246e+00;5.392105e+00;7.503763e+00;-3.989799e+00;-2.001713e+00;7.002242e+00;-1.209322e+01;-4.008543e+00;-2.119629e+01;-1.290417e+01;-5.203758e+00;-3.750511e+00
