frameIndex;frameTime;pcm_fftMag_mfcc[0];pcm_fftMag_mfcc[1];pcm_fftMag_mfcc[2];pcm_fftMag_mfcc[3];pcm_fftMag_mfcc[4];pcm_fftMag_mfcc[5];pcm_fftMag_mfcc[6];pcm_fftMag_mfcc[7];pcm_fftMag_mfcc[8];pcm_fftMag_mfcc[9];pcm_fftMag_mfcc[10];pcm_fftMag_mfcc[11];pcm_fftMag_mfcc[12];pcm_fftMag_mfcc[13]
0;0.000000;-3.993237e+00;6.538544e+00;-2.795185e+00;5.395469e+00;-1.157022e+00;-5.292375e-01;5.395066e+00;-1.516590e+00;5.466019e+00;2.092639e+00;2.026709e+00;3.667979e+00;2.689933e+00;1.138519e+00
1;0.100000;2.601395e-01;2.240376e+00;-4.175671e+00;-8.420844e-01;-1.831055e-01;1.722262e+00;9.347768e-01;-2.329067e+00;1.836048e+00;7.066107e-02;-1.663724e+00;-1.772534e+00;1.639236e+00;-4.976578e-01
2;0.200000;3.733100e+00;-8.778920e+00;6.970856e+00;-4.553385e+00;1.340130e+00;-1.193024e+00;-6.329843e+00;3.845657e+00;-7.302068e+00;-2.163301e+00;-3.629827e-01;-1.895446e+00;-4.329168e+00;-6.408768e-01
