frameIndex;frameTime;pcm_fftMag_mfcc[0];pcm_fftMag_mfcc[1];pcm_fftMag_mfcc[2];pcm_fftMag_mfcc[3];pcm_fftMag_mfcc[4];pcm_fftMag_mfcc[5];pcm_fftMag_mfcc[6];pcm_fftMag_mfcc[7];pcm_fftMag_mfcc[8];pcm_fftMag_mfcc[9];pcm_fftMag_mfcc[10];pcm_fftMag_mfcc[11];pcm_fftMag_mfcc[12];pcm_fftMag_mfcc[13]
0;0.000000;-3.579122e+00;5.089521e-03;5.083790e+00;-4.701710e-02;5.046680e+00;-4.219923e+00;-3.381630e+00;2.435741e-01;-2.448487e+00;-5.566883e-02;-5.747564e+00;-2.410358e+00;3.133019e+00;-1.606323e+00
1;0.100000;-5.787972e+00;2.277717e+00;1.801804e+00;2.890137e+00;7.625055e-01;-3.945637e+00;-2.418287e+00;-2.400970e+00;-2.870168e+00;-2.482483e+00;-3.836865e+00;-5.470748e+00;3.157640e+00;-5.265121e-01
2;0.200000;-4.936057e+00;3.329596e+00;9.823325e-01;4.557450e+00;-9.824772e-01;-4.985199e+00;1.067543e+00;-1.548828e+00;-2.403417e+00;-1.286166e+00;-8.604784e-01;-2.895940e+00;-2.143891e+00;9.667358e-01
3;0.300000;-1.680400e+00;2.637253e-01;-1.882204e+00;1.016792e+00;-1.987022e+00;-1.824593e+00;4.103872e+00;-1.118549e+00;-1.867427e+00;8.546710e-01;1.758066e+00;-1.664071e+00;-3.911888e+00;2.011230e+00
4;0.400000;1.957347e+00;-1.623314e+00;-3.301030e+00;-2.493109e+00;-1.011436e+00;1.848970e+00;6.035150e+00;1.114082e-02;1.609182e-01;2.900591e+00;4.443576e+00;-9.460878e-01;-1.846939e+00;8.766556e-01
5;0.500000;6.105854e+00;-2.508476e+00;-2.281505e+00;-3.664982e+00;-1.406500e+00;5.436956e+00;-8.957953e-01;1.152426e+00;4.767645e+00;1.218256e+00;4.957399e+00;4.742834e+00;-4.441409e-01;-6.264877e-01
6;0.600000;7.920355e+00;-1.744336e+00;-4.031885e-01;-2.259279e+00;-4.217491e-01;7.689426e+00;-4.510853e+00;3.661224e+00;4.660936e+00;-1.149199e+00;-7.141337e-01;8.644364e+00;2.056201e+00;-1.095291e+00
