frameIndex;frameTime;pcm_fftMag_mfcc[0];pcm_fftMag_mfcc[1];pcm_fftMag_mfcc[2];pcm_fftMag_mfcc[3];pcm_fftMag_mfcc[4];pcm_fftMag_mfcc[5];pcm_fftMag_mfcc[6];pcm_fftMag_mfcc[7];pcm_fftMag_mfcc[8];pcm_fftMag_mfcc[9];pcm_fftMag_mfcc[10];pcm_fftMag_mfcc[11];pcm_fftMag_mfcc[12];pcm_fftMag_mfcc[13]
0;0.000000;-5.144035e+00;2.081170e-01;-1.646092e+00;-1.615724e+00;4.319633e+00;-4.482172e+00;4.656706e+00;7.857769e+00;4.061799e+00;-8.931990e-01;-3.246530e+00;2.244697e+00;-1.737700e+00;4.638565e+00
1;0.100000;-5.234652e+00;-1.095025e+00;2.719250e+00;1.403750e+00;4.886341e-01;-5.079544e+00;-1.772903e+00;3.909052e+00;3.467583e+00;-3.736798e+00;5.094121e-01;6.246509e+00;3.553188e-02;3.457069e+00
2;0.200000;-2.777265e+00;-1.956645e+00;1.864343e+00;3.776397e+00;-3.371986e+00;-1.336794e+00;-3.783813e+00;3.559797e+00;4.444446e+00;-6.507202e+00;2.559048e+00;4.753854e+00;9.509957e-02;1.847313e+00
3;0.300000;-1.180190e+00;8.164597e-01;-1.578949e+00;5.116237e+00;-1.623300e+00;-2.050442e+00;7.111926e-01;-4.929943e-01;5.443573e+00;-4.505140e+00;-5.133017e-01;2.121615e+00;1.465514e+00;-2.644348e-01
4;0.400000;1.263065e-01;2.985927e+00;-1.132620e+00;5.915493e+00;-8.248367e-01;-1.622482e+00;4.228562e+00;-6.555173e+00;4.347925e-01;-4.400085e+00;-1.731579e+00;-1.554298e-02;3.044295e+00;-1.977158e+00
5;0.500000;2.407964e+00;3.863953e+00;4.236174e-01;-5.957355e-01;-1.036082e+00;4.130746e+00;2.598387e+00;-7.614520e+00;-9.576568e+00;2.708378e-01;1.236913e+00;-4.327387e+00;-4.660336e-01;-3.313225e+00
6;0.600000;5.571596e+00;-8.123555e-01;-5.181179e-01;-5.837583e+00;1.562486e-01;5.784267e+00;-3.385412e+00;-8.683653e-01;-6.812686e+00;8.959647e+00;8.900278e-01;-5.030523e+00;-2.860963e+00;-2.221405e+00
7;0.700000;6.230277e+00;-4.010431e+00;-1.314278e-01;-8.162831e+00;1.891690e+00;4.656419e+00;-3.252718e+00;2.044306e-01;-1.462935e+00;1.081194e+01;2.960099e-01;-5.993221e+00;4.242575e-01;-2.166786e+00
