frameIndex;frameTime;pcm_fftMag_mfcc[0];pcm_fftMag_mfcc[1];pcm_fftMag_mfcc[2];pcm_fftMag_mfcc[3];pcm_fftMag_mfcc[4];pcm_fftMag_mfcc[5];pcm_fftMag_mfcc[6];pcm_fftMag_mfcc[7];pcm_fftMag_mfcc[8];pcm_fftMag_mfcc[9];pcm_fftMag_mfcc[10];pcm_fftMag_mfcc[11];pcm_fftMag_mfcc[12];pcm_fftMag_mfcc[13]
0;0.000000;-5.146536e+00;3.930493e+00;6.927827e+00;1.120312e+01;-3.505866e+00;-9.803566e+00;3.499109e+00;2.017750e+00;1.911853e+00;6.364250e-02;2.623377e-01;8.589924e+00;1.052779e+01;-1.021347e-01
1;0.100000;-2.248732e+00;1.163725e+00;-3.636276e+00;3.518644e+00;-3.400030e+00;-2.845002e+00;3.527174e+00;-2.832087e+00;1.063798e+00;-1.821259e+00;1.561077e+00;3.454397e+00;4.174572e+00;5.867386e-01
2;0.200000;2.228455e+00;-5.975447e-01;-3.608585e+00;-4.703171e+00;1.994305e+00;5.334129e+00;-8.807468e-01;-1.382768e+00;7.995039e-01;-8.358274e-01;2.055617e+00;-4.750278e+00;-4.042062e+00;6.798935e-01
3;0.300000;5.166814e+00;-4.496677e+00;3.170376e-01;-1.001860e+01;4.911591e+00;7.314436e+00;-6.145536e+00;2.197105e+00;-3.775155e+00;2.593442e+00;-3.879032e+00;-7.294043e+00;-1.066030e+01;-1.164520e+00
