frameIndex;frameTime;pcm_fftMag_mfcc[0];pcm_fftMag_mfcc[1];pcm_fftMag_mfcc[2];pcm_fftMag_mfcc[3];pcm_fftMag_mfcc[4];pcm_fftMag_mfcc[5];pcm_fftMag_mfcc[6];pcm_fftMag_mfcc[7];pcm_fftMag_mfcc[8];pcm_fftMag_mfcc[9];pcm_fftMag_mfcc[10];pcm_fftMag_mfcc[11];pcm_fftMag_mfcc[12];pcm_fftMag_mfcc[13]
0;0.000000;9.872116e+00;-3.751035e+00;1.057589e+00;-1.328119e+01;-1.931248e-01;5.665863e+00;4.177281e+00;2.619720e+00;-3.607660e+00;-4.912858e-01;-5.644136e+00;7.065113e+00;-2.609974e+00;-2.312798e+00
1;0.100000;8.970440e+00;-1.818916e+00;2.892885e+00;-1.217006e+01;-4.242332e+00;3.442767e+00;6.309974e+00;4.798512e+00;-3.220212e+00;-5.492544e+00;-6.893196e+00;6.967746e+00;6.046094e-01;-5.205833e+00
2;0.200000;3.207735e+00;-1.469951e+00;8.708649e+00;3.811646e-02;-3.668518e+00;1.609609e+00;3.873693e+00;4.939473e+00;-3.510688e+00;-6.417006e+00;-3.220204e+00;-1.426605e+00;1.597148e+00;-5.432945e+00
3;0.300000;1.023542e+00;-3.011805e+00;3.828860e+00;5.226587e+00;2.341557e-01;2.959261e+00;-2.354804e+00;-4.010460e+00;-1.610114e+00;1.015919e+00;5.729456e+00;-3.476918e+00;-3.175535e+00;-1.826866e+00
4;0.400000;2.162464e+00;-5.309720e+00;2.594479e-01;3.601743e+00;-2.058498e+00;2.897946e+00;-9.832382e-03;-6.599359e+00;-1.160165e+00;2.762388e+00;7.065306e+00;-3.970558e+00;-2.817771e+00;8.655548e-01
5;0.500000;4.089899e-01;-4.709613e+00;-1.378128e+00;3.427286e+00;-9.169502e-01;-6.555822e-01;-1.005775e+00;-4.690978e+00;-4.268780e-01;3.499222e+00;3.075093e+00;-1.968642e+00;-8.373681e-01;1.987671e+00
6;0.600000;-5.482456e+00;2.760025e+00;-4.250949e+00;6.456996e+00;1.699448e+00;-6.501228e+00;-3.764050e+00;-1.219549e+00;3.852791e+00;3.759705e+00;-6.035610e-01;-2.323789e+00;1.786266e+00;4.248482e+00
7;0.700000;-9.439265e+00;7.660406e+00;-4.641965e+00;6.420856e+00;4.149427e+00;-8.703534e+00;-5.086368e+00;1.752866e+00;5.908211e+00;4.002358e+00;-7.136328e-01;-3.275638e+00;2.521160e+00;4.457863e+00
8;0.800000;-1.072357e+01;9.650609e+00;-6.476390e+00;2.796564e-01;4.996390e+00;-7.150996e-01;-2.140119e+00;2.409777e+00;3.774715e+00;-2.638758e+00;1.204875e+00;2.409292e+00;2.931466e+00;3.218872e+00
