frameIndex;frameTime;pcm_fftMag_mfcc[0];pcm_fftMag_mfcc[1];pcm_fftMag_mfcc[2];pcm_fftMag_mfcc[3];pcm_fftMag_mfcc[4];pcm_fftMag_mfcc[5];pcm_fftMag_mfcc[6];pcm_fftMag_mfcc[7];pcm_fftMag_mfcc[8];pcm_fftMag_mfcc[9];pcm_fftMag_mfcc[10];pcm_fftMag_mfcc[11];pcm_fftMag_mfcc[12];pcm_fftMag_mfcc[13]
0;0.000000;5.519152e-01;1.071774e+00;-2.999191e-01;-7.038975e-02;2.859230e+00;-7.891127e+00;1.110129e+00;-1.326146e-01;-1.297511e+00;6.093135e+00;2.702847e-01;1.134861e+00;1.766188e+00;-7.611465e-01
1;0.100000;-3.679781e-01;1.990900e-01;7.729454e-01;-9.937439e-01;-2.231133e+00;2.819809e+00;-9.638748e-01;6.867182e-01;-5.022967e-01;-6.434517e-01;-1.714849e-01;6.215587e-01;-1.091576e+00;-1.058350e-01
2;0.200000;-1.839361e-01;-1.270865e+00;-4.730263e-01;1.064134e+00;-6.280956e-01;5.071319e+00;-1.462555e-01;-5.541030e-01;1.799808e+00;-5.449684e+00;-9.879971e-02;-1.756420e+00;-6.746111e-01;8.669891e-01
