frameIndex;frameTime;pcm_fftMag_mfcc[0];pcm_fftMag_mfcc[1];pcm_fftMag_mfcc[2];pcm_fftMag_mfcc[3];pcm_fftMag_mfcc[4];pcm_fftMag_mfcc[5];pcm_fftMag_mfcc[6];pcm_fftMag_mfcc[7];pcm_fftMag_mfcc[8];pcm_fftMag_mfcc[9];pcm_fftMag_mfcc[10];pcm_fftMag_mfcc[11];pcm_fftMag_mfcc[12];pcm_fftMag_mfcc[13]
0;0.000000;-6.985137e+00;2.007012e+00;2.447291e+00;5.531517e+00;-3.329270e+00;-2.011455e+00;-2.076340e-02;-1.429882e+00;7.047871e+00;-3.012314e+00;-2.705817e+00;1.196572e+00;6.742341e-01;3.364471e+00
1;0.100000;-1.618876e+00;1.991293e+00;-4.572201e-02;6.497089e+00;-4.342812e+00;-3.119838e+00;2.949762e-01;3.150484e+00;4.181831e+00;-3.319067e+00;-7.093261e-01;1.277142e+00;2.601269e-01;7.270660e-01
2;0.200000;-6.343555e-02;2.304459e-02;-2.658453e-01;3.238508e+00;-2.037648e+00;-3.623735e+00;-3.307004e+00;6.288222e+00;2.164374e+00;-2.514715e+00;-1.788315e+00;1.401349e+00;1.309757e+00;2.323685e-01
3;0.300000;-8.980837e-01;-3.543530e-01;8.386898e-01;1.798899e+00;-5.845337e-01;-4.315725e+00;-3.549534e+00;2.474889e+00;-2.267314e-01;-3.884330e+00;-3.537492e+00;1.389337e+00;1.159721e+00;6.440659e-01
4;0.400000;-1.371002e-02;6.018982e-01;2.400605e+00;1.068836e+00;6.379452e-01;-1.083766e+00;1.563489e+00;-7.188501e-01;-3.483028e+00;-3.967452e+00;-3.842224e+00;1.446040e+00;1.162716e+00;-1.219383e+00
5;0.500000;2.986910e+00;3.252497e-01;2.466764e-01;-2.996183e+00;5.645590e-01;6.527601e+00;4.603529e+00;-4.928087e+00;-6.047021e+00;3.755852e+00;1.863474e-01;-6.455429e-01;-2.787293e+00;-3.725067e+00
6;0.600000;3.164675e+00;-1.786529e+00;-3.182220e+00;-7.091822e+00;3.816628e+00;4.396723e+00;1.682262e-01;-2.414408e+00;-2.395159e+00;7.642331e+00;6.262561e+00;-2.600074e+00;-1.889038e+00;-8.417892e-01
7;0.700000;3.427654e+00;-2.807611e+00;-2.439471e+00;-8.046844e+00;5.275138e+00;3.230200e+00;2.470846e-01;-2.422364e+00;-1.242136e+00;5.299695e+00;6.134264e+00;-3.464823e+00;1.097759e-01;8.182526e-01
