frameIndex;frameTime;pcm_fftMag_mfcc[0];pcm_fftMag_mfcc[1];pcm_fftMag_mfcc[2];pcm_fftMag_mfcc[3];pcm_fftMag_mfcc[4];pcm_fftMag_mfcc[5];pcm_fftMag_mfcc[6];pcm_fftMag_mfcc[7];pcm_fftMag_mfcc[8];pcm_fftMag_mfcc[9];pcm_fftMag_mfcc[10];pcm_fftMag_mfcc[11];pcm_fftMag_mfcc[12];pcm_fftMag_mfcc[13]
0;0.000000;-1.787698e+00;2.638559e-01;-6.232728e+00;-3.886000e+00;7.916676e+00;2.153371e+00;2.586278e+00;4.571233e+00;1.052323e+00;3.671106e+00;2.841434e+00;-3.061972e+00;-9.967692e-01;2.291672e+00
1;0.050000;-2.858850e+00;-1.856519e+00;-7.157919e+00;-3.636123e+00;5.571470e+00;3.632832e-01;2.644068e+00;6.076877e+00;1.740033e+00;2.742582e+00;-8.453484e-01;-8.223844e-01;-6.426301e-01;5.434021e+00
2;0.100000;-3.406213e+00;-1.479201e+00;-5.076214e+00;-2.268836e+00;2.139698e+00;-2.851200e+00;2.202905e+00;4.432909e+00;1.358190e+00;-2.713051e-01;-3.453226e+00;1.394391e-01;-2.571406e-01;5.661774e+00
3;0.150000;-2.408898e+00;-1.206324e-01;-8.928556e-01;1.086314e+00;-1.743224e+00;-6.409372e+00;9.542341e-01;8.787827e-01;-3.621554e-01;-1.434927e+00;-3.006760e+00;1.712163e+00;4.852076e-01;3.130310e+00
4;0.200000;8.465323e-01;3.749330e-01;9.331250e-01;3.097259e+00;-3.536796e+00;-2.361464e+00;-2.736655e+00;-4.106760e+00;-1.918299e+00;-6.020083e-01;9.908409e-01;2.612028e-01;1.968708e-01;-6.900024e-01
5;0.250000;2.243721e+00;2.510181e+00;2.721577e+00;-1.139514e+00;-2.045878e+00;4.610224e+00;-5.452462e+00;-5.655278e+00;-2.491134e+00;6.753902e-01;1.420355e+00;-2.094629e+00;5.743926e-01;-3.940331e+00
6;0.300000;3.178273e+00;1.239192e+00;7.152958e+00;1.994630e+00;-3.825259e+00;4.404171e+00;-7.401142e-01;-5.639055e+00;-8.383150e-01;-1.845074e+00;4.028015e-01;9.414921e-01;1.610160e-02;-5.736092e+00
7;0.350000;4.193134e+00;-9.318082e-01;8.552057e+00;4.752269e+00;-4.476687e+00;9.099197e-02;5.417490e-01;-5.587060e-01;1.459358e+00;-2.935767e+00;1.649906e+00;2.924687e+00;6.239666e-01;-6.151360e+00
