frameIndex;frameTime;pcm_fftMag_mfcc[0];pcm_fftMag_mfcc[1];pcm_fftMag_mfcc[2];pcm_fftMag_mfcc[3];pcm_fftMag_mfcc[4];pcm_fftMag_mfcc[5];pcm_fftMag_mfcc[6];pcm_fftMag_mfcc[7];pcm_fftMag_mfcc[8];pcm_fftMag_mfcc[9];pcm_fftMag_mfcc[10];pcm_fftMag_mfcc[11];pcm_fftMag_mfcc[12];pcm_fftMag_mfcc[13]
0;0.000000;4.730727e+00;-6.731149e+00;-1.837223e+01;4.361257e+00;9.821314e+00;1.147613e+01;-4.942446e+00;7.452539e+00;1.052776e+01;-7.435964e+00;-4.890242e+00;-7.763031e+00;3.967687e+00;3.171387e-01
1;0.050000;2.367086e+00;-2.582619e+00;-9.071494e+00;2.868196e+00;8.541801e+00;8.695083e+00;-7.232680e-01;-1.578925e+00;4.919960e+00;-2.217293e-02;-5.944975e+00;-3.561622e+00;3.866540e+00;-3.375511e+00
2;0.100000;-1.060525e+00;4.061081e+00;7.612139e+00;-4.496833e-01;1.551117e+00;3.102970e-02;9.025702e-01;-5.108133e+00;-1.198486e+00;3.442188e+00;-2.993876e+00;2.051098e+00;-7.918267e-01;-1.164360e+00
3;0.150000;-1.877899e+00;6.093557e+00;9.246004e+00;-2.534577e+00;-8.452091e-01;-6.209717e-01;-1.031389e-01;-5.060071e+00;-3.461737e+00;4.488694e+00;-3.735578e+00;1.835886e+00;-1.003209e+00;4.813156e-01
4;0.200000;-6.926718e-01;4.124264e+00;7.484909e+00;-3.705899e+00;-6.162292e+00;-3.362000e+00;-7.180095e-01;-4.248828e+00;-7.014788e+00;4.675663e+00;-2.927825e+00;2.489255e+00;-3.495441e+00;1.077133e+00
5;0.250000;-2.061214e-01;-1.239734e+00;3.637557e+00;-1.298808e+00;-9.416741e+00;-6.614846e+00;-2.149963e-01;-3.060004e+00;-5.720600e+00;5.677083e-01;2.605101e-01;1.371796e+00;-3.526161e+00;1.834023e+00
6;0.300000;-1.329893e+00;-2.208905e+00;8.052187e-01;-3.089634e-01;-5.068288e+00;-5.900878e+00;2.234198e+00;2.559106e+00;-4.819136e-01;-2.075608e+00;8.506907e+00;9.761107e-01;-2.503937e-01;1.837814e+00
7;0.350000;-1.930698e+00;-1.516495e+00;-1.342107e+00;1.068477e+00;1.578299e+00;-3.703541e+00;3.565093e+00;9.044313e+00;2.429807e+00;-3.640512e+00;1.172508e+01;2.600507e+00;1.232805e+00;-1.007553e+00
