frameIndex;frameTime;pcm_fftMag_mfcc[0];pcm_fftMag_mfcc[1];pcm_fftMag_mfcc[2];pcm_fftMag_mfcc[3];pcm_fftMag_mfcc[4];pcm_fftMag_mfcc[5];pcm_fftMag_mfcc[6];pcm_fftMag_mfcc[7];pcm_fftMag_mfcc[8];pcm_fftMag_mfcc[9];pcm_fftMag_mfcc[10];pcm_fftMag_mfcc[11];pcm_fftMag_mfcc[12];pcm_fftMag_mfcc[13]
0;0.000000;1.998792e-01;-4.983477e+00;-2.485132e-01;5.367158e+00;-4.585522e+00;1.098913e+00;2.851155e+00;7.706717e+00;-3.547678e-01;-6.313454e+00;-2.638454e+00;-2.792751e+00;-6.589508e-02;1.348206e+00
1;0.050000;5.927186e-01;-2.422172e+00;7.144957e-01;3.795271e+00;-2.624070e+00;5.858650e-01;5.710867e+00;5.504396e+00;-2.661066e-01;-5.472709e+00;-2.523192e+00;-3.276913e+00;2.224569e-01;-1.143066e+00
2;0.100000;-2.260926e+00;3.361979e+00;-3.565682e+00;2.233856e+00;3.261221e+00;-3.514743e+00;5.195473e+00;-1.652016e+00;1.014405e+01;-5.584496e+00;-3.547988e+00;-3.102946e+00;-4.633954e-01;-4.649887e-01
3;0.150000;-2.476167e+00;4.385686e+00;-5.605723e+00;1.498347e+00;5.707348e+00;-5.190224e+00;-1.756418e+00;-7.218202e+00;8.762807e+00;-1.927282e+00;-1.268139e-01;2.704506e-01;8.450403e-01;1.501480e+00
4;0.200000;-3.771462e-01;3.577717e+00;-6.344824e+00;-2.944145e-01;5.404839e+00;-3.983244e+00;-3.393102e+00;-9.020198e+00;2.785027e+00;9.968262e-01;2.428511e+00;9.839005e-01;2.020175e+00;1.310432e+00
5;0.250000;2.235027e+00;-1.258308e+00;1.448336e-01;-2.601663e+00;-4.092340e-01;-6.836891e-02;-2.736082e+00;-2.172114e+00;-5.453432e+00;5.520937e+00;4.557434e+00;3.356278e-01;-8.557701e-02;4.153442e-02
6;0.300000;1.325441e+00;-2.211494e+00;7.471670e+00;-3.900616e+00;-3.736796e+00;3.258256e+00;-3.163223e+00;4.155463e+00;-8.339029e+00;7.093954e+00;1.393599e+00;2.775064e+00;-2.105766e+00;-7.786407e-01
7;0.350000;7.611713e-01;-4.499311e-01;7.433743e+00;-6.097937e+00;-3.017786e+00;7.813544e+00;-2.708668e+00;2.695954e+00;-7.278549e+00;5.686223e+00;4.569044e-01;4.807567e+00;-3.670435e-01;-1.814919e+00
