frameIndex;frameTime;pcm_fftMag_mfcc[0];pcm_fftMag_mfcc[1];pcm_fftMag_mfcc[2];pcm_fftMag_mfcc[3];pcm_fftMag_mfcc[4];pcm_fftMag_mfcc[5];pcm_fftMag_mfcc[6];pcm_fftMag_mfcc[7];pcm_fftMag_mfcc[8];pcm_fftMag_mfcc[9];pcm_fftMag_mfcc[10];pcm_fftMag_mfcc[11];pcm_fftMag_mfcc[12];pcm_fftMag_mfcc[13]
0;0.000000;-1.137481e-01;-1.349449e-04;2.413624e-01;-9.799862e-01;1.006145e+00;-5.107036e+00;-2.705038e+00;8.395672e-01;-2.509750e+00;-1.553421e-01;-1.632442e-01;-4.258374e+00;-1.310523e+00;2.822990e+00
1;0.050000;4.661603e-01;1.502566e-01;-1.265195e+00;-5.080929e-01;-1.513553e-01;6.720941e-01;-1.110765e+00;-2.171419e+00;7.923677e-01;4.295297e-01;-4.859705e-01;-7.790484e-01;5.717530e-01;5.063477e-01
2;0.100000;-3.524117e-01;-1.501222e-01;1.023832e+00;1.488080e+00;-8.547907e-01;4.434942e+00;3.815807e+00;1.331854e+00;1.717383e+00;-2.741880e-01;6.492157e-01;5.037422e+00;7.387693e-01;-3.329361e+00
