frameIndex;frameTime;pcm_fftMag_mfcc[0];pcm_fftMag_mfcc[1];pcm_fftMag_mfcc[2];pcm_fftMag_mfcc[3];pcm_fftMag_mfcc[4];pcm_fftMag_mfcc[5];pcm_fftMag_mfcc[6];pcm_fftMag_mfcc[7];pcm_fftMag_mfcc[8];pcm_fftMag_mfcc[9];pcm_fftMag_mfcc[10];pcm_fftMag_mfcc[11];pcm_fftMag_mfcc[12];pcm_fftMag_mfcc[13]
0;0.000000;-8.323510e-01;-1.146702e+00;6.059637e-01;3.157371e+00;-5.701642e+00;-7.093275e+00;1.221842e+00;1.354893e+00;-1.663316e+00;-8.431969e+00;-1.832403e+00;-2.569014e+00;-8.306584e-01;1.655197e-01
1;0.050000;-8.372984e-01;5.222902e+00;5.408912e-01;4.150701e+00;-3.081799e+00;-6.900831e+00;4.800161e+00;-1.928776e+00;7.674103e-01;-7.934033e+00;-5.749239e+00;-8.285542e-01;5.693302e-01;-6.471481e-01
2;0.100000;-1.618215e+00;4.053629e+00;2.785136e+00;8.919232e+00;7.835579e-01;-4.293062e+00;6.741848e+00;-1.978678e+00;1.648218e+00;-8.168776e+00;-4.494292e+00;1.596537e+00;1.351352e-01;-2.245064e+00
3;0.150000;-2.486170e+00;1.421526e+00;3.127905e+00;1.075510e+01;5.794249e+00;-1.068692e+00;5.043834e+00;-2.132192e-01;1.017520e+00;-5.952203e+00;5.731773e-01;3.000483e+00;-1.538863e-01;-6.157692e+00
4;0.200000;1.369963e+00;-1.542857e+00;-1.752958e+00;-5.926811e+00;-4.157791e-01;3.019333e+00;-3.020150e+00;-2.734854e+00;1.254376e+00;6.084521e+00;3.696749e+00;2.310081e+00;-3.189610e+00;-2.896385e+00
5;0.250000;2.181573e+00;-3.425210e+00;-6.197567e-01;-7.943384e+00;3.394566e-01;3.308298e+00;-5.243774e+00;-1.402974e+00;4.190779e-01;9.115215e+00;2.855612e+00;1.580660e-01;-1.633134e+00;2.777901e+00
6;0.300000;1.336386e+00;-3.335717e+00;-1.387866e+00;-7.262197e+00;6.108198e-01;5.140966e+00;-6.359420e+00;1.795624e+00;-8.111105e-01;9.576035e+00;3.059749e+00;-1.592223e+00;1.904153e+00;4.743416e+00
7;0.350000;8.861117e-01;-1.247575e+00;-3.299316e+00;-5.850007e+00;1.671136e+00;7.887262e+00;-3.184340e+00;5.107979e+00;-2.632178e+00;5.711214e+00;1.890646e+00;-2.075377e+00;3.198673e+00;4.259460e+00
