frameIndex;frameTime;pcm_fftMag_mfcc[0];pcm_fftMag_mfcc[1];pcm_fftMag_mfcc[2];pcm_fftMag_mfcc[3];pcm_fftMag_mfcc[4];pcm_fftMag_mfcc[5];pcm_fftMag_mfcc[6];pcm_fftMag_mfcc[7];pcm_fftMag_mfcc[8];pcm_fftMag_mfcc[9];pcm_fftMag_mfcc[10];pcm_fftMag_mfcc[11];pcm_fftMag_mfcc[12];pcm_fftMag_mfcc[13]
0;0.000000;-3.442836e+00;3.587945e+00;2.083974e-01;-2.863379e-01;-5.215549e+00;3.752131e+00;1.427156e+00;-1.347066e+00;5.382538e-01;2.175400e+00;3.665191e+00;3.010950e-01;1.027974e+00;3.649155e+00
1;0.050000;-6.769991e-01;-1.694292e+00;4.450031e+00;-3.421856e+00;-9.687366e-01;2.351696e+00;3.371530e+00;3.114580e+00;-1.167419e+00;3.859782e+00;-3.858519e-02;3.467351e+00;-2.634511e-01;3.250816e+00
2;0.100000;7.574892e-01;-2.566503e+00;4.548445e+00;-2.535993e+00;2.580471e-01;9.240017e-01;3.063504e+00;3.569743e+00;-3.047033e+00;1.773793e+00;-3.688721e+00;3.078045e+00;-1.041978e+00;4.944229e-01
3;0.150000;1.380779e+00;-2.064171e-01;-1.893626e+00;2.325162e+00;1.162222e+00;-2.551184e+00;-1.202097e+00;-2.176276e+00;-4.940085e-01;-3.611448e+00;-1.799236e+00;-1.932794e+00;-7.389444e-01;-3.277382e+00
4;0.200000;1.981565e+00;8.792639e-01;-7.313245e+00;3.919021e+00;4.764014e+00;-4.476650e+00;-6.660095e+00;-3.160982e+00;4.170208e+00;-4.197527e+00;1.861351e+00;-4.913697e+00;1.016400e+00;-4.117020e+00
