frameIndex;frameTime;pcm_fftMag_mfcc[0];pcm_fftMag_mfcc[1];pcm_fftMag_mfcc[2];pcm_fftMag_mfcc[3];pcm_fftMag_mfcc[4];pcm_fftMag_mfcc[5];pcm_fftMag_mfcc[6];pcm_fftMag_mfcc[7];pcm_fftMag_mfcc[8];pcm_fftMag_mfcc[9];pcm_fftMag_mfcc[10];pcm_fftMag_mfcc[11];pcm_fftMag_mfcc[12];pcm_fftMag_mfcc[13]
0;0.000000;7.316284e+00;3.252526e+00;-9.433475e+00;-1.298218e+01;-6.706056e+00;2.150855e+00;-3.201039e-01;-5.105306e+00;-6.664433e+00;-3.676782e-01;-4.528379e+00;-4.909593e+00;-3.315299e+00;5.294235e+00
1;0.050000;8.589131e+00;3.473878e+00;-1.294723e+01;-1.289854e+01;-6.370692e+00;4.350494e+00;-2.127553e+00;-4.535430e+00;-8.522386e+00;6.126215e-01;-7.367482e+00;-3.815597e+00;-6.641494e+00;5.332672e+00
2;0.100000;7.418154e+00;2.443796e+00;-1.177231e+01;-9.496595e+00;-6.461132e+00;5.608281e+00;-2.978447e+00;-1.305052e+00;-5.995082e+00;-2.360904e+00;-6.315301e+00;-1.603951e+00;-7.375016e+00;3.794983e+00
3;0.150000;5.123227e+00;1.923337e+00;-3.208356e+00;1.606731e-01;-3.976877e+00;5.360075e+00;-2.649418e+00;6.627323e+00;2.881268e+00;-3.876769e+00;7.601376e-01;1.703184e+00;1.795638e+00;2.014801e+00
4;0.200000;1.289318e-01;7.104482e-01;5.876437e+00;3.384611e+00;-4.120828e+00;-4.955900e+00;-5.767374e+00;5.699983e+00;5.319379e+00;-6.022477e+00;-1.175161e+00;6.329126e-01;4.513353e+00;-8.798523e-01
5;0.250000;-5.118258e+00;-1.452727e+00;1.169192e+01;6.516314e+00;2.576199e+00;-7.706064e+00;-1.466072e+00;-8.313646e-01;3.375427e+00;-2.199574e-01;3.985532e+00;3.514054e+00;2.051223e+00;-2.841682e+00
6;0.300000;-1.002096e+01;-4.556552e+00;1.026246e+01;1.047887e+01;1.072297e+01;-2.894013e+00;6.448378e+00;-1.573632e+00;2.990092e+00;4.624298e+00;7.087045e+00;3.322470e+00;3.431236e+00;-4.734726e+00
7;0.350000;-1.343651e+01;-5.794705e+00;9.530554e+00;1.483683e+01;1.433642e+01;-1.913726e+00;8.860589e+00;1.023481e+00;6.615733e+00;7.610864e+00;7.553614e+00;1.156520e+00;5.540354e+00;-7.980438e+00
