frameIndex;frameTime;pcm_fftMag_mfcc[0];pcm_fftMag_mfcc[1];pcm_fftMag_mfcc[2];pcm_fftMag_mfcc[3];pcm_fftMag_mfcc[4];pcm_fftMag_mfcc[5];pcm_fftMag_mfcc[6];pcm_fftMag_mfcc[7];pcm_fftMag_mfcc[8];pcm_fftMag_mfcc[9];pcm_fftMag_mfcc[10];pcm_fftMag_mfcc[11];pcm_fftMag_mfcc[12];pcm_fftMag_mfcc[13]
0;0.000000;5.432673e+00;1.056964e+00;5.175219e-01;1.254936e+01;3.497593e+00;-1.007856e+00;5.629276e+00;6.832730e+00;6.114576e+00;-9.203544e-01;5.968664e+00;3.772836e+00;2.362468e+00;-3.550568e-01
1;0.050000;5.132809e-01;-5.465466e-01;3.925739e+00;1.224501e+00;6.031055e-01;1.475385e+00;4.719343e+00;6.104975e+00;3.155510e+00;3.482112e+00;1.365646e+00;1.242070e+00;2.055025e-02;1.163109e+00
2;0.100000;-3.760005e+00;-3.177847e+00;-8.448086e-01;-6.855724e+00;-4.498527e+00;-2.108905e+00;-1.171055e+00;-1.718081e+00;-1.549229e+00;3.759896e-01;-3.016212e+00;-3.179866e+00;-3.090704e+00;2.214195e+00
3;0.150000;-3.139674e+00;-1.430750e-03;2.223396e-01;-5.739981e+00;-2.746631e+00;-2.024989e-01;-2.440235e+00;-3.849303e+00;-1.932991e+00;9.910731e-01;-2.514714e+00;-1.630158e+00;-1.453414e-01;1.730042e+00
4;0.200000;-1.014715e+00;1.834557e+00;-5.549335e-01;-2.295944e+00;-5.303383e-01;-5.556917e-02;-3.603365e+00;-3.493203e+00;-2.484033e+00;-2.991488e-01;-2.062366e+00;-2.038436e-01;1.452152e+00;-6.295547e-01
5;0.250000;1.968444e+00;8.343036e-01;-3.265857e+00;1.117777e+00;3.674797e+00;1.899444e+00;-3.133964e+00;-3.877118e+00;-3.303830e+00;-3.629672e+00;2.589827e-01;-1.039028e-03;-5.991263e-01;-4.122749e+00
