frameIndex;frameTime;pcm_fftMag_mfcc[0];pcm_fftMag_mfcc[1];pcm_fftMag_mfcc[2];pcm_fftMag_mfcc[3];pcm_fftMag_mfcc[4];pcm_fftMag_mfcc[5];pcm_fftMag_mfcc[6];pcm_fftMag_mfcc[7];pcm_fftMag_mfcc[8];pcm_fftMag_mfcc[9];pcm_fftMag_mfcc[10];pcm_fftMag_mfcc[11];pcm_fftMag_mfcc[12];pcm_fftMag_mfcc[13]
0;0.000000;-3.538799e-01;1.298338e+00;-6.893309e+00;-6.361240e+00;7.443391e+00;4.817156e+00;-4.374108e+00;3.733750e+00;3.575558e+00;-1.708390e+00;1.151242e+00;-4.163633e+00;-3.469622e+00;6.166000e-01
1;0.050000;-6.147390e+00;1.277472e+00;-2.783414e+00;-9.047351e-01;9.361761e+00;2.732513e+00;-2.523887e+00;5.972945e+00;5.112025e+00;2.075620e-01;5.921668e-01;3.879154e-01;3.561262e-01;1.322861e-01
2;0.100000;-4.127079e+00;2.713714e+00;1.286756e+00;5.919175e-01;3.486466e-01;-5.109047e+00;-3.300165e+00;-4.560080e-01;-2.327417e+00;-1.640531e+00;-6.784442e-01;1.641150e+00;1.612292e+00;6.637268e-01
3;0.150000;1.866135e+00;2.247038e-01;3.171702e+00;1.784259e+00;-6.985194e+00;-3.600109e+00;3.581167e+00;-4.102478e+00;-4.806348e+00;1.026484e+00;-7.549222e-01;7.032268e-01;1.092435e+00;6.332550e-01
4;0.200000;8.762216e+00;-5.514231e+00;5.218263e+00;4.889800e+00;-1.016861e+01;1.159485e+00;6.616992e+00;-5.148212e+00;-1.553821e+00;2.114876e+00;-3.100420e-01;1.431342e+00;4.087686e-01;-2.045822e+00
