frameIndex;frameTime;pcm_fftMag_mfcc[0];pcm_fftMag_mfcc[1];pcm_fftMag_mfcc[2];pcm_fftMag_mfcc[3];pcm_fftMag_mfcc[4];pcm_fftMag_mfcc[5];pcm_fftMag_mfcc[6];pcm_fftMag_mfcc[7];pcm_fftMag_mfcc[8];pcm_fftMag_mfcc[9];pcm_fftMag_mfcc[10];pcm_fftMag_mfcc[11];pcm_fftMag_mfcc[12];pcm_fftMag_mfcc[13]
0;0.000000;-3.167447e+00;-4.653110e+00;5.506217e+00;-1.891772e+00;-2.069321e+00;2.445934e+00;-2.826867e-01;-3.938049e+00;-2.264528e+00;-1.483715e+00;5.137231e-01;-7.320189e-01;-1.463556e+00;5.950233e+00
1;0.050000;-1.561177e+00;-6.362916e+00;1.184744e+00;5.501523e-01;3.553010e+00;3.940487e-02;1.102595e+00;-2.599857e+00;-1.455070e+00;-1.546430e+00;6.385034e-01;6.052368e-01;-1.962361e+00;4.907745e+00
2;0.100000;-4.609394e-02;-6.772480e+00;-2.762644e+00;1.390144e+00;6.160509e+00;-4.133425e-01;2.362118e+00;-2.656312e+00;6.838722e-01;-2.380106e+00;1.377795e-01;3.097391e-02;7.837670e-01;1.855270e+00
3;0.150000;1.609179e+00;-2.880583e+00;-5.236635e+00;2.233999e+00;3.574893e+00;3.356571e-01;-1.091337e-01;-5.351062e-01;6.805227e-01;-1.791332e+00;-1.312284e+00;-1.261694e+00;3.827978e+00;-2.191238e+00
4;0.200000;1.817703e+00;8.689147e+00;-2.280700e+00;7.944803e-01;-3.540699e+00;-1.346962e+00;-2.884591e+00;4.202705e+00;6.324339e-01;2.886084e+00;-2.148369e+00;5.530427e-01;1.307108e+00;-5.111198e+00
5;0.250000;1.347833e+00;1.197995e+01;3.589016e+00;-3.077006e+00;-7.678393e+00;-1.060689e+00;-1.883039e-01;5.526615e+00;1.722769e+00;4.315496e+00;2.170647e+00;8.044631e-01;-2.492936e+00;-5.410835e+00
