frameIndex;frameTime;pcm_fftMag_mfcc[0];pcm_fftMag_mfcc[1];pcm_fftMag_mfcc[2];pcm_fftMag_mfcc[3];pcm_fftMag_mfcc[4];pcm_fftMag_mfcc[5];pcm_fftMag_mfcc[6];pcm_fftMag_mfcc[7];pcm_fftMag_mfcc[8];pcm_fftMag_mfcc[9];pcm_fftMag_mfcc[10];pcm_fftMag_mfcc[11];pcm_fftMag_mfcc[12];pcm_fftMag_mfcc[13]
0;0.000000;-6.083965e-01;-1.829872e-01;-3.005662e+00;-5.204830e-01;-3.828564e+00;-6.039360e+00;-4.711516e+00;2.966568e+00;8.598598e+00;3.605130e+00;4.981231e+00;4.871184e+00;4.896258e+00;2.392258e+00
1;0.050000;-9.298363e-01;-1.424090e+00;-4.961855e-01;-1.130504e+00;-2.150780e+00;-2.509241e+00;-1.931356e+00;-3.768337e-01;7.025375e-01;2.905240e-01;1.600087e+00;1.235864e+00;1.496019e+00;2.213593e+00
2;0.100000;-2.342567e-01;-2.858858e-01;7.095556e-01;1.368666e-01;5.955200e-01;2.482754e+00;1.803483e+00;-2.061966e+00;-4.300131e+00;-2.848819e+00;-2.943650e+00;-2.807750e+00;-2.427649e+00;1.620941e-01
3;0.150000;1.772493e+00;1.892964e+00;2.792292e+00;1.514118e+00;5.383816e+00;6.065846e+00;4.839390e+00;-5.277680e-01;-5.001004e+00;-1.046835e+00;-3.637668e+00;-3.299299e+00;-3.964627e+00;-4.767929e+00
