frameIndex;frameTime;pcm_fftMag_mfcc[0];pcm_fftMag_mfcc[1];pcm_fftMag_mfcc[2];pcm_fftMag_mfcc[3];pcm_fftMag_mfcc[4];pcm_fftMag_mfcc[5];pcm_fftMag_mfcc[6];pcm_fftMag_mfcc[7];pcm_fftMag_mfcc[8];pcm_fftMag_mfcc[9];pcm_fftMag_mfcc[10];pcm_fftMag_mfcc[11];pcm_fftMag_mfcc[12];pcm_fftMag_mfcc[13]
0;0.000000;-1.968105e+00;4.598969e+00;3.182919e+00;-1.930690e+00;6.694460e+00;2.659223e+00;4.678207e+00;2.035651e+00;1.439645e+01;1.596377e+00;2.504318e+00;3.328421e+00;-3.110154e+00;1.629509e+00
1;0.050000;-1.399634e+00;-5.902195e-02;-4.232158e+00;1.941983e+00;3.024358e+00;3.664883e+00;5.530070e+00;4.787958e+00;8.719951e+00;3.722932e+00;-3.237189e+00;1.068040e+00;1.674782e-01;3.850159e+00
2;0.100000;-2.426111e+00;-1.990202e+00;-5.517323e+00;3.083555e+00;-6.669888e-01;1.645923e+00;4.392334e+00;3.084413e+00;4.921768e+00;-2.299908e-01;-5.673141e+00;5.683374e-02;-6.660049e-01;4.702919e+00
3;0.150000;-2.086607e+00;-5.538411e-01;-3.527129e+00;5.486403e+00;-3.511056e+00;-9.300314e-01;3.185896e+00;3.177571e-01;1.414839e+00;-2.971126e+00;-4.036334e+00;2.118489e+00;-5.014153e-01;2.792641e+00
4;0.200000;-2.048850e-03;1.044485e+00;-1.402457e+00;4.622933e+00;-4.241935e+00;-2.736770e+00;4.446125e-01;-2.899941e+00;-2.606459e+00;-1.693032e+00;1.359963e+00;4.319522e+00;3.139333e-02;-8.030853e-01
5;0.250000;2.841807e+00;1.081987e+00;1.178902e+00;-4.509157e+00;-1.876032e+00;-1.735757e+00;-4.559185e+00;-2.323364e+00;-8.068756e+00;-1.327250e+00;4.891298e+00;-2.576338e+00;1.089245e+00;-3.917038e+00
6;0.300000;3.012805e+00;-8.101840e-01;3.450685e+00;-6.223977e+00;-4.378762e-01;-4.437377e-01;-8.137615e+00;-2.315731e+00;-1.004243e+01;-1.500474e-01;2.804669e+00;-6.007111e+00;2.334965e+00;-4.310272e+00
7;0.350000;2.027894e+00;-3.312191e+00;6.866565e+00;-2.471049e+00;1.015069e+00;-2.123733e+00;-5.534319e+00;-2.686744e+00;-8.735365e+00;1.052137e+00;1.386418e+00;-2.307857e+00;6.544932e-01;-3.944786e+00
