frameIndex;frameTime;pcm_fftMag_mfcc[0];pcm_fftMag_mfcc[1];pcm_fftMag_mfcc[2];pcm_fftMag_mfcc[3];pcm_fftMag_mfcc[4];pcm_fftMag_mfcc[5];pcm_fftMag_mfcc[6];pcm_fftMag_mfcc[7];pcm_fftMag_mfcc[8];pcm_fftMag_mfcc[9];pcm_fftMag_mfcc[10];pcm_fftMag_mfcc[11];pcm_fftMag_mfcc[12];pcm_fftMag_mfcc[13]
0;0.000000;-1.511033e+00;-3.500572e+00;-4.389189e+00;-3.740217e+00;2.127575e+00;4.302903e+00;5.581916e+00;1.815452e-02;-9.557011e-01;-1.956838e+00;-8.448544e-01;-3.334607e+00;-4.249366e+00;3.151222e+00
1;0.050000;4.780998e-01;8.580413e-01;-4.377470e-01;-5.757141e-01;-1.018143e-02;-5.947227e-01;1.040195e+00;-4.936476e-01;-6.664231e-01;2.759509e-01;5.609097e-01;-1.744101e+00;-4.874474e-02;-8.741684e-01
2;0.100000;1.032933e+00;2.642531e+00;4.826938e+00;4.315927e+00;-2.117395e+00;-3.708179e+00;-6.622109e+00;4.754930e-01;1.622124e+00;1.680887e+00;2.839446e-01;5.078709e+00;4.298110e+00;-2.277054e+00
