frameIndex;frameTime;pcm_fftMag_mfcc[0];pcm_fftMag_mfcc[1];pcm_fftMag_mfcc[2];pcm_fftMag_mfcc[3];pcm_fftMag_mfcc[4];pcm_fftMag_mfcc[5];pcm_fftMag_mfcc[6];pcm_fftMag_mfcc[7];pcm_fftMag_mfcc[8];pcm_fftMag_mfcc[9];pcm_fftMag_mfcc[10];pcm_fftMag_mfcc[11];pcm_fftMag_mfcc[12];pcm_fftMag_mfcc[13]
0;0.000000;-5.540668e+00;9.964575e+00;-1.051067e+01;7.117195e+00;1.794439e+01;7.976354e+00;1.595538e+00;-2.368911e+00;4.092812e+00;-3.117046e+00;5.896057e+00;-3.611295e+00;-4.613786e+00;-4.179276e+00
1;0.050000;-7.746696e+00;9.220860e+00;-9.233296e+00;1.010205e+01;1.396375e+01;7.853107e+00;1.019082e+00;1.591937e+00;3.829272e+00;-5.122108e+00;8.238499e+00;2.953057e-01;-3.254098e+00;-4.955162e+00
2;0.100000;-4.706573e+00;4.938650e+00;-1.221828e+00;5.792634e+00;-5.592100e+00;5.530548e-02;1.273574e+00;-2.807397e+00;1.948329e+00;4.022229e-01;5.927654e+00;1.583754e+00;1.286756e+00;1.513519e-01
3;0.150000;-1.673913e+00;1.617689e-01;1.689238e+00;4.082897e-01;-1.256549e+01;-4.194525e+00;1.736534e+00;-5.323050e+00;-1.231231e+00;-7.855672e-02;1.558223e-01;6.916828e-01;2.482119e+00;4.486450e+00
4;0.200000;9.895401e-01;-3.624307e+00;4.124168e+00;-3.547028e+00;-1.309010e+01;-5.136791e+00;1.431800e+00;-5.565447e+00;-2.647812e+00;1.206801e+00;-2.535401e+00;9.283590e-01;2.788316e+00;4.952766e+00
5;0.250000;4.549890e+00;-7.127157e+00;5.852475e+00;-6.643235e+00;-1.011926e+01;-4.477739e+00;1.128278e+00;-9.567642e-02;-1.862499e+00;4.500544e+00;-6.491576e+00;2.262961e+00;1.942352e+00;2.436691e+00
6;0.300000;7.401988e+00;-7.707981e+00;4.021641e+00;-5.877072e+00;-2.666119e+00;-3.050064e+00;-1.692015e+00;5.120207e+00;-2.908157e+00;3.830556e+00;-7.928604e+00;7.556372e-01;4.092487e-01;-4.029694e-01
7;0.350000;6.726429e+00;-5.826415e+00;5.278271e+00;-7.352832e+00;1.212492e+01;9.743586e-01;-6.492790e+00;9.448338e+00;-1.220717e+00;-1.622413e+00;-3.262451e+00;-2.906406e+00;-1.040907e+00;-2.489868e+00
