frameIndex;frameTime;pcm_fftMag_mfcc[0];pcm_fftMag_mfcc[1];pcm_fftMag_mfcc[2];pcm_fftMag_mfcc[3];pcm_fftMag_mfcc[4];pcm_fftMag_mfcc[5];pcm_fftMag_mfcc[6];pcm_fftMag_mfcc[7];pcm_fftMag_mfcc[8];pcm_fftMag_mfcc[9];pcm_fftMag_mfcc[10];pcm_fftMag_mfcc[11];pcm_fftMag_mfcc[12];pcm_fftMag_mfcc[13]
0;0.000000;-1.542570e+00;1.349303e+00;-4.379367e+00;-4.160600e+00;4.503958e+00;3.825723e+00;6.655962e+00;7.321260e-01;3.093920e+00;4.961733e+00;-8.807154e-01;-3.375676e+00;-1.876151e+00;4.069420e+00
1;0.050000;-3.516867e+00;-1.924002e+00;-8.967850e+00;-5.198556e+00;8.837745e-01;8.340104e-01;7.282652e+00;1.558227e+00;-8.138170e-01;4.782266e+00;-4.996000e+00;-4.331131e+00;-1.540309e+00;5.135124e+00
2;0.100000;-3.749491e+00;-2.734464e+00;-7.510732e+00;-4.386101e+00;-2.558569e+00;-3.517129e+00;4.607976e+00;6.659482e-01;-3.068768e+00;2.153908e+00;-8.078291e+00;-2.328347e+00;-1.937054e+00;4.476746e+00
3;0.150000;-1.206091e+00;-1.356944e+00;-1.919324e+00;1.192086e+00;-3.033471e+00;-4.507763e+00;2.841698e+00;-8.169100e-01;1.189507e+00;2.870653e+00;-4.875670e+00;2.591909e+00;-1.867542e+00;1.963982e+00
4;0.200000;2.578567e+00;8.161283e-02;2.798697e+00;5.186609e+00;-7.872081e-01;1.955981e+00;-2.039093e+00;-3.520386e+00;2.190664e+00;5.336304e-01;3.432442e+00;3.794339e+00;4.537342e-01;-1.862778e+00
5;0.250000;3.806727e+00;2.402977e+00;5.121119e+00;2.088559e+00;2.044649e+00;5.986871e+00;-5.786582e+00;-2.137251e+00;-1.815289e+00;-2.672446e+00;8.522697e+00;1.595189e+00;3.293809e+00;-4.496452e+00
6;0.300000;2.131534e+00;1.711539e+00;6.678409e+00;2.049226e+00;1.596975e-01;6.253605e-01;-5.822028e+00;7.742727e-01;-1.315336e+00;-5.542342e+00;5.750121e+00;1.474510e+00;1.202137e+00;-4.393333e+00
7;0.350000;1.498192e+00;4.699783e-01;8.179049e+00;3.228776e+00;-1.212829e+00;-5.203056e+00;-7.740583e+00;2.743970e+00;5.391159e-01;-7.087399e+00;1.125421e+00;5.792127e-01;2.271375e+00;-4.892746e+00
