frameIndex;frameTime;pcm_fftMag_mfcc[0];pcm_fftMag_mfcc[1];pcm_fftMag_mfcc[2];pcm_fftMag_mfcc[3];pcm_fftMag_mfcc[4];pcm_fftMag_mfcc[5];pcm_fftMag_mfcc[6];pcm_fftMag_mfcc[7];pcm_fftMag_mfcc[8];pcm_fftMag_mfcc[9];pcm_fftMag_mfcc[10];pcm_fftMag_mfcc[11];pcm_fftMag_mfcc[12];pcm_fftMag_mfcc[13]
0;0.000000;-3.895195e+00;1.600193e+00;-3.710394e+00;-2.257216e+00;4.989402e+00;6.787451e+00;4.094718e+00;-1.041470e+00;-1.748368e+00;-2.779851e-01;4.801508e-01;-1.310029e+00;-5.473824e-01;-1.218620e+00
1;0.050000;-6.315689e-01;1.470692e+00;1.765176e+00;1.981788e-01;-2.647714e+00;-2.747659e+00;-1.823149e-01;-2.736807e-01;7.037163e-03;-7.808304e-02;-8.525757e-01;-4.575992e-01;5.954671e-01;6.519547e-01
2;0.100000;4.526765e+00;-3.070887e+00;1.945217e+00;2.059038e+00;-2.341687e+00;-4.039794e+00;-3.912403e+00;1.315150e+00;1.741331e+00;3.560681e-01;3.724246e-01;1.767627e+00;-4.808474e-02;5.666580e-01
