frameIndex;frameTime;pcm_fftMag_mfcc[0];pcm_fftMag_mfcc[1];pcm_fftMag_mfcc[2];pcm_fftMag_mfcc[3];pcm_fftMag_mfcc[4];pcm_fftMag_mfcc[5];pcm_fftMag_mfcc[6];pcm_fftMag_mfcc[7];pcm_fftMag_mfcc[8];pcm_fftMag_mfcc[9];pcm_fftMag_mfcc[10];pcm_fftMag_mfcc[11];pcm_fftMag_mfcc[12];pcm_fftMag_mfcc[13]
0;0.000000;3.698974e-01;7.006739e-01;3.297832e+00;-2.760572e-01;7.694159e-01;2.075191e+00;1.527191e+00;3.149026e-01;-1.677132e-02;2.836735e+00;1.087107e+00;5.637667e-01;5.266047e-01;4.257812e-01
1;0.050000;-4.353213e-01;-8.680820e-04;1.336787e+00;-1.231302e+00;-7.071753e-01;-6.108017e-01;7.134640e-01;9.652406e-02;-1.812744e+00;1.340824e+00;-1.470661e-01;1.197298e+00;-7.650523e-01;3.349075e-01
2;0.100000;6.542397e-02;-6.998059e-01;-4.634618e+00;1.507360e+00;-6.223965e-02;-1.464390e+00;-2.240655e+00;-4.114267e-01;1.829515e+00;-4.177557e+00;-9.400411e-01;-1.761065e+00;2.384481e-01;-7.606964e-01
