frameIndex;frameTime;pcm_fftMag_mfcc[0];pcm_fftMag_mfcc[1];pcm_fftMag_mfcc[2];pcm_fftMag_mfcc[3];pcm_fftMag_mfcc[4];pcm_fftMag_mfcc[5];pcm_fftMag_mfcc[6];pcm_fftMag_mfcc[7];pcm_fftMag_mfcc[8];pcm_fftMag_mfcc[9];pcm_fftMag_mfcc[10];pcm_fftMag_mfcc[11];pcm_fftMag_mfcc[12];pcm_fftMag_mfcc[13]
0;0.000000;-2.601079e+00;-4.943103e+00;9.034443e+00;5.290521e+00;-2.141212e+00;-1.705823e+01;-1.717065e+00;1.380562e+01;7.292672e+00;-8.089758e+00;3.346924e+00;1.015797e+01;9.878674e+00;3.374329e-01
1;0.050000;2.874915e+00;-2.751940e+00;1.381770e+00;2.083693e-01;-5.291521e+00;-1.272056e+01;-7.955043e+00;1.291095e+01;-1.057419e+01;4.106231e+00;-1.195758e+01;6.649103e+00;1.009015e+01;-3.084351e+00
2;0.100000;-1.523270e+00;-1.146150e+00;2.122216e-01;1.288564e+00;-4.342304e+00;-1.421992e+01;-3.139508e+00;1.904435e+00;-5.955217e+00;-7.929010e-01;-1.364065e+01;1.487703e+00;5.340071e+00;-2.164001e-01
3;0.150000;-4.609938e+00;1.848830e+00;8.398995e-01;5.881581e+00;1.342512e+00;-5.113397e+00;1.332245e+00;-3.759497e+00;2.220127e+00;-5.701198e+00;-9.631571e+00;1.749168e-01;1.177613e+00;7.462311e-01
4;0.200000;-2.827492e+00;3.924500e+00;-4.034459e+00;3.514117e+00;6.636043e+00;7.967202e+00;3.100466e+00;-1.138611e+01;7.369082e+00;-2.113218e+00;2.301754e+00;-2.292148e-01;-8.156941e+00;5.868301e-01
5;0.250000;2.299433e+00;4.000996e+00;-5.803981e+00;-6.748354e+00;3.242933e+00;1.825017e+01;6.662089e+00;-1.169636e+01;4.237188e+00;3.940070e+00;1.465365e+01;-6.937464e+00;-1.182374e+01;9.294739e-01
6;0.300000;6.387432e+00;-9.331329e-01;-1.629896e+00;-9.434797e+00;5.535450e-01;2.289473e+01;1.716814e+00;-1.779046e+00;-4.589657e+00;8.650773e+00;1.492748e+01;-1.130301e+01;-6.505825e+00;7.008286e-01
