frameIndex;frameTime;pcm_fftMag_mfcc[0];pcm_fftMag_mfcc[1];pcm_fftMag_mfcc[2];pcm_fftMag_mfcc[3];pcm_fftMag_mfcc[4];pcm_fftMag_mfcc[5];pcm_fftMag_mfcc[6];pcm_fftMag_mfcc[7];pcm_fftMag_mfcc[8];pcm_fftMag_mfcc[9];pcm_fftMag_mfcc[10];pcm_fftMag_mfcc[11];pcm_fftMag_mfcc[12];pcm_fftMag_mfcc[13]
0;0.000000;2.276604e+00;-2.897004e+00;-1.929235e+01;-2.826942e+00;1.191246e+01;-5.554760e+00;1.458118e+01;1.457169e+00;3.067336e+00;-3.365907e+00;-2.532074e+00;-8.641044e+00;1.062024e+00;2.327011e+00
1;0.050000;2.411325e+00;-3.355880e+00;-1.262339e+01;-2.228268e+00;4.003212e+00;-1.246534e+00;8.466614e+00;-2.103296e+00;5.621222e+00;-5.729126e+00;-4.313361e+00;-4.285408e+00;-1.630985e+00;2.347786e+00
2;0.100000;-9.942055e-03;-1.245377e+00;-2.441147e+00;6.730415e-01;-8.093105e+00;2.769575e+00;-1.898506e+00;-1.554016e+00;4.469577e+00;-5.640746e+00;-2.605071e-01;-1.328378e+00;-3.661296e+00;7.198334e-01
3;0.150000;-2.121127e+00;2.361859e+00;3.204585e+00;1.822223e+00;-8.586906e+00;2.915803e+00;-5.683205e+00;-1.629431e+00;4.847674e-01;-1.365855e+00;3.525277e+00;-2.640371e-01;-2.546893e+00;-7.060928e-01
4;0.200000;-3.066421e+00;3.272466e+00;3.729807e+00;-1.716154e+00;1.600063e+00;-2.408812e+00;-7.583378e+00;3.029109e+00;-5.770356e+00;7.920189e-01;-1.204635e+00;5.223064e-01;1.255223e+00;-1.629562e+00
5;0.250000;-1.891676e+00;1.634363e+00;4.225706e+00;-4.712133e+00;8.412168e+00;-4.502739e+00;-9.637959e+00;5.000522e+00;-5.398119e+00;3.276281e+00;-2.040409e+00;3.109548e+00;1.403783e+00;-1.111748e+00
6;0.300000;7.785535e-01;3.710748e-01;5.240763e+00;-1.500125e+00;3.950034e+00;-2.146223e+00;-5.034124e+00;9.445686e-01;-6.167500e+00;7.763558e+00;-2.629275e-01;2.147542e+00;2.351676e+00;6.217957e-02
7;0.350000;1.607187e+00;-6.946494e-01;8.009041e+00;4.717798e+00;-5.266464e+00;3.343978e+00;1.561315e+00;-3.569302e+00;-1.190419e-01;3.895868e+00;2.231540e+00;4.421564e+00;8.263694e-01;-3.796387e-02
8;0.400000;1.549816e-02;5.531490e-01;9.946985e+00;5.770559e+00;-7.931450e+00;6.829720e+00;5.228063e+00;-1.575314e+00;3.812114e+00;3.739042e-01;4.857092e+00;4.317902e+00;9.400984e-01;-1.971428e+00
