frameIndex;frameTime;pcm_fftMag_mfcc[0];pcm_fftMag_mfcc[1];pcm_fftMag_mfcc[2];pcm_fftMag_mfcc[3];pcm_fftMag_mfcc[4];pcm_fftMag_mfcc[5];pcm_fftMag_mfcc[6];pcm_fftMag_mfcc[7];pcm_fftMag_mfcc[8];pcm_fftMag_mfcc[9];pcm_fftMag_mfcc[10];pcm_fftMag_mfcc[11];pcm_fftMag_mfcc[12];pcm_fftMag_mfcc[13]
0;0.000000;1.324797e+00;-1.141343e+01;-3.134528e+00;7.932676e+00;7.953554e+00;7.975692e+00;-6.780487e+00;8.158077e+00;-3.366078e+00;-6.932864e+00;6.354271e+00;-3.704513e+00;9.636592e-01;7.846161e+00
1;0.050000;1.306593e+00;-8.917530e+00;-4.680799e+00;7.770455e+00;6.456204e+00;9.775732e+00;-1.742359e+00;6.453077e+00;-3.091549e+00;-7.687896e+00;7.302066e+00;-2.035831e+00;-1.815374e-01;5.118576e+00
2;0.100000;6.508656e-01;-5.299516e+00;-3.062758e+00;4.337373e+00;9.302084e-01;6.807750e+00;4.401614e+00;3.162370e+00;-6.113639e+00;-4.482520e+00;5.487139e+00;2.436585e-01;-1.071988e+00;2.249741e+00
3;0.150000;-1.643447e+00;-1.044147e-01;1.656674e+00;1.357727e-01;-1.563021e+00;-2.122638e+00;5.985400e+00;-1.518764e+00;-7.258769e+00;-1.379454e-01;2.371876e+00;2.632844e+00;-5.668403e-01;-8.850098e-01
4;0.200000;-1.515575e+00;6.621367e+00;4.509530e+00;-5.121978e+00;-5.011926e+00;-9.874533e+00;2.261944e-01;-5.516712e+00;2.524507e+00;9.376147e+00;-3.334045e+00;5.101013e-02;2.555093e-01;-3.247581e+00
5;0.250000;2.382126e-01;9.401414e+00;1.737332e+00;-8.790874e+00;-5.407881e+00;-7.979601e+00;-5.664158e-02;-6.578062e+00;7.927365e+00;8.453510e+00;-1.088226e+01;1.240168e+00;2.614000e+00;-4.705811e+00
6;0.300000;-3.614511e-01;9.712112e+00;2.974549e+00;-6.263425e+00;-3.357137e+00;-4.582407e+00;-2.033721e+00;-4.159983e+00;9.378162e+00;1.411567e+00;-7.299048e+00;1.572660e+00;-2.012803e+00;-6.376122e+00
