frameIndex;frameTime;pcm_fftMag_mfcc[0];pcm_fftMag_mfcc[1];pcm_fftMag_mfcc[2];pcm_fftMag_mfcc[3];pcm_fftMag_mfcc[4];pcm_fftMag_mfcc[5];pcm_fftMag_mfcc[6];pcm_fftMag_mfcc[7];pcm_fftMag_mfcc[8];pcm_fftMag_mfcc[9];pcm_fftMag_mfcc[10];pcm_fftMag_mfcc[11];pcm_fftMag_mfcc[12];pcm_fftMag_mfcc[13]
0;0.000000;-3.280774e+00;7.376792e+00;-1.268733e+01;7.398198e+00;1.453964e+00;1.559156e+00;-4.891443e-01;-1.584967e+00;3.795104e+00;1.588810e+00;2.185369e+00;2.270848e+00;-3.853855e-01;1.660835e+00
1;0.050000;-1.945128e+00;2.094989e+00;-8.363651e+00;3.368198e+00;-9.997940e-02;-2.559891e-01;-3.731936e+00;7.695889e-01;1.858578e+00;1.114656e+00;6.232686e-01;1.576529e+00;1.506185e+00;2.836937e+00
2;0.100000;1.217337e-01;-1.243534e+00;-4.075759e+00;7.326126e-03;3.531055e-01;-1.448521e+00;-4.287033e+00;-1.652560e-01;1.588083e+00;7.844272e-01;-1.561876e+00;5.827551e-01;1.989520e+00;1.071861e+00
3;0.150000;1.417776e+00;-1.825676e-01;-2.879730e+00;2.447461e+00;3.072388e+00;1.187878e-01;-1.151227e+00;-4.768313e+00;4.485109e+00;-4.102325e-02;-2.740930e+00;-7.464637e-01;3.179326e-01;-2.318001e+00
4;0.200000;1.657930e+00;-1.033372e+00;8.727093e-01;2.056386e+00;3.400089e+00;-1.874466e-01;2.253962e+00;-2.267569e+00;1.983504e+00;-1.589196e+00;-1.370955e+00;-4.249310e+00;-1.920164e+00;-3.242691e+00
5;0.250000;7.583661e-01;-3.229422e+00;6.821032e+00;-4.060493e+00;-1.532951e+00;4.939384e-01;2.849007e+00;2.047451e+00;-3.314011e+00;-6.946664e-01;2.123947e-01;-3.123782e+00;-2.158572e+00;-4.530029e-01
6;0.300000;5.905356e-01;-2.655580e+00;9.553570e+00;-6.231729e+00;-3.710678e+00;5.010319e-01;2.606413e+00;3.148525e+00;-5.816586e+00;1.869116e-01;1.223415e+00;7.036448e-01;-7.462540e-01;8.369980e-01
7;0.350000;6.795645e-01;-1.127308e+00;1.075917e+01;-4.985347e+00;-2.935938e+00;-7.809601e-01;1.949950e+00;2.820541e+00;-4.579779e+00;-1.349916e+00;1.429314e+00;2.985779e+00;1.396737e+00;-3.929901e-01
