frameIndex;frameTime;pcm_fftMag_mfcc[0];pcm_fftMag_mfcc[1];pcm_fftMag_mfcc[2];pcm_fftMag_mfcc[3];pcm_fftMag_mfcc[4];pcm_fftMag_mfcc[5];pcm_fftMag_mfcc[6];pcm_fftMag_mfcc[7];pcm_fftMag_mfcc[8];pcm_fftMag_mfcc[9];pcm_fftMag_mfcc[10];pcm_fftMag_mfcc[11];pcm_fftMag_mfcc[12];pcm_fftMag_mfcc[13]
0;0.000000;3.036746e+00;-2.969234e+00;-1.819771e+01;-5.840635e-01;4.710645e+00;9.903233e-01;1.822194e+00;-4.461137e+00;-1.139841e+00;1.635131e+01;-1.232179e+01;-6.533163e+00;-4.211165e+00;3.599892e+00
1;0.050000;3.603226e+00;-1.541579e+00;-1.963114e+01;-1.456021e+00;8.495541e+00;4.145268e+00;2.818364e+00;-1.221266e-01;2.424212e+00;1.518161e+01;-1.119700e+01;-5.711388e+00;-5.024486e+00;1.502380e-01
2;0.100000;1.963308e+00;-9.979057e-02;-8.575791e+00;-1.547494e+00;4.704322e+00;1.066299e+01;-1.592450e-01;-1.595032e+00;7.229506e+00;2.340563e+00;-8.038428e-01;-3.598646e+00;-4.317485e+00;-3.557961e+00
3;0.150000;-2.069791e+00;4.279607e+00;1.258261e+01;1.725709e+00;-3.079505e-01;4.313462e+00;5.342746e-01;-4.288393e+00;-1.355490e+00;-2.531555e+00;7.850485e+00;7.855229e-01;-1.335673e-01;-2.895203e+00
4;0.200000;-2.483477e+00;2.467381e+00;1.491394e+01;1.485443e-01;-1.866438e+00;-1.187270e+00;1.699415e+00;-6.164236e-01;-2.457205e+00;-4.534980e+00;5.254070e+00;3.726683e+00;2.613206e+00;-4.884720e-01
5;0.250000;-1.698629e+00;-1.178948e+00;9.110986e+00;-1.362152e+00;-4.952693e+00;-6.414477e+00;-1.225288e+00;1.333674e+00;-2.936426e+00;-6.030007e+00;2.815038e+00;3.622396e+00;3.748085e+00;1.549156e+00
6;0.300000;-1.338536e+00;-7.936697e-01;5.570598e+00;4.821033e-01;-6.221704e+00;-6.666204e+00;-3.698031e+00;2.939769e+00;-2.367352e+00;-8.770329e+00;3.782435e+00;3.083429e+00;3.516293e+00;1.888214e+00
7;0.350000;-1.012847e+00;-1.637640e-01;4.226503e+00;2.593368e+00;-4.561725e+00;-5.844092e+00;-1.791685e+00;6.809673e+00;6.025925e-01;-1.200661e+01;4.620608e+00;4.625165e+00;3.809119e+00;-2.458801e-01
