frameIndex;frameTime;pcm_fftMag_mfcc[0];pcm_fftMag_mfcc[1];pcm_fftMag_mfcc[2];pcm_fftMag_mfcc[3];pcm_fftMag_mfcc[4];pcm_fftMag_mfcc[5];pcm_fftMag_mfcc[6];pcm_fftMag_mfcc[7];pcm_fftMag_mfcc[8];pcm_fftMag_mfcc[9];pcm_fftMag_mfcc[10];pcm_fftMag_mfcc[11];pcm_fftMag_mfcc[12];pcm_fftMag_mfcc[13]
0;0.000000;7.758512e-01;8.244262e+00;-1.611808e+01;4.833427e+00;1.080640e+01;1.068388e+01;-4.091053e+00;-5.290621e+00;1.088676e-01;-1.430414e+01;8.446527e+00;-5.541989e+00;3.272653e-01;-3.890915e+00
1;0.050000;-3.063399e+00;5.767278e+00;-6.573747e+00;6.209975e+00;-1.588846e+00;6.252864e+00;1.938264e+00;-4.401818e+00;6.754408e-01;-5.381122e+00;8.929016e+00;-1.271129e+00;2.685814e+00;-3.661751e+00
2;0.100000;-3.059043e+00;1.854588e+00;2.098740e+00;3.815107e-01;-9.991228e+00;-3.538084e+00;1.255579e+00;-2.621289e+00;2.922497e-01;3.811169e-01;4.223192e+00;8.823924e-01;5.006573e+00;9.080124e-01
3;0.150000;-2.483970e+00;-2.033407e+00;4.713544e+00;-4.471244e+00;-9.487177e+00;-6.068111e+00;6.982501e-01;-2.441179e+00;-8.419781e-01;3.611732e+00;-7.570362e-01;9.597982e-01;1.470610e+00;3.478661e+00
4;0.200000;-1.725566e+00;-4.497536e+00;5.392296e+00;-4.746779e+00;-4.906483e+00;-5.384281e+00;2.899952e+00;1.912226e+00;-5.123987e-01;5.715519e+00;-4.950852e+00;2.203530e+00;-2.635118e+00;4.019913e+00
5;0.250000;-1.849184e-01;-4.159636e+00;4.762478e+00;-1.164760e+00;1.069252e+00;-3.361290e+00;3.622061e+00;5.152807e+00;-1.030751e+00;3.004730e+00;-8.400327e+00;2.393832e+00;-2.824856e+00;2.978195e+00
6;0.300000;3.153682e+00;-2.977782e+00;3.325851e+00;2.661743e-01;5.127517e+00;-1.463261e+00;-1.900640e-01;6.237510e+00;-2.769518e-01;2.630729e+00;-7.491067e+00;1.403021e+00;-3.268018e+00;-2.837601e-01
7;0.350000;6.587364e+00;-2.197766e+00;2.398922e+00;-1.308311e+00;8.970556e+00;2.878286e+00;-6.132991e+00;1.452366e+00;1.585517e+00;4.341435e+00;5.550385e-04;-1.029456e+00;-7.622695e-01;-3.548409e+00
