frameIndex;frameTime;pcm_fftMag_mfcc[0];pcm_fftMag_mfcc[1];pcm_fftMag_mfcc[2];pcm_fftMag_mfcc[3];pcm_fftMag_mfcc[4];pcm_fftMag_mfcc[5];pcm_fftMag_mfcc[6];pcm_fftMag_mfcc[7];pcm_fftMag_mfcc[8];pcm_fftMag_mfcc[9];pcm_fftMag_mfcc[10];pcm_fftMag_mfcc[11];pcm_fftMag_mfcc[12];pcm_fftMag_mfcc[13]
0;0.000000;-8.436637e-01;-5.938702e+00;3.922618e+00;-3.370133e+00;-1.454545e+00;-2.549688e+00;1.145489e+00;2.975719e+00;-2.659727e+00;-4.172018e+00;-1.891289e-01;-3.531927e+00;-2.386309e-01;5.268105e+00
1;0.050000;-1.796765e+00;-2.974572e+00;6.316620e+00;-2.443312e+00;-5.314028e+00;-3.333897e+00;2.813420e+00;4.658904e+00;-2.091066e+00;-3.180741e+00;6.646857e-01;-2.865103e+00;-1.933732e+00;3.414673e+00
2;0.100000;9.141922e-03;-7.428223e-01;1.162377e+00;9.312201e-01;-2.283716e+00;-2.073315e+00;-7.340145e-01;-1.261816e-01;-1.453445e+00;2.675838e-01;1.691024e+00;9.697104e-02;-1.952176e+00;1.319160e+00
3;0.150000;1.616564e+00;3.504072e+00;-4.766521e+00;2.418681e+00;2.927737e+00;1.285645e+00;-2.950584e+00;-4.083948e+00;3.861008e-01;3.968596e+00;-4.376450e-01;1.699156e+00;9.459871e-01;-2.651665e+00
4;0.200000;1.014726e+00;6.152024e+00;-6.635094e+00;2.463542e+00;6.124553e+00;6.671257e+00;-2.743053e-01;-3.424490e+00;5.818133e+00;3.116579e+00;-1.728935e+00;4.600904e+00;3.178552e+00;-7.350304e+00
