frameIndex;frameTime;pcm_fftMag_mfcc[0];pcm_fftMag_mfcc[1];pcm_fftMag_mfcc[2];pcm_fftMag_mfcc[3];pcm_fftMag_mfcc[4];pcm_fftMag_mfcc[5];pcm_fftMag_mfcc[6];pcm_fftMag_mfcc[7];pcm_fftMag_mfcc[8];pcm_fftMag_mfcc[9];pcm_fftMag_mfcc[10];pcm_fftMag_mfcc[11];pcm_fftMag_mfcc[12];pcm_fftMag_mfcc[13]
0;0.000000;5.886030e+00;-6.536425e+00;2.146693e+00;-6.957929e+00;-1.463762e+00;3.989194e+00;-4.809146e+00;-3.110641e+00;-7.289780e+00;-3.911211e-01;-6.990297e+00;-2.695127e+00;2.164534e+00;-3.565933e+00
1;0.050000;4.600468e+00;-5.101817e+00;-8.728647e-01;-8.351395e+00;3.703737e-01;2.641075e-01;-4.139130e+00;-8.004107e+00;-6.197412e+00;-2.971342e+00;-5.088159e+00;-4.182110e+00;-1.068112e+00;-2.561920e+00
2;0.100000;7.659926e-01;3.609568e+00;-5.472559e+00;-7.503245e-01;6.704310e+00;7.697558e-01;-1.388714e+00;-5.974556e+00;3.209358e-01;2.182197e+00;1.930554e+00;-1.891427e+00;1.035581e+00;-8.799515e-01
3;0.150000;-2.522986e+00;9.350359e+00;-3.570535e+00;5.177191e+00;7.982962e+00;1.504820e+00;-1.669772e-01;-9.945998e-01;4.650197e+00;3.724943e+00;5.864933e+00;1.235546e+00;7.955618e-01;-6.493683e-01
4;0.200000;-4.596158e+00;4.648687e+00;3.889915e+00;9.100576e+00;-4.548529e+00;-3.230814e+00;4.688043e+00;7.442746e+00;6.799979e+00;-4.943614e-01;4.699087e+00;5.034636e+00;-1.635849e+00;1.784668e+00
5;0.250000;-4.133349e+00;-5.970366e+00;3.879350e+00;1.781880e+00;-9.045350e+00;-3.297064e+00;5.815927e+00;1.064116e+01;1.716081e+00;-2.050317e+00;-4.161158e-01;2.498481e+00;-1.291716e+00;5.872513e+00
