frameIndex;frameTime;pcm_fftMag_mfcc[0];pcm_fftMag_mfcc[1];pcm_fftMag_mfcc[2];pcm_fftMag_mfcc[3];pcm_fftMag_mfcc[4];pcm_fftMag_mfcc[5];pcm_fftMag_mfcc[6];pcm_fftMag_mfcc[7];pcm_fftMag_mfcc[8];pcm_fftMag_mfcc[9];pcm_fftMag_mfcc[10];pcm_fftMag_mfcc[11];pcm_fftMag_mfcc[12];pcm_fftMag_mfcc[13]
0;0.000000;-1.715012e+00;-6.215310e-01;-1.392452e+00;-1.211653e+00;-2.595974e+00;-1.682821e+00;-1.353200e+00;-2.138781e+00;-4.396296e-01;-2.419876e+00;-4.952328e-01;-1.061020e+00;5.330486e-01;4.443054e-01
1;0.050000;1.715012e+00;6.215305e-01;1.392452e+00;1.211653e+00;2.595976e+00;1.682820e+00;1.353200e+00;2.138782e+00;4.396291e-01;2.419876e+00;4.952328e-01;1.061019e+00;-5.330486e-01;-4.443130e-01
