frameIndex;frameTime;pcm_fftMag_mfcc[0];pcm_fftMag_mfcc[1];pcm_fftMag_mfcc[2];pcm_fftMag_mfcc[3];pcm_fftMag_mfcc[4];pcm_fftMag_mfcc[5];pcm_fftMag_mfcc[6];pcm_fftMag_mfcc[7];pcm_fftMag_mfcc[8];pcm_fftMag_mfcc[9];pcm_fftMag_mfcc[10];pcm_fftMag_mfcc[11];pcm_fftMag_mfcc[12];pcm_fftMag_mfcc[13]
0;0.000000;-1.720569e+00;-4.092946e+00;-2.125889e+00;-5.397949e-01;5.757521e+00;9.214640e-01;-4.713457e+00;-1.742242e+00;-8.576641e+00;-1.243754e+00;-5.931244e-01;-2.394649e+00;4.814090e+00;2.600731e+00
1;0.050000;-1.745777e-01;-2.307444e-01;-2.592673e+00;-2.145081e+00;6.548181e-01;-1.929262e+00;-3.026495e+00;-4.561100e-01;-4.016138e+00;3.954561e-01;-1.881948e+00;-1.872483e+00;2.275811e+00;1.399590e+00
2;0.100000;3.182163e-01;4.445176e-01;-1.270742e-01;-3.123016e+00;-2.371317e+00;-2.771725e+00;-4.923439e-01;1.143928e+00;1.159668e-01;1.008807e+00;-3.105318e+00;-3.217471e-01;-3.219920e+00;8.262939e-01
3;0.150000;8.113470e-01;1.345605e+00;1.995729e+00;1.890430e-01;-1.721253e+00;1.834974e-01;2.862648e+00;2.614196e+00;4.940053e+00;1.052511e+00;-6.438751e-01;1.701599e+00;-3.148452e+00;-5.758514e-01
4;0.200000;7.655828e-01;2.533570e+00;2.849908e+00;5.618841e+00;-2.319769e+00;3.596020e+00;5.369650e+00;-1.559772e+00;7.536766e+00;-1.213020e+00;6.224261e+00;2.887279e+00;-7.215278e-01;-4.250771e+00
