frameIndex;frameTime;pcm_fftMag_mfcc[0];pcm_fftMag_mfcc[1];pcm_fftMag_mfcc[2];pcm_fftMag_mfcc[3];pcm_fftMag_mfcc[4];pcm_fftMag_mfcc[5];pcm_fftMag_mfcc[6];pcm_fftMag_mfcc[7];pcm_fftMag_mfcc[8];pcm_fftMag_mfcc[9];pcm_fftMag_mfcc[10];pcm_fftMag_mfcc[11];pcm_fftMag_mfcc[12];pcm_fftMag_mfcc[13]
0;0.000000;-5.229807e-01;2.072527e+00;-5.422728e+00;4.100341e+00;-1.666451e-02;-5.959997e-01;-4.110559e+00;1.236953e+00;3.479755e+00;-3.088481e+00;-1.231164e+00;-1.271497e+00;1.478684e+00;-2.814178e-01
1;0.050000;-1.760769e-01;1.404984e-01;-1.196685e-01;8.101326e-01;-1.753925e+00;2.914143e-01;7.561179e-01;-1.353561e-01;-9.729223e-01;-1.995039e-02;1.751273e+00;3.300147e-01;4.058118e-01;3.778992e-01
2;0.100000;6.990566e-01;-2.213026e+00;5.542397e+00;-4.910474e+00;1.770596e+00;3.045855e-01;3.354442e+00;-1.101597e+00;-2.506833e+00;3.108431e+00;-5.201097e-01;9.414821e-01;-1.884495e+00;-9.646606e-02
