frameIndex;frameTime;pcm_fftMag_mfcc[0];pcm_fftMag_mfcc[1];pcm_fftMag_mfcc[2];pcm_fftMag_mfcc[3];pcm_fftMag_mfcc[4];pcm_fftMag_mfcc[5];pcm_fftMag_mfcc[6];pcm_fftMag_mfcc[7];pcm_fftMag_mfcc[8];pcm_fftMag_mfcc[9];pcm_fftMag_mfcc[10];pcm_fftMag_mfcc[11];pcm_fftMag_mfcc[12];pcm_fftMag_mfcc[13]
0;0.000000;-2.688898e+00;-2.803838e+00;-2.325206e+00;-7.192663e+00;-8.950068e+00;9.040257e+00;-7.893529e+00;2.695724e+00;5.088676e+00;-5.357369e+00;5.507425e+00;-1.548918e+00;-3.855786e+00;2.751045e+00
1;0.050000;-2.780974e+00;4.000697e+00;2.798715e-01;-6.279589e+00;-1.264259e+00;1.125772e+01;-2.023791e+00;3.225725e+00;4.376125e+00;-6.201562e+00;2.164969e+00;1.577111e+00;-3.635357e+00;-2.907333e-01
2;0.100000;-5.860612e+00;2.123397e+00;3.525511e+00;1.230586e+00;4.194361e+00;-4.121459e+00;2.845810e+00;2.580833e-01;5.775690e+00;1.994726e+00;8.022704e-01;-4.463129e-01;-1.889325e+00;2.886963e-01
3;0.150000;-4.705974e+00;1.850655e+00;2.716418e+00;1.674500e+00;5.661041e+00;-2.960486e+00;2.252187e+00;-3.641579e+00;1.601712e+00;-2.920868e-01;-1.043140e+00;9.115419e-01;1.877541e+00;2.943443e+00
4;0.200000;-1.032345e+00;2.116063e+00;-1.230345e+00;-3.129902e+00;1.498796e+00;-1.580315e+00;1.555811e+00;-6.169508e+00;-2.733013e+00;-2.304934e+00;-4.358096e+00;2.807550e-01;3.304359e+00;2.446121e+00
5;0.250000;4.013351e+00;1.859253e+00;-3.773260e+00;-4.640862e+00;-2.445529e+00;3.989801e-01;1.950846e+00;-3.088301e+00;-6.481359e+00;-1.998239e-01;-5.965442e+00;-1.907740e-01;6.076890e+00;-8.504028e-01
6;0.300000;5.200020e+00;-5.126643e-01;-1.957299e+00;-4.900436e-01;-5.614185e-01;-5.381670e-01;3.100366e+00;2.811478e+00;-4.900217e+00;8.754182e-01;-1.149850e+00;4.130812e-01;3.814339e+00;-2.149025e+00
7;0.350000;4.002525e+00;-3.701101e+00;3.782535e-01;7.062279e+00;1.333220e+00;-4.455576e+00;7.113848e-01;2.479095e+00;-2.306078e+00;3.655217e+00;1.619349e+00;-5.205212e-01;-1.241861e+00;-2.066605e+00
8;0.400000;3.852907e+00;-4.932461e+00;2.386055e+00;1.176570e+01;5.338602e-01;-7.040944e+00;-2.499080e+00;1.429264e+00;-4.215384e-01;7.830412e+00;2.422513e+00;-4.759588e-01;-4.450800e+00;-3.072502e+00
