frameIndex;frameTime;pcm_fftMag_mfcc[0];pcm_fftMag_mfcc[1];pcm_fftMag_mfcc[2];pcm_fftMag_mfcc[3];pcm_fftMag_mfcc[4];pcm_fftMag_mfcc[5];pcm_fftMag_mfcc[6];pcm_fftMag_mfcc[7];pcm_fftMag_mfcc[8];pcm_fftMag_mfcc[9];pcm_fftMag_mfcc[10];pcm_fftMag_mfcc[11];pcm_fftMag_mfcc[12];pcm_fftMag_mfcc[13]
0;0.000000;-1.571623e+00;-6.004752e+00;-2.091431e+00;1.872144e+00;5.224589e+00;1.891579e+00;4.278812e+00;-2.969227e-01;-7.816416e+00;2.922363e-01;3.500824e-01;1.824378e+00;-7.426180e-01;2.240173e+00
1;0.050000;6.690741e-01;-9.227886e-01;-1.452019e+00;7.102084e-01;8.533325e-01;1.385479e+00;3.003693e-02;-2.220355e+00;-8.434429e-01;-2.476707e-01;1.833071e+00;-8.861809e-01;7.767773e-02;-7.821350e-01
2;0.100000;1.960974e-01;3.117807e+00;1.096476e+00;-1.426438e+00;-3.182373e+00;-1.455603e+00;-3.025883e+00;9.828985e-01;4.802107e+00;7.761806e-02;-2.790737e-01;-5.687342e-01;8.386657e-01;-6.901627e-01
3;0.150000;7.064505e-01;3.809731e+00;2.446971e+00;-1.155913e+00;-2.895552e+00;-1.821455e+00;-1.282969e+00;1.534379e+00;3.857753e+00;-1.221837e-01;-1.904079e+00;-3.694638e-01;-1.737254e-01;-7.678680e-01
