frameIndex;frameTime;pcm_fftMag_mfcc[0];pcm_fftMag_mfcc[1];pcm_fftMag_mfcc[2];pcm_fftMag_mfcc[3];pcm_fftMag_mfcc[4];pcm_fftMag_mfcc[5];pcm_fftMag_mfcc[6];pcm_fftMag_mfcc[7];pcm_fftMag_mfcc[8];pcm_fftMag_mfcc[9];pcm_fftMag_mfcc[10];pcm_fftMag_mfcc[11];pcm_fftMag_mfcc[12];pcm_fftMag_mfcc[13]
0;0.000000;9.581628e-01;1.586828e+00;4.967899e-01;-5.905933e-01;-2.711695e+00;-3.353302e+00;3.502316e+00;2.818737e+00;3.750877e+00;-2.575724e+00;-4.924687e-01;1.321688e-01;-9.126091e-02;-4.143600e-01
1;0.050000;1.994771e+00;1.174081e+00;-1.126297e+00;6.963539e-02;5.216361e+00;7.540183e-01;-1.292934e+00;-2.632205e+00;2.692057e+00;-1.079996e+00;-1.505073e+00;3.633662e+00;-1.740980e-01;-4.455185e-01
2;0.100000;8.886261e-01;-1.513809e+00;-9.624858e-01;5.128894e-01;4.139827e+00;6.653395e-01;-1.293152e+00;-5.873194e-01;-4.433597e+00;2.369835e+00;6.972079e-01;1.618972e+00;-2.283866e+00;2.881927e-01
3;0.150000;-1.704736e+00;-2.264555e+00;6.535816e-02;-4.235935e-01;-1.581577e+00;9.076314e-01;-6.317253e-01;3.229036e-01;-3.822371e+00;2.811957e+00;7.934189e-01;-1.655590e+00;-9.475002e-01;6.501617e-01
4;0.200000;-2.136826e+00;1.017455e+00;1.526631e+00;4.316626e-01;-5.062918e+00;1.026309e+00;-2.845116e-01;7.788563e-02;1.813037e+00;-1.526074e+00;5.069159e-01;-3.729215e+00;3.496725e+00;-7.844543e-02
