frameIndex;frameTime;pcm_fftMag_mfcc[0];pcm_fftMag_mfcc[1];pcm_fftMag_mfcc[2];pcm_fftMag_mfcc[3];pcm_fftMag_mfcc[4];pcm_fftMag_mfcc[5];pcm_fftMag_mfcc[6];pcm_fftMag_mfcc[7];pcm_fftMag_mfcc[8];pcm_fftMag_mfcc[9];pcm_fftMag_mfcc[10];pcm_fftMag_mfcc[11];pcm_fftMag_mfcc[12];pcm_fftMag_mfcc[13]
0;0.000000;6.863079e-01;3.325033e-01;-4.705063e+00;-3.506959e+00;-1.843395e-01;1.413181e+00;-3.680993e+00;-6.056964e-01;-1.983492e+00;2.700335e+00;6.359532e+00;2.581489e+00;-1.606030e+00;2.166664e+00
1;0.050000;1.281602e+00;-1.489973e-01;-4.500080e+00;-8.284655e-01;1.013455e+00;2.760670e+00;-1.956663e+00;-1.089214e+00;-2.252031e+00;7.263174e-01;1.041485e+00;2.929100e+00;4.244793e-01;1.006767e+00
2;0.100000;4.239349e-01;1.724482e-01;-2.507627e+00;1.218746e+00;1.885881e+00;2.842270e+00;7.366180e-02;-1.373119e+00;-1.073122e+00;8.796420e-01;-2.054857e+00;4.039850e-01;-6.434804e-02;1.205444e-02
3;0.150000;-4.556408e-01;-1.025474e+00;8.124332e-01;1.566305e+00;1.337996e+00;1.667526e+00;2.284108e+00;7.233250e-01;1.065017e+00;1.414848e+00;-3.488247e+00;-1.530806e+00;5.088202e-01;-5.319595e-01
4;0.200000;-9.758120e-01;-7.763910e-01;3.771446e+00;5.795107e-01;-9.648604e-01;-2.574078e+00;2.895689e+00;1.368778e+00;1.240841e+00;-1.782295e+00;-3.107544e+00;-2.450761e+00;1.110237e+00;-7.098083e-01
5;0.250000;-9.603920e-01;1.445918e+00;7.128892e+00;9.708633e-01;-3.088135e+00;-6.109569e+00;3.841968e-01;9.759264e-01;3.002786e+00;-3.938848e+00;1.249630e+00;-1.933006e+00;-3.731581e-01;-1.943726e+00
