frameIndex;frameTime;pcm_fftMag_mfcc[0];pcm_fftMag_mfcc[1];pcm_fftMag_mfcc[2];pcm_fftMag_mfcc[3];pcm_fftMag_mfcc[4];pcm_fftMag_mfcc[5];pcm_fftMag_mfcc[6];pcm_fftMag_mfcc[7];pcm_fftMag_mfcc[8];pcm_fftMag_mfcc[9];pcm_fftMag_mfcc[10];pcm_fftMag_mfcc[11];pcm_fftMag_mfcc[12];pcm_fftMag_mfcc[13]
0;0.000000;-3.907148e-01;1.513553e-02;3.387259e+00;1.714647e+00;-3.695322e+00;1.799897e+00;-4.988797e+00;-3.553705e-01;1.216107e+00;2.947519e-01;2.984668e+00;9.344554e-02;2.593511e+00;9.488754e-01
1;0.050000;3.907148e-01;-1.513553e-02;-3.387259e+00;-1.714647e+00;3.695322e+00;-1.799897e+00;4.988797e+00;3.553700e-01;-1.216107e+00;-2.947518e-01;-2.984669e+00;-9.344530e-02;-2.593511e+00;-9.488831e-01
