frameIndex;frameTime;pcm_fftMag_mfcc[0];pcm_fftMag_mfcc[1];pcm_fftMag_mfcc[2];pcm_fftMag_mfcc[3];pcm_fftMag_mfcc[4];pcm_fftMag_mfcc[5];pcm_fftMag_mfcc[6];pcm_fftMag_mfcc[7];pcm_fftMag_mfcc[8];pcm_fftMag_mfcc[9];pcm_fftMag_mfcc[10];pcm_fftMag_mfcc[11];pcm_fftMag_mfcc[12];pcm_fftMag_mfcc[13]
0;0.000000;-6.347716e+00;4.593410e+00;1.240394e+00;2.554084e+00;-1.996187e+00;-3.726170e+00;7.318391e+00;3.644454e+00;-1.221000e+00;-1.356627e+00;5.001147e+00;3.030704e+00;9.521670e-01;1.239952e+00
1;0.050000;-7.660550e+00;5.470384e+00;7.929053e-01;3.374370e+00;1.778879e+00;-1.377977e+00;5.050552e+00;2.491420e+00;-1.463002e+00;-1.823521e+00;2.700052e+00;2.957140e+00;2.220157e+00;-1.109619e-01
2;0.100000;-1.994907e+00;4.159023e+00;-2.198608e+00;-1.901324e-01;7.491097e-01;-4.187901e+00;-2.763520e+00;-8.880095e-01;8.496762e-01;1.239290e+00;-9.645603e-01;-1.403000e-01;1.001252e+00;1.496323e+00
3;0.150000;3.151027e+00;-1.020458e+00;-2.227363e+00;-2.481574e+00;1.570702e-02;-1.306730e+00;-4.567953e+00;-3.231643e+00;9.610948e-01;2.210794e+00;-3.340819e+00;-1.177605e+00;-2.134323e-01;1.606812e+00
4;0.200000;6.454918e+00;-5.580324e+00;-1.607533e-01;-3.136680e+00;-9.013677e-01;3.395290e+00;-4.648054e+00;-2.249612e+00;8.406605e-01;5.116932e-01;-2.585663e+00;-2.259098e+00;-1.762012e+00;-6.180649e-01
5;0.250000;6.397233e+00;-7.622034e+00;2.553425e+00;-1.200664e-01;3.538556e-01;7.203490e+00;-3.894148e-01;2.333927e-01;3.257108e-02;-7.816290e-01;-8.101571e-01;-2.410841e+00;-2.198133e+00;-3.614082e+00
