frameIndex;frameTime;pcm_fftMag_mfcc[0];pcm_fftMag_mfcc[1];pcm_fftMag_mfcc[2];pcm_fftMag_mfcc[3];pcm_fftMag_mfcc[4];pcm_fftMag_mfcc[5];pcm_fftMag_mfcc[6];pcm_fftMag_mfcc[7];pcm_fftMag_mfcc[8];pcm_fftMag_mfcc[9];pcm_fftMag_mfcc[10];pcm_fftMag_mfcc[11];pcm_fftMag_mfcc[12];pcm_fftMag_mfcc[13]
0;0.000000;-2.537411e+00;-4.008646e-01;-5.369946e+00;-8.983923e+00;3.103978e+00;-3.529477e+00;-4.358971e+00;-9.589325e+00;2.735248e-01;-7.701729e+00;-2.342191e+00;-2.615312e+00;-1.161967e+00;5.119308e+00
1;0.050000;-3.149584e+00;-8.615208e-01;-3.010193e+00;-6.318132e+00;2.997908e+00;-1.812307e+00;-1.906406e+00;-5.377512e+00;8.943419e-01;-7.000404e+00;-1.982372e+00;-3.424798e+00;2.792984e+00;5.619820e+00
2;0.100000;-3.431895e+00;-2.872162e+00;-1.334772e+00;-3.470150e+00;2.529517e+00;1.092787e-01;3.020606e-01;-1.493835e+00;1.409232e+00;-5.562496e+00;-1.108691e+00;-4.041453e+00;4.096512e+00;5.289001e+00
3;0.150000;-2.661521e+00;-4.481189e+00;4.534235e-01;-6.096363e-01;-4.881166e-01;-2.006968e-01;4.822690e-01;2.549326e+00;1.510950e+00;-3.139873e+00;-7.207146e-01;-3.053649e+00;2.266927e+00;3.593376e+00
4;0.200000;5.138764e-01;-4.179893e+00;2.621053e+00;3.744833e+00;-2.582392e+00;4.724926e-01;4.044631e-01;7.524374e+00;1.732821e+00;1.715821e+00;-9.956005e-01;-3.776026e-01;-8.737659e-02;2.900009e-01
5;0.250000;3.859659e+00;-6.098776e-01;2.654805e+00;9.001036e+00;-3.380883e+00;5.604644e-01;2.062025e+00;7.882634e+00;1.337803e+00;4.602234e+00;-1.199957e+00;1.223463e+00;-1.118465e+00;-4.916656e+00
6;0.300000;4.069311e+00;6.266019e+00;2.505663e+00;5.550181e+00;-7.817143e-01;1.076612e+00;2.613461e+00;-1.082557e-02;-2.568830e+00;8.141448e+00;3.180889e+00;4.755750e+00;-1.766802e+00;-7.726257e+00
7;0.350000;3.337566e+00;7.139487e+00;1.479970e+00;1.085795e+00;-1.398298e+00;3.323633e+00;4.010973e-01;-1.484837e+00;-4.589844e+00;8.944998e+00;5.168638e+00;7.533599e+00;-5.021813e+00;-7.268570e+00
