frameIndex;frameTime;pcm_fftMag_mfcc[0];pcm_fftMag_mfcc[1];pcm_fftMag_mfcc[2];pcm_fftMag_mfcc[3];pcm_fftMag_mfcc[4];pcm_fftMag_mfcc[5];pcm_fftMag_mfcc[6];pcm_fftMag_mfcc[7];pcm_fftMag_mfcc[8];pcm_fftMag_mfcc[9];pcm_fftMag_mfcc[10];pcm_fftMag_mfcc[11];pcm_fftMag_mfcc[12];pcm_fftMag_mfcc[13]
0;0.000000;-1.208456e+00;5.703545e-01;-6.829472e+00;1.145676e+00;-1.428983e+00;-5.758457e-01;-2.104551e+00;-1.809940e+00;-9.471979e-01;-6.672835e-02;3.809243e+00;-2.395640e+00;-4.923613e+00;5.596542e-01
1;0.050000;8.028519e-01;-2.597681e+00;1.820785e+00;-2.354165e+00;-1.434477e+00;-9.597273e-01;-9.412451e-01;1.667933e-01;-2.932508e+00;-1.263149e-01;-2.177409e+00;3.651619e-02;-1.003673e+00;-6.574249e-02
2;0.100000;4.056039e-01;2.027326e+00;5.008688e+00;1.208492e+00;2.863459e+00;1.535572e+00;3.045794e+00;1.643148e+00;3.879704e+00;1.930435e-01;-1.631834e+00;2.359125e+00;5.927285e+00;-4.939117e-01
