frameIndex;frameTime;pcm_fftMag_mfcc[0];pcm_fftMag_mfcc[1];pcm_fftMag_mfcc[2];pcm_fftMag_mfcc[3];pcm_fftMag_mfcc[4];pcm_fftMag_mfcc[5];pcm_fftMag_mfcc[6];pcm_fftMag_mfcc[7];pcm_fftMag_mfcc[8];pcm_fftMag_mfcc[9];pcm_fftMag_mfcc[10];pcm_fftMag_mfcc[11];pcm_fftMag_mfcc[12];pcm_fftMag_mfcc[13]
0;0.000000;3.101935e+00;-6.223467e+00;2.542883e+00;-8.690548e-02;1.033357e+00;4.959991e+00;5.288343e-01;-3.047577e+00;3.929561e+00;-2.754584e+00;-2.993007e+00;-4.374648e+00;-2.666821e-01;-1.992035e-01
1;0.050000;7.527218e+00;-7.529510e+00;2.563703e+00;1.511975e+00;-1.389852e-01;7.224201e+00;3.462934e-01;-4.487389e+00;6.294843e+00;-3.450642e+00;-7.844663e-01;-5.908993e+00;-8.259816e-01;-3.927505e+00
2;0.100000;8.347952e+00;-7.948877e+00;7.302126e+00;-6.227713e-01;-3.736055e+00;4.160614e-01;-1.832609e-01;3.341334e+00;-1.409780e+00;-4.905739e-01;1.646255e+00;2.353769e+00;-9.433384e-01;-4.108376e+00
3;0.150000;6.511469e-01;-4.454384e-01;1.861364e+00;1.670388e+00;-8.530415e+00;-4.396154e+00;4.198794e+00;2.236271e+00;-7.007502e-01;-3.198608e+00;5.143363e-01;5.281867e+00;-5.290937e-01;1.035339e+00
4;0.200000;-5.271034e+00;4.748981e+00;-7.400079e-01;1.500099e+00;-4.160418e+00;-6.367287e+00;5.809797e+00;3.027000e+00;-2.723084e+00;-1.672440e+00;-3.121819e-01;4.509532e+00;-1.619817e+00;2.489037e+00
5;0.250000;-9.556402e+00;7.189451e+00;-9.998279e-01;1.810579e+00;4.348169e+00;-2.951334e+00;2.612174e+00;3.258164e+00;-2.903786e+00;3.806243e-01;1.097591e+00;3.470435e+00;-4.649816e-01;1.149925e+00
6;0.300000;-5.700319e+00;6.253872e+00;-5.112996e+00;-2.064457e+00;6.368218e+00;-9.092159e-01;-5.101200e+00;-1.059656e+00;-4.143298e-01;5.421848e+00;7.246213e-01;-6.066415e-01;2.003177e+00;2.104317e+00
7;0.350000;8.994999e-01;3.954988e+00;-7.417246e+00;-3.718910e+00;4.816121e+00;2.023745e+00;-8.211436e+00;-3.268145e+00;-2.072675e+00;5.764372e+00;1.068492e-01;-4.725322e+00;2.646716e+00;1.456429e+00
