frameIndex;frameTime;pcm_fftMag_mfcc[0];pcm_fftMag_mfcc[1];pcm_fftMag_mfcc[2];pcm_fftMag_mfcc[3];pcm_fftMag_mfcc[4];pcm_fftMag_mfcc[5];pcm_fftMag_mfcc[6];pcm_fftMag_mfcc[7];pcm_fftMag_mfcc[8];pcm_fftMag_mfcc[9];pcm_fftMag_mfcc[10];pcm_fftMag_mfcc[11];pcm_fftMag_mfcc[12];pcm_fftMag_mfcc[13]
0;0.000000;1.497686e+00;5.337315e-01;-5.989436e+00;2.399894e+00;1.050187e+01;-3.208122e-01;4.210643e+00;1.436982e+00;-4.661716e+00;8.761143e+00;1.730089e+00;-2.316772e+00;-1.021478e-01;-2.568489e+00
1;0.050000;7.474117e-01;-1.749078e+00;-2.367650e+00;1.612513e+00;6.261786e+00;-9.096107e+00;5.442244e+00;6.948318e+00;6.117377e-01;1.048272e+01;1.521893e+00;-1.466788e+00;7.348714e-01;-9.064178e-01
2;0.100000;1.478661e+00;-1.657787e+00;-1.176729e+00;1.505888e+00;1.245886e+00;-1.019242e+01;2.322505e+00;5.431257e+00;1.049038e+00;7.160575e+00;2.035637e+00;-2.951759e+00;3.073845e+00;-7.840881e-01
3;0.150000;8.682618e-01;7.657661e-01;1.081125e+00;1.088525e+00;-4.605776e+00;-4.818818e+00;-6.262630e+00;2.706556e+00;1.128110e+00;4.072646e+00;8.656101e-01;-1.924680e+00;5.019588e+00;-2.829056e+00
4;0.200000;-1.985838e+00;3.712736e+00;6.714128e+00;-3.148558e+00;-6.791584e+00;4.051279e+00;-7.509978e+00;-2.095439e+00;-2.859126e+00;1.132105e+00;-2.217198e+00;-2.580034e+00;-6.104093e-01;-1.456535e+00
5;0.250000;-1.843168e+00;7.415619e-01;3.591942e+00;-4.030431e+00;-5.985670e+00;4.483341e+00;-4.347602e+00;-3.768939e+00;-5.796870e+00;-6.054559e+00;-1.611354e+00;-1.005369e+00;-5.510986e+00;2.752007e+00
6;0.300000;-1.020723e+00;-1.262424e+00;4.391279e-01;-2.141705e+00;-2.424761e+00;5.062420e+00;-1.048598e+00;-3.856505e+00;-2.304814e+00;-1.002468e+01;-9.599876e-01;1.716541e+00;-4.561574e+00;3.974579e+00
7;0.350000;-4.328141e-01;-1.965329e+00;-1.789665e+00;3.144808e-01;3.083105e-01;5.651734e+00;2.488602e+00;-3.781754e+00;3.926725e+00;-1.036028e+01;-2.705812e-01;3.935187e+00;-1.013322e+00;2.270973e+00
8;0.400000;6.905255e-01;8.808184e-01;-5.028410e-01;2.399392e+00;1.489944e+00;5.179381e+00;4.704817e+00;-3.020477e+00;8.906921e+00;-5.169667e+00;-1.094114e+00;6.593668e+00;2.970134e+00;-4.529419e-01
