frameIndex;frameTime;pcm_fftMag_mfcc[0];pcm_fftMag_mfcc[1];pcm_fftMag_mfcc[2];pcm_fftMag_mfcc[3];pcm_fftMag_mfcc[4];pcm_fftMag_mfcc[5];pcm_fftMag_mfcc[6];pcm_fftMag_mfcc[7];pcm_fftMag_mfcc[8];pcm_fftMag_mfcc[9];pcm_fftMag_mfcc[10];pcm_fftMag_mfcc[11];pcm_fftMag_mfcc[12];pcm_fftMag_mfcc[13]
0;0.000000;-8.401323e+00;7.485590e-01;4.915375e+00;4.811776e+00;4.189719e+00;-4.145218e+00;-7.796593e-01;9.526157e+00;4.134512e+00;-3.450185e+00;-4.597544e+00;1.817031e+00;1.867853e+00;-7.304382e-01
1;0.050000;-3.821688e+00;6.941061e-01;4.199677e-01;1.940575e-01;1.394304e+00;-9.906569e-01;-4.278908e+00;3.671722e-01;2.655197e+00;9.354771e-01;1.058014e+00;1.208621e+00;-1.100508e+00;4.903641e-01
2;0.100000;2.923923e+00;-1.421804e-01;-3.066987e+00;-2.543408e+00;-2.038649e+00;1.321821e+00;-7.429218e-02;-4.360636e+00;-2.596073e+00;7.208903e-01;1.150530e+00;-1.826555e+00;-1.036737e+00;1.314621e+00
3;0.150000;9.299085e+00;-1.300484e+00;-2.268355e+00;-2.462426e+00;-3.545372e+00;3.814058e+00;5.132856e+00;-5.532692e+00;-4.193630e+00;1.793818e+00;2.388998e+00;-1.199098e+00;2.693934e-01;-1.074554e+00
