frameIndex;frameTime;pcm_fftMag_mfcc[0];pcm_fftMag_mfcc[1];pcm_fftMag_mfcc[2];pcm_fftMag_mfcc[3];pcm_fftMag_mfcc[4];pcm_fftMag_mfcc[5];pcm_fftMag_mfcc[6];pcm_fftMag_mfcc[7];pcm_fftMag_mfcc[8];pcm_fftMag_mfcc[9];pcm_fftMag_mfcc[10];pcm_fftMag_mfcc[11];pcm_fftMag_mfcc[12];pcm_fftMag_mfcc[13]
0;0.000000;-1.099726e+00;-7.264639e+00;4.543694e+00;1.148224e+01;-1.015423e+00;-1.239709e+01;3.205017e+00;9.160567e+00;4.979133e+00;-1.435758e+00;-5.260717e+00;-1.047476e+01;5.853616e+00;1.777893e+00
1;0.050000;-4.666670e+00;-2.219746e+00;-3.428831e-01;1.309274e+01;1.330870e+00;-1.324872e+01;7.008245e+00;4.943136e+00;3.122128e+00;-2.861409e+00;-1.032590e+01;-1.210625e+01;1.911446e+00;1.099770e+00
2;0.100000;-5.591906e+00;4.893799e+00;-1.611699e+00;8.063279e+00;3.119857e+00;-7.065051e+00;5.551249e+00;1.142609e+00;3.873247e+00;1.638480e+00;5.449214e-01;6.464756e-01;1.489625e-01;-4.504623e-01
3;0.150000;-3.626478e+00;5.404482e+00;-2.130630e+00;-4.944478e+00;-3.124774e+00;2.285759e+00;-2.455376e+00;-9.278177e+00;-2.466657e+00;3.240089e-01;8.606615e+00;1.019068e+01;-3.146729e-01;2.029266e-01
4;0.200000;1.143262e+00;9.809127e-01;-3.039356e+00;-9.587646e+00;-5.713585e+00;6.331148e+00;-7.071255e+00;-8.376192e+00;-3.216579e+00;-1.102482e+00;5.435404e+00;7.023298e+00;-1.706108e+00;8.248215e-01
5;0.250000;5.969307e+00;-9.825723e-01;3.907557e-01;-9.806548e+00;-3.325157e-01;1.095154e+01;-5.000029e+00;-6.619720e-01;-3.212065e+00;1.315412e+00;1.984612e+00;3.306070e+00;-2.329024e+00;-1.965561e-01
6;0.300000;7.872207e+00;-8.122356e-01;2.190115e+00;-8.299590e+00;5.735564e+00;1.314241e+01;-1.237841e+00;3.070025e+00;-3.079205e+00;2.121750e+00;-9.849372e-01;1.414497e+00;-3.564219e+00;-3.258453e+00
