frameIndex;frameTime;pcm_fftMag_mfcc[0];pcm_fftMag_mfcc[1];pcm_fftMag_mfcc[2];pcm_fftMag_mfcc[3];pcm_fftMag_mfcc[4];pcm_fftMag_mfcc[5];pcm_fftMag_mfcc[6];pcm_fftMag_mfcc[7];pcm_fftMag_mfcc[8];pcm_fftMag_mfcc[9];pcm_fftMag_mfcc[10];pcm_fftMag_mfcc[11];pcm_fftMag_mfcc[12];pcm_fftMag_mfcc[13]
0;0.000000;-1.927444e+00;-2.461069e+00;2.445704e+00;-1.838303e+00;-1.476637e+00;-8.174076e-01;2.518073e+00;-3.278713e-01;-1.352328e+00;1.462421e-01;-5.838299e-01;9.184227e-01;-2.488454e+00;2.322334e+00
1;0.050000;-2.102304e-01;-1.070991e+00;-1.104928e+00;5.944443e-02;1.127852e+00;-7.279243e-01;-3.151412e-01;8.910408e-01;-8.717651e-01;-8.189235e-01;1.831551e-01;1.423645e-01;-1.448164e-01;5.301208e-01
2;0.100000;2.137673e+00;3.532058e+00;-1.340776e+00;1.778860e+00;3.487852e-01;1.545330e+00;-2.202932e+00;-5.631690e-01;2.224092e+00;6.726818e-01;4.006729e-01;-1.060785e+00;2.633270e+00;-2.852448e+00
