frameIndex;frameTime;pcm_fftMag_mfcc[0];pcm_fftMag_mfcc[1];pcm_fftMag_mfcc[2];pcm_fftMag_mfcc[3];pcm_fftMag_mfcc[4];pcm_fftMag_mfcc[5];pcm_fftMag_mfcc[6];pcm_fftMag_mfcc[7];pcm_fftMag_mfcc[8];pcm_fftMag_mfcc[9];pcm_fftMag_mfcc[10];pcm_fftMag_mfcc[11];pcm_fftMag_mfcc[12];pcm_fftMag_mfcc[13]
0;0.000000;-3.787989e+00;-9.716087e+00;-3.025426e+00;-3.032540e+00;-3.092583e+00;-2.994559e+00;-1.654510e+00;2.337645e+00;-1.109208e+01;3.411379e+00;-1.003921e+01;6.163275e+00;-2.669697e+00;5.206497e+00
1;0.050000;-1.714121e+00;-5.393981e+00;7.488525e-01;-2.088266e+00;-6.534849e+00;-3.548889e+00;4.064295e-01;1.906963e+00;-5.695677e+00;7.242584e-01;-5.496174e+00;4.354557e+00;-2.291677e+00;3.528175e+00
2;0.100000;8.003981e-01;-1.282788e+00;1.220940e+00;-2.153444e-02;-5.930586e+00;-2.682249e+00;-6.573982e-01;-2.961630e+00;6.321678e-01;-1.170532e+00;-1.014697e+00;4.990673e-02;-1.489794e+00;6.347351e-01
3;0.150000;9.850618e-01;1.262745e+00;-2.523332e+00;-3.827926e+00;-2.153988e+00;-1.945366e+00;-2.881658e+00;-3.541907e+00;1.196580e+00;-1.420784e-02;-3.863249e-01;-2.504470e+00;-1.926792e+00;1.052933e-01
4;0.200000;1.308904e+00;2.687822e+00;-1.119952e+00;-2.204282e+00;2.668392e+00;1.246167e+00;-7.345343e-01;1.292201e-01;3.889687e+00;1.542873e+00;2.416443e+00;-1.662898e+00;-2.873409e-01;-1.025009e-01
5;0.250000;1.266767e+00;5.565301e+00;1.570716e+00;3.312617e+00;7.048430e+00;4.648234e+00;2.746172e+00;1.523997e+00;6.033452e+00;-8.126955e-01;5.466717e+00;-3.189482e+00;2.600587e+00;-2.794777e+00
6;0.300000;1.140980e+00;6.876988e+00;3.128199e+00;7.861933e+00;7.995182e+00;5.276662e+00;2.775498e+00;6.057107e-01;5.035877e+00;-3.681072e+00;9.053246e+00;-3.210892e+00;6.064715e+00;-6.577400e+00
