frameIndex;frameTime;pcm_fftMag_mfcc[0];pcm_fftMag_mfcc[1];pcm_fftMag_mfcc[2];pcm_fftMag_mfcc[3];pcm_fftMag_mfcc[4];pcm_fftMag_mfcc[5];pcm_fftMag_mfcc[6];pcm_fftMag_mfcc[7];pcm_fftMag_mfcc[8];pcm_fftMag_mfcc[9];pcm_fftMag_mfcc[10];pcm_fftMag_mfcc[11];pcm_fftMag_mfcc[12];pcm_fftMag_mfcc[13]
0;0.000000;-6.119646e+00;-2.281943e+00;-1.121679e+00;1.255224e+00;-1.326574e+01;-5.197263e+00;6.163502e-02;1.620993e+01;-1.956005e+00;-1.255543e+00;-2.372170e+00;1.401508e+00;-6.099708e+00;2.465591e-01
1;0.050000;-2.918488e+00;-5.353774e-01;-5.169663e+00;-1.778411e+00;-2.048018e+00;-3.908650e+00;-2.469559e+00;5.087633e+00;3.600511e+00;-8.125896e+00;-1.676577e+00;-2.834015e+00;-1.212510e+00;1.275322e+00
2;0.100000;2.124937e-01;-7.615800e-01;-7.460861e+00;-6.262956e+00;7.700927e+00;-1.787894e+00;-5.756783e+00;-1.917987e+00;7.810319e+00;-9.433421e+00;1.673379e+00;-5.794775e+00;2.871115e+00;3.014709e+00
3;0.150000;2.639634e+00;-8.271658e-01;-8.102154e+00;-3.437831e+00;9.355380e+00;-1.920612e+00;-3.541586e+00;-1.058205e+00;2.903868e+00;-6.476108e+00;5.735208e+00;-3.552049e+00;1.650730e+00;3.173790e+00
4;0.200000;3.292555e+00;-1.791951e+00;-4.138353e+00;-5.883646e-01;5.228487e+00;-9.156985e-01;8.800735e-01;-1.868761e+00;-5.107677e+00;2.648132e+00;2.840583e+00;1.081807e+00;-1.021864e+00;2.101173e+00
5;0.250000;1.086882e+00;-1.469064e+00;2.888281e+00;6.939125e-02;2.862606e-01;1.606001e+00;1.245880e-01;-4.162539e+00;-6.761816e+00;5.936733e+00;-1.087276e+00;2.979126e+00;-2.474792e+00;4.312897e-01
6;0.300000;4.967451e-03;2.079674e+00;1.026398e+01;2.406682e+00;-3.133317e+00;4.648673e+00;3.179010e+00;-5.975605e+00;-3.035803e+00;7.778645e+00;-1.654943e+00;3.151644e+00;3.499109e-01;-2.980370e+00
7;0.350000;1.801603e+00;5.587408e+00;1.284045e+01;8.336263e+00;-4.123978e+00;7.475442e+00;7.522612e+00;-6.314465e+00;2.546614e+00;8.927460e+00;-3.458202e+00;3.566759e+00;5.937117e+00;-7.262459e+00
