frameIndex;frameTime;pcm_fftMag_mfcc[0];pcm_fftMag_mfcc[1];pcm_fftMag_mfcc[2];pcm_fftMag_mfcc[3];pcm_fftMag_mfcc[4];pcm_fftMag_mfcc[5];pcm_fftMag_mfcc[6];pcm_fftMag_mfcc[7];pcm_fftMag_mfcc[8];pcm_fftMag_mfcc[9];pcm_fftMag_mfcc[10];pcm_fftMag_mfcc[11];pcm_fftMag_mfcc[12];pcm_fftMag_mfcc[13]
0;0.000000;1.286608e+01;-8.647406e+00;-4.082091e+00;4.762601e+00;-5.126399e+00;6.000107e+00;-1.658813e+00;-9.294122e+00;-5.189388e+00;5.899865e+00;1.267602e+00;4.205437e-01;-2.125590e+00;-3.515358e+00
1;0.050000;4.509836e+00;-1.788418e+00;-2.214446e-01;2.177584e+00;-2.979176e+00;-4.700500e+00;2.175764e+00;-3.855132e+00;-1.123552e+00;6.808831e+00;-2.817568e+00;-2.291736e+00;1.797364e+00;-2.806320e-01
2;0.100000;-1.309424e+00;3.247500e+00;3.014018e+00;-8.603067e-01;-4.642486e+00;-6.060760e+00;2.468897e+00;8.359518e-01;-1.966403e+00;-5.441370e-01;-3.312007e+00;-1.954579e-01;1.220357e+00;1.695587e+00
3;0.150000;-6.044009e+00;4.369279e+00;3.498082e+00;-1.477047e+00;4.321678e-01;-2.414560e+00;1.065793e-01;3.497502e+00;-5.691848e-01;-6.107958e+00;-1.544907e+00;1.710382e+00;1.288897e+00;1.329361e+00
4;0.200000;-8.770226e+00;6.070461e-01;4.116309e-01;-3.516960e-01;7.425531e+00;3.678104e+00;5.417776e-02;6.375234e+00;5.069477e+00;-3.684597e+00;1.692159e+00;5.324121e-01;9.377808e-01;1.201248e-01
5;0.250000;-1.252250e+00;2.211992e+00;-2.620196e+00;-4.251142e+00;4.890359e+00;3.497606e+00;-3.146606e+00;2.440563e+00;3.779052e+00;-2.372003e+00;4.714721e+00;-1.761422e-01;-3.118809e+00;6.509171e-01
