frameIndex;frameTime;pcm_fftMag_mfcc[0];pcm_fftMag_mfcc[1];pcm_fftMag_mfcc[2];pcm_fftMag_mfcc[3];pcm_fftMag_mfcc[4];pcm_fftMag_mfcc[5];pcm_fftMag_mfcc[6];pcm_fftMag_mfcc[7];pcm_fftMag_mfcc[8];pcm_fftMag_mfcc[9];pcm_fftMag_mfcc[10];pcm_fftMag_mfcc[11];pcm_fftMag_mfcc[12];pcm_fftMag_mfcc[13]
0;0.000000;-4.101992e+00;3.404708e+00;1.590959e+00;-4.033293e+00;-4.418257e+00;4.658390e+00;2.050536e+00;-5.010560e+00;-3.623243e+00;-3.277596e+00;2.508404e+00;-4.431317e+00;1.554132e+00;2.034851e+00
1;0.050000;-4.397239e+00;-1.801786e-01;3.585319e+00;-2.111521e-01;-3.458019e+00;3.574858e-01;2.419567e+00;1.451355e+00;-3.259659e-03;-2.724536e+00;-1.095395e+00;-1.626787e+00;1.826638e+00;2.614456e+00
2;0.100000;-1.350936e+00;-2.495479e+00;7.672813e-01;1.380092e+00;-7.740593e-02;-3.191719e+00;5.890565e-01;2.309799e+00;2.237642e+00;6.397629e-02;-2.770717e+00;6.434958e-02;-7.379150e-02;1.846954e+00
3;0.150000;3.588398e+00;-1.738070e+00;-2.715018e+00;1.165399e+00;3.577133e+00;-3.601815e+00;-1.822281e+00;9.589939e-01;5.797806e-01;2.350880e+00;-1.280486e+00;2.700430e+00;-1.435465e+00;-1.014549e+00
4;0.200000;6.261769e+00;1.009016e+00;-3.228541e+00;1.698959e+00;4.376552e+00;1.777658e+00;-3.236876e+00;2.904091e-01;8.090839e-01;3.587273e+00;2.638192e+00;3.293324e+00;-1.871513e+00;-5.481728e+00
