frameIndex;frameTime;pcm_fftMag_mfcc[0];pcm_fftMag_mfcc[1];pcm_fftMag_mfcc[2];pcm_fftMag_mfcc[3];pcm_fftMag_mfcc[4];pcm_fftMag_mfcc[5];pcm_fftMag_mfcc[6];pcm_fftMag_mfcc[7];pcm_fftMag_mfcc[8];pcm_fftMag_mfcc[9];pcm_fftMag_mfcc[10];pcm_fftMag_mfcc[11];pcm_fftMag_mfcc[12];pcm_fftMag_mfcc[13]
0;0.000000;6.350179e-01;3.272164e-01;1.764733e+00;-1.451163e+00;9.902978e-01;-1.334487e+00;3.170049e+00;1.255992e+00;2.526962e+00;-8.208036e-01;-9.547815e-01;7.512343e+00;-5.585432e-01;-3.864349e+00
1;0.050000;-3.547190e+00;-3.579470e+00;3.938126e+00;-3.140361e+00;-3.045842e+00;1.967244e+00;-3.346461e+00;-2.973502e+00;3.593468e+00;-3.807816e+00;1.675627e+00;5.857744e-01;-1.552221e+00;-4.567032e-01
2;0.100000;-6.101451e-01;-1.405380e+00;3.734810e+00;-4.623900e+00;-3.244192e+00;3.207664e+00;-3.414371e+00;-3.373725e+00;3.375134e-01;-5.627043e+00;2.091821e+00;3.237352e-01;1.024519e+00;3.643700e+00
3;0.150000;2.437407e+00;3.423357e-01;2.468146e+00;-5.934468e+00;-2.992546e+00;2.522816e+00;-1.532454e+00;-1.162255e+00;-2.345279e+00;-5.296204e+00;9.314213e-01;2.399683e-01;2.504836e+00;3.452690e+00
4;0.200000;5.941928e+00;1.969334e+00;6.104733e-01;-5.950574e+00;-1.944288e+00;-2.032441e+00;8.908763e-01;4.883455e+00;-6.715007e+00;-2.384623e+00;-3.078614e+00;3.970630e-01;1.211776e+00;-1.643677e-01
5;0.250000;5.511172e+00;3.462019e+00;-1.760291e+00;-1.028325e+00;-4.188538e-01;-5.838880e+00;2.042198e+00;6.292512e+00;-5.737774e+00;1.779671e-01;-5.675102e+00;-1.176828e+00;-1.936048e+00;-3.464600e+00
6;0.300000;-2.528615e-01;7.489376e-01;-2.867560e+00;6.894191e+00;3.953986e+00;-1.796652e+00;-6.381874e-01;-2.791080e-01;-1.665631e+00;5.872922e+00;-1.752371e+00;-3.124325e+00;-1.295283e+00;-1.299011e+00
7;0.350000;-3.607446e+00;-4.232905e-01;-3.839878e+00;7.390837e+00;3.904351e+00;5.854845e-01;7.793636e-01;-1.987334e+00;3.193337e+00;6.237418e+00;2.230354e+00;-2.590254e+00;-1.015368e-01;1.006889e+00
8;0.400000;-6.507879e+00;-1.441702e+00;-4.048561e+00;7.843771e+00;2.797088e+00;2.719255e+00;2.048989e+00;-2.656035e+00;6.812412e+00;5.648182e+00;4.531646e+00;-2.167476e+00;7.025003e-01;1.145767e+00
