frameIndex;frameTime;pcm_fftMag_mfcc[0];pcm_fftMag_mfcc[1];pcm_fftMag_mfcc[2];pcm_fftMag_mfcc[3];pcm_fftMag_mfcc[4];pcm_fftMag_mfcc[5];pcm_fftMag_mfcc[6];pcm_fftMag_mfcc[7];pcm_fftMag_mfcc[8];pcm_fftMag_mfcc[9];pcm_fftMag_mfcc[10];pcm_fftMag_mfcc[11];pcm_fftMag_mfcc[12];pcm_fftMag_mfcc[13]
0;0.000000;-6.161450e-01;1.053457e-01;-2.142506e+00;-4.937684e+00;-1.513247e+00;3.553437e+00;-2.389110e+00;-3.456841e-01;-1.183429e+00;-7.615662e-02;4.443946e-01;-1.273444e+00;1.510983e+00;3.833473e+00
1;0.050000;-6.197367e-01;4.021316e-01;-2.444582e-01;-3.700175e-01;-5.387669e-01;-3.579441e-01;-5.032125e-01;3.355265e-02;1.164111e+00;1.092760e+00;-7.821165e-01;1.575842e-01;-9.238256e-01;7.133026e-01
2;0.100000;2.010845e-01;-5.151176e-02;9.285419e-01;1.798372e+00;9.233193e-01;-5.640123e-01;1.238019e+00;1.352954e-01;1.228602e+00;-1.698599e-01;6.984813e-01;4.469230e-01;-1.043606e+00;-1.651459e+00
3;0.150000;1.034797e+00;-4.559660e-01;1.458423e+00;3.509329e+00;1.128696e+00;-2.631481e+00;1.654304e+00;1.768365e-01;-1.209284e+00;-8.467436e-01;-3.607590e-01;6.689368e-01;4.564481e-01;-2.895309e+00
