frameIndex;frameTime;pcm_fftMag_mfcc[0];pcm_fftMag_mfcc[1];pcm_fftMag_mfcc[2];pcm_fftMag_mfcc[3];pcm_fftMag_mfcc[4];pcm_fftMag_mfcc[5];pcm_fftMag_mfcc[6];pcm_fftMag_mfcc[7];pcm_fftMag_mfcc[8];pcm_fftMag_mfcc[9];pcm_fftMag_mfcc[10];pcm_fftMag_mfcc[11];pcm_fftMag_mfcc[12];pcm_fftMag_mfcc[13]
0;0.000000;-5.661678e-02;1.032644e+00;-9.332829e-01;-4.678507e-01;2.563866e+00;2.967675e+00;-2.165550e+00;-3.610555e+00;4.027090e-01;-5.559673e-01;4.383178e-01;-7.007985e-01;4.620243e+00;-5.265274e-01
1;0.050000;-4.433703e-01;9.268672e-01;2.029891e+00;-2.560096e+00;-6.784477e-01;9.821426e-01;1.703482e-01;-9.596214e-01;-1.030369e+00;-8.120918e-02;3.048759e-01;4.293165e-01;3.957869e-01;1.260590e+00
2;0.100000;-4.935265e-05;-8.982946e-01;1.642593e+00;-2.426291e-01;-1.481850e+00;-1.366419e+00;1.301620e+00;2.218282e+00;1.542282e-02;1.722355e-01;-5.753880e-01;9.217176e-01;-1.903283e+00;1.099670e+00
3;0.150000;5.000372e-01;-1.061216e+00;-2.739203e+00;3.270574e+00;-4.035721e-01;-2.583399e+00;6.935844e-01;2.351895e+00;6.122370e-01;4.649391e-01;-1.678057e-01;-6.502333e-01;-3.112747e+00;-1.833725e+00
