frameIndex;frameTime;pcm_fftMag_mfcc[0];pcm_fftMag_mfcc[1];pcm_fftMag_mfcc[2];pcm_fftMag_mfcc[3];pcm_fftMag_mfcc[4];pcm_fftMag_mfcc[5];pcm_fftMag_mfcc[6];pcm_fftMag_mfcc[7];pcm_fftMag_mfcc[8];pcm_fftMag_mfcc[9];pcm_fftMag_mfcc[10];pcm_fftMag_mfcc[11];pcm_fftMag_mfcc[12];pcm_fftMag_mfcc[13]
0;0.000000;-1.050831e+01;6.854682e+00;-3.055594e+00;-2.269564e+00;9.801497e+00;-4.234459e+00;-4.946345e+00;-1.864781e+00;-4.045980e+00;4.196756e+00;-1.562444e+00;-1.302838e+00;2.213630e+00;5.097549e+00
1;0.050000;-4.752110e+00;4.399349e+00;-9.282932e-01;-1.252545e+00;6.580368e+00;-3.692649e+00;-1.857053e+00;6.295977e-01;-2.822701e+00;3.458836e+00;-2.243614e+00;-1.097024e+00;1.749851e+00;4.631805e-02
2;0.100000;5.097830e+00;1.538823e+00;-4.885968e+00;-2.310811e+00;3.025813e+00;-2.107850e+00;7.822233e+00;4.545253e+00;1.363510e+00;-1.511327e+00;-1.196508e+00;-3.026919e+00;3.160460e+00;-6.136948e+00
3;0.150000;7.783702e+00;1.559023e+00;-7.464934e+00;-1.801348e+00;4.346199e-01;-5.998847e+00;1.038037e+01;4.554828e+00;-1.745092e+00;1.484074e+00;-2.375635e+00;-4.683980e+00;4.360598e+00;-5.661110e+00
4;0.200000;5.060165e+00;-1.667684e+00;-2.495557e-01;-9.723825e-01;-3.839426e+00;1.192229e+00;2.013964e+00;2.068649e+00;2.509144e+00;-4.563114e+00;2.575302e-02;-2.849926e+00;-4.479551e-01;-2.310333e+00
5;0.250000;2.277412e-01;-2.901588e+00;5.244494e+00;1.106515e+00;-5.465130e+00;4.931995e+00;-2.683744e+00;-8.885517e-01;1.661177e-01;-3.412381e+00;4.460535e-01;2.373192e+00;-3.057724e+00;1.863441e+00
6;0.300000;-1.724504e+00;-4.242770e+00;6.440464e+00;2.960019e+00;-5.805187e+00;5.222980e+00;-4.750770e+00;-3.771677e+00;9.154491e-01;-1.216030e+00;2.171937e+00;4.505093e+00;-4.171885e+00;3.868202e+00
7;0.350000;-1.184513e+00;-5.539841e+00;4.899386e+00;4.540123e+00;-4.732563e+00;4.686602e+00;-5.978655e+00;-5.273317e+00;3.659548e+00;1.563188e+00;4.734456e+00;6.082402e+00;-3.806975e+00;3.232849e+00
