frameIndex;frameTime;pcm_fftMag_mfcc[0];pcm_fftMag_mfcc[1];pcm_fftMag_mfcc[2];pcm_fftMag_mfcc[3];pcm_fftMag_mfcc[4];pcm_fftMag_mfcc[5];pcm_fftMag_mfcc[6];pcm_fftMag_mfcc[7];pcm_fftMag_mfcc[8];pcm_fftMag_mfcc[9];pcm_fftMag_mfcc[10];pcm_fftMag_mfcc[11];pcm_fftMag_mfcc[12];pcm_fftMag_mfcc[13]
0;0.000000;1.536107e+00;2.047673e-01;-3.356356e+00;1.093445e+00;2.775186e+00;1.430816e+00;1.495500e+00;-1.063531e+00;1.859313e+00;5.279756e-01;-9.876251e-03;5.045308e-01;7.011697e-01;-4.192505e-01
1;0.050000;-1.536107e+00;-2.047673e-01;3.356357e+00;-1.093446e+00;-2.775186e+00;-1.430816e+00;-1.495500e+00;1.063532e+00;-1.859312e+00;-5.279756e-01;9.877205e-03;-5.045309e-01;-7.011695e-01;4.192581e-01
