frameIndex;frameTime;pcm_fftMag_mfcc[0];pcm_fftMag_mfcc[1];pcm_fftMag_mfcc[2];pcm_fftMag_mfcc[3];pcm_fftMag_mfcc[4];pcm_fftMag_mfcc[5];pcm_fftMag_mfcc[6];pcm_fftMag_mfcc[7];pcm_fftMag_mfcc[8];pcm_fftMag_mfcc[9];pcm_fftMag_mfcc[10];pcm_fftMag_mfcc[11];pcm_fftMag_mfcc[12];pcm_fftMag_mfcc[13]
0;0.000000;1.306577e+00;4.376373e-01;-9.503922e-01;-8.631292e+00;1.549088e+00;2.601648e+00;-3.442310e+00;3.362098e+00;-1.634195e+00;4.716956e+00;2.603708e+00;2.995679e+00;2.100742e+00;1.310371e+00
1;0.050000;-1.304672e+00;-2.000170e+00;7.385750e-01;1.655015e+00;-2.485733e+00;1.642940e+00;2.450396e+00;1.141738e+00;1.237734e+00;3.259565e+00;-6.330681e-02;2.382234e+00;3.172077e+00;-1.716805e+00
2;0.100000;-3.789784e+00;-7.532704e+00;2.184708e+00;6.508948e+00;-2.130140e+00;9.847817e-01;1.635627e+00;-3.302222e+00;2.176142e+00;2.075728e+00;-3.637152e-01;4.336584e-01;-1.416658e+00;-2.571106e-02
3;0.150000;-8.593273e-01;-4.225172e+00;1.818197e+00;1.931254e+00;-3.309978e+00;-1.250709e+00;-2.377458e-01;-3.875588e+00;-1.306007e+00;-1.619756e+00;-1.658024e+00;-1.711826e+00;-1.519532e+00;2.481262e+00
4;0.200000;1.859473e+00;2.007851e+00;8.724203e-01;-2.278151e+00;-1.447308e+00;-7.064195e-01;7.766294e-02;-1.689844e-01;-1.606043e+00;-3.318053e+00;-7.399702e-01;-2.118495e+00;-2.865804e-01;1.606949e+00
5;0.250000;2.568634e+00;6.945320e+00;-1.065282e+00;-2.879124e+00;2.246615e+00;-1.391059e+00;-3.783898e-01;3.393884e+00;1.249852e+00;-4.976667e+00;-1.171583e+00;-1.873257e+00;6.560576e-02;-1.373528e+00
6;0.300000;2.191029e-01;4.367241e+00;-3.598222e+00;3.693349e+00;5.577447e+00;-1.881181e+00;-1.052389e-01;-5.509257e-01;-1.174822e-01;-1.377730e-01;1.392889e+00;-1.079937e-01;-2.115655e+00;-2.282608e+00
