frameIndex;frameTime;pcm_fftMag_mfcc[0];pcm_fftMag_mfcc[1];pcm_fftMag_mfcc[2];pcm_fftMag_mfcc[3];pcm_fftMag_mfcc[4];pcm_fftMag_mfcc[5];pcm_fftMag_mfcc[6];pcm_fftMag_mfcc[7];pcm_fftMag_mfcc[8];pcm_fftMag_mfcc[9];pcm_fftMag_mfcc[10];pcm_fftMag_mfcc[11];pcm_fftMag_mfcc[12];pcm_fftMag_mfcc[13]
0;0.000000;8.800442e-01;-4.584851e-01;-2.347917e+00;-9.393703e+00;-2.079726e+00;4.275600e+00;-3.361320e+00;6.302974e+00;-5.876216e+00;-1.511412e+00;-2.031195e+00;-3.489192e+00;3.726249e-01;4.038277e+00
1;0.050000;7.291765e-01;-2.306377e+00;-3.160283e+00;-1.448541e+00;1.284134e-01;-2.839705e+00;-1.162267e+00;4.819266e+00;-3.103304e-01;-1.912824e+00;-4.600264e-01;-3.223298e+00;6.160269e-01;3.224487e+00
2;0.100000;-6.145278e-01;-1.806048e+00;-2.005196e+00;2.378431e+00;2.169001e+00;-6.536791e+00;-8.896399e-01;7.721772e-01;3.983613e+00;9.331238e-01;7.962888e-01;-2.772726e-01;2.558976e-01;3.042313e+00
3;0.150000;-1.519465e+00;-3.790054e-01;6.834092e-01;2.056586e+00;2.781770e+00;-2.177813e+00;-8.496466e-01;-3.087119e+00;5.262814e+00;1.467912e+00;-9.259409e-01;2.325726e+00;-1.387616e+00;2.008148e+00
4;0.200000;-1.204977e+00;2.696891e-01;2.402033e+00;6.743500e-01;1.791079e+00;1.596896e+00;-2.132473e-01;-3.900400e+00;1.720787e+00;8.407788e-01;-1.543853e+00;2.324188e+00;-1.898172e+00;-1.625824e-02
5;0.250000;8.906782e-01;9.414654e-01;2.376355e+00;1.183040e+00;-1.303126e+00;1.625589e+00;1.771392e+00;-1.738550e+00;-6.417253e-01;3.806643e-01;-2.425934e-01;6.320140e-01;-4.852557e-01;-2.769112e+00
6;0.300000;7.562473e-01;1.870544e+00;1.321290e+00;1.588439e+00;-2.038484e+00;1.625925e+00;2.161128e+00;-1.764490e+00;-2.023753e+00;3.511479e-01;1.548221e+00;4.449470e-01;1.210029e+00;-4.275108e+00
7;0.350000;8.282423e-02;1.868221e+00;7.303102e-01;2.961398e+00;-1.448926e+00;2.430301e+00;2.543610e+00;-1.403859e+00;-2.115187e+00;-5.493910e-01;2.859097e+00;1.262885e+00;1.316466e+00;-5.252701e+00
