frameIndex;frameTime;pcm_fftMag_mfcc[0];pcm_fftMag_mfcc[1];pcm_fftMag_mfcc[2];pcm_fftMag_mfcc[3];pcm_fftMag_mfcc[4];pcm_fftMag_mfcc[5];pcm_fftMag_mfcc[6];pcm_fftMag_mfcc[7];pcm_fftMag_mfcc[8];pcm_fftMag_mfcc[9];pcm_fftMag_mfcc[10];pcm_fftMag_mfcc[11];pcm_fftMag_mfcc[12];pcm_fftMag_mfcc[13]
0;0.000000;-1.446225e+00;-2.829329e+00;8.274937e-01;-2.114285e+00;-4.719988e+00;-9.293661e-01;-2.167040e+00;1.802056e+00;-7.762737e-01;-3.177543e-01;-6.557648e+00;1.351601e+00;-1.878095e+00;4.753471e+00
1;0.050000;-8.596611e-02;-5.895977e-01;-8.380842e-01;-5.681744e-01;6.144829e-01;3.977814e-01;-1.486273e-01;2.298565e-01;-1.525574e+00;6.866193e-01;1.067288e+00;1.509525e+00;4.128208e-01;6.771698e-01
2;0.100000;1.532191e+00;3.418925e+00;1.059246e-02;2.682463e+00;4.105505e+00;5.315838e-01;2.315666e+00;-2.031911e+00;2.301849e+00;-3.688636e-01;5.490361e+00;-2.861127e+00;1.465275e+00;-5.430672e+00
