frameIndex;frameTime;pcm_fftMag_mfcc[0];pcm_fftMag_mfcc[1];pcm_fftMag_mfcc[2];pcm_fftMag_mfcc[3];pcm_fftMag_mfcc[4];pcm_fftMag_mfcc[5];pcm_fftMag_mfcc[6];pcm_fftMag_mfcc[7];pcm_fftMag_mfcc[8];pcm_fftMag_mfcc[9];pcm_fftMag_mfcc[10];pcm_fftMag_mfcc[11];pcm_fftMag_mfcc[12];pcm_fftMag_mfcc[13]
0;0.000000;-2.944582e+00;-5.340975e+00;-3.929201e+00;-7.319674e+00;-6.321247e+00;-2.263793e+00;3.358021e-01;-2.660686e+00;-4.598951e+00;-8.127102e+00;7.372951e+00;-1.891096e+00;-6.530134e+00;1.475700e+00
1;0.050000;-2.015224e+00;1.489564e+00;2.816379e+00;-1.009396e+00;-2.408113e-01;4.852276e-01;1.510624e+00;2.553043e+00;-3.417905e+00;-1.610422e+00;4.066846e-01;4.788511e+00;3.002396e+00;-1.583275e+00
2;0.100000;-5.564837e-01;3.574389e+00;4.355482e+00;1.025810e-01;-1.101874e+00;-7.618036e-01;2.626704e+00;4.683206e+00;-9.553280e-01;4.887581e-03;-1.502638e+00;1.810470e+00;2.051312e+00;6.295013e-01
3;0.150000;1.787827e+00;4.766475e+00;3.293536e+00;-1.017075e+00;-3.054186e+00;-1.536821e+00;4.780456e+00;5.948233e+00;7.234135e-01;6.936507e-01;-1.978848e+00;-1.015484e-01;1.706870e+00;-8.699188e-01
4;0.200000;2.638771e+00;-7.410688e-01;-2.685148e+00;2.956584e+00;3.534230e+00;8.646479e-01;-2.237288e+00;-3.283287e+00;4.235820e+00;5.151499e+00;-1.869570e+00;-3.317194e+00;-6.408353e-01;-1.198586e+00
5;0.250000;1.089691e+00;-3.748384e+00;-3.851048e+00;6.286978e+00;7.183888e+00;3.212544e+00;-7.016298e+00;-7.240505e+00;4.012952e+00;3.887486e+00;-2.428579e+00;-1.289143e+00;4.103903e-01;1.546616e+00
