frameIndex;frameTime;pcm_fftMag_mfcc[0];pcm_fftMag_mfcc[1];pcm_fftMag_mfcc[2];pcm_fftMag_mfcc[3];pcm_fftMag_mfcc[4];pcm_fftMag_mfcc[5];pcm_fftMag_mfcc[6];pcm_fftMag_mfcc[7];pcm_fftMag_mfcc[8];pcm_fftMag_mfcc[9];pcm_fftMag_mfcc[10];pcm_fftMag_mfcc[11];pcm_fftMag_mfcc[12];pcm_fftMag_mfcc[13]
0;0.000000;1.792914e+00;-2.456919e+00;-1.696765e+00;-4.159451e+00;-9.602821e+00;-4.048696e+00;-3.948278e+00;-2.245725e+00;-1.802665e+00;5.066891e+00;4.498012e+00;1.363846e+00;5.154740e+00;2.272263e-01
1;0.050000;1.723759e+00;-5.307899e+00;-2.759003e+00;-1.168814e-01;-3.864885e+00;-1.565792e+00;-6.402313e+00;-2.711835e+00;-3.022182e+00;-3.143343e+00;2.165961e+00;-1.653022e+00;5.123683e+00;1.813072e+00
2;0.100000;-2.414341e-01;-6.513468e+00;-4.160128e+00;3.520226e+00;3.585213e+00;5.721918e+00;-6.171701e+00;-1.720893e+00;-3.325420e+00;-5.078127e+00;-1.063457e-01;-3.009267e+00;3.455400e+00;1.925804e+00
3;0.150000;-2.543205e+00;-5.657906e+00;-4.649785e+00;2.393130e+00;8.647978e+00;9.638509e+00;-3.753635e+00;1.660097e+00;-2.572938e+00;3.424597e-01;-2.027492e+00;-3.013206e-01;3.262758e-02;1.883629e+00
4;0.200000;-1.445900e+00;-1.911257e+00;-2.325335e+00;6.690388e-01;8.943886e+00;7.575061e+00;-2.856386e+00;3.569159e+00;-2.977033e+00;2.845359e+00;-3.922819e+00;2.599934e+00;-2.471972e+00;9.734344e-01
5;0.250000;9.850330e-01;3.606992e+00;-1.749253e-01;8.461819e-01;5.967221e+00;1.357912e+00;-1.676231e+00;2.527494e+00;-1.783690e-01;5.987320e-01;-3.531831e+00;3.175612e+00;-1.710367e+00;-1.805092e+00
6;0.300000;5.076818e-01;6.508108e+00;3.233759e+00;8.821306e-01;-4.369204e+00;-5.757844e+00;6.487895e+00;-1.364753e+00;4.547854e+00;2.960920e-01;1.275705e+00;5.861689e-01;-3.109894e+00;-1.690559e+00
7;0.350000;-6.010180e-01;5.640883e+00;5.238045e+00;-1.901405e+00;-6.052999e+00;-6.886178e+00;8.435837e+00;-6.566675e-01;4.385248e+00;-5.896301e-01;1.351006e+00;-1.359589e+00;-4.041147e+00;-5.326462e-01
8;0.400000;-1.778336e-01;6.091468e+00;7.294135e+00;-2.132971e+00;-3.254389e+00;-6.034881e+00;9.884809e+00;9.431236e-01;4.945504e+00;-3.384361e-01;2.977991e-01;-1.402362e+00;-2.433070e+00;-2.794891e+00
