frameIndex;frameTime;pcm_fftMag_mfcc[0];pcm_fftMag_mfcc[1];pcm_fftMag_mfcc[2];pcm_fftMag_mfcc[3];pcm_fftMag_mfcc[4];pcm_fftMag_mfcc[5];pcm_fftMag_mfcc[6];pcm_fftMag_mfcc[7];pcm_fftMag_mfcc[8];pcm_fftMag_mfcc[9];pcm_fftMag_mfcc[10];pcm_fftMag_mfcc[11];pcm_fftMag_mfcc[12];pcm_fftMag_mfcc[13]
0;0.000000;4.197368e+00;3.663271e+00;-1.046824e+01;-1.428572e+01;-7.028160e-01;2.134540e+00;8.758221e-01;-1.234038e+01;1.869137e+00;1.827448e+00;4.103661e-03;4.497557e+00;4.495609e+00;-4.476013e-01
1;0.050000;5.099008e+00;-1.587570e+00;-7.154436e+00;-7.894548e+00;-1.665972e+00;-4.381979e-01;-9.966793e-01;-2.853486e+00;-3.348364e+00;1.011277e+00;4.336433e-01;6.204176e+00;9.814792e-01;1.783714e+00
2;0.100000;1.656032e+00;-3.460419e+00;-3.168336e+00;-1.257158e+00;-1.328466e+00;-1.973867e+00;-1.466486e+00;2.282569e+00;-2.777155e+00;1.041975e-01;1.921535e+00;3.598760e+00;-4.605837e-01;3.277519e+00
3;0.150000;-2.251349e+00;-1.632101e+00;2.760890e+00;4.639869e+00;3.931446e-01;-1.592495e+00;1.060713e+00;5.408801e+00;1.082004e+00;5.496907e-01;4.011812e+00;9.667448e-01;-1.186292e+00;2.151733e+00
4;0.200000;-4.952710e+00;1.298860e+00;8.704495e+00;8.662830e+00;1.116739e+00;-2.855279e-01;1.399134e+00;4.571055e+00;6.173992e-01;-1.965201e+00;-8.760900e-01;-5.182074e+00;-3.046291e+00;-1.501305e+00
5;0.250000;-3.748348e+00;1.717963e+00;9.325622e+00;1.013473e+01;2.187371e+00;2.155547e+00;-8.725090e-01;2.931443e+00;2.556973e+00;-1.527412e+00;-5.495006e+00;-1.008516e+01;-7.839231e-01;-5.264122e+00
