frameIndex;frameTime;pcm_fftMag_mfcc[0];pcm_fftMag_mfcc[1];pcm_fftMag_mfcc[2];pcm_fftMag_mfcc[3];pcm_fftMag_mfcc[4];pcm_fftMag_mfcc[5];pcm_fftMag_mfcc[6];pcm_fftMag_mfcc[7];pcm_fftMag_mfcc[8];pcm_fftMag_mfcc[9];pcm_fftMag_mfcc[10];pcm_fftMag_mfcc[11];pcm_fftMag_mfcc[12];pcm_fftMag_mfcc[13]
0;0.000000;2.145902e+00;-6.944656e-01;4.372914e+00;9.858018e-01;-7.507974e+00;-4.663174e+00;3.771831e+00;4.105400e+00;-1.578385e+00;-1.690455e+00;-1.859420e+00;-5.834468e-01;9.921508e-01;-2.844696e+00
1;0.010000;1.608930e+00;-6.157110e-01;1.800183e+00;1.448699e+00;-2.169642e+00;-3.492666e+00;3.954279e-01;5.339490e-01;-1.892674e+00;1.305399e+00;1.382750e-01;9.201574e-01;1.957725e-01;-1.611206e+00
2;0.020000;-1.073378e+00;4.374809e-01;-2.428550e+00;-1.020733e+00;3.909881e+00;2.329067e+00;-2.342509e+00;-1.798238e+00;1.007101e+00;6.308613e-01;1.066834e+00;1.133023e+00;-4.591864e-01;1.924194e+00
3;0.030000;-2.681454e+00;8.726959e-01;-3.744547e+00;-1.413768e+00;5.767734e+00;5.826777e+00;-1.824750e+00;-2.841111e+00;2.463959e+00;-2.458053e-01;6.543104e-01;-1.469734e+00;-7.287370e-01;2.531723e+00
