frameIndex;frameTime;pcm_fftMag_mfcc[0];pcm_fftMag_mfcc[1];pcm_fftMag_mfcc[2];pcm_fftMag_mfcc[3];pcm_fftMag_mfcc[4];pcm_fftMag_mfcc[5];pcm_fftMag_mfcc[6];pcm_fftMag_mfcc[7];pcm_fftMag_mfcc[8];pcm_fftMag_mfcc[9];pcm_fftMag_mfcc[10];pcm_fftMag_mfcc[11];pcm_fftMag_mfcc[12];pcm_fftMag_mfcc[13]
0;0.000000;1.449607e+00;3.713183e-01;-1.165387e+00;-1.120310e+00;-1.897142e+00;-1.913754e+00;-1.301529e+00;-3.717756e-02;9.593821e-02;2.596889e+00;2.114166e+00;2.396414e-01;-2.441577e+00;9.129868e-01
1;0.010000;-1.137519e-02;5.460038e-01;5.624523e-01;-2.238493e-01;6.848270e-01;-1.052916e-01;3.213530e-01;4.034687e-01;-6.809082e-01;-1.431597e+00;-1.337244e+00;-4.862523e-01;7.738172e-01;-5.648804e-02
2;0.020000;-1.438232e+00;-9.173222e-01;6.029348e-01;1.344159e+00;1.212315e+00;2.019046e+00;9.801762e-01;-3.662911e-01;5.849705e-01;-1.165291e+00;-7.769219e-01;2.466111e-01;1.667760e+00;-8.565063e-01
