frameIndex;frameTime;pcm_fftMag_mfcc[0];pcm_fftMag_mfcc[1];pcm_fftMag_mfcc[2];pcm_fftMag_mfcc[3];pcm_fftMag_mfcc[4];pcm_fftMag_mfcc[5];pcm_fftMag_mfcc[6];pcm_fftMag_mfcc[7];pcm_fftMag_mfcc[8];pcm_fftMag_mfcc[9];pcm_fftMag_mfcc[10];pcm_fftMag_mfcc[11];pcm_fftMag_mfcc[12];pcm_fftMag_mfcc[13]
0;0.000000;6.282129e-01;-9.174109e-01;-1.152328e+00;-3.206426e+00;1.144564e+00;2.357325e+00;-4.507622e+00;-4.924361e+00;-1.550005e+00;-1.385733e+00;2.699461e+00;1.987759e+00;-3.796713e+00;3.287788e+00
1;0.010000;7.228613e-01;5.594406e-01;1.677599e-01;5.231912e-01;3.211246e+00;2.117683e+00;-2.390137e+00;-6.099092e+00;-2.796604e+00;-1.127949e+00;1.553981e+00;-1.201344e+00;-4.413375e+00;2.223724e+00
2;0.020000;1.083183e-02;8.172424e-01;-8.666382e-01;-4.257410e-01;2.489211e+00;2.122413e+00;8.866105e-01;-3.151121e+00;-4.387782e-01;4.661894e-02;1.423126e+00;-1.352869e+00;-3.961246e+00;1.363823e+00
3;0.030000;6.272888e-02;9.288671e-01;-1.762323e+00;-7.485504e-01;2.610739e-01;8.650408e-01;1.894275e+00;-7.254708e-01;-7.045727e-01;-4.695477e-01;7.634406e-01;-1.029492e+00;-8.103762e-01;5.594101e-01
4;0.040000;1.885653e-01;-1.157141e-02;-1.565866e+00;-1.070356e-02;3.925918e-01;-2.336736e-01;-9.285629e-01;5.404586e-01;3.213693e-01;6.452415e-01;-9.740686e-01;-1.134260e+00;5.281901e-01;1.738815e-01
5;0.050000;-6.559973e-01;4.727051e-01;4.428158e-01;-2.738307e-01;3.470470e-01;-1.528294e+00;-3.352594e-01;2.886101e+00;2.019090e+00;2.123901e+00;-2.000793e+00;4.947635e-01;2.177241e+00;-5.626144e-01
6;0.060000;-8.470850e-01;4.770670e-01;2.680965e+00;1.400417e+00;-1.590228e+00;-2.471284e+00;1.219667e+00;3.891237e+00;2.155835e+00;-4.621396e-01;-9.974484e-01;6.845173e-01;2.360756e+00;-1.676140e+00
7;0.070000;-3.026619e-01;-1.113940e+00;2.001151e+00;2.139774e+00;-2.395271e+00;-1.577140e+00;2.150784e+00;4.407917e+00;9.787807e-01;-5.841017e-01;-6.643271e-01;4.718643e-01;2.811954e+00;-2.592907e+00
8;0.080000;1.925468e-01;-1.212399e+00;5.446053e-02;6.018695e-01;-3.860235e+00;-1.652073e+00;2.010246e+00;3.174334e+00;1.488495e-02;1.213712e+00;-1.803370e+00;1.079062e+00;5.103569e+00;-2.777027e+00
