frameIndex;frameTime;pcm_fftMag_mfcc[0];pcm_fftMag_mfcc[1];pcm_fftMag_mfcc[2];pcm_fftMag_mfcc[3];pcm_fftMag_mfcc[4];pcm_fftMag_mfcc[5];pcm_fftMag_mfcc[6];pcm_fftMag_mfcc[7];pcm_fftMag_mfcc[8];pcm_fftMag_mfcc[9];pcm_fftMag_mfcc[10];pcm_fftMag_mfcc[11];pcm_fftMag_mfcc[12];pcm_fftMag_mfcc[13]
0;0.000000;1.351100e+00;3.803463e-01;5.273106e-01;-9.077921e-01;-8.326087e-01;-8.890043e-01;-8.671160e-01;-9.695802e-01;2.102602e+00;5.376410e-01;-1.365323e+00;2.396334e+00;-2.460133e+00;1.761177e+00
1;0.010000;-1.499522e-01;2.693796e-01;-2.830744e-01;-1.521711e-01;1.170358e+00;9.895657e-01;1.176509e+00;3.220541e-01;-4.270276e-01;-3.157380e-01;5.931096e-01;1.699757e+00;1.337853e+00;-1.365128e-01
2;0.020000;-1.201149e+00;-6.497259e-01;-2.442360e-01;1.059964e+00;-3.377495e-01;-1.005613e-01;-3.093933e-01;6.475260e-01;-1.675575e+00;-2.219026e-01;7.722132e-01;-4.096090e+00;1.122280e+00;-1.624664e+00
