frameIndex;frameTime;pcm_fftMag_mfcc[0];pcm_fftMag_mfcc[1];pcm_fftMag_mfcc[2];pcm_fftMag_mfcc[3];pcm_fftMag_mfcc[4];pcm_fftMag_mfcc[5];pcm_fftMag_mfcc[6];pcm_fftMag_mfcc[7];pcm_fftMag_mfcc[8];pcm_fftMag_mfcc[9];pcm_fftMag_mfcc[10];pcm_fftMag_mfcc[11];pcm_fftMag_mfcc[12];pcm_fftMag_mfcc[13]
0;0.000000;2.849262e+00;-2.101327e+00;-6.488810e-01;1.326648e+00;-3.811761e+00;4.389370e+00;4.758659e+00;-4.003416e+00;3.040003e+00;3.028144e+00;-4.667752e+00;5.729069e+00;1.715001e+00;2.582550e+00
1;0.010000;3.155613e-01;-1.104567e+00;-4.930038e-01;1.719604e+00;-4.492043e+00;4.177331e+00;1.525373e-01;-1.445139e+00;-5.864353e-01;4.045780e+00;3.148594e-01;2.826510e+00;9.800959e-02;2.437927e+00
2;0.020000;-1.269923e+00;9.126885e-01;-2.022490e+00;-2.431750e-02;-2.256937e+00;2.347040e+00;-4.801257e+00;-7.063942e-01;-1.839557e+00;4.292949e+00;2.273242e+00;-1.861428e+00;-2.143301e+00;3.685303e-01
3;0.030000;-1.171765e+00;2.154695e+00;-1.671437e+00;-1.828947e+00;3.177244e+00;1.506845e+00;-2.357181e+00;3.062860e+00;-2.855682e-02;-6.840060e-01;3.364811e-01;-2.912043e+00;-1.158534e+00;-1.171028e+00
4;0.040000;-4.759350e-01;2.143838e-01;2.004046e+00;-3.574777e-01;4.947859e+00;-3.741139e+00;1.667381e+00;1.782765e+00;-1.262259e+00;-5.120284e+00;1.547604e+00;-2.314039e+00;3.812804e-01;-1.936165e+00
5;0.050000;-2.471981e-01;-7.587481e-02;2.831766e+00;-8.355103e-01;2.435636e+00;-8.679447e+00;5.798655e-01;1.309325e+00;6.768026e-01;-5.562582e+00;1.955638e-01;-1.468069e+00;1.107543e+00;-2.281815e+00
