frameIndex;frameTime;pcm_fftMag_mfcc[0];pcm_fftMag_mfcc[1];pcm_fftMag_mfcc[2];pcm_fftMag_mfcc[3];pcm_fftMag_mfcc[4];pcm_fftMag_mfcc[5];pcm_fftMag_mfcc[6];pcm_fftMag_mfcc[7];pcm_fftMag_mfcc[8];pcm_fftMag_mfcc[9];pcm_fftMag_mfcc[10];pcm_fftMag_mfcc[11];pcm_fftMag_mfcc[12];pcm_fftMag_mfcc[13]
0;0.000000;-8.377724e-01;-1.251433e+00;-8.136356e-01;-1.912946e+00;-2.674334e+00;3.978642e+00;-1.897400e+00;1.187907e+00;-9.792030e-01;-3.371324e+00;-5.579200e-01;-1.768140e+00;-1.865768e+00;6.162872e-01
1;0.010000;3.433404e-01;-1.376235e-01;-7.336373e-01;-1.879025e+00;-2.695451e+00;3.336151e-01;-3.683811e+00;4.895358e-01;-1.910043e+00;-2.801784e+00;-6.868262e-01;-1.114037e+00;-2.214911e+00;6.139069e-01
2;0.020000;1.089247e+00;3.459450e-01;2.654417e-01;-1.508698e+00;-1.954486e+00;-1.943144e-01;-9.690304e-01;5.370708e-01;1.364710e-01;1.641512e-01;1.652357e+00;1.272054e+00;-1.258984e+00;4.180145e-01
3;0.030000;9.632478e-01;-1.530962e-01;6.505845e-01;3.917480e-02;-4.351923e-01;1.717693e-01;2.710539e+00;3.688154e-01;-8.571815e-02;1.552428e+00;2.283039e-01;1.322182e+00;3.826988e-01;-6.920624e-02
4;0.040000;3.645706e-01;-1.488006e-01;-6.448116e-01;1.897070e-01;3.616349e-01;-1.920111e-01;2.042101e+00;5.201893e-01;-1.992915e-01;3.381824e+00;-8.234425e-01;8.233535e-01;9.056497e-01;-5.673828e-01
5;0.050000;-5.788279e-02;1.981642e-01;-1.519968e+00;6.250122e-01;2.223246e+00;-5.566070e-01;-6.038618e-01;-9.455371e-01;7.443542e-01;2.775728e+00;1.153455e+00;4.552253e-01;-5.051541e-02;-4.515076e-01
6;0.060000;-7.425270e-01;5.314096e-01;7.518244e-01;1.826565e+00;2.052239e+00;-1.967701e+00;2.936330e-01;-2.276221e+00;2.066100e-01;-2.618937e-01;7.204361e-01;-7.906541e-01;1.370708e+00;-1.946182e-01
7;0.070000;-1.122222e+00;6.154357e-01;2.044203e+00;2.620213e+00;3.122344e+00;-1.573392e+00;2.107830e+00;1.182404e-01;2.086820e+00;-1.439131e+00;-1.686363e+00;-1.999838e-01;2.731121e+00;-3.654785e-01
