frameIndex;frameTime;pcm_fftMag_mfcc[0];pcm_fftMag_mfcc[1];pcm_fftMag_mfcc[2];pcm_fftMag_mfcc[3];pcm_fftMag_mfcc[4];pcm_fftMag_mfcc[5];pcm_fftMag_mfcc[6];pcm_fftMag_mfcc[7];pcm_fftMag_mfcc[8];pcm_fftMag_mfcc[9];pcm_fftMag_mfcc[10];pcm_fftMag_mfcc[11];pcm_fftMag_mfcc[12];pcm_fftMag_mfcc[13]
0;0.000000;-2.987347e+00;-2.008956e+00;-3.736153e-01;1.835431e-01;-4.947758e-02;1.514799e+00;2.156708e+00;5.943727e+00;1.281182e+00;2.077007e+00;1.360412e+00;-1.840890e+00;4.082561e+00;1.188095e+00
1;0.010000;-2.189089e+00;-1.749463e+00;1.144755e+00;1.124881e+00;8.274555e-02;1.161438e+00;1.216158e+00;2.863051e+00;2.951080e-01;6.918583e-01;-2.728554e+00;-3.446292e+00;8.811438e-01;1.527321e+00
2;0.020000;-1.359299e+00;-1.466554e+00;1.714492e-01;6.556463e-01;-3.825660e-01;-2.563877e-01;8.516946e-01;2.876375e+00;2.771722e+00;1.576769e+00;-1.114784e+00;-1.943907e+00;-2.891541e+00;2.132980e+00
3;0.030000;-1.214806e+00;-8.006437e-01;-5.915194e-01;4.265221e-01;-2.810435e+00;-9.095774e-01;-8.893828e-01;2.700036e+00;3.113019e+00;4.109716e-01;3.033768e+00;3.777466e+00;-1.137015e+00;2.048012e+00
4;0.040000;-1.887665e-01;8.380929e-01;-6.383920e-01;1.443668e+00;-4.709721e+00;-2.708947e+00;-3.387313e+00;-9.294270e-01;-1.806319e-02;-3.193029e+00;3.013864e+00;3.942429e+00;-7.077649e-01;1.023109e+00
5;0.050000;1.051132e+00;1.909574e+00;-1.525069e+00;1.047342e+00;-3.270566e+00;-2.975451e+00;-2.370450e+00;-5.086823e+00;-2.743960e+00;-2.389822e+00;2.044175e+00;8.580503e-01;2.832329e-01;-1.738739e-01
6;0.060000;1.822590e+00;1.801899e+00;-2.034822e+00;-1.492534e+00;1.803837e-01;-1.580670e+00;-1.631021e+00;-4.217084e+00;-2.534292e+00;-2.674029e+00;9.253330e-01;1.484579e+00;-8.111488e-01;-1.074234e+00
7;0.070000;2.476122e+00;1.485390e+00;5.242872e-01;-2.376705e+00;4.214512e+00;1.478935e+00;2.449036e-03;-2.618283e+00;-2.319679e+00;-5.185962e-01;-2.504303e+00;2.139487e-01;-1.990541e-01;-2.002655e+00
8;0.080000;2.589456e+00;-9.339035e-03;3.322924e+00;-1.012363e+00;6.745125e+00;4.275864e+00;4.051160e+00;-1.531572e+00;1.549615e-01;4.018875e+00;-4.029912e+00;-3.045382e+00;4.995849e-01;-4.668831e+00
