frameIndex;frameTime;pcm_fftMag_mfcc[0];pcm_fftMag_mfcc[1];pcm_fftMag_mfcc[2];pcm_fftMag_mfcc[3];pcm_fftMag_mfcc[4];pcm_fftMag_mfcc[5];pcm_fftMag_mfcc[6];pcm_fftMag_mfcc[7];pcm_fftMag_mfcc[8];pcm_fftMag_mfcc[9];pcm_fftMag_mfcc[10];pcm_fftMag_mfcc[11];pcm_fftMag_mfcc[12];pcm_fftMag_mfcc[13]
0;0.000000;-1.325130e+00;2.839439e-01;5.352616e+00;-1.001643e+00;-4.105280e+00;-1.789069e-02;-2.614424e+00;2.459370e-01;-5.192942e+00;-6.823957e+00;-2.082486e+00;3.066069e+00;1.698341e-01;3.637695e+00
1;0.010000;7.050228e-01;1.494511e-01;-1.275980e+00;1.195824e+00;-7.027388e-01;-1.821382e-01;1.371575e+00;1.575329e-01;1.161257e+00;2.083087e+00;-3.142746e-01;2.397608e+00;7.330945e-01;-3.813553e-01
2;0.020000;6.201086e-01;-4.333950e-01;-4.076637e+00;-1.941805e-01;4.808018e+00;2.000289e-01;1.242847e+00;-4.034696e-01;4.031685e+00;4.740870e+00;2.396761e+00;-5.463676e+00;-9.029282e-01;-3.256332e+00
