frameIndex;frameTime;pcm_fftMag_mfcc[0];pcm_fftMag_mfcc[1];pcm_fftMag_mfcc[2];pcm_fftMag_mfcc[3];pcm_fftMag_mfcc[4];pcm_fftMag_mfcc[5];pcm_fftMag_mfcc[6];pcm_fftMag_mfcc[7];pcm_fftMag_mfcc[8];pcm_fftMag_mfcc[9];pcm_fftMag_mfcc[10];pcm_fftMag_mfcc[11];pcm_fftMag_mfcc[12];pcm_fftMag_mfcc[13]
0;0.000000;1.319050e+00;5.926507e-01;5.768490e-02;1.423703e+00;3.297892e+00;-1.186472e+00;-2.929963e+00;-2.889671e-01;-1.174157e+00;-2.394487e+00;-2.058397e+00;-3.117530e-01;1.651988e-01;1.350609e+00
1;0.010000;-2.052345e-01;4.315679e-01;-5.576582e-01;6.856036e-02;7.887163e-01;1.324915e+00;-2.355639e+00;4.416084e-02;-2.003746e+00;-2.239990e+00;-4.410815e-01;-2.015464e+00;-3.200707e+00;3.169708e-01
2;0.020000;-1.020719e+00;-3.908286e-01;2.342386e-01;-1.791410e-01;-1.063625e+00;8.114060e-01;1.096476e+00;1.206431e+00;1.154136e+00;1.499529e+00;1.691971e+00;4.581358e-01;3.395939e-02;-4.621735e-01
3;0.030000;-9.309721e-02;-6.333909e-01;2.657337e-01;-1.313123e+00;-3.022983e+00;-9.498485e-01;4.189126e+00;-9.616246e-01;2.023767e+00;3.134947e+00;8.075066e-01;1.869082e+00;3.001549e+00;-1.205414e+00
