frameIndex;frameTime;pcm_fftMag_mfcc[0];pcm_fftMag_mfcc[1];pcm_fftMag_mfcc[2];pcm_fftMag_mfcc[3];pcm_fftMag_mfcc[4];pcm_fftMag_mfcc[5];pcm_fftMag_mfcc[6];pcm_fftMag_mfcc[7];pcm_fftMag_mfcc[8];pcm_fftMag_mfcc[9];pcm_fftMag_mfcc[10];pcm_fftMag_mfcc[11];pcm_fftMag_mfcc[12];pcm_fftMag_mfcc[13]
0;0.000000;-4.436826e+00;1.629570e-01;2.483034e-01;1.252071e+00;-2.202565e+00;-1.484380e+00;1.285086e+00;-4.090314e+00;6.249624e+00;-4.349231e+00;-5.317171e+00;2.081878e+00;3.660772e+00;2.653084e+00
1;0.100000;-3.588878e+00;1.499969e+00;4.008608e-01;1.735979e+00;-3.922432e+00;-4.265006e+00;-2.868399e+00;-4.675723e+00;2.506832e+00;-4.717771e+00;-4.747450e+00;1.875737e+00;1.288278e+00;2.371902e-01
2;0.200000;-2.011364e+00;1.032568e+00;-1.798079e+00;-8.620014e-01;-1.261484e+00;-4.074859e+00;-5.578836e+00;-1.505561e+00;-8.010864e-01;-2.087778e+00;-3.119549e+00;-1.132535e+00;-5.301335e-01;-5.199661e-01
3;0.300000;-1.463531e+00;8.852777e-01;3.987045e-01;-1.666329e+00;4.506235e-01;-3.682163e+00;-3.816828e+00;-1.709529e+00;-2.033292e+00;3.640593e-01;-3.165357e+00;-2.804887e+00;-7.314951e-01;-1.447830e-01
4;0.400000;-2.697477e-01;2.683018e+00;3.144071e+00;7.798586e-01;2.639018e+00;-3.475742e-01;2.331294e+00;1.772869e-01;-4.062007e+00;2.152613e+00;-1.065647e+00;-1.314180e+00;-5.689254e-01;-1.655991e+00
5;0.500000;4.672940e+00;-1.206144e+00;-7.312441e-01;-3.997040e-02;2.763110e+00;5.819814e+00;5.634982e+00;5.329324e+00;-3.431839e+00;4.985480e+00;6.356215e+00;1.235216e+00;-2.079673e+00;-7.594757e-01
6;0.600000;7.097402e+00;-5.057644e+00;-1.662622e+00;-1.199609e+00;1.533728e+00;8.034171e+00;3.012705e+00;6.474516e+00;1.571768e+00;3.652629e+00;1.105895e+01;5.876780e-02;-1.038823e+00;1.899490e-01
