frameIndex;frameTime;pcm_fftMag_mfcc[0];pcm_fftMag_mfcc[1];pcm_fftMag_mfcc[2];pcm_fftMag_mfcc[3];pcm_fftMag_mfcc[4];pcm_fftMag_mfcc[5];pcm_fftMag_mfcc[6];pcm_fftMag_mfcc[7];pcm_fftMag_mfcc[8];pcm_fftMag_mfcc[9];pcm_fftMag_mfcc[10];pcm_fftMag_mfcc[11];pcm_fftMag_mfcc[12];pcm_fftMag_mfcc[13]
0;0.000000;3.724596e+00;-2.707734e+00;3.718714e+00;1.831954e-01;4.576025e-01;1.719010e+00;3.231681e+00;4.511147e+00;4.280652e+00;2.238094e+00;2.568282e+00;2.085861e+00;6.684896e+00;-9.560394e-02
1;0.100000;3.325067e+00;-5.627607e+00;3.314487e+00;-1.136428e+00;-1.836672e-01;8.521929e-01;4.641977e+00;3.251036e+00;2.256664e+00;1.797216e+00;-3.366442e-01;1.446358e+00;4.516899e+00;9.514313e-01
2;0.200000;5.129194e-01;-3.606310e+00;1.146330e+00;-5.044398e-01;-2.278388e+00;-2.308851e+00;2.306720e+00;-3.518658e-01;-2.471683e+00;-1.431079e-01;-3.189247e+00;1.618741e+00;1.798212e+00;6.200027e-01
3;0.300000;-1.280997e+00;1.923094e-01;1.017311e+00;7.202837e-01;-2.712172e+00;-4.585581e+00;-7.594700e-01;-5.089913e+00;-6.065481e+00;-1.546840e+00;-3.116258e+00;3.355625e-01;-5.516018e-01;-8.549500e-01
4;0.400000;-9.218597e-02;1.593752e+00;5.871453e-01;-2.391589e-01;1.336957e+00;2.023180e+00;-2.197660e+00;-4.188313e+00;-4.032126e+00;1.085304e+00;6.039000e-01;-1.466940e+00;-2.539319e+00;-1.570152e+00
5;0.500000;1.862030e+00;-5.543065e-01;-4.067378e-01;-3.843126e+00;5.486442e+00;4.072038e+00;-2.718759e+00;3.636785e+00;2.710480e+00;-5.526009e-01;1.450951e+00;-8.708611e-01;-1.412820e+00;-1.038589e-01
6;0.600000;1.035951e+00;-7.695866e-01;-2.207674e+00;-3.391595e+00;3.650535e+00;3.808068e+00;-2.375049e+00;4.500026e+00;6.178160e+00;-1.258960e+00;5.049248e-01;-5.951595e-01;3.905707e-01;1.192657e+00
7;0.700000;-2.394699e+00;3.940095e+00;-6.236760e+00;1.920028e+00;5.058575e-02;1.286844e+00;-1.457836e+00;3.702688e-02;4.105536e+00;-1.840446e+00;-1.730592e+00;-1.303679e+00;-3.368621e+00;7.234879e-01
8;0.800000;-6.692686e+00;7.539387e+00;-9.328163e-01;6.291238e+00;-5.807887e+00;-6.866892e+00;-6.716099e-01;-6.305929e+00;-6.962205e+00;2.213349e-01;3.244682e+00;-1.249881e+00;-5.518217e+00;-8.631058e-01
