frameIndex;frameTime;pcm_fftMag_mfcc[0];pcm_fftMag_mfcc[1];pcm_fftMag_mfcc[2];pcm_fftMag_mfcc[3];pcm_fftMag_mfcc[4];pcm_fftMag_mfcc[5];pcm_fftMag_mfcc[6];pcm_fftMag_mfcc[7];pcm_fftMag_mfcc[8];pcm_fftMag_mfcc[9];pcm_fftMag_mfcc[10];pcm_fftMag_mfcc[11];pcm_fftMag_mfcc[12];pcm_fftMag_mfcc[13]
0;0.000000;3.010244e+00;-2.671758e+00;-4.072412e+00;-2.672315e+00;1.193135e+00;2.039234e+00;-1.845024e+00;3.293148e+00;-1.642021e+00;2.603354e+00;4.500747e-01;-2.815761e+00;4.143648e-01;-6.399536e-01
1;0.100000;3.713326e+00;-2.072961e+00;-2.452559e+00;-7.079632e+00;3.748828e+00;4.356471e+00;-1.309522e+01;9.285233e+00;-6.025514e+00;3.392723e+00;-2.896498e+00;-8.747911e-01;-4.609535e+00;-1.234489e+00
2;0.200000;8.854170e-01;2.744473e+00;-3.264898e+00;-4.561234e+00;2.593384e+00;1.469048e+00;-8.674702e+00;-2.099003e+00;-3.424446e+00;-2.682926e+00;1.282541e+00;-1.461525e+00;-4.109476e+00;-1.605225e-02
3;0.300000;-3.186137e+00;6.303233e+00;1.087089e-01;-1.747667e+00;4.864210e+00;-5.317824e+00;-1.438982e+00;-7.366788e+00;-2.271075e+00;-1.481886e+00;2.671914e+00;2.840072e+00;-9.232903e-01;4.629517e-01
4;0.400000;-5.286990e+00;5.191584e+00;2.664696e+00;3.415661e-01;3.229947e+00;-9.700661e+00;5.203222e+00;-6.955325e+00;-2.130439e+00;-2.620449e-01;1.473743e+00;2.381853e+00;2.834248e+00;4.187012e-02
5;0.500000;-3.154314e+00;-2.257081e+00;1.210629e+00;1.001624e+00;1.703432e+00;-6.129994e+00;1.018393e+01;-3.162000e+00;1.487423e+00;-1.081247e+00;-1.395714e+00;-8.680906e-01;2.192291e+00;1.451263e-01
6;0.600000;1.769139e+00;-6.710609e+00;1.350386e+00;2.761933e+00;-3.242589e+00;3.827873e+00;6.020481e+00;1.312612e+00;2.972811e+00;-1.367549e+00;-2.495181e+00;-9.911880e-01;4.259930e-01;-8.259201e-01
7;0.700000;1.719683e+00;-1.456083e+00;-6.558943e-02;3.715242e+00;-5.195411e+00;6.269380e+00;5.926304e-01;2.787217e+00;5.739776e+00;-2.356195e-01;-1.454258e+00;-9.048204e-01;2.181423e+00;5.030746e-01
8;0.800000;5.296335e-01;9.291840e-01;4.521029e+00;8.240486e+00;-8.894938e+00;3.186474e+00;3.053658e+00;2.904904e+00;5.293484e+00;1.115201e+00;2.363374e+00;2.694260e+00;1.593977e+00;1.563461e+00
