frameIndex;frameTime;pcm_fftMag_mfcc[0];pcm_fftMag_mfcc[1];pcm_fftMag_mfcc[2];pcm_fftMag_mfcc[3];pcm_fftMag_mfcc[4];pcm_fftMag_mfcc[5];pcm_fftMag_mfcc[6];pcm_fftMag_mfcc[7];pcm_fftMag_mfcc[8];pcm_fftMag_mfcc[9];pcm_fftMag_mfcc[10];pcm_fftMag_mfcc[11];pcm_fftMag_mfcc[12];pcm_fftMag_mfcc[13]
0;0.000000;-3.037834e-01;9.334252e-01;4.391084e-01;1.513419e-01;-1.302171e-01;5.639791e-02;-1.645298e+00;-2.129872e-01;-2.183806e+00;-1.206477e+00;-3.398638e-01;-1.370382e-02;3.772233e-01;-3.212051e-01
1;0.020000;3.037815e-01;-9.334254e-01;-4.391079e-01;-1.513414e-01;1.302166e-01;-5.639744e-02;1.645298e+00;2.129872e-01;2.183806e+00;1.206477e+00;3.398638e-01;1.370430e-02;-3.772230e-01;3.212090e-01
