frameIndex;frameTime;pcm_fftMag_mfcc[0];pcm_fftMag_mfcc[1];pcm_fftMag_mfcc[2];pcm_fftMag_mfcc[3];pcm_fftMag_mfcc[4];pcm_fftMag_mfcc[5];pcm_fftMag_mfcc[6];pcm_fftMag_mfcc[7];pcm_fftMag_mfcc[8];pcm_fftMag_mfcc[9];pcm_fftMag_mfcc[10];pcm_fftMag_mfcc[11];pcm_fftMag_mfcc[12];pcm_fftMag_mfcc[13]
0;0.000000;-2.012173e+00;-1.339090e+00;-2.260038e-01;-4.263830e-01;1.372714e+00;-4.822870e+00;-1.218861e+00;-9.530172e-01;2.844891e+00;-5.566315e+00;-1.836672e+00;-2.955146e+00;8.629027e-02;3.425621e+00
1;0.020000;-1.214238e+00;-3.179790e+00;-2.145812e+00;1.508660e+00;5.298953e-01;-6.493145e+00;-3.388015e+00;2.172382e+00;3.942014e+00;-4.249111e+00;-2.864504e-02;-2.949433e+00;1.659227e+00;3.709213e+00
2;0.040000;6.716836e-01;-1.683537e+00;-1.793819e+00;2.709253e+00;6.308436e-02;-2.945181e+00;-3.278629e+00;4.536810e-01;1.641771e+00;-6.048942e-02;9.055805e-01;-2.046941e+00;5.018980e-01;3.137253e+00
3;0.060000;2.672349e+00;8.553839e-01;-4.933394e-01;1.329636e+00;-1.723496e+00;4.515831e+00;-2.309143e+00;-3.150054e+00;-2.176013e+00;4.132657e+00;2.083468e+00;-4.122686e-01;-5.462562e-01;4.798126e-02
4;0.080000;1.522852e+00;2.460091e+00;2.256606e+00;-1.827817e+00;-1.065634e+00;5.374866e+00;2.433093e+00;-1.548665e+00;-4.028181e+00;4.244371e+00;6.621232e-01;4.765540e+00;-1.180983e+00;-3.588768e+00
5;0.100000;-1.640473e+00;2.886943e+00;2.402369e+00;-3.293346e+00;8.234365e-01;4.370502e+00;7.761553e+00;3.025672e+00;-2.224482e+00;1.498887e+00;-1.785856e+00;3.598248e+00;-5.201764e-01;-6.731339e+00
