frameIndex;frameTime;pcm_fftMag_mfcc[0];pcm_fftMag_mfcc[1];pcm_fftMag_mfcc[2];pcm_fftMag_mfcc[3];pcm_fftMag_mfcc[4];pcm_fftMag_mfcc[5];pcm_fftMag_mfcc[6];pcm_fftMag_mfcc[7];pcm_fftMag_mfcc[8];pcm_fftMag_mfcc[9];pcm_fftMag_mfcc[10];pcm_fftMag_mfcc[11];pcm_fftMag_mfcc[12];pcm_fftMag_mfcc[13]
0;0.000000;-1.020432e-03;-9.777164e-01;-8.509027e-01;-5.379225e+00;-1.513874e+00;-7.197518e-01;-3.423909e+00;1.462392e+00;1.653004e-01;1.465509e+00;1.509931e+00;3.378986e+00;1.381511e+00;2.299088e+00
1;0.020000;9.705544e-02;-4.567351e-01;-1.962587e-01;-1.591517e+00;-2.402849e-01;-1.409292e-01;-6.294594e-01;3.003594e+00;-8.018055e-01;-4.634035e-02;8.728414e-01;7.957768e-01;-2.176777e+00;8.602829e-01
2;0.040000;3.454313e-01;6.284962e-01;7.393993e-01;3.405504e-01;2.514420e-01;-8.844700e-01;-2.479315e-03;-4.741137e-01;-2.154404e+00;-7.528129e-01;2.175808e-01;-1.146522e+00;-7.370000e-01;-3.269501e-01
3;0.060000;1.563931e-01;8.419712e-01;8.487607e-01;2.923643e+00;-2.793617e-01;3.944223e-01;6.618496e-01;-1.957965e+00;-5.215263e-02;-9.011722e-01;-5.564356e-01;-1.668626e+00;8.726479e-01;-1.095428e+00
4;0.080000;-5.978632e-01;-3.601360e-02;-5.409986e-01;3.706548e+00;1.782078e+00;1.350729e+00;3.393999e+00;-2.033906e+00;2.843060e+00;2.348166e-01;-2.043918e+00;-1.359616e+00;6.596180e-01;-1.737000e+00
