frameIndex;frameTime;pcm_fftMag_mfcc[0];pcm_fftMag_mfcc[1];pcm_fftMag_mfcc[2];pcm_fftMag_mfcc[3];pcm_fftMag_mfcc[4];pcm_fftMag_mfcc[5];pcm_fftMag_mfcc[6];pcm_fftMag_mfcc[7];pcm_fftMag_mfcc[8];pcm_fftMag_mfcc[9];pcm_fftMag_mfcc[10];pcm_fftMag_mfcc[11];pcm_fftMag_mfcc[12];pcm_fftMag_mfcc[13]
0;0.000000;1.206553e+00;-4.719970e+00;-2.154363e+00;-8.048494e+00;-7.496785e+00;-5.835470e+00;-5.676385e+00;1.538068e+00;-9.527388e+00;-4.094067e-01;-5.785562e+00;2.311006e+00;3.151372e+00;9.417900e+00
1;0.020000;1.129582e+00;-3.032048e+00;5.633112e-01;-5.588438e+00;-5.135627e+00;-3.316108e+00;-3.545917e+00;4.713971e-01;-6.603024e+00;-5.683155e-01;-4.943875e+00;1.526866e+00;2.992175e+00;6.345558e+00
2;0.040000;5.180225e-01;-1.295207e+00;3.005139e+00;-2.438381e+00;-3.740890e+00;-1.935237e+00;-3.752312e+00;-7.450525e-01;-3.656729e+00;1.074589e+00;-4.089441e+00;-2.001510e-01;3.416098e+00;3.364349e+00
3;0.060000;2.311182e-01;-7.842830e-01;2.656181e+00;-1.785030e+00;-3.073975e+00;-2.849921e+00;-1.915229e+00;9.863694e-01;-4.544770e-01;2.154223e+00;-8.259362e-01;4.576397e-01;2.022059e+00;9.377441e-01
4;0.080000;1.229224e-01;-4.978430e-02;5.845674e-01;-3.055079e+00;-1.489798e+00;-3.632604e+00;1.264977e+00;2.703804e+00;1.929426e+00;1.382033e+00;1.245759e+00;-7.185425e-01;5.655880e-01;-1.222290e+00
5;0.100000;-4.548011e-01;1.552405e+00;-4.477656e-02;-9.166107e-01;1.524883e+00;-2.190368e+00;3.472421e+00;1.194460e+00;4.377770e+00;-2.582820e+00;8.462994e-01;-1.977193e+00;-1.881858e+00;-2.961189e+00
6;0.120000;-6.102605e-01;2.524703e+00;-5.772471e-01;3.998887e+00;4.834451e+00;2.691288e+00;3.766130e+00;-1.212914e+00;5.097815e+00;-2.538638e+00;3.454014e+00;1.585596e-01;-3.315881e+00;-4.334045e+00
7;0.140000;-7.990432e-01;3.022985e+00;-1.384824e+00;8.534258e+00;7.045813e+00;7.215757e+00;2.743750e+00;-2.853036e+00;4.384793e+00;7.173967e-01;4.983489e+00;-9.776052e-01;-2.973530e+00;-5.514366e+00
8;0.160000;-1.344094e+00;2.781199e+00;-2.647989e+00;9.298888e+00;7.531935e+00;9.852668e+00;3.642568e+00;-2.083095e+00;4.451812e+00;7.709370e-01;5.115255e+00;-5.805800e-01;-3.976020e+00;-6.033623e+00
