frameIndex;frameTime;pcm_fftMag_mfcc[0];pcm_fftMag_mfcc[1];pcm_fftMag_mfcc[2];pcm_fftMag_mfcc[3];pcm_fftMag_mfcc[4];pcm_fftMag_mfcc[5];pcm_fftMag_mfcc[6];pcm_fftMag_mfcc[7];pcm_fftMag_mfcc[8];pcm_fftMag_mfcc[9];pcm_fftMag_mfcc[10];pcm_fftMag_mfcc[11];pcm_fftMag_mfcc[12];pcm_fftMag_mfcc[13]
0;0.000000;5.005750e+00;-2.884151e+00;-6.881409e+00;-2.591926e+00;5.155649e-01;8.367558e+00;-5.250335e+00;2.250458e+00;7.917372e+00;8.044159e-01;-4.823220e+00;-5.379411e+00;2.437146e+00;-6.891022e-01
1;0.100000;7.747743e+00;-1.814497e+00;-4.513059e+00;-2.486188e+00;-1.299282e+00;4.154167e+00;-5.464008e+00;-1.161858e+00;7.228289e+00;5.258646e+00;-2.290711e+00;-1.177978e+01;-1.057648e+00;-2.938934e+00
2;0.200000;6.028957e+00;-1.692218e+00;-1.640520e-01;2.376280e-01;-1.787928e+00;-2.338781e+00;-1.332336e+00;-5.327129e-01;3.242584e+00;4.209316e+00;5.479231e-01;-7.174105e+00;-4.613247e+00;-2.032516e+00
3;0.300000;-9.925861e-01;2.353841e+00;4.364311e+00;8.844004e-01;7.371197e-01;-6.384420e+00;-1.002713e+00;3.560753e-01;-2.913768e+00;9.728022e-01;5.644469e-01;-3.806668e+00;-3.146817e+00;2.524567e-01
4;0.400000;-6.378227e+00;5.366220e+00;9.840462e+00;2.365537e+00;5.945473e-01;-6.382040e+00;-1.851559e-01;-1.959801e-01;-6.541190e+00;-1.276372e+00;1.276996e+00;-1.207533e+00;-1.371427e+00;4.962769e-01
5;0.500000;-5.748358e+00;2.245982e+00;7.789510e+00;3.850999e+00;4.051711e+00;-2.998451e+00;1.081352e-01;-3.238859e+00;-8.755568e+00;1.036438e+00;7.433090e+00;6.836500e+00;3.644316e+00;8.560028e-01
6;0.600000;-2.651738e+00;-3.949071e+00;8.747349e-01;8.692265e-02;8.596992e-02;2.024574e-01;1.458301e+00;-1.522053e+00;-4.597864e+00;-3.251865e-01;5.822519e+00;1.404327e+01;4.113394e+00;6.842880e-01
7;0.700000;-1.713491e+00;-2.609955e+00;-4.429927e+00;-2.335557e+00;-2.061449e+00;3.838181e+00;4.990133e+00;2.192399e+00;1.003525e+00;-5.221245e+00;-1.683099e+00;9.580053e+00;-6.329660e-01;1.454582e+00
8;0.800000;-1.298045e+00;2.983848e+00;-6.880568e+00;-1.181412e-02;-8.362598e-01;1.541316e+00;6.677985e+00;1.852531e+00;3.416620e+00;-5.458815e+00;-6.847940e+00;-1.112327e+00;6.272459e-01;1.916901e+00
