frameIndex;frameTime;pcm_fftMag_mfcc[0];pcm_fftMag_mfcc[1];pcm_fftMag_mfcc[2];pcm_fftMag_mfcc[3];pcm_fftMag_mfcc[4];pcm_fftMag_mfcc[5];pcm_fftMag_mfcc[6];pcm_fftMag_mfcc[7];pcm_fftMag_mfcc[8];pcm_fftMag_mfcc[9];pcm_fftMag_mfcc[10];pcm_fftMag_mfcc[11];pcm_fftMag_mfcc[12];pcm_fftMag_mfcc[13]
0;0.000000;-9.070219e+00;3.000174e+00;-8.974953e-01;1.758550e+00;3.156471e-01;-7.376772e+00;-5.319908e+00;2.542648e+00;4.226904e-01;-1.036713e+00;1.287572e+00;1.922775e+00;1.879984e+00;2.189590e+00
1;0.100000;-9.028967e+00;3.756392e+00;-1.634226e-01;2.845314e+00;4.946106e+00;1.741383e+00;-1.921178e+00;-1.423117e+00;-2.323487e+00;-1.509644e+00;2.343352e+00;-1.457074e+00;5.472517e-01;5.167770e-01
2;0.200000;-1.825620e+00;1.804195e+00;-1.647074e+00;-9.812741e-01;-1.400541e+00;8.540678e-01;3.816895e-01;-8.751869e-02;-8.392973e-01;-2.693632e+00;2.956475e+00;-2.256099e+00;-7.521157e-01;1.985703e-01
3;0.300000;8.424118e+00;-3.015727e+00;-7.138453e-01;-1.597584e+00;-4.013636e+00;2.455820e+00;2.329175e+00;-1.263428e+00;2.448744e+00;-2.143688e-01;-1.356819e+00;-8.613691e-01;-3.168845e-01;-1.534927e+00
4;0.400000;1.150069e+01;-5.545037e+00;3.421834e+00;-2.025007e+00;1.524220e-01;2.325502e+00;4.530221e+00;2.314148e-01;2.913485e-01;5.454356e+00;-5.230580e+00;2.651768e+00;-1.358236e+00;-1.369995e+00
