frameIndex;frameTime;pcm_fftMag_mfcc[0];pcm_fftMag_mfcc[1];pcm_fftMag_mfcc[2];pcm_fftMag_mfcc[3];pcm_fftMag_mfcc[4];pcm_fftMag_mfcc[5];pcm_fftMag_mfcc[6];pcm_fftMag_mfcc[7];pcm_fftMag_mfcc[8];pcm_fftMag_mfcc[9];pcm_fftMag_mfcc[10];pcm_fftMag_mfcc[11];pcm_fftMag_mfcc[12];pcm_fftMag_mfcc[13]
0;0.000000;-2.949797e+00;-3.840544e+00;6.376098e+00;-1.299953e-01;-6.551690e+00;-9.881649e-01;1.730015e+00;5.446816e+00;-1.035904e+00;-4.322084e+00;1.299480e+00;8.109159e-01;2.662753e+00;5.511703e-01
1;0.100000;-4.619339e+00;3.022404e+00;6.644893e+00;2.711779e+00;-9.621047e+00;2.851069e+00;-1.550343e+00;2.653757e+00;5.124327e+00;-6.828305e+00;-1.770069e+00;3.367112e-01;1.697822e+00;-6.417465e-01
2;0.200000;-5.420740e+00;5.698226e+00;2.893750e+00;1.529177e+00;-4.041657e+00;3.666130e+00;-5.385328e+00;-3.307503e+00;1.629044e+00;-3.797255e+00;-1.004696e+00;1.449595e+00;2.754912e+00;-1.563553e+00
3;0.300000;-9.612885e-01;3.369882e+00;-4.266564e+00;-1.970371e+00;4.131379e+00;6.333017e+00;-4.667633e+00;-2.826308e+00;1.775522e+00;7.073414e-01;-1.194387e+00;1.836860e+00;2.334292e+00;-4.925385e-01
4;0.400000;4.536530e+00;-1.482999e+00;-8.376907e+00;-2.010723e+00;6.333658e+00;4.111132e+00;-3.132732e+00;1.849937e-02;1.139086e+00;-6.667039e-01;-3.411303e+00;8.122492e-01;-1.724608e+00;-5.907364e-01
5;0.500000;5.635568e+00;-4.273048e+00;-6.847974e+00;2.474842e-01;5.969122e+00;-6.309538e-01;1.764809e+00;6.748600e-01;-1.426371e+00;1.207173e+00;-2.345228e+00;-1.241136e+00;-3.007167e+00;3.250885e-02
6;0.600000;2.440212e+00;-2.480904e+00;-6.536739e-01;-1.139568e+00;3.324599e+00;-6.801273e+00;4.087910e+00;-1.811763e+00;-3.516005e+00;5.376135e+00;2.307064e+00;-1.435510e+00;-1.689331e+00;1.664993e+00
7;0.700000;1.338848e+00;-1.301765e-02;4.230380e+00;7.622242e-01;4.556274e-01;-8.540955e+00;7.153295e+00;-8.483601e-01;-3.689699e+00;8.323698e+00;6.119144e+00;-2.569685e+00;-3.028673e+00;1.039902e+00
