frameIndex;frameTime;pcm_fftMag_mfcc[0];pcm_fftMag_mfcc[1];pcm_fftMag_mfcc[2];pcm_fftMag_mfcc[3];pcm_fftMag_mfcc[4];pcm_fftMag_mfcc[5];pcm_fftMag_mfcc[6];pcm_fftMag_mfcc[7];pcm_fftMag_mfcc[8];pcm_fftMag_mfcc[9];pcm_fftMag_mfcc[10];pcm_fftMag_mfcc[11];pcm_fftMag_mfcc[12];pcm_fftMag_mfcc[13]
0;0.000000;-8.943259e+00;-8.493639e-01;-1.587700e+00;-1.442753e+00;-3.646507e-01;4.892509e+00;-4.608401e+00;-1.596477e+00;5.055811e+00;6.306465e+00;1.043541e+01;5.881176e+00;3.518371e+00;6.638031e-01
1;0.100000;-4.859279e+00;-1.113242e-01;-2.843202e+00;-1.162230e+00;9.411211e-01;6.000473e+00;-5.492167e+00;-3.907054e+00;2.368104e+00;4.054593e+00;9.529720e+00;5.961550e+00;3.560045e+00;1.310631e+00
2;0.200000;2.407082e+00;8.261881e-01;-1.863811e+00;7.108803e-01;5.306435e-01;-1.155796e+00;-4.231603e+00;-1.440785e+00;2.032795e-01;4.887366e-01;1.919677e+00;1.774850e+00;-1.456969e+00;-3.293762e-01
3;0.300000;5.397848e+00;9.716139e-01;2.558854e+00;-6.725311e-01;9.647031e-01;-7.272321e+00;3.861004e+00;3.764435e+00;-3.573760e+00;-4.225186e+00;-6.834686e+00;-3.815350e+00;-3.413024e+00;-4.144974e-01
4;0.400000;5.997607e+00;-8.371145e-01;3.735857e+00;2.566637e+00;-2.071817e+00;-2.464863e+00;1.047117e+01;3.179882e+00;-4.053432e+00;-6.624610e+00;-1.505012e+01;-9.802225e+00;-2.208419e+00;-1.230530e+00
