frameIndex;frameTime;pcm_fftMag_mfcc[0];pcm_fftMag_mfcc[1];pcm_fftMag_mfcc[2];pcm_fftMag_mfcc[3];pcm_fftMag_mfcc[4];pcm_fftMag_mfcc[5];pcm_fftMag_mfcc[6];pcm_fftMag_mfcc[7];pcm_fftMag_mfcc[8];pcm_fftMag_mfcc[9];pcm_fftMag_mfcc[10];pcm_fftMag_mfcc[11];pcm_fftMag_mfcc[12];pcm_fftMag_mfcc[13]
0;0.000000;-5.059742e+00;1.726595e+00;7.784586e+00;-5.194062e+00;-3.949951e+00;2.896829e+00;2.595502e+00;5.084579e+00;3.937490e+00;-1.024144e+00;-1.368624e-01;-5.113388e+00;-4.146670e+00;-1.008858e+00
1;0.100000;-5.818398e+00;5.321686e-01;5.165064e+00;-8.845301e-01;-1.644335e+00;-5.015566e+00;4.372380e+00;5.856726e+00;3.826198e+00;-2.908451e+00;-3.213148e+00;-3.490029e+00;-2.998536e+00;1.619629e+00
2;0.200000;-4.007513e+00;-9.501495e-01;7.287569e-01;8.935399e-01;1.807741e+00;-8.859653e+00;-1.074078e+00;2.248154e-01;-2.948103e-01;-1.612349e+00;-2.379562e+00;-1.177649e+00;-1.006050e-01;3.034500e+00
3;0.300000;-7.098408e-01;-1.967657e+00;-6.675210e-01;1.792189e+00;4.108997e+00;-4.573303e+00;-4.742334e+00;-9.040565e-01;-1.036749e+00;7.404366e-01;2.545403e+00;2.853743e+00;2.142522e+00;2.602608e+00
4;0.400000;2.771406e+00;-1.529923e+00;-2.500261e+00;1.494715e+00;2.169851e+00;2.448190e+00;-6.778166e+00;2.041779e-01;-2.086114e+00;-2.298203e-01;4.649865e+00;3.213281e+00;3.669091e+00;-4.369125e-01
5;0.500000;5.604949e+00;3.106715e+00;-5.239618e+00;-6.940248e-01;-1.515152e+00;8.201250e+00;3.829918e-01;-4.282495e+00;-3.183038e+00;-1.965771e-01;-1.425090e-01;1.446678e+00;2.272864e+00;-3.308258e+00
6;0.600000;7.219130e+00;-9.177511e-01;-5.271005e+00;2.592175e+00;-9.771271e-01;4.902255e+00;5.243694e+00;-6.183739e+00;-1.162971e+00;5.230906e+00;-1.323187e+00;2.267365e+00;-8.386683e-01;-2.502739e+00
