frameIndex;frameTime;pcm_fftMag_mfcc[0];pcm_fftMag_mfcc[1];pcm_fftMag_mfcc[2];pcm_fftMag_mfcc[3];pcm_fftMag_mfcc[4];pcm_fftMag_mfcc[5];pcm_fftMag_mfcc[6];pcm_fftMag_mfcc[7];pcm_fftMag_mfcc[8];pcm_fftMag_mfcc[9];pcm_fftMag_mfcc[10];pcm_fftMag_mfcc[11];pcm_fftMag_mfcc[12];pcm_fftMag_mfcc[13]
0;0.000000;-2.599668e+00;5.772281e-02;9.486413e-02;-1.864756e+00;-6.194143e+00;5.383625e-01;1.073761e+00;-1.148321e+00;5.018568e-01;-1.986144e+00;-3.131701e+00;-1.272610e+00;5.147009e-01;-8.153152e-01
1;0.100000;-8.137302e-01;1.204239e+00;-1.393201e+00;5.702629e-01;6.025601e+00;-2.026209e+00;1.588306e-01;-6.350985e-01;-3.668394e-01;-3.928045e-01;1.677697e+00;2.794801e+00;1.438234e+00;1.006683e+00
2;0.200000;7.953372e-01;2.565527e-02;-6.232421e-01;7.812309e-01;4.316785e+00;-9.165344e-01;5.739975e-01;3.915119e-02;1.586103e-01;1.408053e+00;2.153064e+00;1.362691e+00;-1.920800e-01;1.319542e+00
3;0.300000;2.618060e+00;-1.287617e+00;1.921579e+00;5.132599e-01;-4.148244e+00;2.404385e+00;-1.806593e+00;1.744269e+00;-2.936258e-01;9.708957e-01;-6.990600e-01;-2.884882e+00;-1.760855e+00;-1.510925e+00
