frameIndex;frameTime;pcm_fftMag_mfcc[0];pcm_fftMag_mfcc[1];pcm_fftMag_mfcc[2];pcm_fftMag_mfcc[3];pcm_fftMag_mfcc[4];pcm_fftMag_mfcc[5];pcm_fftMag_mfcc[6];pcm_fftMag_mfcc[7];pcm_fftMag_mfcc[8];pcm_fftMag_mfcc[9];pcm_fftMag_mfcc[10];pcm_fftMag_mfcc[11];pcm_fftMag_mfcc[12];pcm_fftMag_mfcc[13]
0;0.000000;3.058698e+00;-8.373519e+00;5.731201e+00;-3.264035e+00;-2.265490e+00;-6.838174e-01;6.645500e+00;3.357887e+00;5.505560e+00;-7.059354e+00;-4.940969e+00;-4.060926e-01;-1.177231e+01;7.534866e-01
1;0.100000;1.495775e+00;-8.629956e+00;3.271853e+00;-9.542942e-01;-1.650471e+00;9.452062e-01;3.975386e+00;1.436601e+00;4.650721e+00;-6.500896e+00;-3.124260e+00;2.080034e+00;-7.240856e+00;1.306595e+00
2;0.200000;4.728889e-02;-3.260303e+00;1.385593e+00;1.709273e+00;-6.663284e-01;2.846074e-01;2.506500e+00;8.033800e-01;2.055377e+00;-6.034147e+00;-3.555263e+00;4.055061e-01;-3.362067e+00;6.590195e-01
3;0.300000;1.593761e-01;2.685209e+00;4.999523e-01;1.184824e+00;3.420303e+00;-2.300280e+00;1.218678e+00;-8.884077e-01;-1.208493e+00;-2.078808e+00;-4.998461e+00;-4.310470e+00;-3.106339e+00;-8.068619e-01
4;0.400000;1.254173e+00;3.156184e+00;-1.409510e+00;-2.212747e+00;6.098846e+00;-2.015520e+00;-2.147717e+00;-3.562459e+00;-4.461397e+00;3.178505e+00;-3.877455e+00;-4.255562e+00;-1.039667e+00;-8.557358e-01
5;0.500000;1.603091e+00;2.904336e+00;-3.744802e+00;-3.217054e+00;6.665353e+00;-1.273127e-01;-6.075355e+00;-3.186789e+00;-3.738453e+00;2.811173e+00;-1.434107e-01;-3.138867e+00;3.439918e+00;-5.631332e-01
6;0.600000;-8.198795e-01;5.864071e+00;-6.238842e+00;1.288562e+00;4.190630e+00;2.741320e+00;-7.150912e+00;-2.363252e+00;-1.414039e+00;2.462147e+00;6.295480e+00;-2.192662e+00;6.751635e+00;-7.897263e-01
7;0.700000;-3.308618e+00;4.816345e+00;-1.904881e+00;3.590556e+00;-5.556747e+00;1.940365e+00;-1.046786e+00;-4.990635e-01;-8.896189e-01;6.630556e+00;9.621449e+00;4.486290e+00;7.373384e+00;-2.506561e-01
8;0.800000;-3.489895e+00;8.376365e-01;2.409431e+00;1.874918e+00;-1.023608e+01;-7.845693e-01;2.074707e+00;4.902108e+00;-4.996529e-01;6.590827e+00;4.722886e+00;7.331820e+00;8.956300e+00;5.470428e-01
