frameIndex;frameTime;pcm_fftMag_mfcc[0];pcm_fftMag_mfcc[1];pcm_fftMag_mfcc[2];pcm_fftMag_mfcc[3];pcm_fftMag_mfcc[4];pcm_fftMag_mfcc[5];pcm_fftMag_mfcc[6];pcm_fftMag_mfcc[7];pcm_fftMag_mfcc[8];pcm_fftMag_mfcc[9];pcm_fftMag_mfcc[10];pcm_fftMag_mfcc[11];pcm_fftMag_mfcc[12];pcm_fftMag_mfcc[13]
0;0.000000;1.449714e+00;5.128333e+00;-2.146355e+00;1.435423e+01;2.029866e+00;6.311587e+00;6.442976e+00;2.901095e+00;3.690057e+00;-1.605019e+00;1.267249e+00;8.139563e+00;3.395424e-01;1.772346e+00
1;0.100000;2.187264e+00;2.758341e+00;-2.815571e+00;9.624197e+00;4.446580e+00;7.247116e+00;3.441868e+00;2.430406e+00;2.711162e+00;1.010702e+00;2.604378e+00;1.745996e+00;7.026787e-01;7.766724e-01
2;0.200000;-2.559914e+00;-1.171012e+00;-3.069715e+00;2.275020e+00;4.223557e+00;-1.498066e+00;8.990487e-01;2.740170e-01;-2.857444e+00;-1.387753e+00;2.957634e+00;-3.060744e+00;-2.959044e-01;2.414467e+00
3;0.300000;-5.783254e+00;1.083433e+00;-8.800607e-01;7.489750e-01;1.548636e+00;-3.246959e+00;1.843206e+00;2.299305e+00;-2.941556e+00;-3.134939e+00;8.372998e-01;-5.630563e+00;-3.081151e+00;3.531487e+00
4;0.400000;-5.743397e+00;2.270615e+00;2.907779e+00;1.246829e+00;-3.654121e+00;-4.794793e+00;6.079602e+00;4.292070e+00;-3.044066e+00;-3.140916e+00;3.465581e-01;-4.885722e+00;-2.122659e+00;2.604027e+00
5;0.500000;-2.127000e+00;-6.766133e-01;2.337665e+00;-2.294784e-01;-9.980301e+00;-1.020366e+01;5.723905e+00;1.578041e+00;-3.874688e+00;-3.153214e+00;-1.091289e+00;-1.467505e+00;-2.364254e-01;-2.224884e-01
6;0.600000;3.541944e+00;-5.090573e+00;1.812824e+00;-4.912224e+00;-9.657613e+00;-1.079373e+01;-1.455390e-01;-3.278823e+00;-4.457263e+00;1.029213e+00;-3.014891e+00;2.628212e+00;-2.821488e+00;-5.125877e+00
7;0.700000;4.634347e+00;-2.582081e+00;1.602815e+00;-9.841770e+00;3.264476e+00;6.910743e+00;-1.140234e+01;-4.809726e+00;3.258340e+00;5.408077e+00;3.018932e-01;4.950662e-01;2.094789e+00;-4.242065e+00
8;0.800000;4.400291e+00;-1.720443e+00;2.506213e-01;-1.326579e+01;7.778918e+00;1.006777e+01;-1.288273e+01;-5.686384e+00;7.515460e+00;4.973851e+00;-4.208834e+00;2.035699e+00;5.420616e+00;-1.508568e+00
