frameIndex;frameTime;pcm_fftMag_mfcc[0];pcm_fftMag_mfcc[1];pcm_fftMag_mfcc[2];pcm_fftMag_mfcc[3];pcm_fftMag_mfcc[4];pcm_fftMag_mfcc[5];pcm_fftMag_mfcc[6];pcm_fftMag_mfcc[7];pcm_fftMag_mfcc[8];pcm_fftMag_mfcc[9];pcm_fftMag_mfcc[10];pcm_fftMag_mfcc[11];pcm_fftMag_mfcc[12];pcm_fftMag_mfcc[13]
0;0.000000;-1.784012e+00;-2.437592e-03;-1.005303e+00;-1.758650e+00;8.683805e-01;-2.745225e+00;-2.324286e+00;-1.036677e+00;-9.607096e-01;2.651740e+00;1.249568e+00;-1.659287e+00;-2.287295e+00;2.829102e+00
1;0.010000;-1.313789e+00;-2.803159e-01;-1.473634e+00;-1.520223e+00;1.647282e+00;-1.670218e-01;1.602931e-01;6.143129e-02;-1.260477e+00;3.312175e+00;2.846516e+00;-1.446989e+00;-2.267681e+00;1.896301e+00
2;0.020000;-2.764883e-01;3.487492e-01;-9.143496e-02;-3.220253e-01;2.232044e+00;1.765578e+00;1.602899e+00;-2.312762e-01;-9.571080e-01;1.083832e+00;2.341028e+00;1.404534e+00;-2.512331e-01;7.112045e-01
3;0.030000;7.162857e-01;1.029148e-01;7.879758e-02;3.870316e-01;2.017860e-01;1.428808e+00;4.124141e-01;-1.143080e+00;6.873450e-01;-9.629083e-01;4.788142e-01;2.265764e+00;2.184505e+00;-6.060181e-01
4;0.040000;1.181456e+00;-4.831600e-01;5.047615e-01;8.013668e-01;-2.072085e+00;-1.421066e+00;-7.876258e-01;2.078331e-01;9.706974e-01;-2.795200e+00;-3.071997e+00;-3.867431e-01;1.707438e+00;-1.733406e+00
5;0.050000;1.476545e+00;3.142529e-01;1.986814e+00;2.412496e+00;-2.877408e+00;1.138926e+00;9.363053e-01;2.141768e+00;1.520254e+00;-3.289636e+00;-3.843928e+00;-1.772785e-01;9.142656e-01;-3.097198e+00
