frameIndex;frameTime;pcm_fftMag_mfcc[0];pcm_fftMag_mfcc[1];pcm_fftMag_mfcc[2];pcm_fftMag_mfcc[3];pcm_fftMag_mfcc[4];pcm_fftMag_mfcc[5];pcm_fftMag_mfcc[6];pcm_fftMag_mfcc[7];pcm_fftMag_mfcc[8];pcm_fftMag_mfcc[9];pcm_fftMag_mfcc[10];pcm_fftMag_mfcc[11];pcm_fftMag_mfcc[12];pcm_fftMag_mfcc[13]
0;0.000000;6.490886e-01;-1.770522e+00;3.398377e+00;-1.524522e-01;-1.170737e+00;6.492996e-02;-5.108913e+00;1.231256e+00;-3.170548e+00;-1.822803e+00;-8.057193e-01;-4.964312e+00;-5.691447e-01;1.542664e+00
1;0.010000;6.210196e-01;-1.409147e+00;5.611062e-01;-9.854817e-02;1.498603e+00;2.475725e+00;-2.026497e+00;1.810944e+00;-1.966290e+00;2.173405e-01;1.098626e+00;-3.700108e+00;-1.942195e+00;1.391800e+00
2;0.020000;4.378493e-01;1.752415e-01;-9.909806e-01;-2.275145e-01;9.286637e-01;2.411940e+00;8.861666e-01;-1.195230e+00;-9.877062e-02;3.119879e+00;7.608168e-01;-1.054839e+00;-2.260172e+00;5.303421e-01
3;0.030000;-6.789260e-01;1.145828e+00;-1.347616e+00;2.475865e-01;1.904011e-02;-2.988110e-01;3.068761e+00;-1.484129e+00;1.313455e+00;2.090481e+00;9.210464e-02;3.780373e+00;7.437253e-01;-1.102646e+00
4;0.040000;-1.029031e+00;1.858596e+00;-1.620886e+00;2.309287e-01;-1.275569e+00;-4.653783e+00;3.180485e+00;-3.628426e-01;3.922157e+00;-3.604898e+00;-1.145828e+00;5.938886e+00;4.027786e+00;-2.362129e+00
