frameIndex;frameTime;pcm_fftMag_mfcc[0];pcm_fftMag_mfcc[1];pcm_fftMag_mfcc[2];pcm_fftMag_mfcc[3];pcm_fftMag_mfcc[4];pcm_fftMag_mfcc[5];pcm_fftMag_mfcc[6];pcm_fftMag_mfcc[7];pcm_fftMag_mfcc[8];pcm_fftMag_mfcc[9];pcm_fftMag_mfcc[10];pcm_fftMag_mfcc[11];pcm_fftMag_mfcc[12];pcm_fftMag_mfcc[13]
0;0.000000;-2.736082e-01;-4.758019e-01;-4.996145e-01;-9.757977e-01;-2.817468e+00;7.676202e-01;-1.619628e+00;-2.629539e+00;-6.275276e+00;-5.585575e-01;-1.458051e+00;-2.363891e+00;-3.242674e-02;1.822289e+00
1;0.010000;-9.747782e-01;-2.479718e+00;-1.066315e+00;-2.243548e+00;-9.336119e-01;2.174908e-01;3.067500e+00;2.282844e+00;-1.254254e+00;2.171892e+00;1.203614e+00;-9.041533e-01;3.482509e+00;1.516029e+00
2;0.020000;-3.646307e-01;-7.652377e-01;9.252915e-01;-1.389880e+00;6.996679e-01;-1.131657e+00;3.811917e-01;-3.886132e-01;1.174343e+00;4.633303e-01;4.138768e-01;-2.645734e+00;1.762739e+00;1.211056e+00
3;0.030000;-1.480198e-02;4.369427e-01;1.724754e+00;-1.398152e+00;2.020977e+00;9.206053e-01;-1.799039e+00;-4.328866e-01;-1.264389e+00;-1.771039e+00;5.930438e-01;-2.939558e+00;-1.269122e+00;8.885536e-01
4;0.040000;-1.914005e-01;-1.914066e-01;1.170239e+00;-2.381177e+00;-5.915031e-01;9.952749e-01;-2.138862e+00;2.360365e+00;-3.412163e-01;-2.829200e+00;1.205422e+00;-7.736008e-01;-3.208939e+00;-7.263565e-02
5;0.050000;-2.373810e-01;3.951120e-02;1.018740e+00;-3.285894e-01;-3.929920e-01;6.780028e-01;-4.701557e-01;2.424785e+00;1.272639e+00;-1.660673e+00;9.083796e-01;1.986813e+00;-2.155262e+00;-1.355492e+00
6;0.060000;4.745760e-01;1.274946e+00;1.543283e-01;3.781584e+00;6.883478e-01;-4.280916e-01;5.333838e-01;1.435569e+00;1.117442e+00;-1.424441e-01;6.896865e-02;2.064140e+00;-3.064485e-01;-1.641232e+00
7;0.070000;1.042517e+00;1.619883e+00;-1.154561e+00;3.134897e+00;4.399171e-01;-1.360888e-01;1.294094e+00;-2.362666e+00;1.784137e+00;9.963729e-01;-1.384412e+00;2.315809e+00;-9.731215e-02;-1.262081e+00
8;0.080000;5.395031e-01;5.408825e-01;-2.272864e+00;1.800662e+00;8.866682e-01;-1.883157e+00;7.515161e-01;-2.689857e+00;3.786576e+00;3.330319e+00;-1.550842e+00;3.260175e+00;1.824263e+00;-1.106476e+00
