frameIndex;frameTime;pcm_fftMag_mfcc[0];pcm_fftMag_mfcc[1];pcm_fftMag_mfcc[2];pcm_fftMag_mfcc[3];pcm_fftMag_mfcc[4];pcm_fftMag_mfcc[5];pcm_fftMag_mfcc[6];pcm_fftMag_mfcc[7];pcm_fftMag_mfcc[8];pcm_fftMag_mfcc[9];pcm_fftMag_mfcc[10];pcm_fftMag_mfcc[11];pcm_fftMag_mfcc[12];pcm_fftMag_mfcc[13]
0;0.000000;-1.184684e+00;-3.936167e-01;-5.063734e-01;-1.651180e-02;-2.999210e-01;-1.564706e+00;-3.267274e+00;-5.577086e+00;-3.641698e+00;-2.423930e+00;-3.554968e+00;1.632468e+00;-8.154964e-01;2.405727e+00
1;0.010000;-8.496904e-01;-6.788611e-01;-3.777504e-01;7.578187e-01;-5.203454e-01;-2.105428e-01;-6.419181e-01;-3.729046e+00;-6.372832e+00;-5.463404e+00;-5.416042e+00;1.383256e+00;1.366520e-01;1.409679e+00
2;0.020000;3.400831e-01;-9.935167e-01;-1.692831e+00;-1.390213e+00;-9.313266e-01;1.688850e-01;8.911026e-01;-2.182161e+00;-4.637941e+00;-3.547332e+00;-3.788368e+00;5.793072e-01;-5.761299e-01;1.225887e+00
3;0.030000;1.388033e+00;-1.215911e+00;-2.625419e+00;-4.133738e+00;3.511064e-01;1.442789e+00;-4.234332e-01;4.640450e-01;5.244713e+00;1.106483e+00;2.221558e+00;6.674552e-02;-3.100097e+00;1.867596e+00
4;0.040000;1.919020e+00;-2.999415e-01;-1.600652e+00;-2.956854e+00;1.649156e+00;1.098179e+00;-1.539535e+00;1.753488e+00;6.231894e+00;7.050993e-01;3.096315e+00;-1.696508e-01;-3.387912e+00;1.433628e+00
5;0.050000;6.220932e-01;1.050432e+00;8.550379e-01;2.009206e+00;4.531429e-01;-1.977966e+00;5.697460e-01;1.852529e+00;3.549397e-02;1.421719e+00;1.438926e+00;-1.271509e+00;-2.391953e-01;-1.115402e+00
6;0.060000;-8.189821e-01;1.685688e+00;2.926326e+00;2.937099e+00;-4.651666e-01;-5.312982e-01;2.376661e+00;2.988286e+00;7.922980e-01;3.391742e+00;2.705640e+00;-1.695755e+00;3.181968e+00;-3.064724e+00
7;0.070000;-1.415872e+00;8.457279e-01;3.021662e+00;2.793193e+00;-2.366467e-01;1.574661e+00;2.034651e+00;4.429946e+00;2.348072e+00;4.809622e+00;3.296941e+00;-5.248632e-01;4.800213e+00;-4.162380e+00
