frameIndex;frameTime;pcm_fftMag_mfcc[0];pcm_fftMag_mfcc[1];pcm_fftMag_mfcc[2];pcm_fftMag_mfcc[3];pcm_fftMag_mfcc[4];pcm_fftMag_mfcc[5];pcm_fftMag_mfcc[6];pcm_fftMag_mfcc[7];pcm_fftMag_mfcc[8];pcm_fftMag_mfcc[9];pcm_fftMag_mfcc[10];pcm_fftMag_mfcc[11];pcm_fftMag_mfcc[12];pcm_fftMag_mfcc[13]
0;0.000000;5.877466e-01;-1.130796e+00;-1.591303e+00;-1.855116e+00;2.750087e-01;1.634725e+00;7.843153e-01;1.840029e-01;1.584682e-01;-2.131221e+00;1.018075e-01;1.445034e+00;-7.283465e-01;1.044434e+00
1;0.010000;-5.877466e-01;1.130796e+00;1.591303e+00;1.855116e+00;-2.750087e-01;-1.634725e+00;-7.843156e-01;-1.840029e-01;-1.584682e-01;2.131221e+00;-1.018075e-01;-1.445034e+00;7.283465e-01;-1.044426e+00
