frameIndex;frameTime;pcm_fftMag_mfcc[0];pcm_fftMag_mfcc[1];pcm_fftMag_mfcc[2];pcm_fftMag_mfcc[3];pcm_fftMag_mfcc[4];pcm_fftMag_mfcc[5];pcm_fftMag_mfcc[6];pcm_fftMag_mfcc[7];pcm_fftMag_mfcc[8];pcm_fftMag_mfcc[9];pcm_fftMag_mfcc[10];pcm_fftMag_mfcc[11];pcm_fftMag_mfcc[12];pcm_fftMag_mfcc[13]
0;0.000000;3.715634e-01;-4.606533e-02;-1.076344e+00;-2.464950e-01;2.119632e+00;2.631495e+00;-1.160945e-01;-1.859636e+00;-5.009456e+00;2.420222e+00;3.882991e+00;-2.901664e+00;-8.244915e-01;-1.264992e+00
1;0.010000;3.046560e-01;1.975918e-02;-4.454635e-01;-8.489823e-02;1.595032e+00;2.576690e+00;1.935702e+00;3.352494e-01;-4.451003e+00;2.379707e+00;3.701207e+00;-5.427317e+00;-1.395774e+00;-1.405220e+00
2;0.020000;3.325639e-01;6.185660e-01;-9.452697e-01;-1.280017e+00;2.893683e-01;1.603835e+00;1.961411e+00;3.803845e+00;-3.748784e+00;1.324786e+00;-5.734396e-01;-6.218564e+00;-8.164186e-01;-1.604248e+00
3;0.030000;9.371562e-01;2.168854e+00;-5.059854e-01;-1.153723e+00;2.913624e-01;4.302671e-01;1.996614e+00;4.444766e+00;3.628540e-01;3.292312e+00;-2.928730e+00;-3.566536e+00;9.243097e-01;-1.333290e+00
4;0.040000;-3.316975e-01;1.040335e+00;5.704271e-01;1.401627e+00;-4.939407e-01;-9.806883e-02;-1.831778e+00;2.837201e-01;3.262524e+00;1.836953e+00;-2.032022e+00;2.932909e+00;1.944412e+00;-6.101074e-01
5;0.050000;-8.766894e-01;-9.552474e-01;1.420814e+00;1.575582e+00;-8.944741e-01;-8.714977e-01;-2.398809e+00;-2.560711e+00;5.660686e+00;-3.131607e+00;-1.221874e+00;7.082942e+00;1.442686e+00;1.822266e+00
6;0.060000;-7.375565e-01;-2.846201e+00;9.818214e-01;-2.120748e-01;-2.906980e+00;-6.272722e+00;-1.547046e+00;-4.447234e+00;3.923178e+00;-8.122373e+00;-8.281326e-01;8.098228e+00;-1.274721e+00;4.395622e+00
