frameIndex;frameTime;pcm_fftMag_mfcc[0];pcm_fftMag_mfcc[1];pcm_fftMag_mfcc[2];pcm_fftMag_mfcc[3];pcm_fftMag_mfcc[4];pcm_fftMag_mfcc[5];pcm_fftMag_mfcc[6];pcm_fftMag_mfcc[7];pcm_fftMag_mfcc[8];pcm_fftMag_mfcc[9];pcm_fftMag_mfcc[10];pcm_fftMag_mfcc[11];pcm_fftMag_mfcc[12];pcm_fftMag_mfcc[13]
0;0.000000;9.700577e-01;-5.945942e-01;-6.346879e-01;-4.276384e+00;-3.007089e+00;-1.107490e+00;-2.935772e+00;-1.248107e+00;1.737232e+00;3.306602e+00;-1.463100e+00;-1.111743e+00;-1.209325e+00;1.984421e+00
1;0.010000;7.003841e-01;2.440729e-01;-4.582784e-01;-2.630961e+00;-7.599621e-01;-2.222253e+00;-2.224344e+00;-5.366735e-01;-9.680581e-02;1.323306e+00;4.865265e-01;-8.213196e-01;-2.024546e-01;8.875732e-01
2;0.020000;1.700332e-01;1.103359e-01;3.288598e-01;-2.455516e-01;1.303866e+00;-5.610576e-01;-5.637929e-01;5.189815e-01;-8.607268e-02;-2.802539e-01;-4.018574e-01;-1.413054e+00;-9.854975e-01;-1.537476e-01
3;0.030000;-1.362023e-01;7.829080e-01;-7.138186e-01;2.385426e+00;1.399105e+00;2.104633e+00;2.870793e+00;1.494328e+00;-1.941237e+00;-2.839608e+00;3.207970e-01;1.152637e+00;4.864016e-01;-1.299789e+00
4;0.040000;-1.704272e+00;-5.427225e-01;1.477926e+00;4.767470e+00;1.064079e+00;1.786166e+00;2.853116e+00;-2.285318e-01;3.868841e-01;-1.510047e+00;1.057634e+00;2.193480e+00;1.910876e+00;-1.418442e+00
