frameIndex;frameTime;pcm_fftMag_mfcc[0];pcm_fftMag_mfcc[1];pcm_fftMag_mfcc[2];pcm_fftMag_mfcc[3];pcm_fftMag_mfcc[4];pcm_fftMag_mfcc[5];pcm_fftMag_mfcc[6];pcm_fftMag_mfcc[7];pcm_fftMag_mfcc[8];pcm_fftMag_mfcc[9];pcm_fftMag_mfcc[10];pcm_fftMag_mfcc[11];pcm_fftMag_mfcc[12];pcm_fftMag_mfcc[13]
0;0.000000;-7.321553e-01;-3.762206e-01;-1.915298e-01;7.367849e-02;3.734724e-01;-1.297944e+00;2.580290e-01;1.908169e-01;1.348553e+00;1.590834e+00;1.385774e+00;1.342875e+00;1.123651e+00;1.476212e-01
1;0.010000;7.321553e-01;3.762206e-01;1.915300e-01;-7.367849e-02;-3.734724e-01;1.297944e+00;-2.580285e-01;-1.908169e-01;-1.348553e+00;-1.590834e+00;-1.385774e+00;-1.342875e+00;-1.123651e+00;-1.476288e-01
