frameIndex;frameTime;pcm_fftMag_mfcc[0];pcm_fftMag_mfcc[1];pcm_fftMag_mfcc[2];pcm_fftMag_mfcc[3];pcm_fftMag_mfcc[4];pcm_fftMag_mfcc[5];pcm_fftMag_mfcc[6];pcm_fftMag_mfcc[7];pcm_fftMag_mfcc[8];pcm_fftMag_mfcc[9];pcm_fftMag_mfcc[10];pcm_fftMag_mfcc[11];pcm_fftMag_mfcc[12];pcm_fftMag_mfcc[13]
0;0.000000;9.469380e-01;-7.241361e-01;1.095257e+00;-1.336290e+00;-2.169919e-01;-1.308523e+00;2.149823e+00;-4.681380e-01;2.356600e+00;3.131257e+00;7.650764e-01;-1.555046e+00;-4.699836e-01;1.573402e+00
1;0.010000;8.577890e-01;5.756588e-01;1.406674e+00;3.607855e-01;-2.064883e+00;1.247988e+00;-2.633097e+00;-8.983014e-01;-9.091330e-02;-7.921267e-02;1.166977e+00;-1.062142e+00;1.118062e-01;1.287598e+00
2;0.020000;-2.641678e-03;1.107898e+00;1.209591e+00;6.279726e-01;-3.056785e+00;2.804680e-01;-2.665163e+00;1.503761e-01;-5.790148e-01;-2.364245e+00;6.963420e-02;7.751942e-01;1.931746e+00;2.345352e-01
3;0.030000;-9.441872e-01;-3.040588e-01;-1.038598e+00;2.603197e-01;9.554105e-01;-5.743780e-01;1.717028e+00;9.082441e-01;-3.938112e-01;-8.897901e-01;-1.440660e+00;1.104765e+00;3.777428e-01;-1.075058e+00
4;0.040000;-8.578982e-01;-6.553615e-01;-2.672921e+00;8.721399e-02;4.383246e+00;3.544474e-01;1.431409e+00;3.078196e-01;-1.292861e+00;2.019916e-01;-5.610275e-01;7.372284e-01;-1.951311e+00;-2.020439e+00
