frameIndex;frameTime;pcm_fftMag_mfcc[0];pcm_fftMag_mfcc[1];pcm_fftMag_mfcc[2];pcm_fftMag_mfcc[3];pcm_fftMag_mfcc[4];pcm_fftMag_mfcc[5];pcm_fftMag_mfcc[6];pcm_fftMag_mfcc[7];pcm_fftMag_mfcc[8];pcm_fftMag_mfcc[9];pcm_fftMag_mfcc[10];pcm_fftMag_mfcc[11];pcm_fftMag_mfcc[12];pcm_fftMag_mfcc[13]
0;0.000000;1.408678e+00;-7.713372e-01;2.160040e+00;-7.360625e-01;-2.167048e+00;-1.577654e-01;-6.573734e-01;3.801440e+00;-1.132670e+00;-7.886190e-01;-1.765206e+00;-6.119938e-01;-1.651539e+00;1.653214e-01
1;0.010000;2.069566e-01;-6.689054e-02;-5.536151e-01;3.548455e-01;2.951241e-02;9.746075e-02;-3.089714e-01;5.678251e-01;3.500662e-01;2.267023e+00;9.376242e-01;2.136106e-01;4.952216e-02;7.028198e-02
2;0.020000;-1.615635e+00;8.382277e-01;-1.606425e+00;3.812165e-01;2.137537e+00;6.030369e-02;9.663453e-01;-4.369266e+00;7.826037e-01;-1.478404e+00;8.275826e-01;3.983822e-01;1.602017e+00;-2.356148e-01
