frameIndex;frameTime;pcm_fftMag_mfcc[0];pcm_fftMag_mfcc[1];pcm_fftMag_mfcc[2];pcm_fftMag_mfcc[3];pcm_fftMag_mfcc[4];pcm_fftMag_mfcc[5];pcm_fftMag_mfcc[6];pcm_fftMag_mfcc[7];pcm_fftMag_mfcc[8];pcm_fftMag_mfcc[9];pcm_fftMag_mfcc[10];pcm_fftMag_mfcc[11];pcm_fftMag_mfcc[12];pcm_fftMag_mfcc[13]
0;0.000000;1.527090e-01;-5.582571e-02;-1.340474e+00;-1.929779e+00;-3.779289e+00;-7.850242e-01;1.083234e+00;6.987031e-01;1.606636e+00;-3.235348e-01;-2.054574e+00;-1.799697e+00;-3.549141e+00;7.368698e-01
1;0.010000;-5.261316e-01;-1.137981e+00;-1.994227e+00;-3.496542e+00;-3.803027e+00;-7.220602e-01;-3.483934e-01;-1.482053e+00;-8.243017e-01;-1.934943e+00;5.530822e-01;-2.171174e+00;-1.789431e+00;3.243370e-01
2;0.020000;-4.768877e-01;-5.607433e-01;-4.114909e-01;-2.100079e+00;-7.451315e-01;1.204844e+00;-2.757588e+00;-1.032307e+00;-2.806728e+00;-1.168512e+00;1.068875e+00;-1.904549e+00;-8.530903e-02;3.409767e-01
3;0.030000;3.021269e-01;1.114500e+00;2.772980e-01;2.939854e-01;2.009916e+00;3.994956e-01;-4.303475e+00;-5.979922e-01;-1.662045e+00;-1.831076e+00;-8.395603e-01;-3.319674e-01;7.214954e-01;8.260422e-01
4;0.040000;2.566185e-01;1.535122e+00;1.140438e+00;1.755898e+00;2.325427e+00;-1.379543e+00;-9.400911e-01;1.094293e+00;1.812199e+00;3.237866e-01;-1.236256e+00;-2.715115e-01;1.143874e+00;-1.975708e-01
5;0.050000;2.834644e-01;-4.014797e-01;9.209462e-01;2.086067e+00;2.173129e+00;8.004780e-01;2.984184e+00;-3.233392e-01;2.500287e+00;4.137694e+00;1.845137e+00;3.314170e+00;1.919744e+00;-1.205151e+00
6;0.060000;8.099556e-03;-4.935918e-01;1.407509e+00;3.390450e+00;1.818973e+00;4.818091e-01;4.282132e+00;1.642695e+00;-6.260452e-01;7.965857e-01;6.632954e-01;3.164729e+00;1.638768e+00;-8.254890e-01
