frameIndex;frameTime;pcm_fftMag_mfcc[0];pcm_fftMag_mfcc[1];pcm_fftMag_mfcc[2];pcm_fftMag_mfcc[3];pcm_fftMag_mfcc[4];pcm_fftMag_mfcc[5];pcm_fftMag_mfcc[6];pcm_fftMag_mfcc[7];pcm_fftMag_mfcc[8];pcm_fftMag_mfcc[9];pcm_fftMag_mfcc[10];pcm_fftMag_mfcc[11];pcm_fftMag_mfcc[12];pcm_fftMag_mfcc[13]
0;0.000000;-1.289114e+00;-2.060626e+00;1.909857e-01;-2.642169e+00;-1.773157e+00;-1.745426e+00;-3.889837e+00;-1.825432e+00;2.375793e-02;3.577815e+00;-4.250981e+00;-3.838997e-01;1.331916e+00;-3.508652e+00
1;0.100000;7.322979e-02;-2.841168e+00;3.010648e+00;-4.880839e+00;-2.715628e+00;1.901021e-01;-2.131405e+00;-1.375359e+00;-1.304653e+00;7.102983e+00;-1.272665e+00;2.540212e+00;2.622861e+00;-2.110367e+00
2;0.200000;9.581318e-01;-2.979398e-03;7.588046e-01;-3.828998e-01;-3.336098e+00;-1.417931e+00;-1.384834e-01;-4.190858e+00;-3.550014e-01;1.526213e+00;-1.499731e+00;1.558962e+00;6.496792e-01;-1.678917e+00
3;0.300000;-3.136921e-02;4.833630e+00;-3.061938e+00;5.735393e+00;-2.812920e-01;1.707840e-01;3.526654e+00;-2.361975e+00;3.665738e-01;-4.785788e+00;-1.040809e+00;-2.085605e+00;-1.543907e+00;1.424713e-01
4;0.400000;-4.359865e-01;2.242061e+00;-1.798360e+00;2.931994e+00;3.498833e+00;2.151830e+00;2.247368e+00;4.101210e+00;1.520535e+00;-4.850226e+00;3.115431e+00;-1.124011e+00;-1.603264e+00;3.265488e+00
5;0.500000;7.251072e-01;-2.170918e+00;8.998611e-01;-7.614813e-01;4.607347e+00;6.506433e-01;3.857035e-01;5.652414e+00;-2.512150e-01;-2.570998e+00;4.948754e+00;-5.056605e-01;-1.457286e+00;3.889954e+00
