frameIndex;frameTime;pcm_fftMag_mfcc[0];pcm_fftMag_mfcc[1];pcm_fftMag_mfcc[2];pcm_fftMag_mfcc[3];pcm_fftMag_mfcc[4];pcm_fftMag_mfcc[5];pcm_fftMag_mfcc[6];pcm_fftMag_mfcc[7];pcm_fftMag_mfcc[8];pcm_fftMag_mfcc[9];pcm_fftMag_mfcc[10];pcm_fftMag_mfcc[11];pcm_fftMag_mfcc[12];pcm_fftMag_mfcc[13]
0;0.000000;-2.818165e-01;2.082738e+00;-1.416965e+00;5.090933e+00;8.520796e+00;4.787210e+00;7.116516e+00;1.951299e+00;8.184852e+00;-5.073509e-01;3.884563e+00;8.131733e-01;2.792158e-01;2.333412e+00
1;0.100000;1.972325e+00;-2.352975e+00;1.908913e+00;1.879725e+00;7.865614e+00;6.200162e+00;6.204750e+00;6.813331e+00;7.461733e+00;2.261798e+00;5.918167e+00;1.062603e-01;3.850053e+00;2.553864e-01
2;0.200000;1.509309e+00;3.678731e+00;-1.956353e+00;3.792485e+00;2.846556e-01;1.264918e+00;1.535373e+00;2.228866e+00;4.038594e+00;1.457349e+00;2.555052e+00;2.051820e+00;4.562344e+00;-1.899353e+00
3;0.300000;-1.854306e+00;2.843852e+00;1.103030e+00;-6.329794e-01;-6.425756e+00;-3.839434e+00;-3.686275e+00;-3.945847e+00;-4.729311e+00;-1.518020e+00;-2.466832e+00;1.500034e+00;-5.647502e-01;-2.590179e-01
4;0.400000;-2.276759e+00;-1.541428e+00;9.313302e-01;-4.701747e+00;-7.872870e+00;-5.563274e+00;-6.322227e+00;-4.334190e+00;-8.800026e+00;-2.630133e+00;-5.616809e+00;-1.953985e+00;-3.662958e+00;5.418091e-01
5;0.500000;9.312496e-01;-4.710923e+00;-5.699520e-01;-5.428421e+00;-2.372441e+00;-2.849583e+00;-4.848141e+00;-2.713456e+00;-6.155846e+00;9.363613e-01;-4.274141e+00;-2.517305e+00;-4.463902e+00;-9.721832e-01
