frameIndex;frameTime;pcm_fftMag_mfcc[0];pcm_fftMag_mfcc[1];pcm_fftMag_mfcc[2];pcm_fftMag_mfcc[3];pcm_fftMag_mfcc[4];pcm_fftMag_mfcc[5];pcm_fftMag_mfcc[6];pcm_fftMag_mfcc[7];pcm_fftMag_mfcc[8];pcm_fftMag_mfcc[9];pcm_fftMag_mfcc[10];pcm_fftMag_mfcc[11];pcm_fftMag_mfcc[12];pcm_fftMag_mfcc[13]
0;0.000000;4.656793e+00;-5.502455e+00;-1.826032e+00;-2.087940e+00;1.543323e+01;-1.543328e+00;1.423004e+00;9.753348e-01;1.369371e-01;-1.133232e+00;-5.795935e+00;1.940702e+00;-3.553409e+00;-2.631752e+00
1;0.100000;1.034309e+00;-4.145174e-01;-7.314775e+00;2.112165e+00;9.467731e+00;2.399096e+00;-1.758485e+00;1.629122e+00;2.263700e+00;-4.421399e+00;-1.820214e+00;-7.342434e-01;1.209143e+00;-9.424744e-01
2;0.200000;-2.687914e+00;4.888269e+00;-8.087258e+00;5.810561e+00;3.768663e+00;8.618753e+00;-2.408959e+00;-3.941288e+00;3.510282e+00;-6.791064e+00;-5.427442e-01;-2.591539e+00;2.799314e+00;-1.730255e+00
3;0.300000;-3.765814e+00;5.168344e+00;-5.603104e-01;3.448311e+00;-1.033671e+01;1.531734e-01;7.335310e-01;-1.027791e+00;1.783561e+00;1.820195e-01;6.057294e+00;-5.518112e-01;2.230550e+00;-2.592468e-01
4;0.400000;-1.163506e+00;-1.286983e-03;5.823478e+00;-2.439165e+00;-1.094522e+01;-4.169497e+00;1.247625e-01;6.755416e-01;-2.492042e+00;5.187259e+00;2.906908e+00;4.879999e-01;2.184234e-01;3.076904e+00
5;0.500000;1.926133e+00;-4.138355e+00;1.196490e+01;-6.843935e+00;-7.387684e+00;-5.458198e+00;1.886148e+00;1.689079e+00;-5.202435e+00;6.976416e+00;-8.053086e-01;1.448886e+00;-2.904025e+00;2.486763e+00
