frameIndex;frameTime;pcm_fftMag_mfcc[0];pcm_fftMag_mfcc[1];pcm_fftMag_mfcc[2];pcm_fftMag_mfcc[3];pcm_fftMag_mfcc[4];pcm_fftMag_mfcc[5];pcm_fftMag_mfcc[6];pcm_fftMag_mfcc[7];pcm_fftMag_mfcc[8];pcm_fftMag_mfcc[9];pcm_fftMag_mfcc[10];pcm_fftMag_mfcc[11];pcm_fftMag_mfcc[12];pcm_fftMag_mfcc[13]
0;0.000000;-1.023029e+00;7.713024e+00;5.610418e+00;-1.046557e+01;-8.038772e+00;-6.311569e-01;-4.450000e+00;-1.924065e+00;9.035294e+00;-6.619845e+00;6.122678e+00;4.633292e+00;1.211244e+00;-3.899864e+00
1;0.100000;2.155834e+00;3.317559e+00;1.214624e+00;-3.005489e+00;2.184062e+00;2.882228e+00;-6.613427e+00;-3.821937e+00;9.740531e+00;-2.252735e+00;6.104212e+00;4.026670e+00;2.865570e+00;-6.461678e+00
2;0.200000;2.273097e+00;-3.352856e+00;-6.593620e+00;4.494245e+00;7.970703e+00;1.522248e+00;2.269080e+00;1.196807e+00;-3.553971e+00;3.691354e+00;-2.647816e+00;-3.363248e+00;3.068902e+00;-1.079712e+00
3;0.300000;7.163916e-01;-5.496703e+00;-4.616735e+00;3.048982e+00;5.060406e+00;3.432608e-01;2.393345e+00;2.349198e+00;-6.520486e+00;3.388793e+00;-6.191676e+00;-1.535025e+00;-1.334321e+00;3.572571e+00
4;0.400000;-4.649906e-01;-4.296819e+00;-1.294682e+00;2.533463e+00;9.909201e-01;-2.090560e+00;3.339971e+00;1.687576e+00;-5.788290e+00;1.858534e+00;-4.740523e+00;-2.657101e-01;-3.519408e+00;4.479919e+00
5;0.500000;-3.657305e+00;2.115795e+00;5.679998e+00;3.394366e+00;-8.167321e+00;-2.026015e+00;3.061029e+00;5.124205e-01;-2.913079e+00;-6.609988e-02;1.353128e+00;-3.495980e+00;-2.291988e+00;3.388748e+00
