frameIndex;frameTime;pcm_fftMag_mfcc[0];pcm_fftMag_mfcc[1];pcm_fftMag_mfcc[2];pcm_fftMag_mfcc[3];pcm_fftMag_mfcc[4];pcm_fftMag_mfcc[5];pcm_fftMag_mfcc[6];pcm_fftMag_mfcc[7];pcm_fftMag_mfcc[8];pcm_fftMag_mfcc[9];pcm_fftMag_mfcc[10];pcm_fftMag_mfcc[11];pcm_fftMag_mfcc[12];pcm_fftMag_mfcc[13]
0;0.000000;-1.775363e+00;-1.621085e+00;2.475548e-01;-3.864900e+00;3.957567e-01;-5.314418e+00;-9.008150e-01;4.696035e-01;2.673187e-01;-1.513040e+00;-4.715822e+00;4.227424e-02;3.500443e+00;1.278450e+00
1;0.100000;-3.058331e-01;-1.143420e-01;4.264966e-01;-4.840049e+00;9.243670e-01;-7.810559e-01;7.899771e-01;1.246976e+00;-1.136234e+00;-3.161720e+00;-4.294027e+00;-6.410712e-01;2.753407e+00;1.042015e+00
2;0.200000;1.586081e+00;1.474402e+00;-2.069222e-01;2.165518e-01;-9.634171e-01;4.136914e+00;8.541489e-01;2.741089e-01;-1.510010e+00;-1.204920e-01;2.251279e+00;-5.312057e-01;-1.152040e+00;-4.680405e-01
3;0.300000;4.951153e-01;2.610248e-01;-4.671292e-01;8.488398e+00;-3.567009e-01;1.958560e+00;-7.433119e-01;-1.990686e+00;2.378922e+00;4.795251e+00;6.758568e+00;1.130002e+00;-5.101811e+00;-1.852448e+00
