frameIndex;frameTime;pcm_fftMag_mfcc[0];pcm_fftMag_mfcc[1];pcm_fftMag_mfcc[2];pcm_fftMag_mfcc[3];pcm_fftMag_mfcc[4];pcm_fftMag_mfcc[5];pcm_fftMag_mfcc[6];pcm_fftMag_mfcc[7];pcm_fftMag_mfcc[8];pcm_fftMag_mfcc[9];pcm_fftMag_mfcc[10];pcm_fftMag_mfcc[11];pcm_fftMag_mfcc[12];pcm_fftMag_mfcc[13]
0;0.000000;1.539674e+00;3.771322e+00;-4.771366e-01;2.721910e-01;2.800996e+00;3.315773e-01;-4.683945e+00;-1.928637e+00;2.949004e+00;1.278203e+00;-3.750038e-02;-3.054591e+00;-3.045413e-01;-1.257286e+00
1;0.100000;1.276236e+00;2.072479e+00;-3.283291e-01;-7.053699e-01;4.193730e+00;1.120558e+00;-7.461411e+00;-4.791657e+00;-5.871916e-01;5.807618e+00;2.585465e+00;3.797034e+00;-2.366608e+00;-7.637863e-01
2;0.200000;5.957007e-01;-9.990463e-01;-1.249779e+00;-7.315102e-01;2.787304e-01;4.163885e-01;-2.041857e+00;-3.975335e+00;1.200499e+00;2.236730e+00;2.045136e+00;3.526999e+00;1.139374e+00;-1.416855e-01
3;0.300000;-1.013056e+00;-3.420104e+00;-2.193730e+00;-1.250433e+00;-1.660273e+00;8.720770e-01;3.503616e+00;1.081944e-01;-4.625978e-01;-2.585784e+00;1.516333e-01;5.815992e-01;2.496558e+00;4.954758e-01
4;0.400000;-1.194014e+00;-2.678948e+00;5.278988e-01;9.592247e-02;-1.771077e+00;7.446470e-01;5.074867e+00;6.894752e+00;-1.568126e+00;-9.976740e-01;-2.104813e+00;-4.507933e-01;5.953312e-04;1.104027e+00
5;0.500000;-1.204542e+00;1.254291e+00;3.721076e+00;2.319202e+00;-3.842112e+00;-3.485243e+00;5.608734e+00;3.692687e+00;-1.531587e+00;-5.739091e+00;-2.639921e+00;-4.400246e+00;-9.653788e-01;5.632858e-01
