frameIndex;frameTime;pcm_fftMag_mfcc[0];pcm_fftMag_mfcc[1];pcm_fftMag_mfcc[2];pcm_fftMag_mfcc[3];pcm_fftMag_mfcc[4];pcm_fftMag_mfcc[5];pcm_fftMag_mfcc[6];pcm_fftMag_mfcc[7];pcm_fftMag_mfcc[8];pcm_fftMag_mfcc[9];pcm_fftMag_mfcc[10];pcm_fftMag_mfcc[11];pcm_fftMag_mfcc[12];pcm_fftMag_mfcc[13]
0;0.000000;-2.405311e+00;-3.433691e+00;-2.973670e+00;7.636968e+00;5.646120e+00;-2.847975e+00;9.399414e-03;5.461501e-01;2.226793e+00;7.792446e+00;4.188062e+00;8.838875e-01;-3.160945e+00;3.326538e+00
1;0.100000;-3.964027e+00;-3.373928e-01;-3.141707e+00;4.067554e+00;3.711653e+00;-2.729713e+00;-3.699512e-01;-1.175150e-01;1.403379e-01;5.057873e+00;9.062012e-01;-1.531525e+00;-2.865050e+00;2.183624e+00
2;0.200000;-1.438397e+00;5.483591e+00;6.696253e-01;-1.980102e+00;-1.876234e+00;8.771117e-01;1.888368e+00;-9.917278e-01;-9.997520e-01;2.474376e+00;-2.245715e+00;-4.066963e+00;2.541194e-01;-8.905334e-01
3;0.300000;2.570590e+00;1.754731e+00;3.287688e+00;-3.339275e+00;-2.963373e+00;2.233615e+00;-2.475443e-01;1.529884e+00;7.246675e-01;-2.192371e+00;-5.088468e-01;-6.083813e-01;1.833157e+00;-3.224632e+00
4;0.400000;2.462837e+00;-1.529434e+00;1.541959e+00;-2.080128e+00;-2.028770e+00;8.454425e-01;-7.917957e-01;-2.034563e-01;-8.514328e-01;-5.087899e+00;-1.013129e+00;2.785045e+00;2.098459e+00;-9.162979e-01
5;0.500000;2.774311e+00;-1.937807e+00;6.161003e-01;-4.305013e+00;-2.489393e+00;1.621520e+00;-4.884777e-01;-7.633350e-01;-1.240621e+00;-8.044427e+00;-1.326573e+00;2.537933e+00;1.840259e+00;-4.786530e-01
