frameIndex;frameTime;pcm_fftMag_mfcc[0];pcm_fftMag_mfcc[1];pcm_fftMag_mfcc[2];pcm_fftMag_mfcc[3];pcm_fftMag_mfcc[4];pcm_fftMag_mfcc[5];pcm_fftMag_mfcc[6];pcm_fftMag_mfcc[7];pcm_fftMag_mfcc[8];pcm_fftMag_mfcc[9];pcm_fftMag_mfcc[10];pcm_fftMag_mfcc[11];pcm_fftMag_mfcc[12];pcm_fftMag_mfcc[13]
0;0.000000;-1.523551e+00;1.222529e+01;1.967445e+00;1.261917e+00;-1.609430e+01;1.769007e+00;-9.456551e+00;2.699139e+00;5.273515e+00;4.698185e+00;-1.525381e+00;6.082423e-01;5.449290e+00;-4.613869e+00
1;0.100000;1.300392e+00;1.009779e+01;5.376412e+00;-7.013500e+00;-7.322083e+00;-1.382218e+00;-8.328617e+00;1.196788e+00;7.163104e+00;3.110330e+00;-9.002135e-01;1.952963e+00;2.010131e+00;-3.851456e+00
2;0.200000;4.370728e-01;4.078825e+00;5.521730e+00;-2.333456e+00;-6.371851e-01;-5.367501e+00;-1.131331e+00;-1.881800e+00;4.085746e+00;2.608083e+00;4.926913e+00;-1.390477e+00;-1.532571e+00;-1.736549e+00
3;0.300000;-9.567175e-01;-5.501807e+00;-7.281982e-01;2.551193e+00;7.700725e+00;1.919374e+00;7.079301e+00;-1.139000e+00;-1.253804e+00;-3.942801e-01;3.385561e+00;-1.359102e+00;-2.295463e+00;2.147881e+00
4;0.400000;-5.431080e-01;-9.927479e+00;-5.016312e+00;3.178207e+00;9.449611e+00;3.162532e+00;7.792787e+00;-2.265053e-01;-5.697324e+00;-4.402664e+00;-1.777249e+00;-7.221618e-01;-2.232320e+00;4.466125e+00
5;0.500000;1.285906e+00;-1.097262e+01;-7.121076e+00;2.355640e+00;6.903225e+00;-1.011953e-01;4.044405e+00;-6.486263e-01;-9.571233e+00;-5.619653e+00;-4.109630e+00;9.105361e-01;-1.399069e+00;3.587845e+00
