frameIndex;frameTime;pcm_fftMag_mfcc[0];pcm_fftMag_mfcc[1];pcm_fftMag_mfcc[2];pcm_fftMag_mfcc[3];pcm_fftMag_mfcc[4];pcm_fftMag_mfcc[5];pcm_fftMag_mfcc[6];pcm_fftMag_mfcc[7];pcm_fftMag_mfcc[8];pcm_fftMag_mfcc[9];pcm_fftMag_mfcc[10];pcm_fftMag_mfcc[11];pcm_fftMag_mfcc[12];pcm_fftMag_mfcc[13]
0;0.000000;1.025973e+00;-1.420333e+00;-4.625488e+00;-5.152612e+00;2.010754e+00;3.831571e+00;-2.353973e-01;-5.012525e+00;-1.422153e+00;-5.639787e-01;3.809890e+00;-5.271850e+00;-1.635130e+00;-2.208176e-01
1;0.100000;5.362587e-01;-2.948817e+00;-3.683203e+00;7.723789e-01;-1.267763e+00;1.462128e+00;-2.120190e-01;3.672409e-01;1.231356e-01;5.308847e-01;4.018052e+00;-4.357263e+00;-2.761579e-01;1.852142e+00
2;0.200000;-3.113017e-01;-1.095356e+00;-8.895359e-01;3.795563e+00;-8.658962e-01;-2.487071e+00;5.198317e-01;2.701379e+00;3.907211e-01;2.181443e+00;4.560457e-01;-1.337488e+00;4.926505e-01;2.020027e+00
3;0.300000;-9.387374e-01;3.036044e+00;2.080319e+00;2.599799e+00;1.239578e+00;-3.694639e+00;1.407774e+00;3.956383e+00;-6.807823e-01;-4.541192e-01;-9.032917e-01;2.942085e+00;1.505094e+00;1.493607e-01
4;0.400000;-2.862320e-01;4.831507e+00;3.577583e+00;-2.771382e+00;1.055789e+00;4.116144e-01;4.365797e-01;-2.083864e-01;-1.501983e+00;-2.130873e+00;-1.889650e+00;5.763019e+00;3.037677e-01;-2.759430e+00
5;0.500000;-2.596235e-02;-2.403045e+00;3.540324e+00;7.562532e-01;-2.172468e+00;4.764004e-01;-1.916773e+00;-1.804093e+00;3.091059e+00;4.366436e-01;-5.491046e+00;2.261491e+00;-3.902230e-01;-1.041237e+00
