frameIndex;frameTime;pcm_fftMag_mfcc[0];pcm_fftMag_mfcc[1];pcm_fftMag_mfcc[2];pcm_fftMag_mfcc[3];pcm_fftMag_mfcc[4];pcm_fftMag_mfcc[5];pcm_fftMag_mfcc[6];pcm_fftMag_mfcc[7];pcm_fftMag_mfcc[8];pcm_fftMag_mfcc[9];pcm_fftMag_mfcc[10];pcm_fftMag_mfcc[11];pcm_fftMag_mfcc[12];pcm_fftMag_mfcc[13]
0;0.000000;6.908159e-01;5.611982e-01;-2.261497e+00;1.882658e+00;6.149193e+00;-3.973135e+00;3.408899e+00;1.017466e+01;-2.079708e+00;3.547789e+00;-6.859913e+00;-3.323216e+00;-3.947765e+00;-2.403442e+00
1;0.100000;4.057679e-01;2.454156e+00;-2.762777e+00;2.319643e+00;3.027672e+00;-3.295475e+00;1.401061e+00;4.394845e+00;-1.492897e+00;4.843554e-01;-7.244501e+00;-5.592245e+00;-3.648133e+00;-1.228783e+00
2;0.200000;4.305506e-01;2.954231e+00;-1.837297e+00;1.513748e-01;-1.532078e-02;3.029318e+00;-1.003409e+00;-3.717340e+00;3.366761e+00;-2.609010e+00;-2.191702e+00;-4.524882e+00;-2.919935e+00;1.058426e-01
3;0.300000;-2.452555e-01;-6.337500e-01;-4.067574e-01;-1.202955e+00;-7.948132e-01;3.358681e+00;-1.242743e+00;-2.963710e+00;2.608286e+00;-7.697058e-01;4.251785e+00;1.555794e+00;1.157107e+00;2.194954e+00
4;0.400000;-9.025555e-01;-3.058234e+00;1.620364e+00;-2.683838e+00;-3.117778e+00;1.314809e+00;-2.071002e+00;-2.861779e+00;-5.322380e-01;7.176137e-01;6.616767e+00;6.538985e+00;4.695286e+00;1.553642e+00
5;0.500000;-3.793221e-01;-2.277602e+00;5.647967e+00;-4.668770e-01;-5.248953e+00;-4.341955e-01;-4.927998e-01;-5.026677e+00;-1.870199e+00;-1.371045e+00;5.427563e+00;5.345563e+00;4.663441e+00;-2.221527e-01
