frameIndex;frameTime;pcm_fftMag_mfcc[0];pcm_fftMag_mfcc[1];pcm_fftMag_mfcc[2];pcm_fftMag_mfcc[3];pcm_fftMag_mfcc[4];pcm_fftMag_mfcc[5];pcm_fftMag_mfcc[6];pcm_fftMag_mfcc[7];pcm_fftMag_mfcc[8];pcm_fftMag_mfcc[9];pcm_fftMag_mfcc[10];pcm_fftMag_mfcc[11];pcm_fftMag_mfcc[12];pcm_fftMag_mfcc[13]
0;0.000000;-4.731647e+00;3.910463e+00;8.712403e+00;-8.068414e-01;-6.368095e+00;1.267653e+00;-1.149508e+00;-3.611949e+00;4.282211e+00;-3.055514e+00;-1.044507e+00;4.055020e+00;1.104571e+00;1.309204e-02
1;0.100000;-3.495529e+00;-7.211505e-01;2.273529e+00;-1.729008e+00;-4.794083e-01;-4.565430e-01;1.425885e+00;9.978123e-01;7.294018e+00;3.553200e-01;-3.439876e+00;8.139658e-01;1.478798e+00;8.735657e-01
2;0.200000;-1.409280e+00;-5.789306e-01;8.206878e-01;-5.150127e-02;1.854099e+00;-5.017395e-01;3.473434e-01;1.424381e+00;4.867650e+00;-2.702694e-01;-4.977457e+00;-4.813727e+00;5.451221e-01;5.857849e-01
3;0.300000;1.250063e+00;1.723299e-01;2.102812e+00;4.782584e+00;3.331203e+00;2.948647e-01;-1.534914e+00;-6.896305e-02;-1.811541e+00;4.870386e-01;-7.873444e-01;-4.154099e+00;-1.617185e+00;-5.476532e-01
4;0.400000;3.278510e+00;-1.644291e+00;-4.522885e+00;1.237565e+00;2.432440e+00;-6.280231e-01;-1.151657e-02;2.812128e-01;-7.446150e+00;1.822889e+00;3.411164e+00;2.102782e+00;-3.065226e+00;-4.096222e-02
5;0.500000;5.107883e+00;-1.138421e+00;-9.386547e+00;-3.432801e+00;-7.702351e-01;2.379036e-02;9.227085e-01;9.774990e-01;-7.186187e+00;6.605349e-01;6.838020e+00;1.996055e+00;1.553925e+00;-8.838577e-01
