frameIndex;frameTime;pcm_fftMag_mfcc[0];pcm_fftMag_mfcc[1];pcm_fftMag_mfcc[2];pcm_fftMag_mfcc[3];pcm_fftMag_mfcc[4];pcm_fftMag_mfcc[5];pcm_fftMag_mfcc[6];pcm_fftMag_mfcc[7];pcm_fftMag_mfcc[8];pcm_fftMag_mfcc[9];pcm_fftMag_mfcc[10];pcm_fftMag_mfcc[11];pcm_fftMag_mfcc[12];pcm_fftMag_mfcc[13]
0;0.000000;1.671371e+00;-4.223979e+00;5.251180e+00;-2.083030e+00;-3.908005e-01;-2.605186e+00;-3.043400e+00;6.154679e+00;-3.372097e-02;2.664605e+00;-9.911777e-01;-4.664536e-01;3.242750e+00;1.150833e+00
1;0.100000;1.965441e+00;3.341917e+00;-5.447245e+00;2.387971e+00;5.162097e+00;-5.467167e-01;-1.379640e-01;-1.556197e+00;8.146572e-02;5.059142e-01;1.745811e+00;-8.117065e-01;5.605810e-01;-2.839729e+00
2;0.200000;-3.636812e+00;8.820624e-01;1.960659e-01;-3.049417e-01;-4.771297e+00;3.151904e+00;3.181365e+00;-4.598481e+00;-4.774570e-02;-3.170518e+00;-7.546339e-01;1.278160e+00;-3.803331e+00;1.688889e+00
