frameIndex;frameTime;pcm_fftMag_mfcc[0];pcm_fftMag_mfcc[1];pcm_fftMag_mfcc[2];pcm_fftMag_mfcc[3];pcm_fftMag_mfcc[4];pcm_fftMag_mfcc[5];pcm_fftMag_mfcc[6];pcm_fftMag_mfcc[7];pcm_fftMag_mfcc[8];pcm_fftMag_mfcc[9];pcm_fftMag_mfcc[10];pcm_fftMag_mfcc[11];pcm_fftMag_mfcc[12];pcm_fftMag_mfcc[13]
0;0.000000;-7.866782e+00;-3.883400e-01;1.084207e+01;-8.978977e-01;-7.588393e+00;-1.863918e+00;9.730629e+00;1.994135e+00;-8.374860e+00;-8.198471e+00;-2.992049e+00;7.534005e+00;2.198786e+00;3.598190e+00
1;0.100000;-5.414353e+00;-5.382958e+00;1.012828e+01;-1.164936e+00;-3.460437e+00;-3.939686e+00;6.449781e+00;1.279744e+00;-6.445506e+00;-4.141553e+00;-2.400710e+00;6.863256e+00;1.209662e+00;3.146149e+00
2;0.200000;-1.348392e+00;-4.664802e+00;2.277777e+00;2.113718e+00;-6.155903e-01;-3.068550e+00;1.199262e+00;1.026922e+00;8.893585e-02;-4.584324e-01;2.415002e+00;2.011923e+00;-1.460120e+00;1.463760e+00
3;0.300000;2.833439e+00;6.273241e-01;-6.938498e+00;2.186094e+00;3.709751e+00;-7.416611e-01;-4.078996e+00;1.668300e+00;3.755789e+00;-5.398142e+00;3.377041e+00;-1.940207e+00;-1.637708e+00;-1.629738e+00
4;0.400000;4.925409e+00;5.098525e+00;-7.584563e+00;-7.887650e-01;4.204290e+00;3.739172e+00;-6.497941e+00;-2.251548e+00;3.989020e+00;2.579752e+00;8.847713e-02;-4.447047e+00;-1.201159e+00;-3.515358e+00
5;0.500000;6.870678e+00;4.710249e+00;-8.725059e+00;-1.448219e+00;3.750379e+00;5.874647e+00;-6.802735e+00;-3.717553e+00;6.986622e+00;1.561685e+01;-4.877658e-01;-1.002193e+01;8.905404e-01;-3.063011e+00
