frameIndex;frameTime;pcm_fftMag_mfcc[0];pcm_fftMag_mfcc[1];pcm_fftMag_mfcc[2];pcm_fftMag_mfcc[3];pcm_fftMag_mfcc[4];pcm_fftMag_mfcc[5];pcm_fftMag_mfcc[6];pcm_fftMag_mfcc[7];pcm_fftMag_mfcc[8];pcm_fftMag_mfcc[9];pcm_fftMag_mfcc[10];pcm_fftMag_mfcc[11];pcm_fftMag_mfcc[12];pcm_fftMag_mfcc[13]
0;0.000000;-3.393391e+00;6.979432e+00;-3.593579e+00;5.248942e+00;4.183788e-01;2.490906e+00;4.100885e+00;-3.583648e+00;-1.534906e+00;-2.240324e+00;8.868980e-01;7.326814e+00;-3.327214e+00;1.745934e+00
1;0.100000;-1.977639e+00;7.708168e-01;-4.374177e+00;1.917063e+00;-2.316643e+00;9.609518e-01;-1.594944e-01;-1.828746e+00;-1.398005e-01;-7.633436e-01;9.767069e-01;6.220493e-01;-5.691615e+00;1.535866e+00
2;0.200000;1.502383e+00;-4.332129e+00;-1.586671e-01;-2.625094e+00;3.122044e-01;3.121147e-01;-4.476585e-01;6.975503e-01;-8.319736e-02;2.343700e-01;1.064342e+00;-2.357319e+00;-3.737755e+00;-6.555557e-01
3;0.300000;1.853433e+00;-1.739677e+00;2.730465e+00;-3.820506e+00;3.472078e+00;-7.329197e-01;-5.754070e-01;2.818928e-01;-1.069975e+00;2.182596e+00;-1.233995e-02;-4.275705e+00;1.795124e+00;-1.479645e+00
4;0.400000;1.058229e+00;4.860411e-01;2.660113e+00;-7.206593e-01;1.150959e+00;-8.379879e-01;-2.893608e+00;5.352187e-01;8.043249e-01;2.112769e+00;-1.200376e+00;-2.174383e+00;6.019526e+00;-7.539368e-01
5;0.500000;9.569826e-01;-2.164485e+00;2.735847e+00;2.536774e-04;-3.036972e+00;-2.193058e+00;-2.471542e-02;3.897732e+00;2.023554e+00;-1.526066e+00;-1.715230e+00;8.585396e-01;4.941935e+00;-3.926544e-01
