frameIndex;frameTime;pcm_fftMag_mfcc[0];pcm_fftMag_mfcc[1];pcm_fftMag_mfcc[2];pcm_fftMag_mfcc[3];pcm_fftMag_mfcc[4];pcm_fftMag_mfcc[5];pcm_fftMag_mfcc[6];pcm_fftMag_mfcc[7];pcm_fftMag_mfcc[8];pcm_fftMag_mfcc[9];pcm_fftMag_mfcc[10];pcm_fftMag_mfcc[11];pcm_fftMag_mfcc[12];pcm_fftMag_mfcc[13]
0;0.000000;1.665666e+00;-6.413114e-01;1.599456e+00;1.133583e+00;4.273787e+00;-4.091939e+00;-6.865721e-01;-9.931450e-01;4.074386e-01;8.768284e-01;-1.485035e+00;1.081204e+00;3.467388e+00;-8.871918e-01
1;0.100000;3.097729e+00;2.257176e+00;-8.611221e-01;-4.690488e+00;5.853691e+00;6.652525e+00;7.956963e-01;-2.042218e+00;-5.030874e-01;1.697397e-01;-3.141785e+00;-1.887419e+00;-7.704049e-01;-2.708588e+00
2;0.200000;-5.553818e-01;2.047116e+00;-3.138899e+00;5.946317e-01;-3.032093e-01;2.660283e+00;3.707275e-01;8.226490e-02;9.055719e-02;-1.141487e+00;1.642184e+00;5.087404e-01;-2.107932e+00;2.335052e-01
3;0.300000;-4.208013e+00;-3.662981e+00;2.400563e+00;2.962273e+00;-9.824269e+00;-5.220871e+00;-4.798517e-01;2.953100e+00;5.091548e-03;9.491861e-02;2.984636e+00;2.974740e-01;-5.890521e-01;3.362289e+00
