frameIndex;frameTime;pcm_fftMag_mfcc[0];pcm_fftMag_mfcc[1];pcm_fftMag_mfcc[2];pcm_fftMag_mfcc[3];pcm_fftMag_mfcc[4];pcm_fftMag_mfcc[5];pcm_fftMag_mfcc[6];pcm_fftMag_mfcc[7];pcm_fftMag_mfcc[8];pcm_fftMag_mfcc[9];pcm_fftMag_mfcc[10];pcm_fftMag_mfcc[11];pcm_fftMag_mfcc[12];pcm_fftMag_mfcc[13]
0;0.000000;-6.481552e-01;2.454477e+00;1.060814e+01;4.229067e+00;5.839958e-01;3.472906e+00;-1.422495e+00;-8.640480e+00;-6.997849e+00;-7.913103e-01;-3.110837e+00;-5.213360e+00;2.094083e-01;-2.670944e+00
1;0.100000;-1.755713e+00;4.852654e+00;6.043815e+00;-5.771432e-01;5.001869e-01;-1.494877e+00;-9.798565e-01;-9.223429e+00;-5.713991e+00;-6.207352e-01;6.886582e-01;2.143774e-01;1.409610e+00;-1.117149e+00
2;0.200000;-6.689529e-01;4.969568e+00;-1.452786e+00;-2.145295e-01;-6.013107e-02;-2.132484e+00;-2.358478e+00;-2.192745e-01;-1.259452e+00;-1.844179e+00;-9.663677e-01;1.673995e+00;-5.480342e-01;6.072235e-02
3;0.300000;1.325430e+00;-1.133509e+00;-7.210924e+00;1.638750e+00;-3.321970e+00;1.240955e+00;-2.059490e+00;5.535333e+00;3.298331e+00;9.369564e-02;1.135544e+00;1.097868e+00;6.426165e-01;1.278854e+00
4;0.400000;1.839478e+00;-6.739581e+00;-5.922691e+00;-1.119229e+00;-3.061356e+00;1.541059e+00;2.903938e-02;7.443293e+00;4.035389e+00;2.022635e+00;8.753796e-01;6.570721e-01;-4.321938e-01;1.616859e+00
5;0.500000;-9.209633e-02;-4.403610e+00;-2.065551e+00;-3.956915e+00;5.359280e+00;-2.627563e+00;6.791284e+00;5.104561e+00;6.637575e+00;1.139899e+00;1.377624e+00;1.570050e+00;-1.281407e+00;8.316498e-01
