frameIndex;frameTime;pcm_fftMag_mfcc[0];pcm_fftMag_mfcc[1];pcm_fftMag_mfcc[2];pcm_fftMag_mfcc[3];pcm_fftMag_mfcc[4];pcm_fftMag_mfcc[5];pcm_fftMag_mfcc[6];pcm_fftMag_mfcc[7];pcm_fftMag_mfcc[8];pcm_fftMag_mfcc[9];pcm_fftMag_mfcc[10];pcm_fftMag_mfcc[11];pcm_fftMag_mfcc[12];pcm_fftMag_mfcc[13]
0;0.000000;1.937464e+00;-8.172560e-01;-7.293159e+00;1.996391e+00;4.409228e+00;9.984842e+00;-3.437130e+00;2.114544e+00;5.429452e+00;3.609902e+00;9.817076e-01;-8.649731e-02;6.504263e+00;-1.497391e+00
1;0.100000;1.147853e+00;-3.162798e+00;-6.229917e+00;1.864895e+00;6.781244e+00;7.307648e+00;6.328220e-01;-1.105459e+00;4.271952e+00;1.181063e+00;-8.267727e-01;1.159011e+00;6.543281e+00;1.920166e-01
2;0.200000;2.236953e-01;9.323888e-01;-3.210731e+00;2.558866e+00;3.623485e+00;2.649787e+00;-2.096490e+00;-3.396297e+00;-7.559109e-02;-4.426732e+00;-2.201857e+00;3.151058e+00;1.156398e+00;5.795898e-01
3;0.300000;-1.276505e+00;5.375157e+00;5.073861e+00;7.267919e-01;-4.780713e+00;-2.553602e+00;-2.403760e+00;-2.818398e+00;-4.921295e+00;-6.416736e+00;-5.326262e-01;6.145668e-01;-4.280230e+00;-7.927933e-01
4;0.400000;-1.709322e+00;8.316288e-01;6.992347e+00;-2.602831e+00;-5.548190e+00;-7.829695e+00;1.894075e+00;7.725189e-01;-4.001200e+00;1.149396e+00;8.885565e-01;-3.186916e+00;-4.936765e+00;3.482971e-01
5;0.500000;-3.231869e-01;-3.159121e+00;4.667596e+00;-4.544113e+00;-4.485047e+00;-9.558975e+00;5.410481e+00;4.433093e+00;-7.033176e-01;4.903108e+00;1.690993e+00;-1.651223e+00;-4.986947e+00;1.170303e+00
