frameIndex;frameTime;pcm_fftMag_mfcc[0];pcm_fftMag_mfcc[1];pcm_fftMag_mfcc[2];pcm_fftMag_mfcc[3];pcm_fftMag_mfcc[4];pcm_fftMag_mfcc[5];pcm_fftMag_mfcc[6];pcm_fftMag_mfcc[7];pcm_fftMag_mfcc[8];pcm_fftMag_mfcc[9];pcm_fftMag_mfcc[10];pcm_fftMag_mfcc[11];pcm_fftMag_mfcc[12];pcm_fftMag_mfcc[13]
0;0.000000;1.173804e+00;-9.124639e-01;-1.391377e+00;1.623688e+00;-7.892323e-01;-1.653339e+00;-1.210273e+00;1.861292e+00;4.673109e-01;-1.980419e+00;-1.673918e-01;-1.095033e-02;-1.662092e-01;-3.171539e-01
1;0.100000;-1.173804e+00;9.124639e-01;1.391377e+00;-1.623688e+00;7.892323e-01;1.653339e+00;1.210272e+00;-1.861292e+00;-4.673100e-01;1.980419e+00;1.673913e-01;1.095045e-02;1.662092e-01;3.171539e-01
