frameIndex;frameTime;pcm_fftMag_mfcc[0];pcm_fftMag_mfcc[1];pcm_fftMag_mfcc[2];pcm_fftMag_mfcc[3];pcm_fftMag_mfcc[4];pcm_fftMag_mfcc[5];pcm_fftMag_mfcc[6];pcm_fftMag_mfcc[7];pcm_fftMag_mfcc[8];pcm_fftMag_mfcc[9];pcm_fftMag_mfcc[10];pcm_fftMag_mfcc[11];pcm_fftMag_mfcc[12];pcm_fftMag_mfcc[13]
0;0.000000;6.309204e-01;2.453456e+00;3.873320e-01;-2.543079e+00;2.928859e+00;-8.596544e-01;-1.606895e+00;7.772493e-02;3.150889e+00;1.260880e+00;-6.211629e-01;-1.016093e+00;-1.240721e+00;9.623413e-01
1;0.100000;-3.436234e+00;3.625392e+00;-3.347416e-01;4.047432e-01;-2.273435e+00;-3.833117e+00;-2.397759e+00;1.326208e+00;5.951184e+00;1.450183e+00;8.132029e-02;-3.167376e+00;-2.052494e+00;4.350891e-01
2;0.200000;-4.142559e+00;6.717053e+00;-1.677481e+00;3.694125e+00;-4.375773e+00;-2.449079e+00;-1.524991e+00;6.496873e-01;4.736030e+00;1.476571e+00;2.923230e+00;-1.286101e-01;-1.824789e-01;-2.200584e+00
3;0.300000;-4.911442e-01;1.367809e+00;-3.638628e+00;4.397181e+00;-1.667293e+00;4.118914e+00;2.253346e-01;-1.865057e+00;-4.335213e+00;-1.174050e+00;1.808368e+00;2.652745e+00;1.441234e+00;-8.023605e-01
4;0.400000;2.628132e+00;-4.543888e+00;-1.343355e-01;1.221390e-01;1.459868e+00;3.365093e+00;-2.302299e-01;-7.888141e-01;-5.937231e+00;-9.074955e-01;-2.088538e+00;2.159256e+00;1.129077e+00;6.976089e-01
5;0.500000;4.810888e+00;-9.619823e+00;5.397850e+00;-6.075109e+00;3.927775e+00;-3.421535e-01;5.534539e+00;6.002455e-01;-3.565660e+00;-2.106086e+00;-2.103218e+00;-4.999204e-01;9.053812e-01;9.078674e-01
