frameIndex;frameTime;pcm_fftMag_mfcc[0];pcm_fftMag_mfcc[1];pcm_fftMag_mfcc[2];pcm_fftMag_mfcc[3];pcm_fftMag_mfcc[4];pcm_fftMag_mfcc[5];pcm_fftMag_mfcc[6];pcm_fftMag_mfcc[7];pcm_fftMag_mfcc[8];pcm_fftMag_mfcc[9];pcm_fftMag_mfcc[10];pcm_fftMag_mfcc[11];pcm_fftMag_mfcc[12];pcm_fftMag_mfcc[13]
0;0.000000;4.060422e+00;-1.622510e+00;-9.578085e+00;-6.289161e+00;4.689322e+00;2.752645e+00;-3.078529e+00;-2.415720e+00;-3.089505e+00;3.778498e+00;-3.512844e+00;-1.713291e+00;6.681695e-01;-2.273865e-01
1;0.100000;2.266332e+00;-2.887897e+00;-5.819445e+00;-4.705216e+00;3.353177e+00;1.822610e+00;-2.089401e+00;1.547840e+00;-3.964967e+00;4.320848e+00;-2.629882e+00;-3.025476e+00;-5.777431e-01;1.506042e+00
2;0.200000;-1.388516e-01;-1.579123e-01;2.699316e-01;-9.255762e-01;1.339899e+00;1.008224e-02;8.144207e-01;2.151458e+00;-2.953546e+00;1.247572e+00;-6.233270e-01;-2.608098e+00;-5.691216e-01;2.423019e-01
3;0.300000;-2.143879e+00;4.391469e+00;7.776030e+00;2.733861e+00;-3.380213e+00;-1.330073e+00;3.636316e+00;-4.685652e-02;-1.071172e+00;-4.681704e+00;1.131297e+00;1.588888e+00;5.987978e-01;-2.034431e+00
4;0.400000;-9.712567e-01;2.100271e+00;3.742299e+00;5.600668e+00;-2.359997e+00;-2.356702e+00;3.267136e-01;-1.862307e+00;5.091990e+00;-3.496587e+00;2.300983e+00;3.472748e+00;6.284761e-01;-1.008408e+00
5;0.500000;-3.072766e+00;-1.823421e+00;3.609270e+00;3.585428e+00;-3.642181e+00;-8.985529e-01;3.904819e-01;6.255856e-01;5.987192e+00;-1.168627e+00;3.333775e+00;2.285226e+00;-7.485764e-01;1.521950e+00
