frameIndex;frameTime;pcm_fftMag_mfcc[0];pcm_fftMag_mfcc[1];pcm_fftMag_mfcc[2];pcm_fftMag_mfcc[3];pcm_fftMag_mfcc[4];pcm_fftMag_mfcc[5];pcm_fftMag_mfcc[6];pcm_fftMag_mfcc[7];pcm_fftMag_mfcc[8];pcm_fftMag_mfcc[9];pcm_fftMag_mfcc[10];pcm_fftMag_mfcc[11];pcm_fftMag_mfcc[12];pcm_fftMag_mfcc[13]
0;0.000000;-2.182127e+00;-1.202046e+01;-3.896275e+00;-6.810370e+00;3.641934e-01;-5.940626e+00;-5.282985e+00;-9.415637e+00;-2.186100e+00;-9.465253e-01;-3.065810e+00;7.834587e+00;1.510292e+00;2.853172e+00
1;0.100000;-2.810222e+00;-4.914087e+00;-2.804514e+00;2.363790e+00;1.899127e+00;1.574462e+00;-1.196776e+00;-4.334852e+00;2.049073e+00;-6.299589e-01;-2.503132e+00;6.359638e+00;1.848781e+00;3.659599e+00
2;0.200000;-1.393626e+00;6.210975e+00;-1.215540e+00;8.663508e+00;4.862118e-01;2.664730e+00;1.349011e+00;-2.882659e+00;6.534847e+00;-1.368781e+00;-1.748217e+00;5.238934e+00;3.099351e+00;1.061157e+00
3;0.300000;7.511263e-01;1.259662e+01;-9.164143e-02;3.089994e+00;-1.690719e+00;3.169691e+00;3.910344e+00;9.510344e-01;3.050557e+00;1.767318e-01;3.362276e+00;-3.292577e+00;1.585095e+00;-1.586716e+00
4;0.400000;2.720227e+00;4.795185e+00;3.990514e+00;-3.263124e+00;-1.190886e+00;2.148065e+00;2.880325e+00;6.351853e+00;-1.248096e+00;1.854388e+00;4.916499e+00;-7.428334e+00;-1.852368e+00;-2.771347e+00
5;0.500000;2.914621e+00;-6.668231e+00;4.017453e+00;-4.043797e+00;1.320715e-01;-3.616319e+00;-1.659918e+00;9.330262e+00;-8.200280e+00;9.141452e-01;-9.616122e-01;-8.712249e+00;-6.191149e+00;-3.215813e+00
