frameIndex;frameTime;pcm_fftMag_mfcc[0];pcm_fftMag_mfcc[1];pcm_fftMag_mfcc[2];pcm_fftMag_mfcc[3];pcm_fftMag_mfcc[4];pcm_fftMag_mfcc[5];pcm_fftMag_mfcc[6];pcm_fftMag_mfcc[7];pcm_fftMag_mfcc[8];pcm_fftMag_mfcc[9];pcm_fftMag_mfcc[10];pcm_fftMag_mfcc[11];pcm_fftMag_mfcc[12];pcm_fftMag_mfcc[13]
0;0.000000;4.740715e-02;-1.839037e-01;-6.000051e-01;-5.429018e+00;6.688938e+00;4.897084e+00;-5.170422e-01;1.846634e+00;3.181824e+00;1.506136e+00;-1.195035e+00;-7.412616e+00;-4.174673e+00;7.100601e-01
1;0.100000;-3.943110e-01;-3.744568e+00;-1.158685e+00;-7.363819e+00;3.663728e+00;2.089780e+00;-2.945347e-01;1.988203e+00;3.399701e+00;4.194597e+00;1.834307e+00;-1.353724e+00;5.208511e-01;2.690964e+00
2;0.200000;-9.824142e-01;-2.866260e+00;-1.327085e+00;-4.071005e+00;8.782873e-01;-9.142251e-01;-3.541937e-01;-4.041729e-01;3.107122e+00;1.819954e+00;2.858198e+00;1.096035e+00;2.820819e+00;2.024902e+00
3;0.300000;-2.414045e-01;2.683474e+00;1.158830e+00;3.485360e+00;-3.192893e+00;-5.172203e+00;-2.454156e+00;-2.614150e+00;-5.615889e-01;-2.071156e+00;1.778866e+00;2.363229e-01;4.726129e-01;-1.236229e+00
4;0.400000;7.198009e-01;4.589208e+00;2.314533e+00;8.078854e+00;-6.013757e+00;-3.495190e+00;4.843740e-01;-1.023351e+00;-3.571498e+00;-2.013965e+00;-2.799740e-01;3.521774e+00;-2.502313e-01;-2.969032e+00
5;0.500000;8.509235e-01;-4.779501e-01;-3.875837e-01;5.299629e+00;-2.024299e+00;2.594755e+00;3.135551e+00;2.068415e-01;-5.555559e+00;-3.435566e+00;-4.996365e+00;3.912208e+00;6.106200e-01;-1.220650e+00
