frameIndex;frameTime;pcm_fftMag_mfcc[0];pcm_fftMag_mfcc[1];pcm_fftMag_mfcc[2];pcm_fftMag_mfcc[3];pcm_fftMag_mfcc[4];pcm_fftMag_mfcc[5];pcm_fftMag_mfcc[6];pcm_fftMag_mfcc[7];pcm_fftMag_mfcc[8];pcm_fftMag_mfcc[9];pcm_fftMag_mfcc[10];pcm_fftMag_mfcc[11];pcm_fftMag_mfcc[12];pcm_fftMag_mfcc[13]
0;0.000000;-5.242596e-01;-5.550487e+00;-6.927165e+00;2.333193e-01;7.733804e+00;2.599466e+00;7.621722e+00;-2.023360e+00;4.518077e+00;-1.316001e+00;2.300303e+00;2.340051e+00;5.574372e-01;3.444237e+00
1;0.100000;-1.210985e-01;-5.132356e+00;-8.959867e+00;1.214265e+00;6.219108e+00;4.146309e+00;4.937493e+00;-2.929071e+00;3.318667e+00;-5.484485e+00;8.417616e-01;3.600569e-01;1.728911e+00;1.898499e+00
2;0.200000;-5.099421e-01;-3.478899e-01;-5.221778e+00;-3.317121e+00;2.691751e+00;2.571778e+00;-2.071190e+00;8.813801e-01;-3.632259e-02;-3.259583e+00;-5.252886e-01;2.762958e+00;8.972613e-01;-1.079025e+00
3;0.300000;-1.553011e-01;2.277390e+00;2.671100e+00;-7.744093e-01;-2.216714e+00;-3.834496e+00;-1.467880e+00;1.618085e+00;-2.019852e+00;7.603130e-01;-6.952324e-01;8.842040e-01;-1.076773e+00;-1.698158e+00
4;0.400000;4.247236e-01;3.043935e+00;8.042806e+00;1.374474e+00;-5.624000e+00;-4.923633e+00;-4.043859e+00;1.007172e+00;-2.437697e+00;4.866592e+00;-1.370489e+00;-2.525645e+00;-1.337277e+00;-6.480789e-01
5;0.500000;8.858738e-01;5.709410e+00;1.039491e+01;1.269475e+00;-8.803950e+00;-5.594251e-01;-4.976278e+00;1.445794e+00;-3.342872e+00;4.433164e+00;-5.510559e-01;-3.821625e+00;-7.695583e-01;-1.917465e+00
