frameIndex;frameTime;pcm_fftMag_mfcc[0];pcm_fftMag_mfcc[1];pcm_fftMag_mfcc[2];pcm_fftMag_mfcc[3];pcm_fftMag_mfcc[4];pcm_fftMag_mfcc[5];pcm_fftMag_mfcc[6];pcm_fftMag_mfcc[7];pcm_fftMag_mfcc[8];pcm_fftMag_mfcc[9];pcm_fftMag_mfcc[10];pcm_fftMag_mfcc[11];pcm_fftMag_mfcc[12];pcm_fftMag_mfcc[13]
0;0.000000;-3.307654e+00;-7.897158e-01;-1.441363e+00;-4.632392e+00;-4.945263e+00;1.581057e+00;2.763671e+00;5.771794e-01;-3.663682e+00;-1.833320e+00;-3.937918e+00;-4.327387e+00;-2.900824e+00;1.709541e+00
1;0.100000;-1.879311e+00;-3.433812e+00;-2.706109e+00;-5.345885e+00;-3.358152e+00;2.768507e-01;3.576904e+00;1.949774e+00;-1.414928e-01;8.209429e-01;-4.016281e+00;-5.646333e+00;2.090848e+00;2.226143e+00
2;0.200000;7.922554e-01;-1.837856e+00;-7.506752e-01;-3.283825e+00;4.619255e-01;2.535791e-01;1.066276e+00;-9.456422e-01;2.195886e+00;1.124680e+00;-1.888887e+00;-3.188386e+00;3.394235e+00;1.001007e+00
3;0.300000;2.106087e+00;1.436131e+00;1.213703e+00;4.315924e+00;3.183784e+00;-1.560899e+00;-2.999384e+00;-2.415208e+00;2.306125e+00;-7.525864e-01;3.552281e+00;3.996018e+00;-1.056282e+00;-1.328682e+00
4;0.400000;2.288623e+00;4.625253e+00;3.684444e+00;8.946178e+00;4.657702e+00;-5.505934e-01;-4.407463e+00;8.338971e-01;-6.968374e-01;6.402845e-01;6.290807e+00;9.166090e+00;-1.527977e+00;-3.608009e+00
