frameIndex;frameTime;pcm_fftMag_mfcc[0];pcm_fftMag_mfcc[1];pcm_fftMag_mfcc[2];pcm_fftMag_mfcc[3];pcm_fftMag_mfcc[4];pcm_fftMag_mfcc[5];pcm_fftMag_mfcc[6];pcm_fftMag_mfcc[7];pcm_fftMag_mfcc[8];pcm_fftMag_mfcc[9];pcm_fftMag_mfcc[10];pcm_fftMag_mfcc[11];pcm_fftMag_mfcc[12];pcm_fftMag_mfcc[13]
0;0.000000;1.308286e+00;-1.195507e+01;8.748703e-01;4.290791e-01;1.509961e+00;-2.217777e+00;-2.437096e-01;1.529222e+00;1.895197e+00;-2.457821e+00;-6.972897e+00;-3.063191e+00;-1.984232e+00;3.844490e+00
1;0.100000;4.051676e-01;-6.867500e+00;-3.838854e-01;5.811141e+00;2.470330e+00;3.728305e+00;2.761083e-01;2.369174e+00;4.331867e+00;-3.347915e+00;-4.649667e+00;-2.754797e+00;-2.044808e+00;5.230064e+00
2;0.200000;-6.476183e-01;1.670802e-01;-1.932199e+00;9.675589e+00;3.021075e+00;3.719205e+00;-3.255048e-01;9.373736e-01;5.428923e+00;-3.403699e+00;-8.312440e-01;1.193441e+00;-4.654500e-01;2.428360e+00
3;0.300000;-1.148477e+00;8.125863e+00;-2.043939e+00;5.649919e+00;6.375313e-04;-2.977847e+00;1.640035e+00;-2.543259e-02;3.762528e-01;-1.083776e+00;6.583680e-01;2.232161e+00;1.927025e+00;-2.855461e+00
4;0.400000;-2.987957e-02;6.166296e+00;1.726025e+00;-8.588662e+00;-4.972192e+00;-1.189737e+00;1.274644e+00;-3.187892e+00;-7.128524e+00;2.370580e+00;4.185444e+00;3.903580e-02;1.353200e+00;-5.806969e+00
5;0.500000;1.125221e-01;4.363328e+00;1.759134e+00;-1.297706e+01;-2.029810e+00;-1.062151e+00;-2.621574e+00;-1.622447e+00;-4.903717e+00;7.922631e+00;7.609996e+00;2.353349e+00;1.214267e+00;-2.840515e+00
