frameIndex;frameTime;pcm_fftMag_mfcc[0];pcm_fftMag_mfcc[1];pcm_fftMag_mfcc[2];pcm_fftMag_mfcc[3];pcm_fftMag_mfcc[4];pcm_fftMag_mfcc[5];pcm_fftMag_mfcc[6];pcm_fftMag_mfcc[7];pcm_fftMag_mfcc[8];pcm_fftMag_mfcc[9];pcm_fftMag_mfcc[10];pcm_fftMag_mfcc[11];pcm_fftMag_mfcc[12];pcm_fftMag_mfcc[13]
0;0.000000;3.938391e+00;-7.159508e+00;-1.382463e+00;-3.494559e+00;1.385233e+00;-2.957149e+00;-1.270400e+00;4.805231e+00;3.626631e+00;1.359589e+00;-3.930706e-01;9.536285e-01;1.122298e+00;2.490692e+00
1;0.100000;3.337447e+00;-1.027029e+01;1.502068e+00;-7.290777e+00;-2.329109e+00;-3.145957e+00;-4.648202e+00;5.032774e+00;-3.226920e+00;2.533936e+00;-3.516125e+00;1.592113e+00;-2.532495e+00;1.714691e+00
2;0.200000;2.003037e+00;-6.363808e+00;9.947915e-01;-4.407579e+00;-4.853085e+00;-8.359270e-01;-4.540305e+00;2.172233e+00;-4.111172e+00;-7.830143e-02;-5.804965e-01;-2.633302e+00;-2.125852e-01;1.645905e+00
3;0.300000;-1.080233e+00;2.643678e+00;-6.918082e-01;1.694333e+00;-2.603985e+00;1.451459e+00;1.979115e+00;-1.384054e+00;4.119473e-01;-2.360277e-01;2.912252e+00;-2.259363e+00;1.188498e+00;9.873810e-01
4;0.400000;-4.085526e+00;1.041161e+01;-7.949915e-01;6.863708e+00;2.047630e+00;1.613760e+00;5.804700e+00;-4.483937e+00;1.783499e+00;-2.303772e-01;1.373072e+00;3.107834e-02;8.014745e-01;-2.465057e+00
5;0.500000;-4.113110e+00;1.073832e+01;3.724017e-01;6.634876e+00;6.353312e+00;3.873813e+00;2.675099e+00;-6.142247e+00;1.516017e+00;-3.348819e+00;2.043688e-01;2.315847e+00;-3.671904e-01;-4.373596e+00
