frameIndex;frameTime;pcm_fftMag_mfcc[0];pcm_fftMag_mfcc[1];pcm_fftMag_mfcc[2];pcm_fftMag_mfcc[3];pcm_fftMag_mfcc[4];pcm_fftMag_mfcc[5];pcm_fftMag_mfcc[6];pcm_fftMag_mfcc[7];pcm_fftMag_mfcc[8];pcm_fftMag_mfcc[9];pcm_fftMag_mfcc[10];pcm_fftMag_mfcc[11];pcm_fftMag_mfcc[12];pcm_fftMag_mfcc[13]
0;0.000000;-2.004217e+00;3.900896e+00;5.230490e+00;2.667146e+00;-1.952596e+00;9.116778e-01;8.057690e-01;-1.911827e+00;-8.952003e+00;-6.895947e+00;7.789695e-01;1.617903e+00;-2.324267e+00;-1.211777e+00
1;0.100000;-5.294957e-01;9.725661e-01;2.378668e+00;1.269288e+00;2.590813e+00;1.806654e+00;-1.383448e-01;3.037589e+00;-6.659694e-01;-3.237063e-01;1.886239e+00;-1.862557e+00;-4.943289e+00;6.938782e-01
2;0.200000;1.268291e+00;-1.825596e+00;-1.987066e+00;-2.224012e+00;1.967536e+00;2.670436e-01;-1.517582e-02;1.619983e+00;7.014697e+00;3.482952e+00;9.130781e-01;-7.833757e-01;1.714338e+00;9.634247e-01
3;0.300000;1.265421e+00;-3.047865e+00;-5.622092e+00;-1.712422e+00;-2.605754e+00;-2.985377e+00;-6.522446e-01;-2.745745e+00;2.603276e+00;3.736702e+00;-3.578287e+00;1.028028e+00;5.553219e+00;-4.455109e-01
