frameIndex;frameTime;pcm_fftMag_mfcc[0];pcm_fftMag_mfcc[1];pcm_fftMag_mfcc[2];pcm_fftMag_mfcc[3];pcm_fftMag_mfcc[4];pcm_fftMag_mfcc[5];pcm_fftMag_mfcc[6];pcm_fftMag_mfcc[7];pcm_fftMag_mfcc[8];pcm_fftMag_mfcc[9];pcm_fftMag_mfcc[10];pcm_fftMag_mfcc[11];pcm_fftMag_mfcc[12];pcm_fftMag_mfcc[13]
0;0.000000;-3.418022e+00;-4.089286e+00;2.595600e+00;-1.225906e+00;1.709995e+00;-4.805784e+00;5.127534e+00;1.075140e+00;-4.459244e+00;-9.803748e-01;-2.835246e+00;6.770339e+00;2.155265e+00;1.882156e+00
1;0.100000;-2.001205e+00;-2.046894e+00;3.803921e-01;1.200752e+00;-7.916059e-01;-4.158781e+00;3.897335e+00;5.781031e-01;-2.528317e+00;-3.073463e-01;-2.241117e+00;2.466872e+00;-1.320220e+00;1.008492e+00
2;0.200000;2.203279e+00;-5.054874e-01;-2.800160e+00;3.792210e-01;3.284466e+00;-2.631407e+00;9.990754e-01;-1.538413e+00;-7.765479e-01;-1.663604e-01;-1.836245e+00;-6.921742e-01;-2.986166e+00;-8.952713e-01
3;0.300000;3.972858e+00;3.044148e+00;-5.487801e+00;-1.654980e+00;6.831259e+00;1.136427e+00;-6.026922e+00;-1.788260e+00;2.178640e+00;1.233683e-01;7.220435e-01;-2.298708e+00;1.012901e+00;-2.205269e+00
4;0.400000;8.704109e-01;3.915240e+00;-1.379071e+00;1.839848e+00;-1.326661e+00;4.573354e+00;-4.219386e+00;-7.425871e-01;3.562981e+00;1.092779e+00;3.572126e+00;-3.261808e+00;7.123578e-01;-9.686508e-01
5;0.500000;-1.627321e+00;-3.177242e-01;6.691044e+00;-5.389404e-01;-9.707450e+00;5.886182e+00;2.223635e-01;2.416016e+00;2.022488e+00;2.379346e-01;2.618432e+00;-2.984521e+00;4.258637e-01;1.178513e+00
