frameIndex;frameTime;pcm_fftMag_mfcc[0];pcm_fftMag_mfcc[1];pcm_fftMag_mfcc[2];pcm_fftMag_mfcc[3];pcm_fftMag_mfcc[4];pcm_fftMag_mfcc[5];pcm_fftMag_mfcc[6];pcm_fftMag_mfcc[7];pcm_fftMag_mfcc[8];pcm_fftMag_mfcc[9];pcm_fftMag_mfcc[10];pcm_fftMag_mfcc[11];pcm_fftMag_mfcc[12];pcm_fftMag_mfcc[13]
0;0.000000;2.861077e+00;-8.116401e-01;1.899827e+00;-4.352571e+00;3.627373e+00;1.943592e+00;5.562172e+00;2.228646e+00;3.127561e+00;4.903099e+00;3.928607e+00;-7.114055e-01;-4.862237e-01;-1.697006e-01
1;0.100000;5.384958e+00;-3.422074e+00;-5.441542e-01;-3.176557e+00;4.840904e+00;2.090547e+00;4.675162e+00;8.039279e-01;1.446249e+00;2.644265e+00;1.144207e+00;-3.285931e+00;-7.597198e-01;-5.084229e-02
2;0.200000;4.797900e+00;-3.071767e+00;-1.001204e+00;-1.890144e-01;-4.832630e-01;7.855425e-01;1.164246e+00;-1.272552e+00;-9.589891e-01;2.901839e+00;-3.276498e+00;-3.140632e+00;-3.546724e+00;-8.397217e-01
3;0.300000;-1.472717e+00;5.440359e+00;-3.900166e-01;4.034475e+00;-3.788473e+00;-1.294945e+00;-1.148158e+00;-2.443501e+00;-1.251966e+00;1.598706e+00;-8.114271e-01;-1.987569e+00;-2.916516e+00;-1.495331e+00
4;0.400000;-5.264552e+00;3.973645e+00;-4.850502e-01;4.465760e+00;-3.490005e+00;-3.200233e+00;-3.199090e+00;-3.155794e-01;-1.981973e+00;-5.402988e+00;-9.353690e-01;2.429566e+00;1.149014e+00;1.246185e-01
5;0.500000;-6.306666e+00;-2.108524e+00;5.205936e-01;-7.820916e-01;-7.065353e-01;-3.245058e-01;-7.054328e+00;9.990587e-01;-3.808784e-01;-6.644916e+00;-4.952240e-02;6.695971e+00;6.560172e+00;2.431015e+00
