frameIndex;frameTime;pcm_fftMag_mfcc[0];pcm_fftMag_mfcc[1];pcm_fftMag_mfcc[2];pcm_fftMag_mfcc[3];pcm_fftMag_mfcc[4];pcm_fftMag_mfcc[5];pcm_fftMag_mfcc[6];pcm_fftMag_mfcc[7];pcm_fftMag_mfcc[8];pcm_fftMag_mfcc[9];pcm_fftMag_mfcc[10];pcm_fftMag_mfcc[11];pcm_fftMag_mfcc[12];pcm_fftMag_mfcc[13]
0;0.000000;5.042053e+00;-6.660445e+00;8.738972e+00;1.817093e-01;4.791222e-01;-2.341797e+00;1.227242e+00;5.458201e+00;-8.098493e-01;-2.370938e+00;1.832913e+00;3.201971e-01;2.368784e-02;1.850601e+00
1;0.100000;2.358768e+00;-8.435330e+00;4.108129e+00;-1.901541e+00;9.242020e-01;-1.891528e+00;1.577499e+00;2.984890e+00;-9.708881e-01;-1.850146e+00;9.297209e-01;-1.542586e+00;1.569538e+00;1.102730e+00
2;0.200000;-2.001848e+00;-1.138850e+00;-1.427154e+00;2.483156e+00;-1.789339e+00;-3.425133e+00;-1.305082e+00;-1.264080e+00;-4.673880e+00;-3.514800e+00;-2.886416e+00;-1.826963e+00;1.537950e+00;-4.399261e-01
3;0.300000;-4.007030e+00;9.018485e+00;3.285723e-01;8.071875e+00;-9.330425e-01;-3.282893e+00;2.411456e+00;8.357382e-01;1.535784e+00;-1.173570e+00;-9.423952e-01;3.854499e+00;1.291880e+00;-1.856918e+00
4;0.400000;-2.598224e+00;5.663220e+00;-7.241799e+00;-8.965178e-01;7.022858e-03;3.554350e+00;-3.790743e-01;-3.608959e+00;3.266551e+00;3.513185e+00;4.209328e-02;4.034672e-01;-2.595903e+00;-6.397629e-01
5;0.500000;1.206284e+00;1.552921e+00;-4.506721e+00;-7.938686e+00;1.312029e+00;7.387002e+00;-3.532040e+00;-4.405789e+00;1.652282e+00;5.396269e+00;1.024078e+00;-1.208613e+00;-1.827150e+00;-1.669312e-02
