frameIndex;frameTime;pcm_fftMag_mfcc[0];pcm_fftMag_mfcc[1];pcm_fftMag_mfcc[2];pcm_fftMag_mfcc[3];pcm_fftMag_mfcc[4];pcm_fftMag_mfcc[5];pcm_fftMag_mfcc[6];pcm_fftMag_mfcc[7];pcm_fftMag_mfcc[8];pcm_fftMag_mfcc[9];pcm_fftMag_mfcc[10];pcm_fftMag_mfcc[11];pcm_fftMag_mfcc[12];pcm_fftMag_mfcc[13]
0;0.000000;7.393243e+00;-2.164677e+00;3.790312e-01;3.972573e-01;6.651894e+00;6.250677e+00;8.536081e-01;1.321588e-01;5.101360e+00;4.584744e+00;4.711919e+00;-8.978224e-02;2.061376e+00;-1.532913e+00
1;0.100000;1.508136e+00;9.661553e-01;-3.276787e-01;-3.356496e+00;5.200796e+00;-6.918201e-01;2.815595e+00;-1.329684e+00;-6.165581e-01;7.494419e+00;5.953688e+00;1.385856e+00;1.299278e+00;1.282440e+00
2;0.200000;-4.527982e+00;6.319222e-01;-6.517935e-01;-3.053282e+00;9.045038e-01;-4.854747e+00;2.558298e-01;-3.066262e+00;-3.471656e+00;3.916536e+00;2.488873e+00;-9.406205e-01;-4.857748e-01;2.079659e+00
3;0.300000;-6.867534e+00;3.658223e+00;3.332878e+00;1.575892e+00;-1.196155e+00;-5.526645e+00;-1.720423e+00;-3.539413e+00;-6.695864e+00;-3.501424e+00;-3.821568e+00;-4.586924e+00;-2.925932e+00;-6.961060e-02
4;0.400000;-1.506713e+00;1.361724e+00;-1.169065e+00;3.464621e+00;-4.046977e+00;3.000603e-01;-1.387815e-01;2.358717e+00;2.433853e-01;-6.572056e+00;-4.509234e+00;1.627676e+00;-1.007783e+00;-5.381699e-01
5;0.500000;4.000847e+00;-4.453348e+00;-1.563376e+00;9.720070e-01;-7.514066e+00;4.522471e+00;-2.065831e+00;5.444484e+00;5.439332e+00;-5.922218e+00;-4.823678e+00;2.603794e+00;1.058835e+00;-1.221375e+00
