frameIndex;frameTime;pcm_fftMag_mfcc[0];pcm_fftMag_mfcc[1];pcm_fftMag_mfcc[2];pcm_fftMag_mfcc[3];pcm_fftMag_mfcc[4];pcm_fftMag_mfcc[5];pcm_fftMag_mfcc[6];pcm_fftMag_mfcc[7];pcm_fftMag_mfcc[8];pcm_fftMag_mfcc[9];pcm_fftMag_mfcc[10];pcm_fftMag_mfcc[11];pcm_fftMag_mfcc[12];pcm_fftMag_mfcc[13]
0;0.000000;2.928578e+00;-3.471345e+00;-9.082222e-01;2.014732e+00;5.916721e+00;4.324916e+00;-1.386570e+00;-2.617382e+00;-8.277457e-01;-7.321558e-01;2.317554e+00;-7.401495e-01;-5.530951e+00;-2.974617e+00
1;0.100000;8.217316e-01;2.777734e-01;1.110552e+00;-4.436910e+00;2.164517e+00;-2.137466e+00;-2.242279e+00;-1.586768e+00;-9.807556e-01;3.965576e+00;6.986895e-01;-1.373134e+00;-2.455237e+00;-1.419281e+00
2;0.200000;-1.532610e+00;-7.129345e-01;2.587891e-01;-3.833807e+00;-1.004083e+00;-5.968616e+00;-6.450800e+00;-2.584585e+00;1.778218e+00;4.331223e+00;2.116470e+00;4.853101e-01;5.723426e-01;1.596336e+00
3;0.300000;-2.842819e+00;2.158906e+00;-1.604462e-02;2.223988e-01;-2.870088e+00;-5.419753e+00;-6.703300e+00;-2.707210e+00;2.930978e+00;1.066711e+00;2.452825e+00;1.538835e-01;2.342697e-01;1.508842e+00
4;0.400000;-1.016634e+00;4.122686e+00;-8.985081e-01;3.645114e+00;-3.494131e+00;2.152984e+00;5.795972e+00;3.197176e+00;5.906689e-01;-6.158176e+00;-1.470677e+00;6.487465e-02;1.972821e+00;8.808136e-02
5;0.500000;1.641757e+00;-2.375088e+00;4.534225e-01;2.388474e+00;-7.129354e-01;7.047934e+00;1.098697e+01;6.298769e+00;-3.491364e+00;-2.473178e+00;-6.114860e+00;1.409215e+00;5.206756e+00;1.200607e+00
