frameIndex;frameTime;pcm_fftMag_mfcc[0];pcm_fftMag_mfcc[1];pcm_fftMag_mfcc[2];pcm_fftMag_mfcc[3];pcm_fftMag_mfcc[4];pcm_fftMag_mfcc[5];pcm_fftMag_mfcc[6];pcm_fftMag_mfcc[7];pcm_fftMag_mfcc[8];pcm_fftMag_mfcc[9];pcm_fftMag_mfcc[10];pcm_fftMag_mfcc[11];pcm_fftMag_mfcc[12];pcm_fftMag_mfcc[13]
0;0.000000;2.124610e+00;-7.722222e+00;8.199863e-01;2.888588e+00;1.031895e+00;-3.126715e+00;-2.187438e-01;-2.313943e+00;-1.553039e+00;6.102529e+00;6.616291e+00;-2.796046e+00;-3.930504e+00;4.921799e-01
1;0.100000;-3.099566e+00;-5.071918e+00;-5.646950e+00;1.528543e+00;-3.007755e-01;-4.267977e+00;1.966317e+00;-2.547159e+00;-8.814344e-01;7.230481e+00;3.584702e+00;-3.789621e+00;-4.930291e+00;2.495369e+00
2;0.200000;-4.901898e+00;1.274466e+00;-7.023440e+00;2.040352e+00;2.207348e+00;-4.361156e+00;3.122925e+00;-2.772209e+00;-1.457311e+00;5.130675e+00;-7.158003e-01;-4.603594e+00;-4.803213e+00;1.668015e+00
3;0.300000;-2.455853e+00;7.195965e+00;-1.956281e+00;1.686125e+00;2.007021e+00;-1.325431e+00;1.250015e+00;-2.096318e+00;6.131368e-01;-2.027256e+00;-5.756541e+00;1.153843e+00;1.497622e+00;4.594879e-01
4;0.400000;2.102427e+00;5.651336e+00;4.721436e+00;-1.736933e+00;-2.137749e+00;4.343990e+00;-1.649088e+00;2.657447e+00;3.688671e+00;-7.320406e+00;-5.173490e+00;3.094869e+00;5.926566e+00;-1.436668e+00
5;0.500000;6.230281e+00;-1.327628e+00;9.085248e+00;-6.406677e+00;-2.807739e+00;8.737288e+00;-4.471427e+00;7.072186e+00;-4.100246e-01;-9.116025e+00;1.444835e+00;6.940549e+00;6.239820e+00;-3.678436e+00
