frameIndex;frameTime;pcm_fftMag_mfcc[0];pcm_fftMag_mfcc[1];pcm_fftMag_mfcc[2];pcm_fftMag_mfcc[3];pcm_fftMag_mfcc[4];pcm_fftMag_mfcc[5];pcm_fftMag_mfcc[6];pcm_fftMag_mfcc[7];pcm_fftMag_mfcc[8];pcm_fftMag_mfcc[9];pcm_fftMag_mfcc[10];pcm_fftMag_mfcc[11];pcm_fftMag_mfcc[12];pcm_fftMag_mfcc[13]
0;0.000000;7.353973e-02;3.770466e+00;8.312849e+00;2.784252e-02;1.053146e+01;8.749540e+00;3.913417e+00;2.081554e+00;2.173929e+00;4.563114e+00;2.888927e-01;2.455269e+00;3.196732e+00;1.246841e+00
1;0.100000;-2.902907e+00;-4.849412e+00;-3.316758e+00;-3.801946e+00;4.291804e+00;3.857994e-01;2.039323e+00;-2.147650e+00;-2.383175e+00;-2.256843e+00;-2.750518e+00;1.284186e-01;-2.924047e-01;2.621208e+00
2;0.200000;-1.602004e+00;-4.297414e+00;-5.330566e+00;-9.537640e-01;2.448728e+00;-8.335629e-01;3.480716e+00;-2.307035e+00;-7.814455e-01;-1.304205e+00;-1.565424e+00;1.688220e+00;6.771851e-02;2.584846e+00
3;0.300000;7.645283e-01;-4.432335e-01;-5.001930e+00;2.704486e+00;-2.394607e+00;-3.229939e+00;1.827732e+00;-2.145079e+00;1.775797e+00;-5.810227e-01;-4.143019e-01;1.413367e+00;-5.231509e-01;-1.586609e-01
4;0.400000;1.953546e+00;2.524803e+00;-1.924987e+00;5.021842e+00;-7.603595e+00;-3.108994e+00;-4.657582e+00;1.797218e+00;1.990678e+00;-2.184698e+00;4.165304e+00;-2.032344e+00;-9.222493e-01;-3.263222e+00
5;0.500000;1.713296e+00;3.294792e+00;7.261394e+00;-2.998458e+00;-7.273784e+00;-1.962837e+00;-6.603606e+00;2.720992e+00;-2.775785e+00;1.763653e+00;2.760468e-01;-3.652930e+00;-1.526646e+00;-3.031006e+00
