frameIndex;frameTime;pcm_fftMag_mfcc[0];pcm_fftMag_mfcc[1];pcm_fftMag_mfcc[2];pcm_fftMag_mfcc[3];pcm_fftMag_mfcc[4];pcm_fftMag_mfcc[5];pcm_fftMag_mfcc[6];pcm_fftMag_mfcc[7];pcm_fftMag_mfcc[8];pcm_fftMag_mfcc[9];pcm_fftMag_mfcc[10];pcm_fftMag_mfcc[11];pcm_fftMag_mfcc[12];pcm_fftMag_mfcc[13]
0;0.000000;-1.765210e+00;4.182213e+00;8.870653e+00;3.056440e+00;-5.949203e+00;-6.044006e-01;-1.185580e+00;-3.529376e+00;-4.704110e+00;1.101597e+00;5.035944e+00;1.819249e+00;-3.577903e+00;-1.215469e+00
1;0.100000;-8.280210e-01;6.956787e-01;1.000793e+01;-7.100358e-01;-7.351761e+00;-9.761724e-01;-9.562904e-01;-2.576861e+00;-5.778398e+00;1.962759e+00;6.641636e+00;1.750346e+00;-2.958317e+00;-8.063812e-01
2;0.200000;-1.895862e+00;2.259562e+00;3.083072e+00;1.351275e+00;-5.304146e+00;6.501007e-02;2.689163e+00;-2.429950e+00;-4.821482e-01;5.341766e-01;5.159565e+00;3.907843e-01;-5.657168e-01;-2.130241e+00
3;0.300000;9.463320e-01;3.263134e+00;-1.285135e+01;4.926345e+00;8.914043e+00;5.870123e-01;3.404664e+00;3.723693e+00;6.598201e+00;-9.178218e-01;-4.656330e+00;-1.730404e+00;3.675435e+00;-7.223511e-01
4;0.400000;1.052632e+00;-3.536036e+00;-9.423153e+00;-1.055065e+00;4.925192e+00;1.544465e+00;-5.256670e-01;3.008417e+00;5.021563e+00;-2.446959e+00;-5.334208e+00;-1.418007e+00;1.663761e+00;2.446884e+00
5;0.500000;2.490126e+00;-6.864550e+00;3.128424e-01;-7.568961e+00;4.765881e+00;-6.159096e-01;-3.426289e+00;1.804077e+00;-6.551056e-01;-2.337532e-01;-6.846607e+00;-8.119726e-01;1.762741e+00;2.427567e+00
