frameIndex;frameTime;pcm_fftMag_mfcc[0];pcm_fftMag_mfcc[1];pcm_fftMag_mfcc[2];pcm_fftMag_mfcc[3];pcm_fftMag_mfcc[4];pcm_fftMag_mfcc[5];pcm_fftMag_mfcc[6];pcm_fftMag_mfcc[7];pcm_fftMag_mfcc[8];pcm_fftMag_mfcc[9];pcm_fftMag_mfcc[10];pcm_fftMag_mfcc[11];pcm_fftMag_mfcc[12];pcm_fftMag_mfcc[13]
0;0.000000;-2.254732e+00;-4.671196e+00;-5.017518e+00;6.913809e+00;-3.077967e+00;6.930787e-01;3.525291e+00;5.433156e+00;5.024316e+00;2.148491e+00;-1.482903e+00;-6.384524e+00;-2.117381e-01;5.858185e+00
1;0.100000;7.438760e-01;-2.922850e+00;-2.306775e+00;-1.045341e-01;-2.354078e-01;8.246867e-01;1.843439e+00;2.016751e+00;4.245016e+00;3.741634e-01;2.569765e+00;-4.787427e+00;-1.440656e-01;1.722740e+00
2;0.200000;2.660570e-01;8.612995e-01;-1.731260e+00;-3.482844e+00;9.543781e-01;2.385899e+00;-1.256097e+00;1.815309e+00;4.537136e+00;-2.688466e+00;1.967206e+00;-1.072957e+00;-5.614519e-01;1.624298e-02
3;0.300000;1.563912e+00;1.880554e+00;3.261738e-01;-1.735673e+00;1.041254e+00;2.501603e+00;-2.311091e+00;6.974025e-01;1.333359e+00;-3.390888e+00;2.581982e+00;2.270441e-01;-2.514927e-01;-2.005989e+00
4;0.400000;3.385952e+00;1.693678e+00;2.133042e+00;-3.817911e-01;6.676369e-01;-1.689817e+00;-8.583746e-01;-4.184474e+00;-7.314653e+00;1.233498e+00;-3.505143e-01;4.045484e+00;3.769890e-01;-3.736305e+00
5;0.500000;-3.705065e+00;3.158512e+00;6.596335e+00;-1.208970e+00;6.501007e-01;-4.715450e+00;-9.431667e-01;-5.778142e+00;-7.825173e+00;2.323201e+00;-5.285535e+00;7.972368e+00;7.917594e-01;-1.854881e+00
