frameIndex;frameTime;pcm_fftMag_mfcc[0];pcm_fftMag_mfcc[1];pcm_fftMag_mfcc[2];pcm_fftMag_mfcc[3];pcm_fftMag_mfcc[4];pcm_fftMag_mfcc[5];pcm_fftMag_mfcc[6];pcm_fftMag_mfcc[7];pcm_fftMag_mfcc[8];pcm_fftMag_mfcc[9];pcm_fftMag_mfcc[10];pcm_fftMag_mfcc[11];pcm_fftMag_mfcc[12];pcm_fftMag_mfcc[13]
0;0.000000;1.733828e-01;7.520237e-01;9.406989e+00;-3.309807e+00;9.456720e+00;-6.573474e+00;6.948403e+00;-1.294477e+00;5.337173e+00;-2.780346e+00;1.998094e+00;2.664073e+00;-4.134770e+00;-2.435318e+00
1;0.100000;4.611803e+00;-7.301249e+00;9.931232e+00;-1.302855e-01;1.002252e+01;-7.737677e-01;6.162413e+00;9.379206e-01;4.502501e+00;-1.458919e+00;2.438671e+00;9.856243e-01;1.274432e+00;1.785088e+00
2;0.200000;2.969485e+00;-6.354009e+00;5.507363e+00;3.745382e+00;3.726552e+00;5.278875e+00;2.667141e-02;5.952511e+00;5.619836e-01;1.057419e+00;1.069689e-01;-2.770557e-01;2.195835e+00;4.154083e+00
3;0.300000;-8.148108e-01;-1.800787e+00;-1.194056e+00;7.539531e+00;-3.026413e+00;6.076539e+00;-3.327090e+00;4.400747e+00;-7.454771e-01;-2.605834e-01;-2.116398e+00;-1.931632e+00;1.909622e+00;2.772263e+00
4;0.400000;-3.991219e+00;5.395117e+00;-9.076559e+00;3.048159e+00;-1.011767e+01;-2.066761e+00;-4.579076e+00;-3.241524e+00;-2.090269e+00;-7.994146e-01;-3.659822e+00;5.623810e-01;-2.176952e-02;-1.934319e+00
5;0.500000;-2.948643e+00;9.308904e+00;-1.457497e+01;-1.089298e+01;-1.006171e+01;-1.941409e+00;-5.231330e+00;-6.755177e+00;-7.565912e+00;4.241847e+00;1.232486e+00;-2.003391e+00;-1.223349e+00;-4.341835e+00
