frameIndex;frameTime;pcm_fftMag_mfcc[0];pcm_fftMag_mfcc[1];pcm_fftMag_mfcc[2];pcm_fftMag_mfcc[3];pcm_fftMag_mfcc[4];pcm_fftMag_mfcc[5];pcm_fftMag_mfcc[6];pcm_fftMag_mfcc[7];pcm_fftMag_mfcc[8];pcm_fftMag_mfcc[9];pcm_fftMag_mfcc[10];pcm_fftMag_mfcc[11];pcm_fftMag_mfcc[12];pcm_fftMag_mfcc[13]
0;0.000000;9.917889e-01;-8.645822e+00;-9.149228e+00;-2.393875e+00;5.230862e+00;-2.220129e+00;-4.046635e+00;4.044153e+00;1.615982e-01;-5.706415e+00;4.434497e+00;6.504423e+00;2.415477e+00;2.995926e+00
1;0.100000;5.707064e-01;-8.752925e+00;-8.453007e+00;1.749368e-01;3.262949e+00;-6.917876e-02;-1.376103e+00;2.758131e+00;-2.250237e+00;-4.815652e+00;-4.030609e-02;4.631676e+00;1.364220e+00;3.193474e+00
2;0.200000;4.999523e-01;-3.180052e+00;-4.387154e+00;2.553004e+00;1.273720e+00;9.560113e-01;1.315415e+00;1.162861e+00;-1.369650e+00;-3.322673e+00;-1.023088e+00;1.556315e+00;-1.749830e-01;8.785858e-01
3;0.300000;-3.025455e-01;6.390695e+00;3.105217e+00;2.364189e+00;-3.865658e+00;1.732278e+00;2.599588e+00;-3.386953e+00;1.382386e+00;2.092965e+00;6.605148e-03;-3.267143e+00;-7.863746e-01;-1.991028e+00
4;0.400000;-4.384842e-01;8.435267e+00;6.757199e+00;8.630390e-01;-4.240622e+00;1.067439e+00;1.788847e+00;-3.540790e+00;1.740382e+00;4.684285e+00;-5.689201e-01;-4.933225e+00;-1.255227e+00;-2.984810e+00
5;0.500000;-1.321419e+00;5.752838e+00;1.212697e+01;-3.561294e+00;-1.661245e+00;-1.466421e+00;-2.811131e-01;-1.037404e+00;3.355217e-01;7.067490e+00;-2.808788e+00;-4.492049e+00;-1.563114e+00;-2.092171e+00
