frameIndex;frameTime;pcm_fftMag_mfcc[0];pcm_fftMag_mfcc[1];pcm_fftMag_mfcc[2];pcm_fftMag_mfcc[3];pcm_fftMag_mfcc[4];pcm_fftMag_mfcc[5];pcm_fftMag_mfcc[6];pcm_fftMag_mfcc[7];pcm_fftMag_mfcc[8];pcm_fftMag_mfcc[9];pcm_fftMag_mfcc[10];pcm_fftMag_mfcc[11];pcm_fftMag_mfcc[12];pcm_fftMag_mfcc[13]
0;0.000000;-2.505231e+00;7.602571e+00;-4.606722e+00;7.740233e+00;5.735378e-01;5.060947e+00;6.487705e+00;-2.458515e+00;2.137129e+00;-2.217673e+00;2.863145e+00;-3.846960e-01;3.325520e+00;1.360680e+00
1;0.100000;-3.537204e+00;9.148711e+00;-1.150820e+00;3.883676e+00;-8.937016e-01;1.316479e+00;1.341953e+00;-2.532777e+00;3.387632e+00;-5.038939e-01;6.409890e+00;-2.760222e-01;2.617523e+00;5.983734e-01
2;0.200000;-2.613711e+00;1.218393e+00;3.171894e+00;-1.162704e+00;-3.774435e+00;-2.430094e+00;-1.544425e+00;-2.102873e+00;1.266465e+00;6.267085e-01;4.865742e+00;-5.376272e-01;-4.115018e-01;8.432999e-01
3;0.300000;8.934975e-01;-5.754449e+00;6.140413e+00;-5.029074e+00;-1.944675e+00;-1.272779e+00;-3.070122e+00;5.148688e+00;-1.824280e+00;3.794653e+00;-4.156022e-01;9.246314e-01;-2.073456e+00;-4.815674e-01
4;0.400000;3.711124e+00;-6.926034e+00;3.147850e-01;-3.484353e+00;2.567461e+00;5.499105e-01;-2.830092e+00;4.224207e+00;-1.240812e+00;-1.136982e+00;-4.736354e+00;6.381729e-01;-2.199996e+00;-1.479660e+00
5;0.500000;4.051520e+00;-5.289191e+00;-3.869552e+00;-1.947775e+00;3.471816e+00;-3.224462e+00;-3.850207e-01;-2.278732e+00;-3.726130e+00;-5.628138e-01;-8.986820e+00;-3.644586e-01;-1.258090e+00;-8.410950e-01
