frameIndex;frameTime;pcm_fftMag_mfcc[0];pcm_fftMag_mfcc[1];pcm_fftMag_mfcc[2];pcm_fftMag_mfcc[3];pcm_fftMag_mfcc[4];pcm_fftMag_mfcc[5];pcm_fftMag_mfcc[6];pcm_fftMag_mfcc[7];pcm_fftMag_mfcc[8];pcm_fftMag_mfcc[9];pcm_fftMag_mfcc[10];pcm_fftMag_mfcc[11];pcm_fftMag_mfcc[12];pcm_fftMag_mfcc[13]
0;0.000000;-2.764777e+00;-4.406990e+00;5.727521e+00;3.993401e+00;1.074310e+00;2.056014e+00;1.846184e+00;-5.279083e+00;1.107103e+00;-3.683263e+00;1.612724e+00;4.297696e+00;-3.707741e+00;1.381363e+00
1;0.100000;-1.971611e+00;-4.620203e+00;3.875547e+00;1.893789e+00;-6.335278e-01;1.172177e+00;-1.279774e+00;-2.380170e+00;9.488001e-01;-4.208149e+00;8.903074e-01;4.386525e+00;-3.440254e+00;1.798798e+00
2;0.200000;5.713263e-01;-4.047050e-01;1.079827e+00;6.973362e-02;-2.225101e+00;2.868519e-01;-2.562073e+00;3.133183e+00;2.726381e+00;-2.997739e+00;2.904043e-01;2.380960e+00;-2.259288e+00;-3.091125e-01
3;0.300000;2.547969e+00;5.410969e+00;-2.690770e+00;-1.702402e+00;1.740795e+00;-8.306897e-01;2.807369e-01;4.081361e+00;1.543148e+00;1.017903e+00;-6.054716e-01;2.496983e-01;1.668647e+00;-3.017967e+00
4;0.400000;2.050237e+00;3.191455e+00;-3.400928e+00;-3.450895e+00;2.213788e+00;1.497951e-01;2.515430e-01;4.425359e-01;-3.395607e+00;6.447857e+00;-1.390705e+00;-4.270790e+00;3.602108e+00;-1.429398e+00
5;0.500000;-4.331436e-01;8.294697e-01;-4.591199e+00;-8.036294e-01;-2.170267e+00;-2.834147e+00;1.463381e+00;2.171993e-03;-2.929829e+00;3.423392e+00;-7.972527e-01;-7.044089e+00;4.136530e+00;1.576302e+00
