frameIndex;frameTime;pcm_fftMag_mfcc[0];pcm_fftMag_mfcc[1];pcm_fftMag_mfcc[2];pcm_fftMag_mfcc[3];pcm_fftMag_mfcc[4];pcm_fftMag_mfcc[5];pcm_fftMag_mfcc[6];pcm_fftMag_mfcc[7];pcm_fftMag_mfcc[8];pcm_fftMag_mfcc[9];pcm_fftMag_mfcc[10];pcm_fftMag_mfcc[11];pcm_fftMag_mfcc[12];pcm_fftMag_mfcc[13]
0;0.000000;-3.290679e+00;-5.859610e+00;-5.690890e+00;8.344917e+00;1.435746e+00;-2.635790e+00;5.145235e+00;-1.406105e+00;6.047326e+00;5.302318e+00;-3.590598e+00;-4.662425e+00;1.205316e+00;1.428108e+00
1;0.100000;-4.578990e+00;-5.779524e-01;-5.643874e+00;6.353867e+00;1.952978e+00;-5.317546e+00;3.421564e+00;-5.889029e+00;2.619330e+00;2.434504e+00;-5.831098e+00;-4.628100e+00;-5.608511e-02;1.887558e+00
2;0.200000;-2.270876e+00;4.922396e+00;8.784580e-02;3.227173e+00;-8.323565e-01;-3.133794e+00;3.740422e+00;-5.140682e+00;7.055664e-02;-3.225951e+00;-3.382979e+00;-1.091016e+00;1.125745e+00;1.177094e+00
3;0.300000;1.658237e+00;5.020380e+00;5.863205e+00;-3.015826e+00;-5.119662e+00;1.292037e+00;2.120619e+00;7.813454e-01;-1.168720e+00;-6.906682e+00;4.582005e-01;1.134883e+00;9.829402e-01;-1.046761e+00
4;0.400000;4.580378e+00;-1.411490e-01;4.476813e+00;-7.694362e+00;8.684201e-01;3.401750e+00;-7.185068e+00;5.660691e+00;-5.386333e+00;4.353189e-01;5.681803e+00;5.862890e+00;-2.116264e+00;-2.231201e+00
5;0.500000;3.901929e+00;-3.364065e+00;9.068995e-01;-7.215766e+00;1.694876e+00;6.393344e+00;-7.242773e+00;5.993779e+00;-2.182159e+00;1.960497e+00;6.664673e+00;3.383772e+00;-1.141650e+00;-1.214874e+00
