frameIndex;frameTime;pcm_fftMag_mfcc[0];pcm_fftMag_mfcc[1];pcm_fftMag_mfcc[2];pcm_fftMag_mfcc[3];pcm_fftMag_mfcc[4];pcm_fftMag_mfcc[5];pcm_fftMag_mfcc[6];pcm_fftMag_mfcc[7];pcm_fftMag_mfcc[8];pcm_fftMag_mfcc[9];pcm_fftMag_mfcc[10];pcm_fftMag_mfcc[11];pcm_fftMag_mfcc[12];pcm_fftMag_mfcc[13]
0;0.000000;-1.722581e+00;-4.677343e-01;-1.863841e+00;-3.144651e+00;1.988234e+00;-7.955961e-01;1.179573e+00;1.243820e+00;-7.415447e-01;2.010492e+00;-3.337322e+00;-1.847301e+00;1.433215e-01;1.718628e+00
1;0.100000;1.722582e+00;4.677343e-01;1.863842e+00;3.144652e+00;-1.988234e+00;7.955952e-01;-1.179574e+00;-1.243822e+00;7.415447e-01;-2.010492e+00;3.337322e+00;1.847300e+00;-1.433220e-01;-1.718636e+00
