frameIndex;frameTime;pcm_fftMag_mfcc[0];pcm_fftMag_mfcc[1];pcm_fftMag_mfcc[2];pcm_fftMag_mfcc[3];pcm_fftMag_mfcc[4];pcm_fftMag_mfcc[5];pcm_fftMag_mfcc[6];pcm_fftMag_mfcc[7];pcm_fftMag_mfcc[8];pcm_fftMag_mfcc[9];pcm_fftMag_mfcc[10];pcm_fftMag_mfcc[11];pcm_fftMag_mfcc[12];pcm_fftMag_mfcc[13]
0;0.000000;3.590503e+00;-7.727593e-01;1.746435e-01;-3.367181e+00;-1.021589e+00;-6.408424e-01;-6.346363e+00;-5.056248e-01;-5.653257e+00;3.743546e+00;-2.736958e+00;5.368918e+00;2.248863e-01;-7.186432e-01
1;0.100000;2.309276e+00;-3.416830e+00;-3.063904e+00;-2.264862e+00;4.244417e+00;3.474257e+00;-1.126280e+00;5.160150e+00;-2.569026e+00;5.275337e+00;1.904628e+00;2.408338e+00;2.531202e+00;3.009727e+00
2;0.200000;1.404574e+00;-3.000442e+00;-4.277740e+00;-2.384624e+00;5.578600e+00;3.608982e+00;2.237544e+00;4.355684e+00;1.613460e+00;4.690575e+00;2.066481e+00;-9.003096e-01;1.781889e+00;3.425972e+00
3;0.300000;-1.863382e-01;-2.060545e+00;-3.363520e+00;-1.173273e+00;3.677154e+00;1.240686e+00;6.151846e+00;4.002724e-01;3.522664e+00;2.926818e+00;-7.054958e-01;-5.419248e+00;2.703345e-01;3.021469e-01
4;0.400000;-2.534586e+00;1.980680e+00;3.100870e+00;2.898129e+00;-5.061633e+00;-3.170030e+00;3.718404e+00;-4.496101e+00;1.153424e+00;-3.696281e+00;-2.023714e+00;-4.877458e+00;-2.584428e+00;-3.560097e+00
5;0.500000;-4.583431e+00;7.269896e+00;7.429651e+00;6.291808e+00;-7.416945e+00;-4.513053e+00;-4.635152e+00;-4.914379e+00;1.932737e+00;-1.294000e+01;1.495059e+00;3.419757e+00;-2.223883e+00;-2.459061e+00
