frameIndex;frameTime;pcm_fftMag_mfcc[0];pcm_fftMag_mfcc[1];pcm_fftMag_mfcc[2];pcm_fftMag_mfcc[3];pcm_fftMag_mfcc[4];pcm_fftMag_mfcc[5];pcm_fftMag_mfcc[6];pcm_fftMag_mfcc[7];pcm_fftMag_mfcc[8];pcm_fftMag_mfcc[9];pcm_fftMag_mfcc[10];pcm_fftMag_mfcc[11];pcm_fftMag_mfcc[12];pcm_fftMag_mfcc[13]
0;0.000000;-4.993916e-01;1.708270e+00;1.750963e+00;-2.865223e+00;1.330709e-01;2.972679e+00;-9.326963e-01;-3.222553e+00;-1.307253e+00;1.302039e+00;-2.248752e+00;1.093817e-02;4.447332e+00;-5.761185e-01
1;0.100000;-1.466119e+00;-3.477961e+00;-3.877033e+00;6.069651e-01;2.366745e+00;2.482188e+00;-9.376545e-01;4.687562e-01;-9.990044e-01;-5.885820e-01;-1.104753e+00;1.092291e-01;1.833964e+00;1.472084e+00
2;0.200000;-1.741154e+00;-4.116035e+00;-4.272903e+00;1.759850e+00;4.073374e+00;1.797223e+00;-3.158911e+00;-5.477157e-01;-1.771023e+00;-2.246174e+00;3.677549e-01;2.535502e+00;1.991962e+00;1.578835e+00
3;0.300000;-6.111622e-01;-1.834776e+00;-2.410699e+00;7.829247e-01;2.262404e+00;-8.154776e-01;-1.454096e-01;-1.213913e+00;-2.307129e-01;-2.189106e+00;6.339664e-01;1.355587e+00;8.471136e-01;-1.920776e-01
4;0.400000;6.532717e-01;1.760030e+00;1.857724e+00;-3.172998e-01;-3.023831e+00;-2.677940e+00;4.772210e+00;1.664493e+00;2.645443e+00;-2.361035e-01;1.105944e+00;-2.528833e+00;-3.944270e+00;-1.419373e+00
5;0.500000;3.664554e+00;5.960481e+00;6.951949e+00;3.277779e-02;-5.811761e+00;-3.758671e+00;4.024630e-01;2.850933e+00;1.662540e+00;3.957926e+00;1.245838e+00;-1.482425e+00;-5.176103e+00;-8.633728e-01
