frameIndex;frameTime;pcm_fftMag_mfcc[0];pcm_fftMag_mfcc[1];pcm_fftMag_mfcc[2];pcm_fftMag_mfcc[3];pcm_fftMag_mfcc[4];pcm_fftMag_mfcc[5];pcm_fftMag_mfcc[6];pcm_fftMag_mfcc[7];pcm_fftMag_mfcc[8];pcm_fftMag_mfcc[9];pcm_fftMag_mfcc[10];pcm_fftMag_mfcc[11];pcm_fftMag_mfcc[12];pcm_fftMag_mfcc[13]
0;0.000000;1.088277e+00;-7.157619e+00;1.568216e+00;-6.248213e+00;7.591116e+00;-3.681909e+00;8.758746e+00;3.636407e+00;2.164835e+00;1.696590e+00;2.738990e-01;-6.812902e+00;2.619470e+00;1.145050e+00
1;0.100000;1.957756e+00;-3.246472e+00;3.104248e-01;-4.287870e+00;3.816689e+00;1.549014e-01;1.787640e+00;2.901423e+00;-1.271571e+00;2.835515e+00;1.489768e+00;-2.549058e+00;1.775831e+00;-8.004837e-01
2;0.200000;3.127203e-01;5.979118e-01;-9.734554e-01;3.694201e+00;-1.944090e+00;-2.110912e-01;-7.394552e+00;-1.218068e+00;1.603222e+00;-2.680809e+00;3.229315e+00;2.542546e+00;-5.743040e-01;9.988403e-02
3;0.300000;-1.524569e+00;2.440803e+00;-1.065990e+00;4.799623e+00;-2.926256e+00;-2.308797e+00;-6.915667e+00;-1.713244e+00;1.093936e+00;-2.757898e+00;7.571466e-01;1.843642e+00;-9.077560e-01;-6.410217e-02
4;0.400000;-3.985806e-01;3.565104e+00;-1.241283e-01;8.266144e-01;-4.145054e+00;1.780631e+00;9.934158e-01;-1.607333e+00;-1.916076e+00;-2.037109e+00;-4.055284e+00;4.011621e-01;-1.530181e+00;-1.145233e+00
5;0.500000;-1.435604e+00;3.800273e+00;2.849255e-01;1.215648e+00;-2.392405e+00;4.266264e+00;2.770407e+00;-1.999184e+00;-1.674349e+00;2.943708e+00;-1.694844e+00;4.574609e+00;-1.383060e+00;7.648849e-01
