frameIndex;frameTime;pcm_fftMag_mfcc[0];pcm_fftMag_mfcc[1];pcm_fftMag_mfcc[2];pcm_fftMag_mfcc[3];pcm_fftMag_mfcc[4];pcm_fftMag_mfcc[5];pcm_fftMag_mfcc[6];pcm_fftMag_mfcc[7];pcm_fftMag_mfcc[8];pcm_fftMag_mfcc[9];pcm_fftMag_mfcc[10];pcm_fftMag_mfcc[11];pcm_fftMag_mfcc[12];pcm_fftMag_mfcc[13]
0;0.000000;4.447942e+00;-4.924006e+00;-1.663915e+00;-1.167074e+01;9.661942e-01;4.757412e+00;-1.112363e+00;-1.891597e+00;-5.177173e+00;-6.448987e+00;-4.647996e+00;2.778553e+00;2.584697e+00;-2.601540e+00
1;0.100000;-7.638969e-01;-3.974126e+00;-1.760910e-01;-7.461150e+00;-3.443521e+00;2.681849e+00;6.800120e-01;-2.734146e+00;-5.143329e+00;-3.022685e+00;-2.031461e+00;5.716085e-02;6.683331e-01;2.989044e-01
2;0.200000;-3.724722e+00;-1.079513e+00;4.907832e-01;9.808035e-01;-2.515217e+00;1.986858e+00;4.262018e-02;-4.088163e-02;1.880475e+00;-9.902010e-01;7.813400e-01;-2.049222e+00;-1.102895e+00;1.331978e+00
3;0.300000;-3.602886e+00;3.472139e+00;2.906928e-01;7.535584e+00;-1.471504e+00;-1.717521e+00;-1.744802e+00;4.484210e-01;5.628524e+00;1.200603e+00;3.167603e+00;-4.087582e-01;-1.193409e+00;2.021942e-01
4;0.400000;-7.424822e-01;4.014594e+00;3.016944e-01;7.480430e+00;9.534836e-02;-5.572304e+00;-6.135941e-01;1.215593e+00;2.606176e+00;4.138384e+00;2.071389e+00;-1.131648e+00;9.430599e-02;3.048019e-01
5;0.500000;4.386049e+00;2.490913e+00;7.568357e-01;3.135063e+00;6.368709e+00;-2.136289e+00;2.748128e+00;3.002614e+00;2.053213e-01;5.122884e+00;6.591244e-01;7.539141e-01;-1.051031e+00;4.636536e-01
