frameIndex;frameTime;pcm_fftMag_mfcc[0];pcm_fftMag_mfcc[1];pcm_fftMag_mfcc[2];pcm_fftMag_mfcc[3];pcm_fftMag_mfcc[4];pcm_fftMag_mfcc[5];pcm_fftMag_mfcc[6];pcm_fftMag_mfcc[7];pcm_fftMag_mfcc[8];pcm_fftMag_mfcc[9];pcm_fftMag_mfcc[10];pcm_fftMag_mfcc[11];pcm_fftMag_mfcc[12];pcm_fftMag_mfcc[13]
0;0.000000;-3.719110e-01;-4.966018e+00;-8.354979e+00;3.701814e+00;1.315559e+00;1.659678e+01;-8.433524e+00;-2.586472e+00;1.683453e-01;9.501266e-01;2.696241e+00;-6.817089e+00;4.199372e+00;9.633179e-01
1;0.100000;3.447618e-01;-4.966157e+00;-5.056931e+00;-2.269765e+00;4.095135e+00;5.838985e+00;-5.842214e+00;-6.529703e+00;2.889080e+00;1.406483e+00;3.249454e+00;-3.940820e+00;6.353195e+00;9.613113e-01
2;0.200000;-1.446644e+00;3.538329e+00;6.405392e-01;-2.475233e+00;5.177195e+00;-3.918930e+00;-4.601240e+00;-5.887062e+00;2.724438e+00;2.008527e+00;2.523184e-01;4.538877e+00;-8.148665e-01;2.664719e-01
3;0.300000;-3.035619e+00;5.989880e+00;6.987345e+00;-1.995506e+00;-7.205515e-01;-7.504126e+00;5.398721e+00;4.457444e+00;3.686860e-01;-1.085926e+00;-4.407730e-01;4.085608e+00;-5.716936e+00;-6.106339e-01
4;0.400000;2.109108e-01;7.378616e-01;2.694403e+00;1.190777e-01;-2.437660e+00;-6.605923e+00;8.573083e+00;6.400773e+00;-3.105894e+00;-1.231009e+00;-3.331071e+00;1.176860e+00;-3.152462e+00;-1.928329e-01
5;0.500000;4.298502e+00;-3.339014e-01;3.089622e+00;2.919615e+00;-7.429675e+00;-4.406782e+00;4.905173e+00;4.145014e+00;-3.044655e+00;-2.048203e+00;-2.426164e+00;9.565630e-01;-8.683038e-01;-1.387665e+00
