frameIndex;frameTime;pcm_fftMag_mfcc[0];pcm_fftMag_mfcc[1];pcm_fftMag_mfcc[2];pcm_fftMag_mfcc[3];pcm_fftMag_mfcc[4];pcm_fftMag_mfcc[5];pcm_fftMag_mfcc[6];pcm_fftMag_mfcc[7];pcm_fftMag_mfcc[8];pcm_fftMag_mfcc[9];pcm_fftMag_mfcc[10];pcm_fftMag_mfcc[11];pcm_fftMag_mfcc[12];pcm_fftMag_mfcc[13]
0;0.000000;-1.007973e+00;1.825011e+00;-1.893120e-01;-1.454463e-01;1.390178e+00;-4.411966e+00;2.675711e+00;7.953911e-01;-2.591820e+00;4.908208e-01;-1.024580e+00;4.750814e-01;-2.520371e+00;-1.253662e-01
1;0.100000;3.245215e-01;-9.675913e-01;-3.649065e-01;-2.230428e+00;-7.052221e-01;1.682011e+00;-2.086887e+00;1.504233e+00;2.681802e+00;3.028702e-01;-3.076291e-01;-1.191331e+00;2.140492e+00;1.703949e-01
2;0.200000;6.834507e-01;-8.574209e-01;5.542181e-01;2.375873e+00;-6.849556e-01;2.729955e+00;-5.888290e-01;-2.299627e+00;-8.998275e-02;-7.936909e-01;1.332209e+00;7.162504e-01;3.798790e-01;-4.501343e-02
