frameIndex;frameTime;pcm_fftMag_mfcc[0];pcm_fftMag_mfcc[1];pcm_fftMag_mfcc[2];pcm_fftMag_mfcc[3];pcm_fftMag_mfcc[4];pcm_fftMag_mfcc[5];pcm_fftMag_mfcc[6];pcm_fftMag_mfcc[7];pcm_fftMag_mfcc[8];pcm_fftMag_mfcc[9];pcm_fftMag_mfcc[10];pcm_fftMag_mfcc[11];pcm_fftMag_mfcc[12];pcm_fftMag_mfcc[13]
0;0.000000;1.331608e+00;3.549650e+00;-8.401089e+00;-4.933315e+00;4.831158e+00;1.600876e-01;1.687078e+00;-5.266726e+00;-2.127958e+00;-1.741448e+00;-3.979427e+00;1.471177e+00;3.808971e+00;-3.664757e+00
1;0.100000;2.419818e+00;-3.197967e+00;-7.844042e+00;-3.713759e+00;4.984482e+00;7.056332e-02;2.043418e+00;-1.105243e+00;5.398810e-01;-1.006660e-01;3.639407e-01;1.599180e+00;5.431406e+00;2.643204e-01
2;0.200000;1.454818e+00;-8.356148e+00;-4.121696e+00;-3.257878e+00;6.091137e-01;3.351121e-01;2.024139e+00;1.895276e+00;1.907780e+00;6.934476e-01;2.244141e+00;6.787241e-01;8.020205e-01;1.941246e+00
3;0.300000;-3.837595e-01;-5.271917e+00;6.666565e-02;6.593764e-01;-4.435978e+00;-1.086234e+00;-6.348658e-01;2.574003e+00;2.084584e-01;8.246698e-01;1.004273e+00;4.614582e-01;-3.204412e+00;1.672234e+00
4;0.400000;-1.935856e+00;4.567890e+00;8.190445e+00;5.356384e+00;-4.248184e+00;-1.040584e+00;-1.080498e+00;2.892651e+00;-3.374856e-01;2.576799e-01;1.043044e+00;-1.011931e+00;-3.817989e+00;4.974365e-01
5;0.500000;-2.886632e+00;8.708494e+00;1.210971e+01;5.889194e+00;-1.740591e+00;1.561055e+00;-4.039268e+00;-9.899607e-01;-1.906767e-01;6.631470e-02;-6.759734e-01;-3.198607e+00;-3.019996e+00;-7.104874e-01
