frameIndex;frameTime;pcm_fftMag_mfcc[0];pcm_fftMag_mfcc[1];pcm_fftMag_mfcc[2];pcm_fftMag_mfcc[3];pcm_fftMag_mfcc[4];pcm_fftMag_mfcc[5];pcm_fftMag_mfcc[6];pcm_fftMag_mfcc[7];pcm_fftMag_mfcc[8];pcm_fftMag_mfcc[9];pcm_fftMag_mfcc[10];pcm_fftMag_mfcc[11];pcm_fftMag_mfcc[12];pcm_fftMag_mfcc[13]
0;0.000000;4.061870e+00;-3.480014e+00;-8.620703e+00;-2.968667e+00;4.694271e-02;9.297886e+00;-3.062598e+00;2.670937e+00;7.887752e+00;-1.029792e+00;-5.274641e+00;-1.627579e+00;3.121759e+00;-1.313019e-02
1;0.100000;6.803863e+00;-2.410360e+00;-6.252353e+00;-2.862929e+00;-1.767904e+00;5.084496e+00;-3.276272e+00;-7.413788e-01;7.198669e+00;3.424438e+00;-2.742132e+00;-8.027944e+00;-3.730345e-01;-2.262962e+00
2;0.200000;5.085077e+00;-2.288080e+00;-1.903346e+00;-1.391134e-01;-2.256550e+00;-1.408453e+00;8.554001e-01;-1.122341e-01;3.212964e+00;2.375109e+00;9.650278e-02;-3.422273e+00;-3.928634e+00;-1.356544e+00
3;0.300000;-1.936466e+00;1.757978e+00;2.625017e+00;5.076590e-01;2.684975e-01;-5.454092e+00;1.185023e+00;7.765541e-01;-2.943388e+00;-8.614055e-01;1.130266e-01;-5.483532e-02;-2.462204e+00;9.284286e-01
4;0.400000;-7.322107e+00;4.770358e+00;8.101168e+00;1.988795e+00;1.259251e-01;-5.451712e+00;2.002581e+00;2.244987e-01;-6.570810e+00;-3.110580e+00;8.255754e-01;2.544299e+00;-6.868134e-01;1.172249e+00
5;0.500000;-6.692238e+00;1.650119e+00;6.050216e+00;3.474257e+00;3.583089e+00;-2.068123e+00;2.295872e+00;-2.818380e+00;-8.785187e+00;-7.977692e-01;6.981669e+00;1.058833e+01;4.328929e+00;1.531975e+00
