frameIndex;frameTime;pcm_fftMag_mfcc[0];pcm_fftMag_mfcc[1];pcm_fftMag_mfcc[2];pcm_fftMag_mfcc[3];pcm_fftMag_mfcc[4];pcm_fftMag_mfcc[5];pcm_fftMag_mfcc[6];pcm_fftMag_mfcc[7];pcm_fftMag_mfcc[8];pcm_fftMag_mfcc[9];pcm_fftMag_mfcc[10];pcm_fftMag_mfcc[11];pcm_fftMag_mfcc[12];pcm_fftMag_mfcc[13]
0;0.000000;-3.168660e+00;3.236389e-02;-8.885056e+00;9.132072e+00;-3.510558e+00;-6.125319e+00;1.673575e+00;-2.602666e+00;1.003767e+01;-7.687743e+00;-6.211546e+00;2.366156e+00;-5.558531e-01;2.411667e+00
1;0.100000;-2.968433e+00;-3.495895e+00;-8.557652e+00;6.074205e+00;-1.419144e-01;-3.987351e+00;2.047900e+00;4.492683e-01;1.047820e+01;-8.808287e+00;-7.432887e+00;-1.729918e+00;-4.598278e+00;3.537910e+00
2;0.200000;-8.376203e-01;-3.539030e+00;-4.331923e-01;4.347264e+00;2.822375e+00;3.210511e-01;1.242922e+00;9.606161e-01;9.809594e+00;-4.359921e+00;-1.002163e+01;-1.503544e+00;-3.239000e+00;1.837532e+00
3;0.300000;1.437781e+00;-2.135536e+00;8.034878e+00;-4.326040e+00;-1.537760e+00;1.808756e+00;-8.317993e+00;-3.088137e+00;-2.421532e+00;8.890915e-01;-9.122405e+00;-3.866728e+00;2.873380e+00;-2.344086e+00
4;0.400000;2.727683e+00;2.867485e+00;5.746454e+00;-7.583206e+00;-2.326550e+00;6.600920e+00;-2.244380e+00;-2.693901e-01;-1.240692e+01;8.472803e+00;1.169782e+01;-6.200790e-02;4.232141e+00;-2.613731e+00
5;0.500000;2.809247e+00;6.270623e+00;4.094565e+00;-7.644289e+00;4.694409e+00;1.381943e+00;5.597975e+00;4.550311e+00;-1.549701e+01;1.149405e+01;2.109065e+01;4.796036e+00;1.287610e+00;-2.829208e+00
