frameIndex;frameTime;pcm_fftMag_mfcc[0];pcm_fftMag_mfcc[1];pcm_fftMag_mfcc[2];pcm_fftMag_mfcc[3];pcm_fftMag_mfcc[4];pcm_fftMag_mfcc[5];pcm_fftMag_mfcc[6];pcm_fftMag_mfcc[7];pcm_fftMag_mfcc[8];pcm_fftMag_mfcc[9];pcm_fftMag_mfcc[10];pcm_fftMag_mfcc[11];pcm_fftMag_mfcc[12];pcm_fftMag_mfcc[13]
0;0.000000;-4.650197e+00;5.692100e+00;6.645109e+00;8.613405e+00;-4.316387e+00;-3.696864e+00;9.800898e+00;1.333276e+00;6.701418e+00;3.181714e+00;3.000300e+00;-2.428698e+00;-5.616422e-01;3.369049e+00
1;0.100000;-4.591473e+00;-1.096234e+00;4.143085e+00;2.964762e+00;-7.404362e+00;-7.525589e+00;5.525503e+00;1.992057e+00;1.890839e+00;3.255362e+00;-1.946966e+00;-2.222500e-01;-2.487108e+00;3.532082e+00
2;0.200000;-3.402280e+00;-2.482476e+00;1.330612e+00;2.648718e+00;-6.207605e+00;-7.293437e+00;3.619896e+00;-6.384039e-01;-1.200233e+00;1.150595e+00;-2.652236e+00;1.653451e+00;-3.171031e+00;1.244003e+00
3;0.300000;3.035726e+00;-1.447105e+00;-3.742009e+00;-2.437668e-01;2.202212e+00;4.661360e-01;-2.073080e+00;-2.626209e+00;-4.833673e+00;-5.089283e-01;1.563856e+00;2.302594e+00;-1.666689e-02;-1.915131e+00
4;0.400000;4.866096e+00;-1.405942e-01;-4.952136e+00;-6.720049e+00;7.968107e+00;9.533297e+00;-9.328321e+00;5.779934e-01;-2.373399e+00;-1.867661e+00;1.240320e-01;3.159842e-01;3.090040e+00;-2.392815e+00
5;0.500000;4.742125e+00;-5.256898e-01;-3.424661e+00;-7.263063e+00;7.758032e+00;8.516458e+00;-7.544896e+00;-6.387095e-01;-1.849508e-01;-5.211082e+00;-8.898592e-02;-1.621086e+00;3.146408e+00;-3.837166e+00
