frameIndex;frameTime;pcm_fftMag_mfcc[0];pcm_fftMag_mfcc[1];pcm_fftMag_mfcc[2];pcm_fftMag_mfcc[3];pcm_fftMag_mfcc[4];pcm_fftMag_mfcc[5];pcm_fftMag_mfcc[6];pcm_fftMag_mfcc[7];pcm_fftMag_mfcc[8];pcm_fftMag_mfcc[9];pcm_fftMag_mfcc[10];pcm_fftMag_mfcc[11];pcm_fftMag_mfcc[12];pcm_fftMag_mfcc[13]
0;0.000000;-5.414559e+00;3.540068e+00;1.612198e-01;-3.735906e+00;-1.931607e+01;-8.874139e+00;-2.244685e+00;-2.962667e+00;-4.721487e+00;-2.296761e+00;-9.146547e-01;-5.277770e+00;2.230661e+00;-3.973267e+00
1;0.100000;-6.842292e+00;-2.887645e-01;-2.040839e+00;-2.238632e+00;-6.732506e+00;-2.812419e+00;-3.434486e+00;-1.268268e+00;-4.424364e+00;-5.317946e+00;-2.172849e+00;-2.920334e+00;9.952646e-01;-1.140785e+00
2;0.200000;-3.770701e+00;-3.137321e+00;-3.432112e+00;-2.813902e-01;-4.621911e-01;2.934429e+00;-2.719533e+00;-3.920121e-01;-2.701088e+00;-4.209525e+00;-2.798915e-02;2.608235e+00;4.358802e+00;5.694275e-01
3;0.300000;3.250159e+00;-2.841681e+00;-4.090798e-01;1.654007e+00;3.888342e+00;6.659614e+00;-3.935356e-01;1.423881e+00;1.352742e+00;-2.528849e-01;6.990995e-01;3.676185e+00;1.892750e+00;-2.872238e-01
4;0.400000;6.030153e+00;1.033568e+00;2.937861e+00;1.973244e+00;1.133206e+01;1.214586e+00;4.024249e+00;1.423831e+00;5.248862e+00;5.267333e+00;7.291988e-01;1.317230e+00;-4.653358e+00;1.641060e+00
5;0.500000;6.747235e+00;1.694132e+00;2.782950e+00;2.628675e+00;1.129037e+01;8.779249e-01;4.767987e+00;1.775232e+00;5.245332e+00;6.809786e+00;1.687194e+00;5.964539e-01;-4.824121e+00;3.190781e+00
