frameIndex;frameTime;pcm_fftMag_mfcc[0];pcm_fftMag_mfcc[1];pcm_fftMag_mfcc[2];pcm_fftMag_mfcc[3];pcm_fftMag_mfcc[4];pcm_fftMag_mfcc[5];pcm_fftMag_mfcc[6];pcm_fftMag_mfcc[7];pcm_fftMag_mfcc[8];pcm_fftMag_mfcc[9];pcm_fftMag_mfcc[10];pcm_fftMag_mfcc[11];pcm_fftMag_mfcc[12];pcm_fftMag_mfcc[13]
0;0.000000;-5.431208e+00;-1.077606e+00;-5.819725e+00;-2.502581e+00;1.132591e+01;-3.894869e+00;4.160292e+00;1.120634e+00;-1.317373e+00;-3.758648e+00;-4.007329e+00;-2.555140e+00;-5.594193e+00;3.038879e+00
1;0.100000;-6.313869e+00;5.546913e-01;-3.162632e+00;1.817498e+00;7.607402e+00;-3.775913e+00;2.390591e+00;2.155409e-01;-1.916937e+00;-1.018553e+00;1.723873e+00;1.242707e+00;-8.316956e-01;1.144798e+00
2;0.200000;-5.342026e-01;2.667946e+00;-3.867846e-01;2.623535e+00;-2.546390e+00;-1.350002e+00;5.770342e-01;4.253387e-02;7.859468e-01;1.692528e+00;1.377073e+00;1.028542e+00;1.522645e+00;9.036789e-01
3;0.300000;4.147619e+00;9.621391e-01;2.573746e+00;9.893272e-01;-8.758222e+00;3.849623e+00;-2.345255e+00;-9.035072e-01;1.453700e+00;1.510174e+00;7.619381e-01;-2.711763e-01;2.431539e+00;-4.590530e-01
4;0.400000;8.131655e+00;-3.107170e+00;6.795396e+00;-2.927780e+00;-7.628707e+00;5.171159e+00;-4.782662e+00;-4.751978e-01;9.946616e-01;1.574500e+00;1.444452e-01;5.550671e-01;2.471706e+00;-4.628258e+00
