frameIndex;frameTime;pcm_fftMag_mfcc[0];pcm_fftMag_mfcc[1];pcm_fftMag_mfcc[2];pcm_fftMag_mfcc[3];pcm_fftMag_mfcc[4];pcm_fftMag_mfcc[5];pcm_fftMag_mfcc[6];pcm_fftMag_mfcc[7];pcm_fftMag_mfcc[8];pcm_fftMag_mfcc[9];pcm_fftMag_mfcc[10];pcm_fftMag_mfcc[11];pcm_fftMag_mfcc[12];pcm_fftMag_mfcc[13]
0;0.000000;3.080897e+00;-5.861254e-01;-4.798335e+00;-2.897816e+00;6.213297e+00;6.473889e+00;-1.094562e+00;7.780427e+00;-4.456369e+00;-1.298123e+00;4.387967e+00;-8.809671e+00;8.301766e+00;-4.349899e+00
1;0.100000;2.539911e+00;-2.081990e+00;-2.414109e+00;-7.394590e+00;1.997873e+00;6.325329e+00;-3.308900e+00;2.407933e+00;-5.003682e+00;6.879340e-01;-7.294326e-01;-3.689630e+00;2.857067e+00;-3.500748e-01
2;0.200000;-2.342691e-01;-3.646174e+00;-1.045073e+00;-5.336877e+00;-6.482840e-01;3.595923e+00;-2.692651e+00;-3.746769e+00;-3.505505e+00;7.360026e-01;-3.732119e+00;-1.315579e+00;-1.824316e+00;2.569778e+00
3;0.300000;-2.640878e+00;-3.778751e-01;9.863567e-01;-1.511521e-01;-2.205598e+00;-4.880197e-01;-3.572292e-01;-6.639813e+00;5.691991e-01;7.161173e-02;-2.089459e+00;3.510718e-01;-4.234786e+00;2.803169e+00
4;0.400000;-2.724313e+00;3.712085e+00;4.433535e+00;7.208302e+00;-3.766373e+00;-7.488389e+00;2.590679e+00;-1.521536e+00;5.817012e+00;-3.168858e-01;2.034215e-01;5.587139e+00;-3.963013e+00;9.326477e-01
5;0.500000;-2.134752e-02;2.980079e+00;2.837626e+00;8.572132e+00;-1.590915e+00;-8.418733e+00;4.862664e+00;1.719759e+00;6.579348e+00;1.194602e-01;1.959623e+00;7.876668e+00;-1.136719e+00;-1.605614e+00
