frameIndex;frameTime;pcm_fftMag_mfcc[0];pcm_fftMag_mfcc[1];pcm_fftMag_mfcc[2];pcm_fftMag_mfcc[3];pcm_fftMag_mfcc[4];pcm_fftMag_mfcc[5];pcm_fftMag_mfcc[6];pcm_fftMag_mfcc[7];pcm_fftMag_mfcc[8];pcm_fftMag_mfcc[9];pcm_fftMag_mfcc[10];pcm_fftMag_mfcc[11];pcm_fftMag_mfcc[12];pcm_fftMag_mfcc[13]
0;0.000000;2.001538e+00;1.707611e+00;-1.886193e+00;9.138545e+00;-4.175777e-01;2.960353e+00;4.821096e+00;-2.681869e+00;2.833080e-01;1.941848e-01;-2.920908e+00;1.143732e+00;4.567533e+00;5.073242e-01
1;0.100000;1.885995e+00;2.862468e+00;6.411438e-01;3.299682e+00;8.263426e-01;8.136613e+00;1.899237e+00;-1.271198e+00;3.978192e+00;1.197196e+00;-5.811059e-01;7.761037e-01;2.962302e+00;-1.725464e-01
2;0.200000;3.247793e+00;-1.968096e+00;-1.255203e+00;-8.658519e-01;2.775715e+00;7.362359e+00;-2.701335e-01;7.735276e-01;4.703484e-01;-1.403642e+00;1.541717e+00;1.213002e-01;-1.874509e-01;8.081818e-02
3;0.300000;2.613315e+00;-5.552777e+00;-2.550847e+00;-4.262491e+00;2.065715e+00;-1.486675e+00;-2.325787e+00;2.082407e+00;-3.668611e+00;-1.857332e+00;3.146851e-01;9.711969e-02;-3.122725e+00;2.793121e-02
4;0.400000;-2.999799e+00;-1.112419e+00;-1.227829e+00;-4.670456e+00;-8.911438e-01;-8.328918e+00;-3.233103e+00;6.169808e-01;-2.004860e+00;-1.525041e+00;3.147708e-01;-1.026518e+00;-3.117172e+00;3.742142e-01
5;0.500000;-6.748843e+00;4.063213e+00;6.278925e+00;-2.639428e+00;-4.359050e+00;-8.643730e+00;-8.913126e-01;4.801507e-01;9.416213e-01;3.394633e+00;1.330841e+00;-1.111738e+00;-1.102488e+00;-8.177109e-01
