frameIndex;frameTime;pcm_fftMag_mfcc[0];pcm_fftMag_mfcc[1];pcm_fftMag_mfcc[2];pcm_fftMag_mfcc[3];pcm_fftMag_mfcc[4];pcm_fftMag_mfcc[5];pcm_fftMag_mfcc[6];pcm_fftMag_mfcc[7];pcm_fftMag_mfcc[8];pcm_fftMag_mfcc[9];pcm_fftMag_mfcc[10];pcm_fftMag_mfcc[11];pcm_fftMag_mfcc[12];pcm_fftMag_mfcc[13]
0;0.000000;-1.253876e+00;2.028865e+00;-8.159956e+00;-8.011985e-02;8.330508e+00;8.022545e+00;3.023199e+00;-7.061290e+00;3.005939e+00;-3.191824e+00;1.556963e+00;-5.651774e+00;1.545532e+00;-6.047974e-01
1;0.100000;-3.166572e+00;2.487407e+00;-2.170995e+00;1.797497e+00;5.359580e+00;-1.256359e+00;-4.304790e-02;5.127769e-01;3.032604e+00;-6.707911e+00;7.591510e-01;-1.388973e+00;-1.924079e+00;-1.015022e+00
2;0.200000;-1.216993e-01;-2.838866e+00;-3.035680e+00;2.309699e-01;2.461549e+00;-2.221552e+00;3.229903e+00;3.523213e+00;1.205595e+00;-2.973577e+00;-2.527423e-01;-1.794388e+00;-9.060707e-01;1.230606e+00
3;0.300000;2.695569e+00;-4.455204e+00;-3.772405e-01;4.066312e-02;-4.871883e-01;-1.914473e-01;3.200313e+00;3.846685e+00;-1.134800e+00;-4.864159e-01;-1.618469e+00;-4.152143e-01;1.759958e-02;1.170593e+00
4;0.400000;1.671968e+00;-2.791028e-01;4.330160e+00;-1.247969e+00;-5.684459e+00;4.763699e-01;-1.381953e+00;2.361644e+00;-3.707332e+00;3.574143e+00;-1.431869e+00;3.673164e+00;1.230179e+00;4.254150e-02
5;0.500000;1.746140e-01;3.056902e+00;9.413712e+00;-7.410414e-01;-9.979992e+00;-4.829555e+00;-8.028414e+00;-3.183030e+00;-2.402002e+00;9.785586e+00;9.869661e-01;5.577186e+00;3.684115e-02;-8.238831e-01
