frameIndex;frameTime;pcm_fftMag_mfcc[0];pcm_fftMag_mfcc[1];pcm_fftMag_mfcc[2];pcm_fftMag_mfcc[3];pcm_fftMag_mfcc[4];pcm_fftMag_mfcc[5];pcm_fftMag_mfcc[6];pcm_fftMag_mfcc[7];pcm_fftMag_mfcc[8];pcm_fftMag_mfcc[9];pcm_fftMag_mfcc[10];pcm_fftMag_mfcc[11];pcm_fftMag_mfcc[12];pcm_fftMag_mfcc[13]
0;0.000000;-6.878376e-01;9.380322e+00;6.265917e+00;2.012797e+00;-5.747044e+00;2.242631e+00;1.924933e+00;-8.190869e+00;-1.068112e+00;7.935236e+00;-2.085807e+00;-1.925698e+00;1.984386e+00;-4.589478e+00
1;0.100000;-4.829771e+00;8.584052e+00;3.132198e+00;4.245485e+00;-5.923710e+00;-1.337279e+00;1.167745e+00;-9.351970e+00;-3.433516e+00;4.227950e+00;-2.174394e+00;-1.439246e+00;1.041550e+00;-1.381584e+00
2;0.200000;-3.998573e+00;1.708698e+00;-6.554346e+00;2.129703e+00;-1.702444e+00;-7.450113e-01;1.535197e+00;6.486931e-01;-9.923530e-01;-4.535653e+00;-3.060183e+00;-4.592261e-01;3.455353e-02;1.706284e+00
3;0.300000;-2.268049e+00;-4.851459e+00;-7.072041e+00;-1.775630e+00;-1.772825e+00;-6.954584e-01;-2.427273e+00;6.566077e+00;1.101654e+00;-7.178739e+00;1.492958e+00;1.490154e-01;-8.679560e-01;2.856438e+00
4;0.400000;2.596360e+00;-7.038013e+00;4.683533e-01;-2.949152e+00;3.160027e+00;-4.766026e-01;-1.631524e+00;8.232843e+00;1.955916e+00;-4.136241e+00;3.214597e+00;1.068656e+00;-1.641939e+00;1.779335e+00
5;0.500000;9.187874e+00;-7.783599e+00;3.759916e+00;-3.663204e+00;1.198599e+01;1.011721e+00;-5.690794e-01;2.095227e+00;2.436412e+00;3.687443e+00;2.612828e+00;2.606497e+00;-5.505949e-01;-3.710327e-01
