frameIndex;frameTime;pcm_fftMag_mfcc[0];pcm_fftMag_mfcc[1];pcm_fftMag_mfcc[2];pcm_fftMag_mfcc[3];pcm_fftMag_mfcc[4];pcm_fftMag_mfcc[5];pcm_fftMag_mfcc[6];pcm_fftMag_mfcc[7];pcm_fftMag_mfcc[8];pcm_fftMag_mfcc[9];pcm_fftMag_mfcc[10];pcm_fftMag_mfcc[11];pcm_fftMag_mfcc[12];pcm_fftMag_mfcc[13]
0;0.000000;-2.098494e-01;1.399322e-01;2.014787e+00;8.004132e+00;5.994359e+00;6.071361e+00;6.609305e+00;8.172620e+00;7.170596e-01;-7.020749e+00;5.115980e+00;9.502877e+00;3.159201e+00;3.710274e+00
1;0.100000;1.936666e+00;-1.543224e+00;8.776889e-01;3.450182e+00;5.218111e+00;3.833090e+00;1.785648e+00;7.356312e+00;1.065380e+00;-1.101324e+00;2.099173e+00;7.402122e+00;6.543047e-01;1.206001e+00
2;0.200000;2.298798e+00;-1.893067e-01;-4.917528e+00;-1.460060e+00;4.552077e-01;-1.693416e-02;-6.076874e+00;2.357031e+00;2.362749e+00;-9.374185e-01;-3.905235e+00;-1.974847e+00;-8.479831e-01;-7.855682e-01
3;0.300000;1.863238e+00;-8.069911e-01;-4.569959e+00;-3.364429e+00;-2.665326e+00;-1.475258e+00;-7.348637e+00;-4.205849e-01;-2.651453e-02;-8.914280e-02;-4.903547e+00;-5.089868e+00;-7.853103e-01;-1.735992e+00
4;0.400000;-5.151920e-01;-1.183046e+00;2.273407e+00;-4.955669e+00;-3.754885e+00;-3.193810e+00;-2.429008e-02;-6.963466e+00;-2.573714e+00;5.316804e+00;-1.068715e+00;-4.962110e+00;-2.603164e-01;-1.489914e+00
5;0.500000;-5.373663e+00;3.582639e+00;4.321607e+00;-1.674151e+00;-5.247467e+00;-5.218446e+00;5.054848e+00;-1.050191e+01;-1.544960e+00;3.831830e+00;2.662348e+00;-4.878173e+00;-1.919896e+00;-9.048157e-01
