frameIndex;frameTime;pcm_fftMag_mfcc[0];pcm_fftMag_mfcc[1];pcm_fftMag_mfcc[2];pcm_fftMag_mfcc[3];pcm_fftMag_mfcc[4];pcm_fftMag_mfcc[5];pcm_fftMag_mfcc[6];pcm_fftMag_mfcc[7];pcm_fftMag_mfcc[8];pcm_fftMag_mfcc[9];pcm_fftMag_mfcc[10];pcm_fftMag_mfcc[11];pcm_fftMag_mfcc[12];pcm_fftMag_mfcc[13]
0;0.000000;-3.624602e+00;-6.227851e+00;-4.817163e+00;3.334797e+00;-1.219309e+00;-1.725022e+00;1.221463e+00;-4.397151e+00;5.528665e+00;7.476249e-01;-6.121039e+00;1.519926e+00;6.877842e-01;4.978836e+00
1;0.100000;-5.904716e+00;-8.638480e-01;-4.081923e+00;2.398455e+00;2.916467e+00;-2.945005e+00;1.414864e+00;-4.544158e-01;3.076542e+00;1.952929e+00;-3.615500e+00;-2.064061e-01;5.276077e-01;4.581764e+00
2;0.200000;-4.747563e+00;6.591570e+00;1.151058e+00;1.347292e+00;3.563463e+00;-4.054817e+00;1.945395e-01;1.540309e+00;-1.707602e+00;9.649851e-01;2.309845e+00;-1.761880e-01;-1.924588e+00;1.927055e+00
3;0.300000;7.605066e-01;5.388643e+00;1.807546e+00;-3.241596e-01;6.290917e-01;-2.682230e+00;-1.659870e+00;-6.070476e-01;-3.046446e+00;-1.938446e-01;1.930591e+00;8.347034e-02;-1.254881e+00;-9.053650e-01
4;0.400000;6.399233e+00;-8.845193e-01;4.686099e+00;-2.631569e-01;-3.614952e+00;1.646362e+00;-1.848746e+00;2.455326e+00;-1.374846e+00;-1.651808e+00;8.902664e-01;2.414517e-01;5.335000e-01;-5.521942e+00
5;0.500000;7.117145e+00;-4.003996e+00;1.254386e+00;-6.493233e+00;-2.274758e+00;9.760712e+00;6.777515e-01;1.462976e+00;-2.476312e+00;-1.819886e+00;4.605833e+00;-1.462253e+00;1.430576e+00;-5.060333e+00
