frameIndex;frameTime;pcm_fftMag_mfcc[0];pcm_fftMag_mfcc[1];pcm_fftMag_mfcc[2];pcm_fftMag_mfcc[3];pcm_fftMag_mfcc[4];pcm_fftMag_mfcc[5];pcm_fftMag_mfcc[6];pcm_fftMag_mfcc[7];pcm_fftMag_mfcc[8];pcm_fftMag_mfcc[9];pcm_fftMag_mfcc[10];pcm_fftMag_mfcc[11];pcm_fftMag_mfcc[12];pcm_fftMag_mfcc[13]
0;0.000000;3.734084e+00;-1.197638e+00;-2.479029e+00;4.945116e+00;1.214661e+01;-5.238154e+00;3.464279e+00;6.694290e+00;-2.121325e+00;3.012800e+00;1.522395e+00;-2.529715e+00;4.834890e-02;-3.895920e+00
1;0.100000;4.792793e+00;1.157288e+00;-2.597086e+00;-2.371954e+00;1.145372e+01;1.995339e+00;2.504304e+00;3.387746e+00;-8.711617e+00;8.078408e+00;3.110059e+00;-4.771223e+00;-2.874545e+00;-2.305450e+00
2;0.200000;2.769284e+00;-2.302143e+00;1.319048e+00;-2.629890e+00;5.212846e+00;8.155787e+00;-1.112251e-01;1.288080e+00;-4.261676e+00;5.874897e+00;-4.067421e-03;7.805989e-01;-1.828457e+00;-9.074097e-01
3;0.300000;-1.777093e+00;-3.442695e+00;2.012132e+00;6.769943e-01;-6.893266e+00;2.550122e+00;-9.907389e-01;-2.725091e+00;4.918651e+00;-1.604165e+00;1.331240e+00;4.470458e+00;1.253630e+00;1.309807e+00
4;0.400000;-4.396458e+00;6.290798e-01;1.461014e+00;1.155216e+00;-1.148281e+01;-2.814645e+00;-1.777577e+00;-4.554518e+00;5.883662e+00;-7.535407e+00;-2.516889e+00;2.528847e+00;2.005755e+00;3.323814e+00
5;0.500000;-5.122609e+00;5.156106e+00;2.839165e-01;-1.775473e+00;-1.043710e+01;-4.648450e+00;-3.089046e+00;-4.090505e+00;4.292308e+00;-7.826532e+00;-3.442738e+00;-4.789653e-01;1.395268e+00;2.475143e+00
