frameIndex;frameTime;pcm_fftMag_mfcc[0];pcm_fftMag_mfcc[1];pcm_fftMag_mfcc[2];pcm_fftMag_mfcc[3];pcm_fftMag_mfcc[4];pcm_fftMag_mfcc[5];pcm_fftMag_mfcc[6];pcm_fftMag_mfcc[7];pcm_fftMag_mfcc[8];pcm_fftMag_mfcc[9];pcm_fftMag_mfcc[10];pcm_fftMag_mfcc[11];pcm_fftMag_mfcc[12];pcm_fftMag_mfcc[13]
0;0.000000;-1.470494e+00;-6.543498e-01;-2.367230e+00;-7.390003e-01;-4.034491e-01;1.228580e+00;1.314832e+00;2.953348e+00;3.657149e+00;2.236344e+00;-1.085124e+00;-1.966488e+00;-2.190719e-01;1.601791e+00
1;0.100000;-3.408432e-01;-1.003050e+00;-5.827045e-02;-1.051565e+00;2.378883e-01;-6.653204e-01;3.777289e-01;2.666717e-01;1.041476e+00;-1.621423e-01;-1.207594e+00;-2.594094e-01;-1.883880e-01;1.244118e+00
2;0.200000;1.811338e+00;1.657401e+00;2.425499e+00;1.790566e+00;1.655612e-01;-5.632582e-01;-1.692559e+00;-3.220020e+00;-4.698624e+00;-2.074202e+00;2.292718e+00;2.225897e+00;4.074600e-01;-2.845886e+00
