frameIndex;frameTime;pcm_fftMag_mfcc[0];pcm_fftMag_mfcc[1];pcm_fftMag_mfcc[2];pcm_fftMag_mfcc[3];pcm_fftMag_mfcc[4];pcm_fftMag_mfcc[5];pcm_fftMag_mfcc[6];pcm_fftMag_mfcc[7];pcm_fftMag_mfcc[8];pcm_fftMag_mfcc[9];pcm_fftMag_mfcc[10];pcm_fftMag_mfcc[11];pcm_fftMag_mfcc[12];pcm_fftMag_mfcc[13]
0;0.000000;-1.249790e-02;9.325253e-01;-2.879486e+00;-5.898304e-01;-4.692163e+00;1.400562e+00;7.231815e+00;1.183853e+00;1.406487e+00;1.117173e+01;5.444340e+00;-3.336048e+00;-4.200312e+00;5.295792e-01
1;0.100000;2.722998e-01;8.889337e-01;1.992865e+00;-3.377398e+00;-3.270513e+00;-3.595855e+00;-1.170324e+00;1.304323e+00;2.488860e+00;5.355867e+00;9.253831e-01;-1.011894e+00;-6.537743e-01;-1.224388e+00
2;0.200000;-2.155924e-01;4.371326e+00;5.773678e+00;-7.203884e-01;-1.363019e+00;-6.392055e+00;-5.876561e+00;1.914253e+00;4.730092e+00;-2.440727e+00;1.111726e+00;5.186923e+00;-5.877371e-01;-2.566902e+00
3;0.300000;1.339224e+00;1.199403e+00;5.903511e-01;1.112144e+00;3.496359e+00;1.192510e+00;-2.382338e+00;-1.199877e+00;-1.404317e+00;-4.439626e+00;-8.395243e-02;2.190443e+00;-2.189741e-01;-1.346642e+00
4;0.400000;1.739607e-01;-2.175246e+00;-2.078442e+00;1.716790e+00;3.434006e+00;3.413666e+00;5.522509e-01;-1.397375e+00;-3.770662e+00;-4.777923e+00;-3.025174e+00;-1.800040e+00;2.244624e+00;1.829277e+00
5;0.500000;-1.557391e+00;-5.216943e+00;-3.398952e+00;1.858686e+00;2.395330e+00;3.981172e+00;1.645153e+00;-1.805175e+00;-3.450460e+00;-4.869321e+00;-4.372326e+00;-1.229390e+00;3.416171e+00;2.779121e+00
