frameIndex;frameTime;pcm_fftMag_mfcc[0];pcm_fftMag_mfcc[1];pcm_fftMag_mfcc[2];pcm_fftMag_mfcc[3];pcm_fftMag_mfcc[4];pcm_fftMag_mfcc[5];pcm_fftMag_mfcc[6];pcm_fftMag_mfcc[7];pcm_fftMag_mfcc[8];pcm_fftMag_mfcc[9];pcm_fftMag_mfcc[10];pcm_fftMag_mfcc[11];pcm_fftMag_mfcc[12];pcm_fftMag_mfcc[13]
0;0.000000;6.423784e+00;-6.497443e+00;7.999082e-01;-4.249830e+00;-4.791546e+00;4.467918e+00;-1.099364e+00;4.441056e-01;-3.796676e+00;-6.470618e+00;2.911599e+00;3.185602e+00;-3.693354e+00;4.277802e-01
1;0.100000;1.852078e+00;-3.984372e+00;4.701180e-01;-1.590935e+00;-3.046144e+00;-1.361644e+00;-1.805286e+00;-6.430740e-01;-1.831944e+00;-4.264582e+00;1.033601e+00;1.197649e+00;-3.229884e+00;3.094421e+00
2;0.200000;-6.563511e-01;-1.861416e+00;1.111450e+00;1.506163e+00;-1.992464e-01;-5.178151e+00;-3.235411e+00;9.097323e-01;1.375726e+00;3.262935e-01;-1.501266e+00;-1.749995e+00;-1.246776e+00;2.010338e+00
3;0.300000;1.352816e-01;-9.973755e-01;1.512057e+00;2.829252e+00;1.879474e+00;-3.442784e+00;-2.007488e+00;1.142617e+00;3.517562e+00;4.838641e+00;-2.479741e+00;-2.731993e+00;5.029517e-01;-1.393715e+00
4;0.400000;-6.478815e-01;4.611600e+00;-1.076098e+00;1.282325e+00;1.629464e+00;4.063165e+00;4.323045e+00;-2.895890e+00;2.015027e+00;5.632166e+00;-1.757917e+00;-2.120362e+00;3.068213e+00;-3.765182e+00
5;0.500000;-7.106908e+00;8.729005e+00;-2.817438e+00;2.230248e-01;4.527998e+00;1.451499e+00;3.824504e+00;1.042513e+00;-1.279695e+00;-6.189919e-02;1.793725e+00;2.219097e+00;4.598847e+00;-3.736801e-01
