frameIndex;frameTime;pcm_fftMag_mfcc[0];pcm_fftMag_mfcc[1];pcm_fftMag_mfcc[2];pcm_fftMag_mfcc[3];pcm_fftMag_mfcc[4];pcm_fftMag_mfcc[5];pcm_fftMag_mfcc[6];pcm_fftMag_mfcc[7];pcm_fftMag_mfcc[8];pcm_fftMag_mfcc[9];pcm_fftMag_mfcc[10];pcm_fftMag_mfcc[11];pcm_fftMag_mfcc[12];pcm_fftMag_mfcc[13]
0;0.000000;-4.352598e-01;-2.041558e+00;4.831220e+00;-1.734165e+00;-3.241758e+00;-4.953722e+00;5.883309e+00;3.846715e+00;-4.310484e-01;-5.756650e-01;-2.205650e+00;-2.887678e-01;-3.096683e+00;-2.926147e+00
1;0.100000;-5.439091e-02;1.606787e+00;-1.221249e+00;1.333208e+00;1.845251e+00;2.277140e+00;-3.119448e+00;-1.924322e+00;-3.887482e-01;-4.071784e-01;-6.293044e-01;-7.706451e-01;2.111852e+00;1.121750e-01
2;0.200000;4.896517e-01;4.347715e-01;-3.609971e+00;4.009566e-01;1.396505e+00;2.676582e+00;-2.763861e+00;-1.922392e+00;8.197966e-01;9.828439e-01;2.834954e+00;1.059412e+00;9.848305e-01;2.813972e+00
