frameIndex;frameTime;pcm_fftMag_mfcc[0];pcm_fftMag_mfcc[1];pcm_fftMag_mfcc[2];pcm_fftMag_mfcc[3];pcm_fftMag_mfcc[4];pcm_fftMag_mfcc[5];pcm_fftMag_mfcc[6];pcm_fftMag_mfcc[7];pcm_fftMag_mfcc[8];pcm_fftMag_mfcc[9];pcm_fftMag_mfcc[10];pcm_fftMag_mfcc[11];pcm_fftMag_mfcc[12];pcm_fftMag_mfcc[13]
0;0.000000;6.782840e+00;3.622229e+00;6.858847e+00;-7.260869e-01;-2.483794e+00;-4.404861e+00;-1.274670e+00;-2.363882e+00;2.606883e-01;5.836953e+00;2.139022e+00;1.577976e+00;3.229146e-01;-6.310677e+00
1;0.100000;8.913031e-01;-4.068613e-01;5.336651e+00;1.695371e+00;9.522200e-02;-3.663341e+00;1.910291e+00;3.668398e-01;-1.698331e+00;3.495161e+00;1.131991e+00;-6.615162e-03;-1.312268e+00;-1.255051e+00
2;0.200000;5.188704e-01;-5.316689e+00;1.030247e+00;-1.819013e+00;2.231935e+00;-2.134727e+00;1.653733e+00;1.986311e-01;-3.037689e+00;-5.197134e-01;-1.272659e+00;-7.386236e-01;-1.969560e+00;2.372169e+00
3;0.300000;4.931145e-01;-5.458072e+00;-2.562940e+00;-1.659235e+00;1.480316e+00;4.695892e-02;-4.836321e-02;2.326821e-01;-2.117850e+00;-3.311286e+00;-7.957087e-01;-1.216733e+00;-5.734096e-01;3.244652e+00
4;0.400000;-2.751985e+00;6.803260e-01;-6.672368e+00;2.216337e+00;-4.636145e-02;4.462232e+00;-8.110995e-01;5.255264e-01;1.108371e+00;-4.143991e+00;-8.356333e-02;-5.836916e-02;6.156430e-01;2.031479e+00
5;0.500000;-5.934136e+00;6.879066e+00;-3.990436e+00;2.926264e-01;-1.277318e+00;5.693739e+00;-1.429892e+00;1.040202e+00;5.484809e+00;-1.357122e+00;-1.119081e+00;4.423680e-01;2.916681e+00;-8.263397e-02
