frameIndex;frameTime;pcm_fftMag_mfcc[0];pcm_fftMag_mfcc[1];pcm_fftMag_mfcc[2];pcm_fftMag_mfcc[3];pcm_fftMag_mfcc[4];pcm_fftMag_mfcc[5];pcm_fftMag_mfcc[6];pcm_fftMag_mfcc[7];pcm_fftMag_mfcc[8];pcm_fftMag_mfcc[9];pcm_fftMag_mfcc[10];pcm_fftMag_mfcc[11];pcm_fftMag_mfcc[12];pcm_fftMag_mfcc[13]
0;0.000000;-8.709190e-01;1.497146e+00;-5.539298e+00;1.542820e+00;1.192537e+00;-3.706264e-02;1.131982e+00;-3.857707e+00;8.973943e-01;2.192595e+00;5.143926e+00;-3.220654e+00;2.017883e+00;-2.752457e-01
1;0.100000;-1.233581e+00;2.172707e+00;-4.730856e+00;1.624422e+00;-1.895452e-01;-3.653538e+00;1.148936e+00;4.019320e-01;2.796867e+00;1.109546e+00;1.536579e+00;-4.276973e+00;2.779784e+00;-1.911621e-01
2;0.200000;3.677762e-01;1.887060e+00;2.626673e+00;5.091443e-01;-3.030566e+00;2.368832e-02;-1.048739e+00;-1.448760e+00;2.702597e+00;4.601347e-02;1.341053e+00;-3.855839e+00;2.038200e+00;-1.338577e+00
3;0.300000;9.627444e-01;-1.856833e+00;5.373793e+00;-1.519861e+00;-5.154409e-01;1.939702e+00;-1.090048e+00;1.449547e+00;-3.304602e+00;-1.546468e+00;-2.554232e+00;4.895981e+00;-3.245907e+00;7.816315e-02
4;0.400000;7.739800e-01;-3.700080e+00;2.269688e+00;-2.156524e+00;2.543014e+00;1.727204e+00;-1.421313e-01;3.454987e+00;-3.092257e+00;-1.801686e+00;-5.467326e+00;6.457486e+00;-3.589961e+00;1.726807e+00
