frameIndex;frameTime;pcm_fftMag_mfcc[0];pcm_fftMag_mfcc[1];pcm_fftMag_mfcc[2];pcm_fftMag_mfcc[3];pcm_fftMag_mfcc[4];pcm_fftMag_mfcc[5];pcm_fftMag_mfcc[6];pcm_fftMag_mfcc[7];pcm_fftMag_mfcc[8];pcm_fftMag_mfcc[9];pcm_fftMag_mfcc[10];pcm_fftMag_mfcc[11];pcm_fftMag_mfcc[12];pcm_fftMag_mfcc[13]
0;0.000000;6.262608e-01;4.646708e+00;-3.809416e+00;5.322097e+00;2.461821e+00;-8.067074e-01;8.998976e-01;-2.777899e+00;1.033893e+00;-2.258570e-01;1.490698e+00;9.326363e-02;-4.050941e-01;-1.219223e+00
1;0.100000;9.820051e-01;1.461590e+00;-1.501056e-01;-8.886180e-01;-2.164692e+00;-2.624741e-01;1.285895e+00;3.818760e-01;-1.962083e+00;-3.718737e-01;2.717539e+00;-5.688567e-01;2.895074e-01;5.284271e-01
2;0.200000;2.426372e+00;-4.180917e+00;3.949532e+00;-4.458702e+00;-1.997953e+00;4.753799e-01;-1.410253e+00;1.961214e+00;-3.359181e+00;1.200668e+00;1.530408e+00;-1.654366e+00;1.068814e+00;2.061844e-01
3;0.300000;2.622666e+00;-5.442226e+00;4.991621e+00;-3.449298e+00;-6.494446e-01;2.319927e-01;-3.397794e+00;1.621828e+00;-3.119913e+00;1.919348e+00;-8.468348e-01;-3.380480e-01;1.027770e+00;-7.615738e-01
4;0.400000;-1.842138e+00;1.088707e+00;-5.767515e-02;1.242674e+00;7.121525e-01;-4.059868e-01;-4.798269e-01;-2.707035e+00;1.040385e+00;-5.364734e-02;-1.080976e+00;1.321855e+00;-5.484581e-02;3.121185e-02
5;0.500000;-4.815167e+00;2.426142e+00;-4.923956e+00;2.231844e+00;1.638117e+00;7.677917e-01;3.102080e+00;1.520012e+00;6.366899e+00;-2.468639e+00;-3.810833e+00;1.146149e+00;-1.926150e+00;1.215012e+00
