frameIndex;frameTime;pcm_fftMag_mfcc[0];pcm_fftMag_mfcc[1];pcm_fftMag_mfcc[2];pcm_fftMag_mfcc[3];pcm_fftMag_mfcc[4];pcm_fftMag_mfcc[5];pcm_fftMag_mfcc[6];pcm_fftMag_mfcc[7];pcm_fftMag_mfcc[8];pcm_fftMag_mfcc[9];pcm_fftMag_mfcc[10];pcm_fftMag_mfcc[11];pcm_fftMag_mfcc[12];pcm_fftMag_mfcc[13]
0;0.000000;1.690829e+00;-5.094814e+00;-5.731489e+00;-2.271006e+00;5.727058e+00;1.258072e+01;2.878497e+00;-2.420614e-01;-3.820488e+00;5.623271e+00;-8.530807e-02;-5.847439e+00;-8.190665e-01;1.137016e+00
1;0.100000;-1.149526e-01;-2.442217e+00;-7.117531e+00;-1.766180e+00;3.648427e+00;8.146663e+00;1.630203e+00;-4.493165e+00;-8.012400e-01;2.261301e+00;2.343408e+00;-6.003861e+00;1.310502e+00;1.794357e-01
2;0.200000;-2.962692e+00;3.700792e+00;-1.127424e-01;-1.330483e+00;1.661758e+00;1.889669e+00;-1.235335e+00;-5.041699e+00;2.573695e+00;-1.616185e+00;4.234257e+00;3.413477e-01;5.858397e-01;-1.321739e+00
3;0.300000;-2.289546e+00;3.211576e+00;3.759822e+00;1.482408e+00;-2.055112e+00;-6.727626e+00;-2.657351e-01;2.515168e+00;4.615637e+00;-4.233063e+00;1.825033e+00;4.128466e+00;-3.087878e-01;-2.453156e-01
4;0.400000;1.478990e+00;1.514155e+00;1.453702e+00;2.417266e+00;-2.292243e+00;-1.019874e+01;-1.200202e+00;4.561506e+00;8.460970e-01;-3.384445e+00;-1.834450e+00;4.929720e+00;-1.574455e+00;5.412369e-01
5;0.500000;2.197373e+00;-8.894939e-01;7.748245e+00;1.467996e+00;-6.689888e+00;-5.690674e+00;-1.807432e+00;2.700250e+00;-3.413700e+00;1.349121e+00;-6.482939e+00;2.451769e+00;8.059692e-01;-2.906799e-01
