frameIndex;frameTime;pcm_fftMag_mfcc[0];pcm_fftMag_mfcc[1];pcm_fftMag_mfcc[2];pcm_fftMag_mfcc[3];pcm_fftMag_mfcc[4];pcm_fftMag_mfcc[5];pcm_fftMag_mfcc[6];pcm_fftMag_mfcc[7];pcm_fftMag_mfcc[8];pcm_fftMag_mfcc[9];pcm_fftMag_mfcc[10];pcm_fftMag_mfcc[11];pcm_fftMag_mfcc[12];pcm_fftMag_mfcc[13]
0;0.000000;3.286856e+00;-3.740893e+00;2.179857e+00;-4.327806e+00;-1.540804e-01;9.110898e+00;1.929813e+00;5.568699e+00;-8.200908e+00;-2.191988e+00;-4.035562e+00;-2.239147e+00;-2.180635e+00;4.024506e-01
1;0.100000;-1.920496e+00;-3.458664e-01;1.558101e+00;-1.311086e+00;-1.614090e+00;9.951468e-01;3.337330e+00;2.719415e+00;-6.990277e-01;-3.293259e+00;-1.823600e+00;-2.954223e+00;-1.431124e+00;1.829010e+00
2;0.200000;-3.363448e+00;3.744154e+00;-8.108006e-01;1.190259e+00;-3.416443e-01;-4.710012e+00;1.414588e+00;-1.688434e-01;3.683829e+00;4.734590e-01;-1.067259e+00;-1.887049e+00;-7.511241e-01;1.346603e+00
3;0.300000;-1.984989e+00;3.416901e+00;1.539464e-01;3.008667e+00;-4.224339e-01;-7.057722e+00;-1.630432e+00;-1.807067e+00;4.510408e+00;1.104044e+00;-1.089498e-01;1.854324e+00;2.092230e+00;7.963791e-01
4;0.400000;8.949757e-01;-7.792363e-01;3.116870e+00;1.952029e+00;-2.678251e-01;-4.351963e+00;-3.190104e+00;-5.778548e-01;1.477181e+00;7.998798e-01;1.351842e+00;4.169550e+00;3.322923e+00;-1.326851e+00
5;0.500000;3.087102e+00;-2.295060e+00;-6.197975e+00;-5.120630e-01;2.800076e+00;6.013650e+00;-1.861192e+00;-5.734349e+00;-7.714832e-01;3.107864e+00;5.683529e+00;1.056545e+00;-1.052269e+00;-3.047592e+00
