frameIndex;frameTime;pcm_fftMag_mfcc[0];pcm_fftMag_mfcc[1];pcm_fftMag_mfcc[2];pcm_fftMag_mfcc[3];pcm_fftMag_mfcc[4];pcm_fftMag_mfcc[5];pcm_fftMag_mfcc[6];pcm_fftMag_mfcc[7];pcm_fftMag_mfcc[8];pcm_fftMag_mfcc[9];pcm_fftMag_mfcc[10];pcm_fftMag_mfcc[11];pcm_fftMag_mfcc[12];pcm_fftMag_mfcc[13]
0;0.000000;7.764192e-01;7.489219e-01;-1.870666e+00;6.072680e+00;-5.232534e-01;-4.236576e+00;5.687941e+00;4.799890e+00;-1.779468e+00;-1.877748e+00;-3.406669e+00;-2.930607e+00;5.728681e-01;6.565247e-01
1;0.100000;-3.911114e-02;2.465333e+00;-4.443007e+00;5.763706e+00;-4.743658e+00;-3.398080e+00;3.949077e+00;1.366320e+00;-1.031590e+00;8.661580e-01;-2.521972e+00;-4.798362e+00;1.925337e+00;1.061981e+00
2;0.200000;-6.459150e-01;3.424859e+00;-2.401027e+00;1.998767e+00;-4.356564e+00;1.055617e+00;1.300494e+00;-4.867561e-01;3.105520e+00;5.185675e+00;-7.542424e-01;-3.501150e+00;4.814008e+00;-3.095322e-01
3;0.300000;-5.284357e-01;1.112363e+00;1.930075e+00;-3.431755e+00;1.153761e+00;4.341722e+00;-9.904528e-02;-7.635922e-01;3.725781e+00;2.708714e+00;1.536581e+00;2.745875e+00;1.020963e+00;-1.006180e+00
4;0.400000;4.006948e-01;-2.819856e+00;2.270105e+00;-4.535985e+00;4.460586e+00;2.802180e+00;-3.585095e+00;-1.563179e+00;-1.020243e+00;-2.822547e+00;3.065852e+00;5.324586e+00;-3.989480e+00;-2.302399e-01
5;0.500000;3.634548e-02;-4.931624e+00;4.514519e+00;-5.867413e+00;4.009127e+00;-5.648632e-01;-7.253371e+00;-3.352683e+00;-2.999999e+00;-4.060251e+00;2.080450e+00;3.159654e+00;-4.343696e+00;-1.725159e-01
