frameIndex;frameTime;pcm_fftMag_mfcc[0];pcm_fftMag_mfcc[1];pcm_fftMag_mfcc[2];pcm_fftMag_mfcc[3];pcm_fftMag_mfcc[4];pcm_fftMag_mfcc[5];pcm_fftMag_mfcc[6];pcm_fftMag_mfcc[7];pcm_fftMag_mfcc[8];pcm_fftMag_mfcc[9];pcm_fftMag_mfcc[10];pcm_fftMag_mfcc[11];pcm_fftMag_mfcc[12];pcm_fftMag_mfcc[13]
0;0.000000;4.652844e+00;-4.217062e+00;-9.566133e+00;-2.363676e+00;3.486404e+00;3.565070e+00;-4.667029e+00;-2.221427e+00;1.446912e+00;-1.986185e+00;-4.256652e+00;-5.151339e-01;-6.186559e+00;-2.463387e+00
1;0.100000;3.867025e+00;-6.179180e+00;-1.159254e+01;-2.318300e+00;6.047332e+00;-3.978310e-01;-2.544372e+00;4.354464e+00;4.170427e-01;2.051134e-01;-3.184310e+00;-3.823643e-01;-6.236775e+00;1.478951e+00
2;0.200000;9.762793e-01;-7.248601e+00;-5.484327e+00;-2.916890e+00;2.972458e+00;2.067201e+00;-1.384147e+00;4.127180e+00;1.502021e+00;3.245539e+00;-3.978050e+00;-1.150313e+00;-1.756916e+00;3.204262e+00
3;0.300000;-2.202673e+00;-4.218956e+00;2.757021e+00;-1.472775e+00;-3.795719e-02;1.734846e+00;-1.060886e+00;2.919149e+00;1.477214e+00;3.697998e+00;-1.887424e+00;-1.770912e+00;3.023603e+00;1.462471e+00
4;0.400000;-4.260538e+00;7.874574e+00;1.158188e+01;3.979468e+00;-4.446343e+00;-2.078639e+00;2.124172e+00;-4.297572e+00;6.097126e-01;-4.758830e-01;4.264274e+00;3.602028e-02;6.319413e+00;-1.366676e+00
5;0.500000;-3.032939e+00;1.398923e+01;1.230410e+01;5.092178e+00;-8.021895e+00;-4.890643e+00;7.532264e+00;-4.881796e+00;-5.452895e+00;-4.686578e+00;9.042162e+00;3.782709e+00;4.837232e+00;-2.315613e+00
