frameIndex;frameTime;pcm_fftMag_mfcc[0];pcm_fftMag_mfcc[1];pcm_fftMag_mfcc[2];pcm_fftMag_mfcc[3];pcm_fftMag_mfcc[4];pcm_fftMag_mfcc[5];pcm_fftMag_mfcc[6];pcm_fftMag_mfcc[7];pcm_fftMag_mfcc[8];pcm_fftMag_mfcc[9];pcm_fftMag_mfcc[10];pcm_fftMag_mfcc[11];pcm_fftMag_mfcc[12];pcm_fftMag_mfcc[13]
0;0.000000;-1.716525e+00;1.493439e+00;5.316319e+00;-2.494678e+00;-3.575267e+00;3.680427e+00;1.252652e+00;-3.093648e-01;-4.485025e-01;-2.471609e-01;1.255242e+00;-2.396254e+00;3.562195e-01;2.208641e+00
1;0.100000;-1.745479e+00;-1.472999e+00;2.049496e+00;-3.449061e-01;-1.034813e+00;1.461735e+00;-8.543539e-01;-1.827086e+00;-1.623643e+00;-1.005689e+00;1.031892e+00;-4.453006e-01;8.347821e-02;3.279861e+00
2;0.200000;-1.886559e-01;-2.643310e+00;-1.684644e+00;8.360260e-01;2.089453e+00;-3.375988e-01;7.552719e-02;-1.644301e-01;-2.754290e-01;-5.396538e-01;-1.481862e-01;1.248911e+00;-2.216920e-01;2.750092e-01
3;0.300000;3.650660e+00;2.622867e+00;-5.681170e+00;2.003559e+00;2.520629e+00;-4.804563e+00;-4.738264e-01;2.300881e+00;2.347576e+00;1.792504e+00;-2.138947e+00;1.592642e+00;-2.180063e-01;-5.763527e+00
