frameIndex;frameTime;pcm_fftMag_mfcc[0];pcm_fftMag_mfcc[1];pcm_fftMag_mfcc[2];pcm_fftMag_mfcc[3];pcm_fftMag_mfcc[4];pcm_fftMag_mfcc[5];pcm_fftMag_mfcc[6];pcm_fftMag_mfcc[7];pcm_fftMag_mfcc[8];pcm_fftMag_mfcc[9];pcm_fftMag_mfcc[10];pcm_fftMag_mfcc[11];pcm_fftMag_mfcc[12];pcm_fftMag_mfcc[13]
0;0.000000;3.064120e-01;7.919288e-01;-5.712390e+00;-4.434921e+00;4.949853e+00;-2.628570e+00;-5.504896e+00;-1.826296e-01;6.999653e+00;2.318551e+00;-6.266042e+00;-1.998183e+00;-2.330866e+00;-5.667038e-01
1;0.100000;1.774337e+00;4.382491e-01;-2.649608e+00;-3.344359e+00;5.160861e+00;-2.428879e-01;-4.872402e+00;8.073688e-01;4.421119e+00;5.125878e+00;-6.893507e+00;-1.827693e+00;-3.978930e+00;2.102432e-01
2;0.200000;1.881089e+00;1.022915e+00;-2.187829e-01;3.946028e-01;2.607564e+00;3.127476e+00;-3.168449e-01;-1.372664e+00;8.825302e-01;1.646066e+00;-4.399841e+00;-2.002129e+00;-3.401388e+00;-1.194466e+00
3;0.300000;1.295626e+00;-1.202741e-01;9.786325e-01;1.190890e+00;-3.228249e+00;3.517423e+00;2.924929e+00;-2.567286e-01;-4.658772e+00;-2.748222e+00;3.249518e+00;2.881051e+00;5.621293e-01;-4.234085e-01
4;0.400000;-9.793317e-01;-1.801922e+00;2.703583e+00;2.030985e+00;-5.156853e+00;4.591082e-01;2.710279e+00;1.935010e+00;-5.319976e+00;-2.371022e+00;6.287449e+00;1.931666e+00;4.281710e+00;1.600998e+00
5;0.500000;-4.278131e+00;-3.308949e-01;4.898565e+00;4.162799e+00;-4.333175e+00;-4.232550e+00;5.058926e+00;-9.303555e-01;-2.324556e+00;-3.971251e+00;8.022423e+00;1.015289e+00;4.867344e+00;3.732834e-01
