frameIndex;frameTime;pcm_fftMag_mfcc[0];pcm_fftMag_mfcc[1];pcm_fftMag_mfcc[2];pcm_fftMag_mfcc[3];pcm_fftMag_mfcc[4];pcm_fftMag_mfcc[5];pcm_fftMag_mfcc[6];pcm_fftMag_mfcc[7];pcm_fftMag_mfcc[8];pcm_fftMag_mfcc[9];pcm_fftMag_mfcc[10];pcm_fftMag_mfcc[11];pcm_fftMag_mfcc[12];pcm_fftMag_mfcc[13]
0;0.000000;1.428328e-01;1.010907e+01;-2.202682e+00;4.839880e-01;-4.601308e+00;-1.830606e+00;3.376579e-02;7.646501e+00;4.224108e+00;-4.187814e+00;3.155327e-02;-2.959418e+00;1.230431e-02;-4.083786e+00
1;0.100000;2.579810e+00;-9.939404e-01;8.199711e-01;1.300122e+00;1.072122e+00;3.560176e+00;-2.617569e-01;3.588681e-01;1.315114e+00;2.435489e-01;4.442978e-02;-6.127078e-01;3.130811e+00;-3.927971e+00
2;0.200000;3.524785e-01;-5.955142e+00;2.479296e-01;4.181907e-01;2.255387e+00;4.556207e+00;-5.672150e-01;3.493838e-01;-6.519465e-01;7.022011e-01;-1.119543e+00;2.197645e+00;1.109608e+00;1.703049e+00
3;0.300000;-7.443614e-01;-6.754746e+00;-1.178722e-01;-4.206234e-02;2.015059e+00;3.599102e+00;-1.019255e+00;-1.748312e-01;-1.070806e+00;-4.511404e-02;-9.594231e-01;1.900106e+00;-1.089421e+00;3.448944e+00
4;0.400000;-6.360464e-01;-3.332088e+00;-1.974211e-01;-4.967220e-01;5.844977e-01;-1.113872e+00;-1.592016e+00;-2.538583e+00;-3.444262e-01;-8.846283e-03;7.149162e-01;6.364261e-01;-2.084499e+00;2.285057e+00
5;0.500000;-1.694710e+00;6.926850e+00;1.450075e+00;-1.663516e+00;-1.325757e+00;-8.771006e+00;3.406469e+00;-5.641339e+00;-3.472043e+00;3.296024e+00;1.288065e+00;-1.162051e+00;-1.078801e+00;5.747299e-01
