frameIndex;frameTime;pcm_fftMag_mfcc[0];pcm_fftMag_mfcc[1];pcm_fftMag_mfcc[2];pcm_fftMag_mfcc[3];pcm_fftMag_mfcc[4];pcm_fftMag_mfcc[5];pcm_fftMag_mfcc[6];pcm_fftMag_mfcc[7];pcm_fftMag_mfcc[8];pcm_fftMag_mfcc[9];pcm_fftMag_mfcc[10];pcm_fftMag_mfcc[11];pcm_fftMag_mfcc[12];pcm_fftMag_mfcc[13]
0;0.000000;3.657224e+00;-9.850367e+00;8.831980e+00;-9.457932e+00;5.370097e-01;-1.945438e+00;-4.267673e-01;3.507998e+00;-5.104610e+00;5.626619e+00;-4.668325e+00;3.154470e+00;-6.580435e+00;8.035431e-01
1;0.100000;2.800751e-02;-4.599502e+00;2.524010e+00;-2.573675e+00;1.334016e-01;6.418307e-01;-4.595213e-01;-4.158082e-01;1.087233e+00;-2.923374e-01;1.508274e+00;1.712280e+00;-2.081530e+00;3.314362e-01
2;0.200000;-3.307682e+00;7.007332e+00;-4.396582e-01;3.108351e+00;1.581890e+00;-7.362221e-01;-3.791771e-01;-2.776727e+00;1.245921e+00;-9.595799e-01;2.304569e+00;2.118562e+00;-1.038950e+00;-1.670380e+00
3;0.300000;-3.934983e+00;1.210726e+01;-2.139405e+00;3.465719e+00;4.557549e-02;-1.138283e+00;2.167277e+00;8.676577e-02;1.019850e+00;-1.007658e+00;1.552805e+00;-1.783268e+00;1.695727e+00;-2.551277e+00
4;0.400000;-1.097717e-01;1.981730e+00;-6.371314e+00;4.137781e+00;-1.687100e+00;1.307620e+00;9.161186e-01;-5.386648e-01;2.439726e+00;-2.500342e+00;-1.726818e-02;-2.047876e+00;3.175081e+00;8.988342e-01
5;0.500000;3.667204e+00;-6.646451e+00;-2.405611e+00;1.319756e+00;-6.107767e-01;1.870493e+00;-1.817929e+00;1.364350e-01;-6.881202e-01;-8.667006e-01;-6.800542e-01;-3.154169e+00;4.830107e+00;2.187851e+00
