frameIndex;frameTime;pcm_fftMag_mfcc[0];pcm_fftMag_mfcc[1];pcm_fftMag_mfcc[2];pcm_fftMag_mfcc[3];pcm_fftMag_mfcc[4];pcm_fftMag_mfcc[5];pcm_fftMag_mfcc[6];pcm_fftMag_mfcc[7];pcm_fftMag_mfcc[8];pcm_fftMag_mfcc[9];pcm_fftMag_mfcc[10];pcm_fftMag_mfcc[11];pcm_fftMag_mfcc[12];pcm_fftMag_mfcc[13]
0;0.000000;2.845429e+00;-1.905875e+00;7.317982e+00;-4.109708e+00;-3.875946e+00;4.552789e+00;2.405231e+00;-3.939128e-01;-3.409336e+00;9.641900e+00;-3.364586e+00;-9.521849e-01;-1.915355e+00;-3.199730e+00
1;0.100000;1.516712e+00;-4.334091e+00;4.627366e+00;-7.372924e+00;-7.132122e+00;7.859659e-01;-5.986781e-01;-4.327874e-01;-3.759071e+00;7.455297e+00;-5.460453e+00;-1.150773e+00;-2.242973e+00;1.930222e+00
2;0.200000;8.029728e-01;-4.912101e+00;2.548541e+00;-7.927424e+00;-7.346329e+00;-2.306424e+00;-1.128149e+00;-9.456868e-01;-1.961943e+00;3.397878e+00;-4.190654e+00;-1.083137e+00;-7.419074e-01;2.705734e+00
3;0.300000;-9.239216e-01;-1.953175e+00;-4.701247e-01;-3.406686e+00;-3.121828e+00;-6.024254e+00;-6.035566e-02;-1.961699e+00;2.875372e+00;-4.229308e+00;2.130112e+00;-1.003652e+00;2.614222e+00;6.673050e-01
4;0.400000;-2.585165e+00;6.138406e+00;-3.566998e+00;9.978649e+00;7.789098e+00;-1.432839e+00;-2.101772e-01;2.082254e+00;2.093397e+00;-9.663639e+00;4.390821e+00;2.541067e+00;2.563499e+00;-9.866409e-01
5;0.500000;-1.656023e+00;6.966836e+00;-1.045677e+01;1.283810e+01;1.368712e+01;4.424766e+00;-4.078708e-01;1.651832e+00;4.161582e+00;-6.602126e+00;6.494764e+00;1.648679e+00;-2.774866e-01;-1.116890e+00
