frameIndex;frameTime;pcm_fftMag_mfcc[0];pcm_fftMag_mfcc[1];pcm_fftMag_mfcc[2];pcm_fftMag_mfcc[3];pcm_fftMag_mfcc[4];pcm_fftMag_mfcc[5];pcm_fftMag_mfcc[6];pcm_fftMag_mfcc[7];pcm_fftMag_mfcc[8];pcm_fftMag_mfcc[9];pcm_fftMag_mfcc[10];pcm_fftMag_mfcc[11];pcm_fftMag_mfcc[12];pcm_fftMag_mfcc[13]
0;0.000000;-5.901718e-01;1.544354e+00;3.717643e+00;-5.302437e+00;8.240012e+00;-3.440281e+00;1.033893e+00;-1.410205e+00;-3.408394e+00;1.282237e-01;-2.940254e+00;-8.414211e-01;8.531332e-03;-1.629181e-01
1;0.100000;3.262920e+00;-9.113892e+00;3.660631e+00;-2.352604e+00;1.523879e+00;5.784498e+00;-2.677246e+00;2.531252e+00;-3.339492e+00;1.458414e+00;-5.013309e+00;1.782579e+00;-5.843492e-01;1.465858e+00
2;0.200000;1.260348e+00;-9.107618e+00;2.896995e+00;-2.129792e+00;2.648669e-01;4.938161e+00;-3.045523e+00;3.705988e+00;-3.150679e+00;3.774399e-01;-3.424911e+00;4.606485e-03;1.168474e+00;2.820435e+00
3;0.300000;-1.547694e+00;-2.861057e+00;1.280518e-01;8.149843e-01;-2.942521e+00;2.199941e-01;-1.006472e+00;9.907861e-01;1.447420e+00;-2.513171e+00;9.263182e-01;-1.061466e+00;2.035046e+00;1.953178e+00
4;0.400000;-2.312587e+00;7.023839e+00;-3.380270e+00;5.051388e+00;-4.478638e+00;-3.629098e+00;1.764824e+00;-1.891574e+00;4.582900e+00;-1.643293e+00;4.159931e+00;1.198701e+00;3.031119e-01;-1.627792e+00
5;0.500000;-7.281685e-02;1.251437e+01;-7.023050e+00;3.918462e+00;-2.607599e+00;-3.873273e+00;3.930520e+00;-3.926247e+00;3.868244e+00;2.192388e+00;6.292228e+00;-1.082999e+00;-2.930814e+00;-4.448807e+00
