frameIndex;frameTime;pcm_fftMag_mfcc[0];pcm_fftMag_mfcc[1];pcm_fftMag_mfcc[2];pcm_fftMag_mfcc[3];pcm_fftMag_mfcc[4];pcm_fftMag_mfcc[5];pcm_fftMag_mfcc[6];pcm_fftMag_mfcc[7];pcm_fftMag_mfcc[8];pcm_fftMag_mfcc[9];pcm_fftMag_mfcc[10];pcm_fftMag_mfcc[11];pcm_fftMag_mfcc[12];pcm_fftMag_mfcc[13]
0;0.000000;9.974779e+00;-9.991869e+00;-1.421011e+00;-1.145774e+01;1.271422e+01;3.056399e+00;1.542235e+00;1.328716e-01;3.117824e+00;2.922922e+00;-3.406043e+00;1.277979e+00;-2.034661e+00;2.329109e+00
1;0.100000;3.847487e+00;-4.135242e+00;-3.634615e+00;-5.009587e+00;5.096173e+00;6.209689e+00;-3.392413e+00;-6.917915e-01;4.917785e+00;6.000836e-01;-1.531962e+00;-1.200630e+00;-6.649345e-01;2.091492e+00
2;0.200000;-4.081977e+00;4.174097e+00;-2.582314e+00;2.134582e+00;-2.264200e+00;4.120030e+00;-2.920623e+00;-1.460963e+00;4.992157e+00;-1.615270e+00;1.814798e+00;-7.746727e-01;-7.142335e-01;-1.467110e+00
3;0.300000;-7.489839e+00;5.644248e+00;-5.761749e-01;5.871125e+00;-4.987694e+00;-2.471657e+00;-4.425802e-01;7.042170e-01;-1.802270e+00;-1.795947e+00;4.026588e+00;-3.231521e-01;1.829974e+00;-2.412697e+00
4;0.400000;-2.874299e+00;4.244163e+00;1.900810e+00;5.611886e+00;-6.899818e+00;-4.914191e+00;2.059352e+00;1.251756e+00;-5.382496e+00;-2.007871e-01;9.541082e-01;-8.022492e-01;1.081064e+00;-1.180725e-01
5;0.500000;6.238441e-01;6.460190e-02;6.313305e+00;2.849735e+00;-3.658680e+00;-6.000270e+00;3.154030e+00;6.391048e-02;-5.842999e+00;8.899808e-02;-1.857492e+00;1.822725e+00;5.027921e-01;-4.227219e-01
