frameIndex;frameTime;pcm_fftMag_mfcc[0];pcm_fftMag_mfcc[1];pcm_fftMag_mfcc[2];pcm_fftMag_mfcc[3];pcm_fftMag_mfcc[4];pcm_fftMag_mfcc[5];pcm_fftMag_mfcc[6];pcm_fftMag_mfcc[7];pcm_fftMag_mfcc[8];pcm_fftMag_mfcc[9];pcm_fftMag_mfcc[10];pcm_fftMag_mfcc[11];pcm_fftMag_mfcc[12];pcm_fftMag_mfcc[13]
0;0.000000;-1.301542e+00;-5.087471e-01;-4.009464e+00;-5.692901e+00;4.907628e+00;4.955868e+00;4.691684e+00;-1.501225e+00;-3.058864e+00;6.761512e+00;-6.319307e+00;-8.237958e-02;-1.873142e+00;2.207420e+00
1;0.100000;-1.817574e+00;-2.902287e+00;-4.582546e+00;-3.898259e+00;3.071584e+00;2.405658e+00;3.204525e+00;-1.071318e+00;-3.331394e+00;7.088113e-02;-5.798754e+00;-1.691370e-01;-3.332520e-02;4.569702e+00
2;0.200000;-1.092099e+00;-3.399249e+00;-2.392558e+00;-8.045340e-01;2.021885e-01;5.623932e-01;-1.730785e-01;-1.130300e-01;-3.269831e+00;-3.549210e+00;-2.107677e+00;1.445509e+00;1.763388e+00;3.706909e+00
3;0.300000;1.051996e+00;-1.003489e+00;2.172399e+00;2.893290e+00;-3.276983e+00;-1.815118e+00;-5.046925e+00;2.449812e+00;-1.797350e+00;-4.453280e+00;2.562241e+00;7.421746e-01;-2.262850e-01;2.989197e-02
4;0.400000;2.186554e+00;3.444571e+00;4.210572e+00;4.363846e+00;-2.856191e+00;-3.009812e+00;-3.331170e+00;1.265055e+00;3.477760e+00;-3.139022e+00;7.465046e+00;-1.501478e+00;9.284019e-04;-4.928726e+00
5;0.500000;9.726663e-01;4.369204e+00;4.601599e+00;3.138564e+00;-2.048228e+00;-3.098986e+00;6.549606e-01;-1.029294e+00;7.979676e+00;4.309118e+00;4.198454e+00;-4.346883e-01;3.684320e-01;-5.585182e+00
