frameIndex;frameTime;pcm_fftMag_mfcc[0];pcm_fftMag_mfcc[1];pcm_fftMag_mfcc[2];pcm_fftMag_mfcc[3];pcm_fftMag_mfcc[4];pcm_fftMag_mfcc[5];pcm_fftMag_mfcc[6];pcm_fftMag_mfcc[7];pcm_fftMag_mfcc[8];pcm_fftMag_mfcc[9];pcm_fftMag_mfcc[10];pcm_fftMag_mfcc[11];pcm_fftMag_mfcc[12];pcm_fftMag_mfcc[13]
0;0.000000;5.542698e-01;-4.423948e+00;-8.196563e+00;-5.826483e-01;6.184993e+00;3.219808e+00;-8.269877e-01;-3.423816e+00;-1.466888e+00;-3.460248e+00;-4.337401e+00;-5.461638e+00;2.496878e+00;3.304031e+00
1;0.100000;-6.093664e-01;-5.934066e+00;-6.508735e+00;-2.619700e+00;3.914106e+00;1.763005e+00;-4.420829e-01;-2.859684e+00;-9.150610e-01;-1.812004e+00;-5.518295e+00;-4.635958e+00;4.119566e-01;3.518959e+00
2;0.200000;-5.419865e-01;-3.122630e+00;-1.720385e+00;-2.768702e+00;1.577950e-02;3.413630e-01;-2.519775e+00;-1.284431e+00;-1.894344e+00;-5.563009e-02;-3.801258e+00;-2.717088e+00;-2.827644e-01;5.997543e-01
3;0.300000;-8.006096e-03;3.407893e+00;2.927167e+00;1.692798e+00;-3.218491e+00;-3.101096e+00;2.897515e-01;1.623009e+00;-7.278652e-01;7.897087e-01;1.941668e+00;2.598124e+00;-7.204683e-01;-1.843239e+00
4;0.400000;1.110288e+00;5.574495e+00;4.577545e+00;4.498477e+00;-2.273558e+00;-2.599559e+00;3.403710e+00;3.306612e+00;1.702614e+00;1.954717e+00;3.507913e+00;5.862661e+00;-4.261321e-01;-3.281677e+00
5;0.500000;-5.051980e-01;4.498255e+00;8.920970e+00;-2.202225e-01;-4.622820e+00;3.764839e-01;9.538269e-02;2.638307e+00;3.301547e+00;2.583454e+00;8.207371e+00;4.353897e+00;-1.479470e+00;-2.297813e+00
