frameIndex;frameTime;pcm_fftMag_mfcc[0];pcm_fftMag_mfcc[1];pcm_fftMag_mfcc[2];pcm_fftMag_mfcc[3];pcm_fftMag_mfcc[4];pcm_fftMag_mfcc[5];pcm_fftMag_mfcc[6];pcm_fftMag_mfcc[7];pcm_fftMag_mfcc[8];pcm_fftMag_mfcc[9];pcm_fftMag_mfcc[10];pcm_fftMag_mfcc[11];pcm_fftMag_mfcc[12];pcm_fftMag_mfcc[13]
0;0.000000;-6.466863e+00;5.233467e+00;-8.792378e+00;7.250546e+00;-4.298973e+00;2.729921e+00;1.959248e+00;-2.373830e+00;1.851632e+00;-1.369273e+00;1.378059e+00;-3.444626e+00;-8.857008e-01;1.509857e+00
1;0.100000;-1.958582e+00;2.579090e+00;-3.104241e+00;2.465525e+00;-3.787405e+00;3.931168e+00;-1.434944e+00;-7.520686e-01;4.962633e-01;1.249341e+00;3.784392e+00;-3.190659e+00;-3.759998e-02;1.997223e+00
2;0.200000;3.562246e+00;-1.406612e+00;2.176677e+00;-4.492118e+00;1.259980e+00;2.947444e+00;-3.570023e-01;-7.112920e-02;-1.082609e+00;2.594476e+00;2.651467e+00;-8.708806e-01;-1.428540e+00;-1.885834e-01
3;0.300000;4.579803e+00;-5.654084e+00;9.109821e-01;-3.377285e+00;4.681838e+00;-8.299916e-01;5.254953e+00;-3.705322e-01;-1.664717e-01;7.256589e-01;-1.516184e+00;-3.420830e-03;-2.749866e+00;-8.193359e-01
4;0.400000;2.056882e+00;-3.471752e+00;1.493717e+00;-1.323289e+00;1.488407e+00;-1.376340e+00;-4.102898e-02;2.080916e+00;-1.924603e+00;6.072626e-01;-3.275131e+00;1.433680e+00;1.669353e+00;-6.059799e-01
5;0.500000;-1.773486e+00;2.719895e+00;7.315247e+00;-5.233805e-01;6.561508e-01;-7.402203e+00;-5.381225e+00;1.486643e+00;8.257883e-01;-3.807467e+00;-3.022603e+00;6.075910e+00;3.432353e+00;-1.893196e+00
