frameIndex;frameTime;pcm_fftMag_mfcc[0];pcm_fftMag_mfcc[1];pcm_fftMag_mfcc[2];pcm_fftMag_mfcc[3];pcm_fftMag_mfcc[4];pcm_fftMag_mfcc[5];pcm_fftMag_mfcc[6];pcm_fftMag_mfcc[7];pcm_fftMag_mfcc[8];pcm_fftMag_mfcc[9];pcm_fftMag_mfcc[10];pcm_fftMag_mfcc[11];pcm_fftMag_mfcc[12];pcm_fftMag_mfcc[13]
0;0.000000;5.124552e-01;1.754934e+00;-4.710973e+00;-6.856358e+00;6.136428e+00;5.249908e+00;-6.692138e+00;-5.799274e+00;2.243733e+00;4.119339e+00;9.822416e-01;-4.031882e+00;-1.889539e-02;-6.614075e-01
1;0.100000;4.613583e-01;4.063778e+00;1.672656e+00;-1.946976e+00;8.297701e-01;-1.186916e+00;-3.497263e+00;-5.510246e+00;1.741513e+00;1.099316e+00;1.271969e+00;-2.668697e+00;6.817424e-01;-1.877769e+00
2;0.200000;-2.947330e-03;8.958120e-01;-6.668801e-01;4.621570e+00;-1.004794e+00;-3.276710e+00;2.681962e+00;-2.003273e+00;1.757017e+00;-2.309602e+00;-1.634369e-01;2.213144e-02;4.909003e-01;-5.078583e-01
3;0.300000;-6.366587e-01;-3.410678e+00;-4.836836e-01;3.709296e+00;-2.731671e+00;5.646572e-01;5.016055e+00;2.990849e+00;1.253477e+00;-1.390254e+00;-1.537654e+00;1.101036e+00;-1.543402e+00;1.558388e+00
4;0.400000;-3.683915e-01;-3.554767e+00;9.888124e-01;1.165109e+00;-3.285796e+00;9.930620e-01;2.463330e+00;5.783801e+00;-2.079792e+00;-6.267136e-01;-8.460131e-01;2.312771e+00;-7.793608e-01;1.795677e+00
5;0.500000;3.418446e-02;2.509279e-01;3.200072e+00;-6.926410e-01;5.606651e-02;-2.344000e+00;2.805519e-02;4.538145e+00;-4.915949e+00;-8.920857e-01;2.928953e-01;3.264642e+00;1.169014e+00;-3.070221e-01
