frameIndex;frameTime;pcm_fftMag_mfcc[0];pcm_fftMag_mfcc[1];pcm_fftMag_mfcc[2];pcm_fftMag_mfcc[3];pcm_fftMag_mfcc[4];pcm_fftMag_mfcc[5];pcm_fftMag_mfcc[6];pcm_fftMag_mfcc[7];pcm_fftMag_mfcc[8];pcm_fftMag_mfcc[9];pcm_fftMag_mfcc[10];pcm_fftMag_mfcc[11];pcm_fftMag_mfcc[12];pcm_fftMag_mfcc[13]
0;0.000000;1.786449e+00;-1.621028e+00;-1.857504e+00;-1.803261e+00;7.866383e-01;-3.145218e+00;-3.546355e+00;-2.266690e+00;1.559924e+00;-2.523078e+00;-3.312610e+00;2.821088e-01;2.452834e+00;9.334793e-01
1;0.100000;3.474876e+00;6.271305e-01;-4.824495e-01;-8.499978e-01;3.358123e-01;1.059532e-02;-6.690521e-01;1.254862e+00;-1.630526e-01;-1.613373e+00;-2.936445e+00;-2.577133e-01;1.422837e+00;-9.714966e-01
2;0.200000;-5.575905e-01;1.707916e+00;-9.475508e-01;3.422074e-01;3.516811e+00;2.039515e+00;1.711362e+00;3.422799e+00;-1.314319e+00;9.709694e-01;1.904145e+00;-1.458338e+00;-2.717021e+00;-6.038971e-01
3;0.300000;-4.703733e+00;-7.140193e-01;3.287502e+00;2.311051e+00;-4.639261e+00;1.095103e+00;2.504046e+00;-2.410973e+00;-8.255291e-02;3.165481e+00;4.344910e+00;1.433942e+00;-1.158650e+00;6.419067e-01
