frameIndex;frameTime;pcm_fftMag_mfcc[0];pcm_fftMag_mfcc[1];pcm_fftMag_mfcc[2];pcm_fftMag_mfcc[3];pcm_fftMag_mfcc[4];pcm_fftMag_mfcc[5];pcm_fftMag_mfcc[6];pcm_fftMag_mfcc[7];pcm_fftMag_mfcc[8];pcm_fftMag_mfcc[9];pcm_fftMag_mfcc[10];pcm_fftMag_mfcc[11];pcm_fftMag_mfcc[12];pcm_fftMag_mfcc[13]
0;0.000000;8.321090e-01;-3.869137e+00;6.253667e+00;-1.493587e+00;2.682497e+00;2.458515e-01;3.271924e+00;6.498528e+00;2.570371e+00;-2.061661e+00;1.614085e+00;1.974300e+00;2.051382e+00;1.642479e+00
1;0.100000;1.182304e+00;-7.026213e+00;4.751622e+00;4.159145e-01;2.869263e-01;2.374702e+00;2.456828e+00;4.982738e+00;2.908056e+00;-4.563171e+00;9.697466e-01;-5.335708e-01;3.072963e-01;1.968033e+00
2;0.200000;-8.121195e-01;-2.690037e+00;-8.244476e-01;4.525605e+00;-3.788086e+00;5.019608e-01;-1.656478e+00;1.046245e+00;1.861304e+00;-3.509251e+00;3.972054e-02;-1.747969e+00;-2.756043e+00;1.098930e+00
3;0.300000;-1.469983e+00;2.927835e+00;-3.971216e+00;3.676842e+00;-1.958900e+00;-3.313293e+00;-3.227827e+00;-1.219809e+00;-7.468321e-01;2.416739e+00;5.255804e-01;-1.424840e+00;-1.696799e+00;-1.065315e+00
4;0.400000;5.930171e-01;3.806736e+00;-3.548903e+00;-1.530018e+00;2.145939e-01;-1.044373e+00;-1.732003e+00;-3.574365e+00;-3.937803e+00;5.903847e+00;-1.851716e+00;8.045778e-01;5.558387e-01;-1.966690e+00
5;0.500000;-3.253274e-01;6.850814e+00;-2.660722e+00;-5.594757e+00;2.562976e+00;1.235150e+00;8.875566e-01;-7.733335e+00;-2.655095e+00;1.813492e+00;-1.297418e+00;9.275022e-01;1.538325e+00;-1.677483e+00
