frameIndex;frameTime;pcm_fftMag_mfcc[0];pcm_fftMag_mfcc[1];pcm_fftMag_mfcc[2];pcm_fftMag_mfcc[3];pcm_fftMag_mfcc[4];pcm_fftMag_mfcc[5];pcm_fftMag_mfcc[6];pcm_fftMag_mfcc[7];pcm_fftMag_mfcc[8];pcm_fftMag_mfcc[9];pcm_fftMag_mfcc[10];pcm_fftMag_mfcc[11];pcm_fftMag_mfcc[12];pcm_fftMag_mfcc[13]
0;0.000000;-3.633486e+00;5.045911e+00;8.540455e+00;-4.675459e+00;1.340780e+00;-1.971433e+00;-4.944194e+00;-6.160341e+00;1.332811e+00;6.908273e+00;2.392256e+00;8.070467e-01;1.534997e+00;5.854797e-02
1;0.100000;-4.000897e+00;9.144084e+00;1.717842e+00;1.472131e+00;-3.619766e-02;3.175586e-01;-1.779604e-02;-4.724884e+00;1.559411e+00;-9.635849e-01;3.276934e+00;8.375726e-01;7.063431e-01;-1.897079e+00
2;0.200000;-8.471489e-01;2.971681e+00;-7.584557e+00;5.303044e+00;-1.942520e+00;5.361038e-01;6.270484e+00;5.740206e-01;2.637375e+00;-6.240277e+00;2.042539e+00;1.665187e-01;-2.507555e+00;-9.681702e-03
3;0.300000;-2.488995e-02;-2.995375e+00;-3.623960e+00;-3.394852e-01;-3.281473e+00;-4.139634e-01;3.638812e+00;7.742484e-01;-4.479175e-01;-3.926542e+00;-3.050680e-01;-1.677461e+00;-2.703966e+00;1.907776e+00
4;0.400000;1.850314e+00;-6.032562e+00;1.509534e+00;-3.144313e+00;-1.998821e+00;-1.494500e+00;-5.611768e-01;1.682405e+00;-3.891013e+00;2.041559e-01;-3.160267e+00;-1.406467e+00;-1.089492e+00;4.911804e-01
5;0.500000;6.656113e+00;-8.133739e+00;-5.593147e-01;1.384083e+00;5.918225e+00;3.026235e+00;-4.386130e+00;7.854552e+00;-1.190666e+00;4.017974e+00;-4.246395e+00;1.272790e+00;4.059673e+00;-5.507507e-01
