frameIndex;frameTime;pcm_fftMag_mfcc[0];pcm_fftMag_mfcc[1];pcm_fftMag_mfcc[2];pcm_fftMag_mfcc[3];pcm_fftMag_mfcc[4];pcm_fftMag_mfcc[5];pcm_fftMag_mfcc[6];pcm_fftMag_mfcc[7];pcm_fftMag_mfcc[8];pcm_fftMag_mfcc[9];pcm_fftMag_mfcc[10];pcm_fftMag_mfcc[11];pcm_fftMag_mfcc[12];pcm_fftMag_mfcc[13]
0;0.000000;-1.724062e-01;7.366270e+00;-1.042121e+01;-4.457614e+00;1.975682e+00;7.670222e+00;8.973621e+00;3.166149e+00;1.292505e+00;3.802341e+00;-5.621192e+00;-3.301392e-01;-2.723361e+00;-1.651443e+00
1;0.100000;3.837390e+00;-3.245290e+00;1.895723e+00;-2.297894e+00;-3.361114e+00;2.829278e+00;1.767838e+00;4.194163e+00;3.192205e-01;-2.371601e+00;-1.841346e+00;-2.148371e-01;-1.451624e+00;-4.622650e-02
2;0.200000;3.655181e+00;-7.473186e+00;7.540128e+00;-1.485175e+00;-2.895253e+00;-6.963048e-01;-4.178392e+00;5.998545e-01;-2.111386e+00;-2.329341e+00;2.346507e+00;6.387622e-01;3.983788e-01;1.699532e+00
3;0.300000;1.909620e+00;-6.907532e+00;5.480784e+00;4.142857e-02;-3.664214e+00;-1.423824e+00;-5.755825e+00;-1.164000e+00;-2.003745e+00;-9.496355e-01;2.823352e+00;1.041906e+00;7.407713e-02;1.775101e+00
4;0.400000;-2.187008e+00;5.969765e-01;3.706908e-02;3.602612e+00;-5.610933e-01;-3.472219e+00;-2.182003e+00;-3.097198e+00;6.356010e-01;-1.142387e-01;1.841437e+00;-2.360458e-01;1.426280e+00;3.986053e-01
5;0.500000;-7.042777e+00;9.662762e+00;-4.532497e+00;4.596634e+00;8.505988e+00;-4.907153e+00;1.374768e+00;-3.698967e+00;1.867804e+00;1.962477e+00;4.512419e-01;-8.996477e-01;2.276248e+00;-2.175507e+00
