frameIndex;frameTime;pcm_fftMag_mfcc[0];pcm_fftMag_mfcc[1];pcm_fftMag_mfcc[2];pcm_fftMag_mfcc[3];pcm_fftMag_mfcc[4];pcm_fftMag_mfcc[5];pcm_fftMag_mfcc[6];pcm_fftMag_mfcc[7];pcm_fftMag_mfcc[8];pcm_fftMag_mfcc[9];pcm_fftMag_mfcc[10];pcm_fftMag_mfcc[11];pcm_fftMag_mfcc[12];pcm_fftMag_mfcc[13]
0;0.000000;-6.802685e-01;1.456146e+00;8.072886e-01;4.207970e+00;-4.454231e-01;-3.176725e+00;2.733471e+00;-1.294963e+00;1.383996e-01;-4.514003e+00;-7.247002e-01;4.860764e-01;-1.262764e+00;-1.250107e+00
1;0.100000;6.802684e-01;-1.456146e+00;-8.072882e-01;-4.207970e+00;4.454231e-01;3.176725e+00;-2.733471e+00;1.294963e+00;-1.384001e-01;4.514003e+00;7.247002e-01;-4.860764e-01;1.262764e+00;1.250107e+00
