frameIndex;frameTime;pcm_fftMag_mfcc[0];pcm_fftMag_mfcc[1];pcm_fftMag_mfcc[2];pcm_fftMag_mfcc[3];pcm_fftMag_mfcc[4];pcm_fftMag_mfcc[5];pcm_fftMag_mfcc[6];pcm_fftMag_mfcc[7];pcm_fftMag_mfcc[8];pcm_fftMag_mfcc[9];pcm_fftMag_mfcc[10];pcm_fftMag_mfcc[11];pcm_fftMag_mfcc[12];pcm_fftMag_mfcc[13]
0;0.000000;3.489086e+00;3.196611e-01;-6.501782e+00;-1.332455e+00;1.003848e+01;4.519497e+00;-5.279435e+00;-3.132824e+00;-5.203524e-01;-1.472305e+00;-3.596964e-01;-4.323046e+00;-4.018280e+00;-1.052002e+00
1;0.100000;-1.996929e+00;2.231339e+00;-3.265437e+00;-5.528488e-01;9.861698e+00;5.967260e+00;-2.823849e-01;5.330639e-01;1.094561e-01;-7.555342e-02;2.773475e+00;1.283354e+00;-3.040686e-01;-7.124329e-02
2;0.200000;-3.329273e+00;6.789169e-01;3.010612e+00;-8.625603e-01;-7.082776e+00;-4.023104e+00;2.897110e+00;1.507093e+00;-5.764790e-01;1.020831e+00;1.482473e+00;2.819166e+00;2.100962e+00;3.291245e-01
3;0.300000;1.837114e+00;-3.229918e+00;6.756605e+00;2.747863e+00;-1.281741e+01;-6.463654e+00;2.664710e+00;1.092665e+00;9.873757e-01;5.270276e-01;-3.896250e+00;2.205262e-01;2.221390e+00;7.941437e-01
