frameIndex;frameTime;pcm_fftMag_mfcc[0];pcm_fftMag_mfcc[1];pcm_fftMag_mfcc[2];pcm_fftMag_mfcc[3];pcm_fftMag_mfcc[4];pcm_fftMag_mfcc[5];pcm_fftMag_mfcc[6];pcm_fftMag_mfcc[7];pcm_fftMag_mfcc[8];pcm_fftMag_mfcc[9];pcm_fftMag_mfcc[10];pcm_fftMag_mfcc[11];pcm_fftMag_mfcc[12];pcm_fftMag_mfcc[13]
0;0.000000;3.421868e+00;-3.107264e+00;-2.259393e+00;-7.406320e+00;-1.573130e+00;2.269402e+00;5.631108e-01;-3.141421e+00;-2.140851e+00;-4.310260e-01;-4.741812e-01;-2.747780e+00;-4.815173e-01;-8.646011e-01
1;0.100000;8.629560e-02;-1.658096e+00;-3.328010e+00;-2.879570e+00;-4.978972e+00;4.418740e+00;-2.312015e+00;-2.538971e+00;2.030219e+00;-9.302664e-01;4.579778e-01;-3.859224e+00;-1.015545e+00;8.506470e-01
2;0.200000;-2.006203e+00;1.841159e+00;-2.440017e+00;1.912581e+00;-3.345997e+00;4.202508e+00;-1.638006e+00;1.750994e-02;3.202759e+00;-8.091211e-02;7.771349e-01;-4.047719e+00;-1.678666e+00;7.924652e-02
3;0.300000;-6.615365e-01;5.182661e+00;-7.743869e-01;4.124834e+00;-1.041334e+00;3.365593e+00;-6.447725e-01;-7.280617e-01;-3.637350e-01;1.993203e-02;2.243910e+00;1.759863e-02;3.186996e-01;-1.748932e+00
4;0.400000;7.836764e-01;-1.758957e-02;4.379928e+00;2.573931e+00;3.673945e+00;-3.759646e+00;3.467083e-02;1.781003e-01;-1.108626e+00;9.055603e-01;-1.306825e-01;5.685062e+00;2.163867e+00;-1.883087e-01
5;0.500000;-1.624102e+00;-2.240872e+00;4.421882e+00;1.674543e+00;7.265489e+00;-1.049660e+01;3.997014e+00;6.212845e+00;-1.619766e+00;5.167136e-01;-2.874156e+00;4.952060e+00;6.931622e-01;1.871941e+00
