frameIndex;frameTime;pcm_fftMag_mfcc[0];pcm_fftMag_mfcc[1];pcm_fftMag_mfcc[2];pcm_fftMag_mfcc[3];pcm_fftMag_mfcc[4];pcm_fftMag_mfcc[5];pcm_fftMag_mfcc[6];pcm_fftMag_mfcc[7];pcm_fftMag_mfcc[8];pcm_fftMag_mfcc[9];pcm_fftMag_mfcc[10];pcm_fftMag_mfcc[11];pcm_fftMag_mfcc[12];pcm_fftMag_mfcc[13]
0;0.000000;4.906824e+00;-1.038302e+01;1.942228e+00;-7.938521e+00;6.697928e+00;-1.529862e+00;1.046852e+00;1.001915e+00;-2.342603e+00;-2.169155e+00;-1.768065e+00;2.234726e-01;-1.853156e-01;3.911896e-01
1;0.100000;1.722008e+00;-5.622779e+00;-6.060658e-01;-2.737446e+00;4.226369e+00;4.740062e+00;-3.256773e+00;1.537382e+00;-3.946539e+00;-2.079093e+00;-4.082598e+00;-2.208388e+00;2.404976e+00;4.252777e-01
2;0.200000;-2.533853e+00;4.202714e+00;3.913631e-01;4.594666e+00;-2.040310e-01;3.452779e+00;8.663645e-01;7.044306e-01;8.887856e-01;-8.142753e-01;-1.473039e+00;-1.668601e+00;1.754606e+00;-7.784805e-01
3;0.300000;-1.962626e+00;6.438396e+00;-2.380270e+00;4.383584e+00;-2.179119e+00;-1.366463e+00;1.004032e+00;5.810881e-01;4.175882e+00;3.410230e+00;3.593112e+00;2.458481e+00;1.986364e+00;-2.702332e-02
4;0.400000;-7.956095e-01;3.637539e+00;-1.547089e-01;2.635301e+00;-3.457296e+00;-2.650262e+00;-4.562836e-01;-1.244872e+00;2.470305e+00;2.185664e+00;2.873695e+00;1.481115e+00;-2.867284e-01;5.058212e-01
5;0.500000;-1.336738e+00;1.727149e+00;8.074570e-01;-9.375830e-01;-5.083857e+00;-2.646256e+00;7.958050e-01;-2.579946e+00;-1.245829e+00;-5.333698e-01;8.568945e-01;-2.860785e-01;-5.673902e+00;-5.168076e-01
