frameIndex;frameTime;pcm_fftMag_mfcc[0];pcm_fftMag_mfcc[1];pcm_fftMag_mfcc[2];pcm_fftMag_mfcc[3];pcm_fftMag_mfcc[4];pcm_fftMag_mfcc[5];pcm_fftMag_mfcc[6];pcm_fftMag_mfcc[7];pcm_fftMag_mfcc[8];pcm_fftMag_mfcc[9];pcm_fftMag_mfcc[10];pcm_fftMag_mfcc[11];pcm_fftMag_mfcc[12];pcm_fftMag_mfcc[13]
0;0.000000;2.826114e+00;2.516164e+00;4.695554e+00;2.941818e-01;-2.004932e+00;-1.033972e+00;-7.995910e+00;1.755521e+00;-1.120891e+00;2.688244e+00;-3.780737e-01;-1.868753e-01;1.507998e-03;-5.919449e+00
1;0.100000;-2.000523e-02;-1.911588e-01;4.432872e+00;8.964119e-01;3.841780e-01;-2.217534e+00;-3.442100e+00;6.392351e+00;-2.851600e+00;6.592605e+00;-6.644667e+00;2.636467e+00;2.071686e+00;-1.194740e+00
2;0.200000;-7.044044e-01;-8.129263e-02;2.748093e+00;1.160049e-02;4.992377e-01;-1.676734e+00;-2.736324e+00;4.722754e+00;-2.416319e+00;4.385091e+00;-6.361284e+00;1.456624e+00;2.239475e+00;7.436829e-01
3;0.300000;-5.195408e-01;1.129213e+00;-2.772517e+00;-1.055552e+00;1.227646e+00;1.823894e+00;9.108727e-01;-2.669176e+00;1.492884e+00;-3.181924e+00;1.062507e+00;-1.723084e+00;6.403105e-01;1.253822e+00
4;0.400000;-7.926230e-01;-4.117472e-01;-5.110589e+00;-5.725899e-01;8.682673e-01;3.243737e+00;6.088223e+00;-5.266939e+00;2.934788e+00;-5.644144e+00;6.895209e+00;-1.720537e+00;-2.491961e+00;2.569298e+00
5;0.500000;-7.895417e-01;-2.961181e+00;-3.993413e+00;4.259434e-01;-9.743966e-01;-1.393919e-01;7.175240e+00;-4.934510e+00;1.961140e+00;-4.839874e+00;5.426308e+00;-4.625926e-01;-2.461020e+00;2.547386e+00
