frameIndex;frameTime;pcm_fftMag_mfcc[0];pcm_fftMag_mfcc[1];pcm_fftMag_mfcc[2];pcm_fftMag_mfcc[3];pcm_fftMag_mfcc[4];pcm_fftMag_mfcc[5];pcm_fftMag_mfcc[6];pcm_fftMag_mfcc[7];pcm_fftMag_mfcc[8];pcm_fftMag_mfcc[9];pcm_fftMag_mfcc[10];pcm_fftMag_mfcc[11];pcm_fftMag_mfcc[12];pcm_fftMag_mfcc[13]
0;0.000000;-2.958163e+00;-6.356285e-01;-5.372279e+00;5.006316e-01;3.490475e+00;-1.306476e+00;1.046694e+00;-9.830527e-01;2.365568e+00;9.063482e+00;1.732774e+00;-3.621204e+00;-3.063673e+00;3.420135e+00
1;0.100000;-4.750869e+00;2.161747e+00;-3.825397e+00;2.109563e+00;5.073359e+00;-3.116032e+00;-5.850515e-01;5.606822e-01;-4.783363e-01;3.521322e+00;-6.189370e-01;-4.584059e+00;-3.718887e+00;3.983398e+00
2;0.200000;-3.332925e+00;5.226281e+00;-1.488306e+00;2.514906e+00;2.249233e+00;-5.748925e+00;-5.510979e-01;1.087800e+00;-5.069251e+00;-3.206655e+00;-3.054985e+00;-2.770887e+00;7.017379e-01;1.604485e+00
3;0.300000;1.948017e+00;4.421756e+00;4.602871e-01;1.562446e+00;-1.230312e+00;-1.588364e+00;1.160965e+00;9.084296e-01;-3.301783e+00;-5.177065e+00;-3.304666e+00;8.494239e-01;3.832368e+00;-3.127449e+00
4;0.400000;3.845430e+00;-5.912591e+00;6.636394e+00;-1.349219e+00;-4.868108e+00;6.512488e+00;-1.024492e+00;2.897642e-01;3.574980e+00;-2.654035e+00;1.770681e+00;4.105210e+00;1.623663e+00;-4.342773e+00
5;0.500000;5.248514e+00;-5.261566e+00;3.589303e+00;-5.338326e+00;-4.714643e+00;5.247310e+00;-4.701614e-02;-1.863623e+00;2.908822e+00;-1.547050e+00;3.475130e+00;6.021515e+00;6.247898e-01;-1.537827e+00
