frameIndex;frameTime;pcm_fftMag_mfcc[0];pcm_fftMag_mfcc[1];pcm_fftMag_mfcc[2];pcm_fftMag_mfcc[3];pcm_fftMag_mfcc[4];pcm_fftMag_mfcc[5];pcm_fftMag_mfcc[6];pcm_fftMag_mfcc[7];pcm_fftMag_mfcc[8];pcm_fftMag_mfcc[9];pcm_fftMag_mfcc[10];pcm_fftMag_mfcc[11];pcm_fftMag_mfcc[12];pcm_fftMag_mfcc[13]
0;0.000000;-1.901351e+00;-4.411360e+00;-8.421807e+00;7.209286e+00;-1.288228e-01;3.753722e+00;-5.037257e+00;1.722329e-01;-1.724195e-01;-1.567272e+00;-2.904292e+00;1.036680e-01;-1.531462e+00;2.688797e+00
1;0.100000;-2.110744e+00;4.627427e+00;-3.262095e+00;4.309760e+00;-3.400928e+00;3.233035e+00;-3.024357e+00;6.397078e-01;-1.570470e-01;-8.696699e-02;8.914642e-01;1.682395e+00;2.910709e-02;-4.824677e-01
2;0.200000;2.386098e+00;1.789536e+00;-5.134418e+00;4.100842e+00;-2.093922e+00;2.738134e+00;-1.869068e+00;1.231970e+00;-2.574420e-01;8.947668e-01;-6.938219e-01;-1.776363e+00;2.313917e+00;-1.737419e+00
3;0.300000;6.508825e+00;-6.052151e+00;-3.047800e-01;1.674442e-01;8.331370e-01;3.179235e+00;2.588155e-01;6.245644e-01;9.433401e-01;1.761694e-01;-1.522324e+00;-9.233701e-01;6.931934e-01;-2.210800e+00
4;0.400000;1.272221e+00;-1.445774e+00;4.493422e+00;-5.360536e+00;4.100759e+00;-5.422899e+00;4.553019e+00;-1.100473e+00;-1.312652e-01;1.255474e-01;5.571098e-01;4.375095e-01;-5.071883e-01;1.710663e-01
5;0.500000;-6.155042e+00;5.492322e+00;1.262968e+01;-1.042679e+01;6.897759e-01;-7.481228e+00;5.118851e+00;-1.568001e+00;-2.251658e-01;4.577541e-01;3.671862e+00;4.761605e-01;-9.975681e-01;1.570862e+00
