frameIndex;frameTime;pcm_fftMag_mfcc[0];pcm_fftMag_mfcc[1];pcm_fftMag_mfcc[2];pcm_fftMag_mfcc[3];pcm_fftMag_mfcc[4];pcm_fftMag_mfcc[5];pcm_fftMag_mfcc[6];pcm_fftMag_mfcc[7];pcm_fftMag_mfcc[8];pcm_fftMag_mfcc[9];pcm_fftMag_mfcc[10];pcm_fftMag_mfcc[11];pcm_fftMag_mfcc[12];pcm_fftMag_mfcc[13]
0;0.000000;-8.286476e-01;-5.992084e+00;-3.247475e+00;-1.835172e+00;1.261269e+00;2.107950e-01;-7.753554e+00;-1.076284e+01;-2.090478e+00;-4.463949e-01;-7.075160e-01;-4.412203e+00;-2.680470e+00;-1.089256e+00
1;0.100000;2.035128e+00;-2.076607e+00;1.613407e+00;-4.121584e+00;-4.496949e+00;3.124081e+00;-1.799751e+00;-3.239879e+00;2.413534e-01;1.700541e+00;-4.648780e-01;-1.127570e+00;-9.465922e-01;-1.202339e+00
2;0.200000;1.452808e-01;2.979327e+00;2.084368e+00;8.285794e-01;-9.228315e-01;1.767373e+00;3.782474e+00;6.618900e-01;1.600011e+00;4.031461e+00;8.484204e-01;5.829141e-01;3.975790e-01;1.819901e+00
3;0.300000;-1.476496e+00;7.160447e+00;1.953657e+00;3.756171e+00;1.206877e+00;-3.474783e-01;6.161035e+00;4.442183e+00;3.284205e-01;2.701155e+00;1.957055e+00;1.963380e+00;1.163038e+00;1.114105e+00
4;0.400000;-3.734283e-01;5.296605e+00;-1.527515e+00;2.927522e+00;3.126084e+00;-2.347226e+00;1.778177e+00;6.995846e+00;9.052867e-01;-1.702440e+00;7.442927e-02;3.052153e+00;2.181826e+00;-4.659042e-01
5;0.500000;4.981642e-01;-7.367688e+00;-8.764420e-01;-1.555515e+00;-1.744480e-01;-2.407544e+00;-2.168381e+00;1.902799e+00;-9.845932e-01;-6.284320e+00;-1.707510e+00;-5.867350e-02;-1.153798e-01;-1.764603e-01
