frameIndex;frameTime;pcm_fftMag_mfcc[0];pcm_fftMag_mfcc[1];pcm_fftMag_mfcc[2];pcm_fftMag_mfcc[3];pcm_fftMag_mfcc[4];pcm_fftMag_mfcc[5];pcm_fftMag_mfcc[6];pcm_fftMag_mfcc[7];pcm_fftMag_mfcc[8];pcm_fftMag_mfcc[9];pcm_fftMag_mfcc[10];pcm_fftMag_mfcc[11];pcm_fftMag_mfcc[12];pcm_fftMag_mfcc[13]
0;0.000000;-1.594011e+00;3.896206e+00;1.674693e+00;-2.114814e+00;-7.838540e-01;-4.055245e+00;1.441531e+00;-4.258912e+00;-3.796472e+00;-3.000450e+00;2.593556e+00;5.280474e+00;-3.963773e-01;9.307861e-02
1;0.100000;-5.124054e+00;5.377109e+00;9.506226e-03;-7.391100e-01;-8.049016e-01;-3.928691e+00;-6.657672e-01;-3.991825e+00;-8.238915e-01;-2.903291e+00;9.299059e-01;4.182787e+00;-8.054845e-01;-9.202728e-01
2;0.200000;-3.381004e+00;2.230213e+00;-3.659449e+00;-1.940393e-01;4.951077e-01;2.289677e-02;-1.971716e+00;-2.064199e+00;3.241702e+00;6.562805e-02;-2.726537e+00;-2.292427e+00;-8.377333e-01;-1.837387e-01
3;0.300000;6.587029e-01;-1.827861e+00;-1.367582e+00;2.806063e-01;3.506074e-01;3.342661e+00;-2.600947e+00;2.283856e+00;1.740811e+00;1.449761e+00;-8.384805e-01;-2.846933e+00;4.431692e-01;3.350525e-01
4;0.400000;4.702564e+00;-5.455878e+00;1.991784e+00;8.926611e-01;4.902320e-01;3.011697e+00;8.698001e-01;4.949721e+00;-1.051273e+00;3.103196e+00;8.741617e-02;-2.125045e+00;7.254640e-01;1.212463e-01
5;0.500000;4.737798e+00;-4.219786e+00;1.351049e+00;1.874699e+00;2.528067e-01;1.606685e+00;2.927100e+00;3.081358e+00;6.891236e-01;1.285157e+00;-4.586077e-02;-2.198856e+00;8.709619e-01;5.545883e-01
