frameIndex;frameTime;pcm_fftMag_mfcc[0];pcm_fftMag_mfcc[1];pcm_fftMag_mfcc[2];pcm_fftMag_mfcc[3];pcm_fftMag_mfcc[4];pcm_fftMag_mfcc[5];pcm_fftMag_mfcc[6];pcm_fftMag_mfcc[7];pcm_fftMag_mfcc[8];pcm_fftMag_mfcc[9];pcm_fftMag_mfcc[10];pcm_fftMag_mfcc[11];pcm_fftMag_mfcc[12];pcm_fftMag_mfcc[13]
0;0.000000;-7.346158e-01;-1.007750e+01;2.636232e-01;-3.357134e+00;-3.004160e+00;-3.427331e+00;-1.723403e+00;-7.207792e+00;1.996257e+00;-5.823992e+00;-3.842550e+00;-1.813444e+00;-6.702827e+00;3.022400e+00
1;0.100000;-2.428251e+00;-6.540814e+00;-2.271894e+00;1.178195e+00;-2.771277e-01;1.192232e+00;1.897063e+00;-2.093546e+00;4.043572e+00;-1.318842e+00;-7.489853e-01;6.902823e-01;-2.950967e+00;4.642052e+00
2;0.200000;-2.586465e+00;1.279156e-01;-3.009184e+00;7.800838e+00;3.149719e+00;5.353561e+00;4.724411e+00;1.142500e+00;5.366460e+00;1.187661e+00;1.652310e+00;1.274591e+00;-1.000542e+00;2.501625e+00
3;0.300000;-6.384740e-01;7.817808e+00;-1.255004e+00;6.760807e+00;1.494411e+00;2.504168e+00;1.127131e+00;3.642395e+00;2.770353e+00;5.235378e-01;2.882132e+00;1.900358e-01;3.542338e+00;-1.132835e+00
4;0.400000;2.054373e+00;6.395480e+00;3.339832e+00;-2.418124e+00;-1.308049e+00;-2.119577e-01;-1.339396e+00;5.468890e+00;-4.518323e+00;8.067040e-01;3.485465e-01;-2.337732e-01;7.545136e+00;-3.233795e+00
5;0.500000;4.333432e+00;2.277114e+00;2.932625e+00;-9.964583e+00;-5.479383e-02;-5.410671e+00;-4.685808e+00;-9.524446e-01;-9.658319e+00;4.624930e+00;-2.914534e-01;-1.076922e-01;-4.331408e-01;-5.799469e+00
