frameIndex;frameTime;pcm_fftMag_mfcc[0];pcm_fftMag_mfcc[1];pcm_fftMag_mfcc[2];pcm_fftMag_mfcc[3];pcm_fftMag_mfcc[4];pcm_fftMag_mfcc[5];pcm_fftMag_mfcc[6];pcm_fftMag_mfcc[7];pcm_fftMag_mfcc[8];pcm_fftMag_mfcc[9];pcm_fftMag_mfcc[10];pcm_fftMag_mfcc[11];pcm_fftMag_mfcc[12];pcm_fftMag_mfcc[13]
0;0.000000;8.424835e-01;-3.413905e+00;2.231750e-01;9.814838e+00;-9.427614e-01;2.093573e-01;3.209366e+00;4.122835e+00;5.031784e+00;2.646602e+00;-3.699543e+00;-5.064887e+00;2.499499e-01;5.021568e+00
1;0.100000;-1.777707e+00;2.223232e+00;-1.302311e+00;1.070055e+01;2.106645e+00;-3.353381e-01;6.184432e+00;4.347298e+00;5.749390e+00;3.398121e+00;-1.630311e+00;-8.684416e-01;3.127875e+00;4.988472e+00
2;0.200000;-2.804230e+00;7.727129e+00;-9.561291e-01;7.364575e+00;2.989706e+00;4.335384e-01;6.415837e+00;1.730732e+00;2.699234e+00;1.979997e+00;1.279243e+00;4.667649e+00;4.128476e+00;1.762085e+00
3;0.300000;-1.486631e+00;7.013753e+00;-7.230148e-01;-4.129003e+00;-1.564637e+00;3.689590e+00;1.555609e+00;-3.814635e+00;-6.774052e-01;1.119032e-01;4.284732e+00;4.454590e+00;4.292276e-01;-2.434441e+00
4;0.400000;2.699822e+00;-3.722174e+00;1.072708e+00;-1.318094e+01;-2.868730e+00;-3.138180e-01;-8.201124e+00;-4.889561e+00;-5.418576e+00;-4.000250e+00;1.400542e+00;-8.647094e-01;-3.585404e+00;-5.731621e+00
5;0.500000;2.526263e+00;-9.828034e+00;1.685566e+00;-1.057002e+01;2.797756e-01;-3.683330e+00;-9.164120e+00;-1.496668e+00;-7.384426e+00;-4.136377e+00;-1.634663e+00;-2.324201e+00;-4.350124e+00;-3.606094e+00
