frameIndex;frameTime;pcm_fftMag_mfcc[0];pcm_fftMag_mfcc[1];pcm_fftMag_mfcc[2];pcm_fftMag_mfcc[3];pcm_fftMag_mfcc[4];pcm_fftMag_mfcc[5];pcm_fftMag_mfcc[6];pcm_fftMag_mfcc[7];pcm_fftMag_mfcc[8];pcm_fftMag_mfcc[9];pcm_fftMag_mfcc[10];pcm_fftMag_mfcc[11];pcm_fftMag_mfcc[12];pcm_fftMag_mfcc[13]
0;0.000000;-6.873662e+00;1.085070e+01;-7.386099e+00;1.324609e+00;2.104123e+00;-1.402648e+00;4.005633e+00;-3.913991e+00;2.036700e+00;3.386520e+00;-1.249862e+00;-4.013605e-01;-2.223214e+00;1.006241e-01
1;0.100000;1.543298e+00;7.008307e-01;-1.036573e+01;1.538782e+00;2.264363e+00;-4.032865e-01;3.172636e+00;-3.275927e+00;-5.795811e-01;2.655487e+00;-1.789359e+00;-7.709107e+00;5.881357e-01;3.843689e-01
2;0.200000;5.377702e+00;-5.996353e+00;-5.459419e+00;9.862709e-02;1.624666e+00;2.032421e+00;9.458675e-01;-1.026920e+00;2.108192e-01;8.403281e-01;-2.948751e-01;-6.261400e+00;1.561775e+00;8.129730e-01
3;0.300000;2.854772e+00;-4.504900e+00;-1.829573e+00;3.999009e-01;1.686249e-01;3.647903e+00;-9.562082e-01;-1.755276e-01;2.676538e+00;-6.276219e-01;-3.479986e-01;-5.030632e-03;1.883610e+00;7.932510e-01
4;0.400000;-5.539227e-01;-8.281991e-01;8.933800e+00;-1.155623e+00;-1.114240e+00;4.654303e-01;-4.190063e+00;1.958000e+00;-5.483594e-01;-3.965257e+00;1.992435e+00;5.516451e+00;7.630248e-01;-7.117233e-01
5;0.500000;-2.348187e+00;-2.220805e-01;1.610702e+01;-2.206295e+00;-5.047536e+00;-4.339821e+00;-2.977868e+00;6.434361e+00;-3.796117e+00;-2.289456e+00;1.689655e+00;8.860447e+00;-2.573331e+00;-1.379433e+00
