frameIndex;frameTime;pcm_fftMag_mfcc[0];pcm_fftMag_mfcc[1];pcm_fftMag_mfcc[2];pcm_fftMag_mfcc[3];pcm_fftMag_mfcc[4];pcm_fftMag_mfcc[5];pcm_fftMag_mfcc[6];pcm_fftMag_mfcc[7];pcm_fftMag_mfcc[8];pcm_fftMag_mfcc[9];pcm_fftMag_mfcc[10];pcm_fftMag_mfcc[11];pcm_fftMag_mfcc[12];pcm_fftMag_mfcc[13]
0;0.000000;-1.043601e+01;8.858642e+00;-5.876751e+00;2.270556e+00;3.600941e+00;-6.006468e+00;7.173337e+00;-1.624019e+00;-1.361433e+00;3.308821e-01;-1.028020e+00;9.256489e+00;8.887346e-01;-2.571220e+00
1;0.100000;-4.947137e+00;5.278393e+00;2.719443e+00;9.629974e-01;-4.104300e+00;-5.725802e+00;2.417117e+00;-5.708044e+00;-2.885558e+00;8.169379e-01;-2.811288e-01;4.697500e+00;-1.061621e+00;-7.503281e-01
2;0.200000;2.241720e+00;-3.092109e+00;1.041975e+01;-1.692145e+00;-4.818477e+00;-1.555686e+00;-3.029463e+00;-2.625566e+00;-3.277174e+00;-1.082594e+00;3.109956e+00;8.476977e-01;1.276577e+00;1.878586e-01
3;0.300000;3.596774e+00;-4.244833e+00;6.578988e+00;2.900276e-01;-2.849076e+00;1.829047e+00;-4.669005e+00;-1.407070e-01;-1.351687e+00;-1.734159e+00;2.731829e+00;-2.489167e+00;3.339320e+00;5.912628e-01
4;0.400000;4.337889e+00;-2.733514e+00;-6.042314e+00;-3.642092e-01;3.910898e+00;4.554455e+00;-1.897061e+00;4.509871e+00;3.621254e+00;4.745531e-01;-1.742413e+00;-5.282499e+00;-2.318783e-01;1.223923e+00
5;0.500000;5.206769e+00;-4.066577e+00;-7.799115e+00;-1.467229e+00;4.260018e+00;6.904455e+00;5.076408e-03;5.588463e+00;5.254599e+00;1.194380e+00;-2.790224e+00;-7.030016e+00;-4.211132e+00;1.318497e+00
