frameIndex;frameTime;pcm_fftMag_mfcc[0];pcm_fftMag_mfcc[1];pcm_fftMag_mfcc[2];pcm_fftMag_mfcc[3];pcm_fftMag_mfcc[4];pcm_fftMag_mfcc[5];pcm_fftMag_mfcc[6];pcm_fftMag_mfcc[7];pcm_fftMag_mfcc[8];pcm_fftMag_mfcc[9];pcm_fftMag_mfcc[10];pcm_fftMag_mfcc[11];pcm_fftMag_mfcc[12];pcm_fftMag_mfcc[13]
0;0.000000;-7.300941e+00;8.039101e+00;-1.106064e+01;2.054917e+00;-2.204037e-01;-6.879604e+00;4.587845e+00;-8.234925e-01;9.047033e+00;7.269814e+00;-1.058158e+00;-3.711755e-01;4.549868e+00;4.188957e+00
1;0.100000;-8.912580e+00;8.389609e+00;1.188453e-01;4.398561e+00;-4.126290e+00;-5.634839e+00;4.907330e+00;-2.470805e+00;1.540380e+00;-7.279625e-01;1.316425e+00;2.616890e+00;-8.728313e-01;3.409874e+00
2;0.200000;-4.053487e+00;2.454517e+00;1.642746e+00;2.338429e+00;-3.910621e+00;-6.067879e-01;3.640195e+00;-3.117305e+00;-1.724478e+00;-2.814738e+00;1.617849e+00;1.583223e+00;-2.524749e+00;2.822540e+00
3;0.300000;4.114932e+00;-5.951344e+00;2.240492e+00;-1.100307e+00;-9.991102e-01;4.385069e+00;-1.000211e+00;-3.432264e-01;-4.609518e+00;-1.396592e+00;-9.767790e-01;-1.492967e+00;-2.533887e+00;-1.678535e+00
4;0.400000;8.463518e+00;-6.046884e+00;2.398649e+00;-3.336803e+00;5.526928e+00;5.392609e+00;-5.362734e+00;2.268478e+00;-3.571449e+00;-1.935346e+00;-1.562275e+00;-1.593412e+00;-1.018665e+00;-5.844513e+00
5;0.500000;7.688558e+00;-6.884998e+00;4.659909e+00;-4.354796e+00;3.729501e+00;3.343552e+00;-6.772425e+00;4.486352e+00;-6.819682e-01;-3.951778e-01;6.629324e-01;-7.425581e-01;2.400266e+00;-2.898270e+00
