frameIndex;frameTime;pcm_fftMag_mfcc[0];pcm_fftMag_mfcc[1];pcm_fftMag_mfcc[2];pcm_fftMag_mfcc[3];pcm_fftMag_mfcc[4];pcm_fftMag_mfcc[5];pcm_fftMag_mfcc[6];pcm_fftMag_mfcc[7];pcm_fftMag_mfcc[8];pcm_fftMag_mfcc[9];pcm_fftMag_mfcc[10];pcm_fftMag_mfcc[11];pcm_fftMag_mfcc[12];pcm_fftMag_mfcc[13]
0;0.000000;1.754870e+00;-5.089253e+00;3.677306e+00;-2.672666e+00;4.903911e+00;-2.067310e+00;5.249355e+00;-3.979087e+00;-7.329781e-01;2.432653e+00;7.512566e-01;3.085621e+00;1.726744e+00;-2.526917e+00
1;0.100000;1.760845e+00;5.662017e-01;8.398722e+00;-1.593267e+00;3.203237e+00;-1.969588e+00;-3.678894e+00;-1.498032e+00;-3.801131e+00;2.527249e+00;4.667150e+00;1.567310e+00;9.584339e-01;-1.943985e+00
2;0.200000;-1.360856e+00;6.400031e+00;6.347015e+00;2.777961e+00;-2.984905e+00;-1.998626e+00;-4.551157e+00;-5.150900e-01;-3.000841e+00;1.586764e+00;5.805328e+00;-1.504095e+00;1.319306e+00;-1.301613e+00
3;0.300000;-2.876345e+00;2.668777e+00;-4.063784e+00;3.044969e+00;-3.385139e+00;5.106646e-01;2.118320e+00;1.558935e+00;-1.433311e-01;-1.023580e+00;-8.517949e-01;-1.035606e+00;6.482272e-01;1.001938e+00
4;0.400000;-1.041767e+00;-1.277585e+00;-8.129900e+00;1.021044e+00;-1.561973e+00;3.085969e+00;1.704924e+00;2.561766e+00;3.136086e+00;-2.655979e+00;-5.438721e+00;-1.722756e+00;-1.974035e+00;3.002037e+00
5;0.500000;1.763255e+00;-3.268171e+00;-6.229357e+00;-2.578042e+00;-1.751339e-01;2.438891e+00;-8.425494e-01;1.871505e+00;4.542196e+00;-2.867107e+00;-4.933220e+00;-3.904748e-01;-2.678676e+00;1.768524e+00
