frameIndex;frameTime;pcm_fftMag_mfcc[0];pcm_fftMag_mfcc[1];pcm_fftMag_mfcc[2];pcm_fftMag_mfcc[3];pcm_fftMag_mfcc[4];pcm_fftMag_mfcc[5];pcm_fftMag_mfcc[6];pcm_fftMag_mfcc[7];pcm_fftMag_mfcc[8];pcm_fftMag_mfcc[9];pcm_fftMag_mfcc[10];pcm_fftMag_mfcc[11];pcm_fftMag_mfcc[12];pcm_fftMag_mfcc[13]
0;0.000000;-4.320990e+00;1.834102e+00;3.782017e+00;1.883353e+00;3.964521e+00;-3.823864e+00;-1.082039e-02;1.310400e+00;2.090176e+00;-8.114337e-01;-4.139960e+00;2.501621e-01;-4.511247e+00;4.249573e-01
1;0.100000;-5.592063e+00;1.778916e+00;8.970179e+00;3.660845e+00;1.539536e-01;-3.593534e+00;4.174824e+00;3.466627e+00;1.043411e+00;-3.564622e+00;-2.276636e+00;1.140416e+00;-3.329794e+00;1.683479e+00
2;0.200000;-2.424364e+00;-1.535191e+00;4.443154e+00;2.179093e+00;-8.225384e-01;-1.760753e+00;2.074726e+00;1.517024e+00;1.601315e+00;5.169895e-01;2.284130e+00;1.243307e+00;-1.786619e+00;2.394859e+00
3;0.300000;1.820966e+00;-4.249351e+00;-3.232012e+00;-1.746467e+00;-3.320999e+00;-2.005617e+00;-2.178568e+00;-1.298828e-01;-1.390957e+00;3.446082e+00;3.522226e+00;2.147126e+00;2.357234e+00;8.817749e-01
4;0.400000;5.745136e+00;-1.205715e+00;-7.129499e+00;-3.006585e+00;-1.841007e+00;1.677886e+00;-3.163944e+00;2.288947e-01;-3.533447e+00;2.328372e+00;1.877890e+00;1.177945e+00;4.090333e+00;-2.420883e+00
5;0.500000;4.771314e+00;3.377238e+00;-6.833839e+00;-2.970239e+00;1.866070e+00;9.505883e+00;-8.962173e-01;-6.393064e+00;1.894951e-01;-1.915387e+00;-1.267650e+00;-5.958957e+00;3.180091e+00;-2.964249e+00
