frameIndex;frameTime;pcm_fftMag_mfcc[0];pcm_fftMag_mfcc[1];pcm_fftMag_mfcc[2];pcm_fftMag_mfcc[3];pcm_fftMag_mfcc[4];pcm_fftMag_mfcc[5];pcm_fftMag_mfcc[6];pcm_fftMag_mfcc[7];pcm_fftMag_mfcc[8];pcm_fftMag_mfcc[9];pcm_fftMag_mfcc[10];pcm_fftMag_mfcc[11];pcm_fftMag_mfcc[12];pcm_fftMag_mfcc[13]
0;0.000000;2.585516e-01;4.622439e+00;1.424225e+00;-6.079514e+00;-1.140823e-01;4.916394e+00;-6.041765e-01;-5.077839e-01;-2.733947e+00;3.368750e+00;4.767001e+00;-8.270824e+00;6.022482e-01;-4.418869e-01
1;0.100000;-6.295681e-01;3.226522e+00;8.531492e-01;-4.784447e+00;1.378839e+00;8.435639e+00;4.251251e+00;1.586645e+00;7.675886e-01;7.050827e+00;4.352963e+00;-8.613549e+00;-3.549535e+00;2.864182e+00
2;0.200000;-3.304770e+00;-2.722847e+00;-4.557327e+00;-6.233280e+00;-3.775370e+00;8.220387e-01;1.849287e+00;5.202246e-01;-2.322318e+00;1.735543e+00;1.459913e+00;-5.050356e+00;-3.849904e+00;2.929306e+00
3;0.300000;-1.658596e+00;-3.026976e+00;-3.176195e+00;7.594490e-02;-1.856064e+00;-3.245946e+00;1.147142e+00;3.388161e+00;2.915173e-01;-3.227475e-01;1.265182e-01;3.548564e+00;1.905241e+00;1.329834e+00
4;0.400000;2.207740e+00;-1.943865e+00;8.411606e-01;7.712248e+00;2.301626e+00;-4.892318e+00;-1.660052e+00;2.205276e-02;1.321292e+00;-5.167839e+00;-5.088511e+00;8.351075e+00;4.142414e+00;-1.828827e+00
5;0.500000;3.126637e+00;-1.552773e-01;4.614988e+00;9.309044e+00;2.065048e+00;-6.035808e+00;-4.983449e+00;-5.009297e+00;2.675863e+00;-6.664532e+00;-5.617893e+00;1.003509e+01;7.495403e-01;-4.852669e+00
