frameIndex;frameTime;pcm_fftMag_mfcc[0];pcm_fftMag_mfcc[1];pcm_fftMag_mfcc[2];pcm_fftMag_mfcc[3];pcm_fftMag_mfcc[4];pcm_fftMag_mfcc[5];pcm_fftMag_mfcc[6];pcm_fftMag_mfcc[7];pcm_fftMag_mfcc[8];pcm_fftMag_mfcc[9];pcm_fftMag_mfcc[10];pcm_fftMag_mfcc[11];pcm_fftMag_mfcc[12];pcm_fftMag_mfcc[13]
0;0.000000;3.730593e-01;-1.606994e+00;-1.278066e+00;1.963745e+00;3.371302e+00;-2.852829e+00;3.204260e-01;6.076118e+00;5.368681e+00;2.367672e+00;3.792929e+00;2.775390e+00;-1.302269e+00;2.321159e+00
1;0.100000;1.271708e+00;-1.127587e+00;-1.053554e+00;-1.479282e+00;1.421598e+00;-1.047840e+00;-2.887897e+00;4.037341e+00;3.951046e+00;1.916255e+00;3.027276e+00;4.845331e-01;-2.670559e+00;-1.095963e+00
2;0.200000;9.130442e-01;1.625266e+00;1.255059e+00;-5.336094e-01;-5.111924e+00;8.486876e-01;6.438980e-01;-1.440154e+00;-1.956963e+00;-1.195697e+00;-1.453161e+00;-1.662954e+00;5.240455e-01;-2.712990e+00
3;0.300000;3.926802e-02;-1.055588e-01;1.023303e+00;1.067406e+00;-4.878661e+00;1.704218e+00;-2.332211e-02;-4.456501e+00;-2.677905e+00;-1.771919e+00;1.232031e+00;-5.982556e-01;2.128217e+00;4.790802e-01
4;0.400000;-3.026848e-01;-3.872511e-01;5.685501e-01;-5.739937e-01;-1.345488e+00;2.501702e+00;1.365261e-01;-4.234990e+00;-2.270079e+00;-1.085064e+00;9.232403e-01;-8.717561e-01;1.559373e+00;8.769760e-01
5;0.500000;-2.294395e+00;1.602125e+00;-5.152903e-01;-4.442692e-01;6.543185e+00;-1.153938e+00;1.810369e+00;1.818419e-02;-2.414782e+00;-2.312480e-01;-7.522316e+00;-1.269565e-01;-2.388067e-01;1.317368e-01
