frameIndex;frameTime;pcm_fftMag_mfcc[0];pcm_fftMag_mfcc[1];pcm_fftMag_mfcc[2];pcm_fftMag_mfcc[3];pcm_fftMag_mfcc[4];pcm_fftMag_mfcc[5];pcm_fftMag_mfcc[6];pcm_fftMag_mfcc[7];pcm_fftMag_mfcc[8];pcm_fftMag_mfcc[9];pcm_fftMag_mfcc[10];pcm_fftMag_mfcc[11];pcm_fftMag_mfcc[12];pcm_fftMag_mfcc[13]
0;0.000000;2.960423e+00;-5.741593e+00;-4.346094e+00;2.354063e+00;6.103820e+00;1.093569e+01;-8.198792e+00;3.335626e+00;4.585956e+00;-1.924973e+00;-1.421759e+00;3.869796e+00;2.673281e+00;1.218506e+00
1;0.100000;7.505512e-02;1.491871e-01;-4.855188e+00;1.071450e+00;6.395441e+00;2.173176e-01;-2.501369e+00;-3.238928e+00;6.610824e+00;-2.055497e+00;4.955974e-01;3.418653e+00;1.316289e+00;1.134926e+00
2;0.200000;-3.799323e+00;7.059907e+00;3.537555e-01;-7.219300e-01;1.450665e+00;-5.963856e+00;1.945308e+00;-5.023443e+00;-3.510690e-01;1.366663e+00;4.149726e+00;-1.328506e+00;-1.104391e+00;-9.456635e-02
3;0.300000;-3.840484e+00;4.328582e+00;1.853128e+00;3.185358e-01;-1.243879e+00;-4.837512e+00;7.676129e+00;-1.701385e+00;-2.721751e+00;4.765006e-01;2.515614e+00;-2.418754e+00;-8.472943e-01;-5.043793e-02
4;0.400000;9.719400e-01;-1.468581e+00;1.183860e+00;4.329333e-01;-4.101609e+00;-3.256358e+00;5.500246e+00;8.154848e-01;-3.028984e+00;-3.728567e-01;-7.492275e-01;-3.386171e+00;-1.195764e+00;-4.048691e-01
5;0.500000;3.632388e+00;-4.327501e+00;5.810539e+00;-3.455051e+00;-8.604441e+00;2.904720e+00;-4.421521e+00;5.812643e+00;-5.094978e+00;2.510164e+00;-4.989953e+00;-1.550176e-01;-8.421202e-01;-1.803520e+00
