frameIndex;frameTime;pcm_fftMag_mfcc[0];pcm_fftMag_mfcc[1];pcm_fftMag_mfcc[2];pcm_fftMag_mfcc[3];pcm_fftMag_mfcc[4];pcm_fftMag_mfcc[5];pcm_fftMag_mfcc[6];pcm_fftMag_mfcc[7];pcm_fftMag_mfcc[8];pcm_fftMag_mfcc[9];pcm_fftMag_mfcc[10];pcm_fftMag_mfcc[11];pcm_fftMag_mfcc[12];pcm_fftMag_mfcc[13]
0;0.000000;1.034039e+00;6.597271e+00;1.055906e+01;1.027271e+00;6.610936e+00;8.912244e+00;4.791066e+00;-2.991676e-01;1.368028e+00;1.921481e+00;-4.322382e+00;-1.484274e+00;6.686369e+00;-1.645821e+00
1;0.100000;-3.407469e+00;7.074772e+00;5.769995e+00;-1.704087e+00;6.465280e+00;5.724625e+00;1.485200e-01;-2.743012e+00;-8.742456e-01;-8.617644e-01;-2.752331e+00;-1.155165e+00;5.429018e+00;-1.303284e+00
2;0.200000;-4.383282e+00;2.608005e+00;-3.542646e+00;-3.506224e+00;1.326151e-01;-3.868276e+00;-5.509019e+00;-1.691564e+00;-2.082778e+00;-5.607012e+00;-8.295064e-01;-1.009091e+00;-1.925357e+00;-9.045334e-01
3;0.300000;3.024635e-01;-3.071563e+00;-7.654245e+00;2.581444e+00;-6.418635e+00;-5.794916e+00;1.068799e+00;4.242945e-01;8.109078e-01;2.286491e-01;2.784592e+00;7.698936e-01;-1.501207e+00;1.129234e+00
4;0.400000;2.861795e+00;-7.599968e+00;-4.774462e+00;1.661184e+00;-6.845300e+00;-4.218670e+00;1.502194e+00;1.945361e+00;5.957661e-01;2.429331e+00;2.067635e+00;1.012774e+00;-3.216127e+00;1.452293e+00
5;0.500000;3.592451e+00;-5.608518e+00;-3.577023e-01;-5.958855e-02;5.510807e-02;-7.550058e-01;-2.001560e+00;2.364089e+00;1.823221e-01;1.889314e+00;3.051993e+00;1.865863e+00;-5.472694e+00;1.272095e+00
