frameIndex;frameTime;pcm_fftMag_mfcc[0];pcm_fftMag_mfcc[1];pcm_fftMag_mfcc[2];pcm_fftMag_mfcc[3];pcm_fftMag_mfcc[4];pcm_fftMag_mfcc[5];pcm_fftMag_mfcc[6];pcm_fftMag_mfcc[7];pcm_fftMag_mfcc[8];pcm_fftMag_mfcc[9];pcm_fftMag_mfcc[10];pcm_fftMag_mfcc[11];pcm_fftMag_mfcc[12];pcm_fftMag_mfcc[13]
0;0.000000;-5.911555e+00;5.749655e+00;-5.708727e+00;1.176581e+01;3.527153e+00;-4.148093e+00;3.000899e+00;-9.691954e-01;9.157128e+00;3.192893e-01;-4.616320e+00;-1.331050e-01;4.357490e+00;1.441757e+00
1;0.100000;-4.742815e+00;7.703419e+00;-7.809680e+00;4.306742e+00;-1.412051e+00;-8.334037e+00;-1.598705e+00;-5.618312e+00;9.281931e-01;-2.908506e+00;-4.561822e+00;-2.102377e+00;3.336288e+00;-2.819977e-01
2;0.200000;-7.308145e-01;4.514864e+00;-5.344646e+00;-1.354460e+00;-4.343723e+00;-6.761828e+00;-3.458669e+00;-4.967392e+00;-1.658471e+00;-4.444657e+00;-4.105081e+00;-4.354171e+00;3.392062e-01;-2.260544e+00
3;0.300000;2.403294e+00;-4.404728e+00;7.116051e+00;-3.660368e+00;-2.446084e+00;1.152838e+00;-1.143998e+00;4.159079e-01;-2.759191e+00;-9.970531e-01;1.851863e+00;4.485786e-01;-3.652220e+00;-2.030006e+00
4;0.400000;3.530796e+00;-6.679653e+00;7.842802e+00;-4.407991e+00;1.111747e+00;6.766816e+00;1.853697e+00;4.405532e+00;-2.216019e+00;4.044985e+00;6.098029e+00;4.307550e+00;-2.969415e+00;1.178024e+00
5;0.500000;5.451090e+00;-6.883555e+00;3.904200e+00;-6.649732e+00;3.562959e+00;1.132431e+01;1.346776e+00;6.733457e+00;-3.451641e+00;3.985943e+00;5.333328e+00;1.833522e+00;-1.411349e+00;1.952812e+00
