frameIndex;frameTime;pcm_fftMag_mfcc[0];pcm_fftMag_mfcc[1];pcm_fftMag_mfcc[2];pcm_fftMag_mfcc[3];pcm_fftMag_mfcc[4];pcm_fftMag_mfcc[5];pcm_fftMag_mfcc[6];pcm_fftMag_mfcc[7];pcm_fftMag_mfcc[8];pcm_fftMag_mfcc[9];pcm_fftMag_mfcc[10];pcm_fftMag_mfcc[11];pcm_fftMag_mfcc[12];pcm_fftMag_mfcc[13]
0;0.000000;6.282275e+00;-4.722355e+00;-8.132217e+00;-7.931786e+00;8.907194e-01;7.273914e+00;-4.775756e+00;-1.770778e+00;-7.885489e-01;-1.897974e+00;-2.081775e+00;-3.701309e+00;-5.117342e-01;-2.485832e+00
1;0.100000;1.509116e+00;1.243374e+00;-9.032581e+00;-3.394193e+00;4.505207e+00;1.818718e+00;-8.206444e-01;-5.106711e+00;-1.014897e+00;-1.859432e+00;-3.801691e+00;-3.712092e+00;-1.293816e+00;-2.044121e+00
2;0.200000;-4.426488e+00;5.157163e+00;-1.659850e+00;3.674282e-01;2.029475e+00;-9.019840e+00;-3.925220e+00;-1.191937e+00;1.516647e-01;-3.351711e+00;-3.866790e+00;-9.313934e-01;2.939043e-01;-1.480095e+00
3;0.300000;-3.983296e+00;3.096598e+00;3.882870e+00;3.100434e+00;-2.165420e+00;-1.015602e+01;-1.170613e+00;1.207361e+00;2.962926e+00;7.735260e-01;-1.674294e+00;-1.000919e+00;1.791095e+00;8.036270e-01
4;0.400000;-1.260795e+00;-1.142468e+00;8.619740e+00;5.235270e+00;-2.610175e+00;5.477085e-01;3.561020e+00;2.346591e+00;8.400440e-01;2.574167e+00;3.946245e+00;3.334389e+00;5.031874e-01;2.409706e+00
5;0.500000;1.879190e+00;-3.632310e+00;6.322039e+00;2.622846e+00;-2.649805e+00;9.535511e+00;7.131214e+00;4.515466e+00;-2.151186e+00;3.761425e+00;7.478307e+00;6.011325e+00;-7.826355e-01;2.796692e+00
