frameIndex;frameTime;pcm_fftMag_mfcc[0];pcm_fftMag_mfcc[1];pcm_fftMag_mfcc[2];pcm_fftMag_mfcc[3];pcm_fftMag_mfcc[4];pcm_fftMag_mfcc[5];pcm_fftMag_mfcc[6];pcm_fftMag_mfcc[7];pcm_fftMag_mfcc[8];pcm_fftMag_mfcc[9];pcm_fftMag_mfcc[10];pcm_fftMag_mfcc[11];pcm_fftMag_mfcc[12];pcm_fftMag_mfcc[13]
0;0.000000;-1.581140e+00;-4.695962e+00;-4.015710e+00;-1.019257e+00;-3.226318e-01;6.230780e+00;-4.548645e-01;-1.122258e+00;-4.080873e+00;-5.041405e+00;4.352498e+00;3.291693e+00;2.607361e+00;3.830872e-01
1;0.100000;1.425030e+00;-1.356572e+00;-1.124059e+00;-1.451056e+00;4.543009e+00;4.389943e+00;-6.340237e-01;-3.813284e+00;3.374161e+00;-1.029515e+00;2.852196e+00;5.767601e+00;1.659118e+00;5.294800e-03
2;0.200000;2.783116e+00;3.700771e+00;-3.031317e+00;-4.692223e+00;4.919415e+00;7.762222e-01;-6.209000e+00;-4.497693e+00;7.681821e+00;-5.949707e-01;-2.509506e+00;4.342317e+00;-1.526223e+00;-2.342102e+00
3;0.300000;4.493304e+00;-7.369261e-01;-8.253655e-01;-1.145199e+00;-8.087463e-01;-4.456533e+00;-1.906462e+00;1.300438e+00;-2.310548e+00;4.056812e+00;-3.605219e+00;-1.733124e+00;-2.171865e+00;-2.083282e+00
4;0.400000;1.650333e-01;-2.794695e+00;3.406822e+00;1.502600e+00;-5.492111e+00;-3.916006e+00;9.859533e-01;3.284286e+00;-4.247607e+00;2.022961e+00;-1.705948e+00;-5.612175e+00;2.501078e-01;8.340836e-01
5;0.500000;-7.285340e+00;5.883384e+00;5.589636e+00;6.805144e+00;-2.838924e+00;-3.024416e+00;8.218393e+00;4.848510e+00;-4.169531e-01;5.861154e-01;6.159849e-01;-6.056310e+00;-8.184953e-01;3.202911e+00
