frameIndex;frameTime;pcm_fftMag_mfcc[0];pcm_fftMag_mfcc[1];pcm_fftMag_mfcc[2];pcm_fftMag_mfcc[3];pcm_fftMag_mfcc[4];pcm_fftMag_mfcc[5];pcm_fftMag_mfcc[6];pcm_fftMag_mfcc[7];pcm_fftMag_mfcc[8];pcm_fftMag_mfcc[9];pcm_fftMag_mfcc[10];pcm_fftMag_mfcc[11];pcm_fftMag_mfcc[12];pcm_fftMag_mfcc[13]
0;0.000000;1.350336e+00;4.083322e+00;-3.212258e+00;1.662796e+00;2.473530e+00;-5.219498e-01;-3.483297e+00;2.520410e+00;-9.013815e-01;6.689922e+00;-1.001566e+00;-1.699337e+00;2.767024e-01;-2.483330e+00
1;0.100000;-4.109287e-01;2.292809e+00;-2.192159e+00;-1.733913e+00;3.564106e+00;-5.452576e-01;-2.188091e+00;4.970081e-01;5.393276e-01;4.566244e+00;-3.093456e+00;-1.967913e+00;2.329146e+00;7.110596e-01
2;0.200000;-7.384858e-01;-2.313752e-01;-1.286205e+00;-2.346579e+00;1.775562e+00;-1.089549e+00;-1.657560e+00;4.865427e-01;1.750296e+00;2.687528e+00;-2.959839e+00;-1.676889e+00;3.064602e+00;1.646683e+00
3;0.300000;-3.482547e-01;-1.088790e+00;-2.328568e-01;8.323088e-01;-1.103511e+00;3.180342e-01;-1.099753e+00;-1.171801e-01;2.429812e+00;-3.953791e-01;4.273911e-01;-1.095671e+00;1.431844e+00;7.484055e-01
4;0.400000;-7.714224e-01;-2.168614e+00;2.512847e+00;2.023416e+00;-2.649251e+00;1.933647e+00;3.820207e+00;-8.063087e-01;2.660942e-01;-5.599383e+00;3.150453e+00;1.858246e+00;-3.402118e+00;-3.959656e-02
5;0.500000;9.187551e-01;-2.887352e+00;4.410633e+00;-4.380264e-01;-4.060434e+00;-9.492207e-02;4.608494e+00;-2.580471e+00;-4.084150e+00;-7.948932e+00;3.477021e+00;4.581565e+00;-3.700177e+00;-5.833054e-01
