frameIndex;frameTime;pcm_fftMag_mfcc[0];pcm_fftMag_mfcc[1];pcm_fftMag_mfcc[2];pcm_fftMag_mfcc[3];pcm_fftMag_mfcc[4];pcm_fftMag_mfcc[5];pcm_fftMag_mfcc[6];pcm_fftMag_mfcc[7];pcm_fftMag_mfcc[8];pcm_fftMag_mfcc[9];pcm_fftMag_mfcc[10];pcm_fftMag_mfcc[11];pcm_fftMag_mfcc[12];pcm_fftMag_mfcc[13]
0;0.000000;-8.743043e-01;5.263344e+00;-6.501684e+00;2.706193e+00;-5.462074e-02;3.333040e+00;3.878901e+00;-3.194760e+00;3.081197e+00;-4.268615e+00;7.968854e-01;-5.755301e-01;1.575341e+00;-5.484772e-02
1;0.100000;8.743038e-01;-5.263344e+00;6.501684e+00;-2.706194e+00;5.461979e-02;-3.333041e+00;-3.878901e+00;3.194760e+00;-3.081197e+00;4.268615e+00;-7.968854e-01;5.755301e-01;-1.575341e+00;5.485535e-02
