frameIndex;frameTime;pcm_fftMag_mfcc[0];pcm_fftMag_mfcc[1];pcm_fftMag_mfcc[2];pcm_fftMag_mfcc[3];pcm_fftMag_mfcc[4];pcm_fftMag_mfcc[5];pcm_fftMag_mfcc[6];pcm_fftMag_mfcc[7];pcm_fftMag_mfcc[8];pcm_fftMag_mfcc[9];pcm_fftMag_mfcc[10];pcm_fftMag_mfcc[11];pcm_fftMag_mfcc[12];pcm_fftMag_mfcc[13]
0;0.000000;2.094036e+00;5.118483e+00;-3.165156e+00;-4.299810e+00;6.639210e+00;3.009465e+00;-2.594814e-01;-2.394531e+00;1.040446e+00;4.591088e+00;1.045148e+00;-3.522630e+00;-1.222814e+00;-2.918030e+00
1;0.100000;1.366781e+00;2.058392e+00;-2.721540e+00;-2.157752e+00;3.635519e+00;3.570840e+00;-3.502722e+00;-6.574299e-01;-5.200434e-02;4.136325e+00;-4.384017e-01;-2.237826e+00;2.676405e-01;-1.847153e-01
2;0.200000;1.029322e+00;3.149147e-01;-1.143730e+00;-9.024198e-01;3.263180e-01;1.015464e+00;-3.168310e+00;-2.422539e+00;4.580388e-01;8.843120e-01;-4.766331e-01;-1.262092e+00;9.505159e-01;2.996902e-01
3;0.300000;-2.467804e-01;-1.109529e+00;8.366299e-01;2.560388e+00;-6.275246e-01;-3.326908e+00;1.296753e+00;-1.526909e+00;1.522406e+00;-3.153023e+00;-3.300853e-01;1.147089e+00;1.259167e+00;3.769531e-01
4;0.400000;-2.024797e+00;-3.255722e+00;1.886031e+00;3.014386e+00;-3.739062e+00;-2.509750e+00;2.973206e+00;2.828129e+00;-1.953444e-01;-3.073545e+00;3.666091e-01;2.736220e+00;1.753658e-01;1.440254e+00
5;0.500000;-2.218560e+00;-3.126538e+00;4.307765e+00;1.785208e+00;-6.234459e+00;-1.759112e+00;2.660555e+00;4.173281e+00;-2.773540e+00;-3.385159e+00;-1.666360e-01;3.139242e+00;-1.429875e+00;9.858627e-01
