frameIndex;frameTime;pcm_fftMag_mfcc[0];pcm_fftMag_mfcc[1];pcm_fftMag_mfcc[2];pcm_fftMag_mfcc[3];pcm_fftMag_mfcc[4];pcm_fftMag_mfcc[5];pcm_fftMag_mfcc[6];pcm_fftMag_mfcc[7];pcm_fftMag_mfcc[8];pcm_fftMag_mfcc[9];pcm_fftMag_mfcc[10];pcm_fftMag_mfcc[11];pcm_fftMag_mfcc[12];pcm_fftMag_mfcc[13]
0;0.000000;1.468868e-01;1.340537e-01;-1.934794e+00;4.724191e+00;3.502941e-01;5.156160e+00;9.157583e+00;1.015931e+00;3.509034e+00;-3.322264e+00;-2.656536e-01;1.902173e+00;-1.819558e+00;2.023735e+00
1;0.100000;2.379451e+00;-4.424220e+00;1.078643e+00;1.022906e+00;-1.768990e-01;4.314905e+00;8.299532e+00;2.434117e+00;2.071374e+00;-6.006590e-01;-1.282692e-01;2.968425e+00;-9.923915e-01;3.153412e+00
2;0.200000;-1.835356e-01;-2.935546e+00;6.482143e-01;-9.511967e-01;-1.708906e+00;3.103326e+00;5.390562e+00;2.870338e+00;-1.561503e-01;2.047805e-01;1.023319e+00;2.450346e+00;-4.896434e-01;1.593185e+00
3;0.300000;-4.164601e+00;4.558697e+00;1.407629e+00;-2.391147e+00;-2.222829e+00;-2.294374e+00;-4.024805e+00;-1.073115e+00;-2.971693e+00;-1.532186e+00;2.078510e+00;-1.039459e+00;-3.606588e-02;-1.638374e+00
4;0.400000;-1.413253e+00;4.459050e+00;-1.145210e+00;-1.129494e+00;2.239993e+00;-4.393414e+00;-9.719548e+00;-2.480536e+00;-3.534226e-01;6.100157e-01;-8.178821e-01;-2.969929e+00;2.009547e+00;-2.092827e+00
5;0.500000;3.235046e+00;-1.792033e+00;-5.448437e-02;-1.275259e+00;1.518351e+00;-5.886606e+00;-9.103322e+00;-2.766734e+00;-2.099140e+00;4.640313e+00;-1.890022e+00;-3.311556e+00;1.328111e+00;-3.039101e+00
