frameIndex;frameTime;pcm_fftMag_mfcc[0];pcm_fftMag_mfcc[1];pcm_fftMag_mfcc[2];pcm_fftMag_mfcc[3];pcm_fftMag_mfcc[4];pcm_fftMag_mfcc[5];pcm_fftMag_mfcc[6];pcm_fftMag_mfcc[7];pcm_fftMag_mfcc[8];pcm_fftMag_mfcc[9];pcm_fftMag_mfcc[10];pcm_fftMag_mfcc[11];pcm_fftMag_mfcc[12];pcm_fftMag_mfcc[13]
0;0.000000;-9.174514e+00;1.151685e+01;-9.952621e+00;7.923380e+00;2.127677e+00;8.675604e-01;5.700339e+00;-3.555996e+00;2.752409e+00;1.776000e+00;-1.176879e+00;7.006941e+00;2.639113e+00;-6.795609e+00
1;0.100000;-1.027346e+00;2.667585e+00;4.423361e+00;1.291027e+00;-4.116656e+00;3.019279e+00;-4.192947e+00;2.617183e-01;-7.408628e-01;-3.691757e+00;5.999377e+00;2.388872e+00;2.173018e-01;-3.478416e+00
2;0.200000;2.382302e+00;-1.804572e+00;9.671807e+00;-1.485637e+00;-4.016300e+00;1.038762e+00;-4.620650e+00;6.778038e-01;-1.839447e+00;-4.176535e+00;5.945971e+00;-1.966152e-01;-4.398823e-02;5.603485e-01
3;0.300000;1.890656e+00;-1.309985e+00;8.168011e+00;-5.384817e-01;-2.924484e+00;-1.363729e+00;-1.396871e+00;-1.108472e+00;-3.015199e+00;-3.139793e+00;3.903137e+00;-5.245419e-01;-1.167138e+00;2.259224e+00
4;0.400000;2.495605e+00;-3.008409e+00;-8.584104e-01;-7.331824e-01;2.186970e+00;-2.172877e+00;2.381453e+00;-4.183683e-01;-8.636718e-01;2.044885e+00;-2.623540e+00;-3.012295e+00;-1.433733e+00;2.409462e+00
5;0.500000;3.433306e+00;-8.061472e+00;-1.145215e+01;-6.457104e+00;6.742797e+00;-1.388993e+00;2.128673e+00;4.143314e+00;3.706773e+00;7.187201e+00;-1.204807e+01;-5.662359e+00;-2.115545e-01;5.044975e+00
