frameIndex;frameTime;pcm_fftMag_mfcc[0];pcm_fftMag_mfcc[1];pcm_fftMag_mfcc[2];pcm_fftMag_mfcc[3];pcm_fftMag_mfcc[4];pcm_fftMag_mfcc[5];pcm_fftMag_mfcc[6];pcm_fftMag_mfcc[7];pcm_fftMag_mfcc[8];pcm_fftMag_mfcc[9];pcm_fftMag_mfcc[10];pcm_fftMag_mfcc[11];pcm_fftMag_mfcc[12];pcm_fftMag_mfcc[13]
0;0.000000;-6.060486e-01;3.214434e-01;-4.942598e-01;-2.914694e+00;-1.898255e-01;3.303061e+00;2.189340e+00;-5.348729e+00;-8.918506e+00;1.662245e+00;5.097985e+00;2.769953e+00;-3.623469e-01;6.024323e-01
1;0.100000;-4.811606e+00;2.000382e+00;4.335126e+00;6.372313e-01;8.234692e-02;-7.068405e-01;1.621186e+00;-5.995708e+00;-9.301599e+00;-1.502674e+00;3.668578e+00;3.556007e+00;1.125149e+00;1.772163e+00
2;0.200000;-5.022792e+00;4.090379e+00;5.896586e+00;2.852984e+00;-1.962692e+00;-6.125675e+00;-1.385317e-01;-2.100020e+00;-4.511190e+00;-3.570156e+00;-8.174205e-01;3.449879e-01;-1.606340e+00;7.654800e-01
3;0.300000;-3.501062e-01;2.174929e+00;-2.267992e+00;1.105994e+00;-1.020511e+00;-4.880121e+00;-1.476392e+00;3.265601e+00;5.836082e+00;-3.536180e+00;-4.519340e+00;-1.285789e+00;-1.956280e+00;2.005768e-02
4;0.400000;3.399203e+00;-2.009800e+00;-5.042346e+00;-1.002056e+00;8.057079e-01;2.469635e-02;-2.315049e+00;4.860647e+00;1.020151e+01;5.299263e-01;-2.216976e+00;-1.746583e+00;5.912251e-01;-1.032379e+00
5;0.500000;7.391349e+00;-6.577333e+00;-2.427112e+00;-6.794596e-01;2.284975e+00;8.384873e+00;1.194468e-01;5.318213e+00;6.693700e+00;6.416838e+00;-1.212827e+00;-3.638577e+00;2.208590e+00;-2.127731e+00
