frameIndex;frameTime;pcm_fftMag_mfcc[0];pcm_fftMag_mfcc[1];pcm_fftMag_mfcc[2];pcm_fftMag_mfcc[3];pcm_fftMag_mfcc[4];pcm_fftMag_mfcc[5];pcm_fftMag_mfcc[6];pcm_fftMag_mfcc[7];pcm_fftMag_mfcc[8];pcm_fftMag_mfcc[9];pcm_fftMag_mfcc[10];pcm_fftMag_mfcc[11];pcm_fftMag_mfcc[12];pcm_fftMag_mfcc[13]
0;0.000000;3.907989e+00;-5.410141e+00;1.149797e+01;-4.295214e+00;1.516619e-01;-2.042877e+00;-5.637563e+00;-5.603187e+00;-4.459079e+00;-4.873695e-01;-4.360679e+00;1.236105e-01;1.944742e-01;-2.071800e+00
1;0.100000;4.232116e+00;-4.633924e+00;4.481565e+00;2.207797e+00;-5.312552e-01;-3.809948e-01;-1.294446e+00;-5.481586e-01;2.544613e-01;-2.381754e-01;1.362512e-01;-2.365953e+00;-6.382999e-01;6.878052e-01
2;0.200000;7.078037e-01;-2.300828e+00;-1.887722e+00;3.735544e+00;-7.163334e-01;1.191635e+00;5.067697e-01;2.201392e+00;3.455307e+00;7.781155e-01;1.137763e+00;-1.961630e+00;2.662697e-01;3.047287e+00
3;0.300000;-3.402958e+00;8.815060e-01;-5.642125e+00;2.459061e+00;1.119752e+00;1.618924e-01;1.753342e+00;2.711718e+00;3.484933e+00;4.635994e-01;-7.984693e-01;-1.284105e+00;2.218852e-01;2.451424e+00
4;0.400000;-4.399743e+00;5.344309e+00;-5.997952e+00;9.390173e-01;1.703414e+00;-3.853254e-01;3.720786e+00;1.950392e+00;2.418578e-01;-4.344225e-02;-1.615512e-01;1.492483e+00;8.323567e-01;-6.679840e-01
5;0.500000;-1.045211e+00;6.119080e+00;-2.451735e+00;-5.046206e+00;-1.727241e+00;1.455669e+00;9.511113e-01;-7.121572e-01;-2.977481e+00;-4.727292e-01;4.046685e+00;3.995597e+00;-8.766866e-01;-3.446724e+00
