frameIndex;frameTime;pcm_fftMag_mfcc[0];pcm_fftMag_mfcc[1];pcm_fftMag_mfcc[2];pcm_fftMag_mfcc[3];pcm_fftMag_mfcc[4];pcm_fftMag_mfcc[5];pcm_fftMag_mfcc[6];pcm_fftMag_mfcc[7];pcm_fftMag_mfcc[8];pcm_fftMag_mfcc[9];pcm_fftMag_mfcc[10];pcm_fftMag_mfcc[11];pcm_fftMag_mfcc[12];pcm_fftMag_mfcc[13]
0;0.000000;5.796814e+00;5.276192e+00;-2.254546e+00;5.457100e+00;-5.960920e+00;-1.492111e+00;-4.918136e+00;-2.142347e+00;1.448621e+01;9.355959e+00;4.864502e+00;5.542778e+00;-4.115447e+00;-5.573112e+00
1;0.100000;7.185278e+00;1.811085e-01;2.944833e+00;-2.264982e+00;5.213934e+00;1.301725e+00;-6.837976e+00;-3.190012e+00;7.132887e+00;4.763873e+00;1.628786e+00;5.037029e+00;5.389464e+00;-2.885574e+00
2;0.200000;8.377018e-01;1.161472e+00;-7.979870e-02;-4.428793e+00;4.065845e+00;2.360992e+00;-5.020932e+00;-6.895653e+00;-3.418262e+00;-1.191257e+00;-2.426463e+00;1.851951e+00;6.062670e+00;2.535934e-01
3;0.300000;-4.795576e+00;-1.719667e+00;-1.407802e+00;-3.065191e+00;1.100027e+00;1.506233e-02;9.430902e-01;-2.013117e+00;-7.248970e+00;-3.374949e+00;-1.242394e+00;-2.029475e+00;2.301623e+00;3.042816e+00
4;0.400000;-6.308947e+00;-2.347951e+00;5.112592e-01;-3.057079e-01;-9.647083e-01;-1.997395e-01;5.890779e+00;2.689068e+00;-6.945898e+00;-4.287367e+00;-2.659573e+00;-7.555041e+00;-4.873984e+00;3.204796e+00
5;0.500000;-2.715261e+00;-2.551144e+00;2.860544e-01;4.607573e+00;-3.454185e+00;-1.985928e+00;9.943172e+00;1.155206e+01;-4.005966e+00;-5.266259e+00;-1.648531e-01;-2.847241e+00;-4.764326e+00;1.957481e+00
