frameIndex;frameTime;pcm_fftMag_mfcc[0];pcm_fftMag_mfcc[1];pcm_fftMag_mfcc[2];pcm_fftMag_mfcc[3];pcm_fftMag_mfcc[4];pcm_fftMag_mfcc[5];pcm_fftMag_mfcc[6];pcm_fftMag_mfcc[7];pcm_fftMag_mfcc[8];pcm_fftMag_mfcc[9];pcm_fftMag_mfcc[10];pcm_fftMag_mfcc[11];pcm_fftMag_mfcc[12];pcm_fftMag_mfcc[13]
0;0.000000;-2.763281e-01;1.150892e-01;-1.788444e+00;-3.554040e+00;7.101813e+00;-5.628014e-02;-5.354893e+00;-4.731999e+00;1.930320e+00;-6.474226e-01;-2.464555e+00;1.704982e+00;2.327130e+00;-8.998108e-02
1;0.100000;-1.074436e+00;1.754408e+00;-1.189761e+00;9.601312e-01;1.143374e+01;5.863758e+00;-2.885908e+00;-2.822541e+00;5.172408e+00;-8.170412e-01;-1.259662e+00;2.034214e+00;1.849094e+00;-3.697495e+00
2;0.200000;-1.617958e+00;3.349042e+00;-2.889569e+00;5.311713e+00;6.023915e+00;9.058517e+00;5.548407e+00;3.618313e+00;1.791029e+00;3.000383e+00;4.518366e-02;4.293406e+00;7.337803e-01;-5.650047e+00
3;0.300000;-1.156848e+00;7.389901e-01;-2.212487e-01;2.944847e+00;-5.412469e+00;-1.739578e+00;4.944570e+00;4.481542e+00;-2.773334e+00;1.105807e+00;7.801344e-01;-1.911948e-01;-9.281310e-01;4.222336e-01
4;0.400000;6.080427e-01;-2.736326e+00;2.128629e+00;-1.124223e+00;-9.007806e+00;-5.506052e+00;6.080189e-01;1.435872e+00;-3.154058e+00;-5.456383e-01;1.293751e+00;-1.906814e+00;-1.312260e+00;4.095909e+00
5;0.500000;3.517526e+00;-3.221203e+00;3.960393e+00;-4.538427e+00;-1.013920e+01;-7.620361e+00;-2.860197e+00;-1.981186e+00;-2.966361e+00;-2.096088e+00;1.605148e+00;-5.934593e+00;-2.669613e+00;4.919380e+00
