frameIndex;frameTime;pcm_fftMag_mfcc[0];pcm_fftMag_mfcc[1];pcm_fftMag_mfcc[2];pcm_fftMag_mfcc[3];pcm_fftMag_mfcc[4];pcm_fftMag_mfcc[5];pcm_fftMag_mfcc[6];pcm_fftMag_mfcc[7];pcm_fftMag_mfcc[8];pcm_fftMag_mfcc[9];pcm_fftMag_mfcc[10];pcm_fftMag_mfcc[11];pcm_fftMag_mfcc[12];pcm_fftMag_mfcc[13]
0;0.000000;4.864535e+00;6.676223e-01;1.859821e+00;-3.710945e+00;-3.101858e+00;5.509542e+00;-2.182981e+00;4.786491e-01;-4.451196e+00;3.867743e+00;1.894451e+00;1.690720e+00;5.741715e-02;-8.361961e+00
1;0.100000;4.600561e+00;-4.689508e+00;-3.202381e-01;-4.084430e+00;-8.406301e+00;9.652197e+00;-5.585926e+00;-5.938702e-01;-5.222254e+00;-1.057760e+00;4.458361e+00;-2.346722e+00;1.222231e-01;-1.967934e+00
2;0.200000;2.141093e+00;-4.329788e+00;-1.399558e+00;-3.300204e+00;-4.050081e+00;4.119800e+00;-1.405052e+00;-1.649392e+00;-1.922426e+00;-2.483811e-01;4.391900e+00;-1.669949e+00;-5.702729e-01;3.120155e+00
3;0.300000;-1.250299e+00;-9.386902e-01;-2.094587e+00;-7.697821e-01;1.179438e+00;-9.320426e-01;4.060654e+00;-1.804909e+00;1.533255e+00;1.381638e+00;3.003685e+00;6.676941e-01;-2.628446e-01;4.421417e+00
4;0.400000;-4.724299e+00;3.740519e+00;-6.701498e-01;4.878682e+00;6.772242e+00;-5.995670e+00;5.734351e+00;1.056486e+00;4.604257e+00;6.412687e-01;-2.556036e+00;1.881991e+00;5.590343e-01;2.468727e+00
5;0.500000;-5.631591e+00;5.549847e+00;2.624712e+00;6.986677e+00;7.606559e+00;-1.235383e+01;-6.210442e-01;2.513040e+00;5.458360e+00;-4.584507e+00;-1.119236e+01;-2.237358e-01;9.444261e-02;3.196030e-01
