frameIndex;frameTime;pcm_fftMag_mfcc[0];pcm_fftMag_mfcc[1];pcm_fftMag_mfcc[2];pcm_fftMag_mfcc[3];pcm_fftMag_mfcc[4];pcm_fftMag_mfcc[5];pcm_fftMag_mfcc[6];pcm_fftMag_mfcc[7];pcm_fftMag_mfcc[8];pcm_fftMag_mfcc[9];pcm_fftMag_mfcc[10];pcm_fftMag_mfcc[11];pcm_fftMag_mfcc[12];pcm_fftMag_mfcc[13]
0;0.000000;-1.013362e+01;8.096043e+00;-1.344656e+00;4.406203e+00;-1.054136e+01;-3.910991e+00;4.270309e+00;-1.612996e+00;-1.731624e+00;-3.674405e+00;-1.015470e+00;-2.430931e+00;-3.541090e-01;1.984482e-01
1;0.100000;-7.382554e+00;5.077804e+00;-3.375120e+00;5.959688e-01;-1.223659e+01;-4.925658e+00;6.508052e-02;1.980944e-01;1.182960e+00;-4.077379e+00;-1.359769e+00;-1.977469e+00;1.724107e+00;1.984726e+00
2;0.200000;-3.944016e-02;9.343846e-01;-1.251285e+00;1.462559e+00;-4.233662e+00;2.337295e+00;-2.043161e+00;4.338346e-01;1.442089e+00;-3.177555e-01;2.567402e+00;-7.213898e-01;2.013116e+00;2.865952e+00
3;0.300000;5.629958e+00;-4.741528e+00;3.098490e+00;-1.641456e+00;4.679574e+00;3.614616e+00;-8.340198e-01;1.431288e+00;-1.669755e+00;2.892943e+00;2.821066e+00;1.810099e+00;-2.049468e-01;1.651154e+00
4;0.400000;6.162263e+00;-4.601855e+00;2.296456e+00;-1.517538e+00;8.278959e+00;4.442838e+00;-7.920085e-01;1.710494e+00;-1.648624e+00;2.001225e+00;1.982700e+00;1.370464e+00;-1.816624e+00;-9.531937e-01
5;0.500000;5.763397e+00;-4.764847e+00;5.761156e-01;-3.305737e+00;1.405308e+01;-1.558099e+00;-6.662003e-01;-2.160715e+00;2.424952e+00;3.175374e+00;-4.995929e+00;1.949226e+00;-1.361543e+00;-5.747055e+00
