frameIndex;frameTime;pcm_fftMag_mfcc[0];pcm_fftMag_mfcc[1];pcm_fftMag_mfcc[2];pcm_fftMag_mfcc[3];pcm_fftMag_mfcc[4];pcm_fftMag_mfcc[5];pcm_fftMag_mfcc[6];pcm_fftMag_mfcc[7];pcm_fftMag_mfcc[8];pcm_fftMag_mfcc[9];pcm_fftMag_mfcc[10];pcm_fftMag_mfcc[11];pcm_fftMag_mfcc[12];pcm_fftMag_mfcc[13]
0;0.000000;-4.737726e+00;4.469062e+00;7.457921e+00;1.408834e+00;-3.329338e+00;-3.137502e+00;-1.131588e+01;-9.845243e+00;-2.597273e+00;4.834461e+00;-2.681641e+00;1.193748e+00;3.656334e+00;-6.429955e+00
1;0.100000;-5.468035e+00;4.742920e+00;-2.830143e+00;3.837006e+00;-5.633011e-01;3.354295e-01;-1.832561e+00;-2.790537e+00;-8.590093e-01;2.405162e-01;-3.122334e+00;-1.309093e+00;-6.981153e-01;-4.920441e+00
2;0.200000;-1.201717e+00;7.178249e-01;-7.338202e+00;1.538551e+00;-1.412693e+00;1.469614e+00;2.649680e+00;4.583481e+00;-4.870801e-01;-2.650802e+00;9.393923e-01;-5.953879e-01;-1.692025e+00;2.479019e-01
3;0.300000;1.988371e+00;-4.368463e+00;-4.751646e+00;-2.243893e+00;-3.770741e+00;2.294596e+00;1.613755e+00;4.943537e+00;-4.705553e-01;-2.565646e+00;1.951254e+00;-9.930010e-01;-7.365344e-01;3.276665e+00
4;0.400000;4.416740e+00;-4.479045e+00;1.686298e+00;-3.866565e+00;1.387527e+00;7.120146e-01;6.088788e+00;3.713845e+00;1.845072e+00;-9.079275e-01;1.672556e+00;4.631133e-01;-7.391412e-01;3.592667e+00
5;0.500000;5.002360e+00;-1.082303e+00;5.775776e+00;-6.739316e-01;7.688548e+00;-1.674152e+00;2.796217e+00;-6.050816e-01;2.568845e+00;1.049396e+00;1.240775e+00;1.240621e+00;2.094829e-01;4.233162e+00
