frameIndex;frameTime;pcm_fftMag_mfcc[0];pcm_fftMag_mfcc[1];pcm_fftMag_mfcc[2];pcm_fftMag_mfcc[3];pcm_fftMag_mfcc[4];pcm_fftMag_mfcc[5];pcm_fftMag_mfcc[6];pcm_fftMag_mfcc[7];pcm_fftMag_mfcc[8];pcm_fftMag_mfcc[9];pcm_fftMag_mfcc[10];pcm_fftMag_mfcc[11];pcm_fftMag_mfcc[12];pcm_fftMag_mfcc[13]
0;0.000000;2.018356e+00;-6.476192e+00;-3.642343e+00;1.101474e+00;6.009418e+00;-3.966637e+00;3.297595e+00;2.817497e+00;-5.504227e-02;2.490163e+00;-3.605426e+00;8.519316e-01;-1.933532e+00;2.090302e+00
1;0.100000;1.645351e+00;-6.272313e+00;-1.604874e+00;-2.769082e+00;3.560590e+00;-5.877462e+00;-9.074707e-01;1.117186e+00;-3.761616e+00;-2.088623e-01;-4.926723e+00;3.326890e+00;-3.786664e+00;8.315659e-01
2;0.200000;1.366725e+00;-3.059797e+00;8.675923e-01;-2.363441e+00;-6.361933e-01;-6.369591e-02;-2.222538e+00;1.050630e+00;-3.154154e+00;1.579688e+00;-1.861112e+00;1.872637e+00;9.518539e-01;-8.489075e-01
3;0.300000;-1.157303e-01;1.958890e+00;-1.859891e+00;2.615803e+00;-5.424247e+00;5.561981e-01;2.660114e+00;-1.083894e+00;1.674386e+00;2.407075e+00;2.173557e+00;-3.506304e-01;4.139418e+00;-3.936005e-01
4;0.400000;-1.849159e+00;5.279437e+00;-3.751960e-01;3.393178e+00;-4.248755e+00;1.937582e+00;1.345884e+00;-8.206234e-01;4.051406e+00;-1.786734e+00;5.036780e+00;-2.153821e+00;8.602607e-01;-3.218384e-01
5;0.500000;-3.065543e+00;8.569971e+00;6.614712e+00;-1.977929e+00;7.391872e-01;7.414016e+00;-4.173582e+00;-3.080796e+00;1.245022e+00;-4.481330e+00;3.182924e+00;-3.547007e+00;-2.313368e-01;-1.357597e+00
