frameIndex;frameTime;pcm_fftMag_mfcc[0];pcm_fftMag_mfcc[1];pcm_fftMag_mfcc[2];pcm_fftMag_mfcc[3];pcm_fftMag_mfcc[4];pcm_fftMag_mfcc[5];pcm_fftMag_mfcc[6];pcm_fftMag_mfcc[7];pcm_fftMag_mfcc[8];pcm_fftMag_mfcc[9];pcm_fftMag_mfcc[10];pcm_fftMag_mfcc[11];pcm_fftMag_mfcc[12];pcm_fftMag_mfcc[13]
0;0.000000;-1.669390e+00;-1.446369e+00;-1.350758e+00;4.280854e-01;7.472706e-01;-4.654439e+00;2.668627e+00;9.913388e+00;-1.373498e+00;1.884372e+00;4.664481e+00;6.780482e+00;3.497471e+00;-3.186119e+00
1;0.100000;3.773059e+00;-3.635453e+00;-4.307878e+00;-4.898457e+00;4.096386e+00;4.091368e+00;2.779987e+00;5.625977e-01;4.245192e+00;3.305376e+00;-4.410284e+00;6.246414e-01;2.049652e-01;-3.285812e+00
2;0.200000;4.404782e+00;-3.387322e+00;-1.692681e+00;-4.060067e+00;1.449678e+00;5.136388e+00;-2.513885e-01;-7.913311e-01;1.902810e+00;1.585263e+00;-2.280999e+00;-3.259495e+00;2.258143e-01;3.003616e-01
3;0.300000;1.430751e+00;-4.844532e-01;2.307497e+00;-2.126474e+00;-2.174507e+00;2.935982e+00;-2.082657e+00;-2.248886e+00;-1.377224e+00;-1.546363e+00;1.025651e+00;-3.579739e+00;-8.529534e-01;2.069382e+00
4;0.400000;-2.823021e+00;2.857958e+00;4.427185e+00;2.850745e+00;-3.657499e+00;-1.690008e+00;-2.766563e+00;-3.182418e+00;-3.230420e+00;-3.408898e+00;1.691881e+00;-9.020710e-01;-1.317047e+00;2.185600e+00
5;0.500000;-5.116182e+00;6.095634e+00;6.166346e-01;7.806169e+00;-4.613323e-01;-5.819290e+00;-3.480186e-01;-4.253351e+00;-1.668634e-01;-1.819750e+00;-6.907287e-01;3.361778e-01;-1.758250e+00;1.916573e+00
