frameIndex;frameTime;pcm_fftMag_mfcc[0];pcm_fftMag_mfcc[1];pcm_fftMag_mfcc[2];pcm_fftMag_mfcc[3];pcm_fftMag_mfcc[4];pcm_fftMag_mfcc[5];pcm_fftMag_mfcc[6];pcm_fftMag_mfcc[7];pcm_fftMag_mfcc[8];pcm_fftMag_mfcc[9];pcm_fftMag_mfcc[10];pcm_fftMag_mfcc[11];pcm_fftMag_mfcc[12];pcm_fftMag_mfcc[13]
0;0.000000;2.394671e+00;5.586652e+00;-3.389812e+00;5.331078e-01;6.042609e+00;-3.787186e+00;-9.744968e-01;-1.488810e+00;5.104847e-01;-4.285923e+00;4.765959e+00;-3.240434e+00;4.073420e+00;-2.865334e+00
1;0.100000;2.040077e+00;-1.518518e+00;-6.045905e+00;3.418510e+00;5.463595e-01;1.816131e+00;2.932819e+00;-6.509533e-01;6.278610e-02;-2.644610e+00;1.835171e+00;-3.137423e+00;3.796287e+00;3.581314e-01
2;0.200000;-3.682528e-01;-5.621736e+00;-3.805565e+00;1.225872e-01;4.386601e-01;1.386840e+00;5.695878e+00;1.749531e+00;-9.838161e-01;1.274687e+00;-1.801273e+00;-2.990834e+00;1.030666e+00;1.730446e+00
3;0.300000;-7.535439e-01;-5.034446e+00;8.509865e-01;-9.162903e-02;1.718640e-01;-1.262972e+00;4.824333e+00;2.162932e+00;-1.462212e+00;2.976656e+00;-2.988041e+00;-7.797731e-01;-6.081038e-01;7.957077e-01
4;0.400000;-9.155178e-01;1.732921e+00;6.534523e+00;8.840504e-01;-1.621310e+00;-5.126691e-01;-3.072630e+00;1.777477e+00;1.038094e+00;1.678425e+00;-2.332096e+00;3.971754e+00;-3.475565e+00;1.216354e-01
5;0.500000;-2.397429e+00;4.855124e+00;5.855777e+00;-4.866623e+00;-5.578184e+00;2.359855e+00;-9.405916e+00;-3.550175e+00;8.346691e-01;1.000765e+00;5.202761e-01;6.176711e+00;-4.816705e+00;-1.405258e-01
