frameIndex;frameTime;pcm_fftMag_mfcc[0];pcm_fftMag_mfcc[1];pcm_fftMag_mfcc[2];pcm_fftMag_mfcc[3];pcm_fftMag_mfcc[4];pcm_fftMag_mfcc[5];pcm_fftMag_mfcc[6];pcm_fftMag_mfcc[7];pcm_fftMag_mfcc[8];pcm_fftMag_mfcc[9];pcm_fftMag_mfcc[10];pcm_fftMag_mfcc[11];pcm_fftMag_mfcc[12];pcm_fftMag_mfcc[13]
0;0.000000;-2.189159e-02;3.364599e+00;-4.901396e+00;-7.027460e-01;-1.028768e+01;-2.695965e+00;-4.887495e+00;5.337739e+00;-2.508087e+00;2.640294e+00;2.377826e+00;2.351343e+00;5.419543e-01;2.585320e+00
1;0.100000;1.494739e+00;1.386468e+00;-1.269981e+00;-2.738001e+00;-8.729782e+00;-2.785782e+00;-5.412991e+00;4.660733e+00;-4.650814e+00;1.117094e+00;1.461102e+00;1.606512e+00;-3.568391e-01;2.613640e+00
2;0.200000;1.494859e+00;1.856549e+00;2.395200e+00;-3.525003e+00;-4.357128e+00;-8.829422e-01;-5.253271e+00;3.189999e+00;-4.266300e+00;-5.217204e-01;1.172406e+00;4.559326e-01;-2.694046e+00;-3.647995e-01
3;0.300000;-1.695919e-01;1.673611e+00;3.510126e+00;1.262410e+00;3.285098e+00;3.048372e+00;-1.503668e+00;-2.115676e+00;-3.404636e-01;-1.302259e+00;-2.318277e+00;-1.791613e+00;-2.505821e+00;-3.297722e+00
4;0.400000;-1.963351e+00;-3.969753e+00;8.256938e-01;3.952304e+00;1.053091e+01;2.634117e+00;9.114173e+00;-5.131472e+00;6.543611e+00;-1.640348e-01;-9.596438e-01;-1.146664e+00;2.047962e+00;-1.427872e+00
5;0.500000;-8.347588e-01;-4.311477e+00;-5.596431e-01;1.751036e+00;9.558578e+00;6.822128e-01;7.943248e+00;-5.941324e+00;5.222061e+00;-1.769373e+00;-1.733413e+00;-1.475512e+00;2.966791e+00;-1.085663e-01
