frameIndex;frameTime;pcm_fftMag_mfcc[0];pcm_fftMag_mfcc[1];pcm_fftMag_mfcc[2];pcm_fftMag_mfcc[3];pcm_fftMag_mfcc[4];pcm_fftMag_mfcc[5];pcm_fftMag_mfcc[6];pcm_fftMag_mfcc[7];pcm_fftMag_mfcc[8];pcm_fftMag_mfcc[9];pcm_fftMag_mfcc[10];pcm_fftMag_mfcc[11];pcm_fftMag_mfcc[12];pcm_fftMag_mfcc[13]
0;0.000000;6.384449e-01;6.262469e-01;2.001036e+00;-3.541660e-02;-1.459618e-01;-1.548458e+00;-3.168360e+00;-1.144058e+00;2.343273e-02;-1.712296e+00;-2.508204e+00;-5.798864e-02;-1.434265e+00;-9.715576e-01
1;0.100000;2.408326e+00;-6.803966e-01;2.205563e-01;1.704047e+00;-1.565431e+00;-1.475217e+00;-5.053184e+00;8.818126e-01;1.178651e+00;-1.273984e+00;9.757586e-01;-1.972743e+00;3.104602e+00;3.935547e-01
2;0.200000;-1.993904e-01;2.360507e+00;-1.484077e+00;2.285151e+00;-3.165865e-01;-2.186126e+00;-2.824172e+00;4.914758e-01;1.560399e+00;7.906635e-01;2.913284e-01;2.173781e-02;3.554100e+00;8.615189e-01
3;0.300000;-3.706697e+00;2.613029e+00;2.441768e+00;2.082757e+00;-9.223189e-01;1.455507e+00;3.456541e+00;1.487029e+00;3.469002e-01;4.985514e-01;1.762639e+00;1.803110e+00;-2.480369e-01;-4.660645e-01
4;0.400000;-1.220861e+00;-1.532094e+00;-9.047031e-02;-1.877907e+00;5.172253e-01;2.084893e+00;4.822957e+00;-5.316043e-02;-1.482064e+00;1.270399e-01;2.585249e-01;8.395253e-01;-2.478215e+00;3.580856e-01
5;0.500000;2.080183e+00;-3.387293e+00;-3.088813e+00;-4.158633e+00;2.433075e+00;1.669402e+00;2.766219e+00;-1.663100e+00;-1.627318e+00;1.570026e+00;-7.800493e-01;-6.336412e-01;-2.498186e+00;-1.755219e-01
