frameIndex;frameTime;pcm_fftMag_mfcc[0];pcm_fftMag_mfcc[1];pcm_fftMag_mfcc[2];pcm_fftMag_mfcc[3];pcm_fftMag_mfcc[4];pcm_fftMag_mfcc[5];pcm_fftMag_mfcc[6];pcm_fftMag_mfcc[7];pcm_fftMag_mfcc[8];pcm_fftMag_mfcc[9];pcm_fftMag_mfcc[10];pcm_fftMag_mfcc[11];pcm_fftMag_mfcc[12];pcm_fftMag_mfcc[13]
0;0.000000;-7.958717e-01;1.873364e-01;8.265754e-01;3.225875e+00;2.988926e+00;-4.680018e+00;-1.564156e+00;-3.311343e-01;3.603018e+00;5.416260e+00;2.059709e+00;-3.116541e-01;1.362610e-02;3.088150e-01
1;0.100000;-3.384884e+00;1.482667e+00;5.290164e+00;5.259686e-01;1.147082e+00;-3.766309e+00;-1.987963e+00;-3.421965e-01;-2.622929e-01;5.427422e+00;3.049517e-01;-7.022462e-01;-1.127106e+00;1.148285e+00
2;0.200000;-3.248016e+00;2.899547e-01;5.618375e+00;-1.269197e-01;-7.394381e-01;-3.924601e+00;-3.796806e-01;2.015777e+00;-4.229041e+00;-1.453637e+00;6.487231e-01;2.344944e+00;-1.031610e+00;1.267197e+00
3;0.300000;3.544340e-01;-1.834527e+00;7.984645e-01;-1.094660e+00;-9.026318e-01;-6.226225e-01;7.575912e-01;2.326012e+00;-4.221480e+00;-5.167487e+00;1.723373e+00;2.038144e+00;-2.232422e+00;1.834335e-01
4;0.400000;3.504547e+00;1.876054e-01;-4.563834e+00;-1.052203e+00;-2.653299e+00;7.522229e+00;3.794257e+00;-1.821064e+00;7.373323e-01;-3.061154e+00;7.025418e-01;-6.577444e-02;3.558092e-01;-1.421928e+00
5;0.500000;3.569788e+00;-3.130407e-01;-7.969744e+00;-1.478064e+00;1.593637e-01;5.471319e+00;-6.200447e-01;-1.847394e+00;4.372465e+00;-1.161399e+00;-5.439301e+00;-3.303411e+00;4.021706e+00;-1.485817e+00
