frameIndex;frameTime;pcm_fftMag_mfcc[0];pcm_fftMag_mfcc[1];pcm_fftMag_mfcc[2];pcm_fftMag_mfcc[3];pcm_fftMag_mfcc[4];pcm_fftMag_mfcc[5];pcm_fftMag_mfcc[6];pcm_fftMag_mfcc[7];pcm_fftMag_mfcc[8];pcm_fftMag_mfcc[9];pcm_fftMag_mfcc[10];pcm_fftMag_mfcc[11];pcm_fftMag_mfcc[12];pcm_fftMag_mfcc[13]
0;0.000000;-5.487585e-01;5.891399e+00;-1.372529e+01;-9.276162e+00;2.544468e+00;1.195675e+01;5.095253e+00;-8.164353e+00;-3.507404e-01;4.369127e+00;-7.137005e+00;-5.973139e-01;-4.112327e+00;1.187439e-01
1;0.100000;-4.977040e+00;6.752370e+00;-9.014291e+00;-1.236945e+00;4.093712e-01;-5.860786e-01;7.041738e+00;-2.967052e+00;-6.143796e+00;-2.888396e+00;-4.258893e+00;1.271721e+00;-2.624830e+00;6.575928e-01
2;0.200000;-5.259334e+00;4.027147e+00;8.692970e-01;4.201598e+00;-3.737458e+00;-7.678621e+00;1.778322e+00;2.871192e-01;-2.770902e+00;-5.456756e+00;6.014905e-01;2.235104e+00;4.968090e-01;2.772812e+00
3;0.300000;-1.891830e+00;-8.344860e-01;3.657395e+00;3.737533e+00;-3.555171e+00;-6.605848e+00;-1.838634e+00;8.898258e-01;1.632856e+00;-4.396460e+00;3.217251e+00;-1.989398e-01;1.120752e+00;3.269905e+00
4;0.400000;3.241431e+00;-6.013478e+00;7.031005e+00;2.601362e+00;-3.993422e-01;-2.545452e+00;-4.881846e+00;3.532076e+00;4.885159e+00;-4.823885e-01;5.185677e+00;-2.684520e+00;2.892285e+00;-1.406174e-01
5;0.500000;9.435528e+00;-9.822954e+00;1.118188e+01;-2.738094e-02;4.738132e+00;5.459254e+00;-7.194833e+00;6.422383e+00;2.747418e+00;8.854873e+00;2.391479e+00;-2.605093e-02;2.227310e+00;-6.678452e+00
