frameIndex;frameTime;pcm_fftMag_mfcc[0];pcm_fftMag_mfcc[1];pcm_fftMag_mfcc[2];pcm_fftMag_mfcc[3];pcm_fftMag_mfcc[4];pcm_fftMag_mfcc[5];pcm_fftMag_mfcc[6];pcm_fftMag_mfcc[7];pcm_fftMag_mfcc[8];pcm_fftMag_mfcc[9];pcm_fftMag_mfcc[10];pcm_fftMag_mfcc[11];pcm_fftMag_mfcc[12];pcm_fftMag_mfcc[13]
0;0.000000;2.883739e+00;-2.226282e+00;-6.130443e+00;1.834578e+00;1.302796e+01;1.068999e+01;5.992816e+00;5.872149e-01;-3.283995e+00;-5.291875e+00;-7.043375e+00;-6.015280e+00;3.314008e+00;-4.039124e+00
1;0.100000;-5.002240e+00;2.479011e+00;8.208938e-01;2.510295e+00;7.018372e+00;6.603582e+00;1.959635e+00;2.865338e-01;-4.806948e-01;-5.778280e+00;-1.024443e+00;-1.315501e+00;2.088694e+00;-6.363525e-01
2;0.200000;-4.814883e+00;4.121916e+00;3.179581e+00;-1.958910e+00;-4.951320e+00;-3.104332e+00;-6.482983e-01;1.367172e+00;1.967983e+00;-1.890798e+00;1.023102e+00;3.886852e-01;2.071610e+00;2.634712e+00
3;0.300000;-2.173627e+00;1.522597e+00;1.554038e+00;-2.958094e+00;-7.821633e+00;-5.032835e+00;-8.677197e-01;-4.384327e-02;1.723616e+00;2.690220e+00;4.991922e+00;2.457050e+00;-2.491307e-01;3.306480e+00
4;0.400000;1.889804e+00;-3.035145e+00;2.212572e-01;-6.938524e-01;-5.337850e+00;-4.624020e+00;-1.473980e+00;-1.198385e+00;2.653154e+00;7.973447e+00;6.415007e+00;4.771169e+00;-1.982239e+00;8.055725e-01
5;0.500000;7.217207e+00;-2.862098e+00;3.546724e-01;1.265985e+00;-1.935536e+00;-4.532391e+00;-4.962452e+00;-9.986935e-01;-2.580065e+00;2.297286e+00;-4.362217e+00;-2.861261e-01;-5.242939e+00;-2.071304e+00
