frameIndex;frameTime;pcm_fftMag_mfcc[0];pcm_fftMag_mfcc[1];pcm_fftMag_mfcc[2];pcm_fftMag_mfcc[3];pcm_fftMag_mfcc[4];pcm_fftMag_mfcc[5];pcm_fftMag_mfcc[6];pcm_fftMag_mfcc[7];pcm_fftMag_mfcc[8];pcm_fftMag_mfcc[9];pcm_fftMag_mfcc[10];pcm_fftMag_mfcc[11];pcm_fftMag_mfcc[12];pcm_fftMag_mfcc[13]
0;0.000000;-2.208610e+00;1.738019e+00;6.345468e-01;1.768913e-01;-6.286540e+00;-1.090721e+00;3.706596e+00;3.309303e+00;3.046488e+00;-6.024099e+00;-4.879245e+00;-4.471043e+00;-7.795434e-01;-1.970482e+00
1;0.100000;-2.526906e+00;2.776404e+00;4.890959e+00;-2.415657e+00;-1.951750e+00;7.613277e-02;7.638519e+00;3.039538e+00;3.652091e+00;-4.553613e+00;-9.028131e+00;-3.197898e+00;-1.040249e+00;-1.911072e+00
2;0.200000;-3.518950e+00;-1.965652e-01;-3.578539e-01;-1.696615e+00;1.302185e+00;-3.500058e+00;1.435948e+00;-1.046748e-01;1.167723e+00;-9.262989e-01;-2.931248e+00;-2.415479e+00;-2.971635e+00;6.421051e-01
3;0.300000;-1.445920e+00;-2.736788e+00;-2.569068e+00;-8.209186e-01;1.330270e+00;-2.923236e+00;-4.108236e+00;-3.555196e+00;-1.116181e+00;1.838382e+00;1.982437e+00;6.494117e-02;-3.172272e+00;2.839249e+00
4;0.400000;2.658789e+00;-2.160098e+00;-1.777551e+00;2.076218e+00;2.156255e+00;1.093017e+00;-4.632428e+00;-2.439852e+00;-1.800246e+00;5.331307e+00;6.821221e+00;3.937893e+00;1.511614e+00;2.179863e+00
5;0.500000;7.041600e+00;5.790272e-01;-8.210344e-01;2.680083e+00;3.449585e+00;6.344864e+00;-4.040398e+00;-2.491202e-01;-4.949873e+00;4.334323e+00;8.034966e+00;6.081585e+00;6.452089e+00;-1.779655e+00
