frameIndex;frameTime;pcm_fftMag_mfcc[0];pcm_fftMag_mfcc[1];pcm_fftMag_mfcc[2];pcm_fftMag_mfcc[3];pcm_fftMag_mfcc[4];pcm_fftMag_mfcc[5];pcm_fftMag_mfcc[6];pcm_fftMag_mfcc[7];pcm_fftMag_mfcc[8];pcm_fftMag_mfcc[9];pcm_fftMag_mfcc[10];pcm_fftMag_mfcc[11];pcm_fftMag_mfcc[12];pcm_fftMag_mfcc[13]
0;0.000000;5.199898e+00;1.469135e-01;3.702671e+00;1.048900e+01;6.245804e+00;7.993701e+00;6.758464e+00;3.939644e+00;7.565358e+00;3.655130e+00;-1.901000e+00;-1.596212e+00;-5.741267e-01;1.836746e+00
1;0.100000;1.717444e+00;3.319534e+00;-2.475548e-02;1.026538e+01;7.301814e+00;5.971691e+00;6.911508e+00;4.314371e+00;6.554948e+00;3.994544e+00;-3.468375e+00;-9.312868e-01;-1.069060e+00;3.895546e+00
2;0.200000;-1.882848e+00;5.670166e+00;-1.595016e+00;6.615157e+00;5.847063e+00;1.479684e+00;3.933768e+00;4.144369e+00;4.119292e+00;3.437172e+00;-1.533112e+00;5.933189e-01;-7.711854e-01;1.770996e+00
3;0.300000;-4.437800e+00;4.539433e+00;-4.954121e+00;-5.248535e+00;-7.301061e+00;-9.010952e+00;-5.481533e+00;-4.513229e+00;-6.175060e+00;-2.894940e+00;-7.563047e-01;2.869321e+00;1.900182e-01;-3.348465e+00
4;0.400000;-4.498520e-01;-3.993607e+00;1.701428e+00;-8.740960e+00;-7.997394e+00;-3.905590e+00;-7.835805e+00;-3.542490e+00;-5.377499e+00;-3.166729e+00;3.731969e+00;-8.869696e-01;1.881995e-01;-3.798920e+00
5;0.500000;-1.468401e-01;-9.682441e+00;1.169797e+00;-1.338004e+01;-4.096227e+00;-2.528535e+00;-4.286400e+00;-4.342665e+00;-6.687038e+00;-5.025177e+00;3.926822e+00;-4.817104e-02;2.036155e+00;-3.558807e-01
