frameIndex;frameTime;pcm_fftMag_mfcc[0];pcm_fftMag_mfcc[1];pcm_fftMag_mfcc[2];pcm_fftMag_mfcc[3];pcm_fftMag_mfcc[4];pcm_fftMag_mfcc[5];pcm_fftMag_mfcc[6];pcm_fftMag_mfcc[7];pcm_fftMag_mfcc[8];pcm_fftMag_mfcc[9];pcm_fftMag_mfcc[10];pcm_fftMag_mfcc[11];pcm_fftMag_mfcc[12];pcm_fftMag_mfcc[13]
0;0.000000;1.568336e+00;-2.153615e+00;-3.759478e+00;-7.433537e+00;-3.404336e+00;6.995692e+00;1.550008e+00;-4.237172e+00;-1.408538e+00;3.417854e+00;2.708459e+00;-4.870432e+00;4.002345e+00;7.833717e+00
1;0.100000;4.971726e+00;3.028342e+00;-4.252174e+00;-9.704212e+00;-4.819694e+00;5.501400e+00;4.803830e+00;-5.405221e+00;5.483188e+00;-2.131634e+00;-1.839690e+00;1.545224e+00;3.914841e+00;2.946060e+00
2;0.200000;5.325268e+00;4.778426e+00;-4.416707e+00;-5.985048e+00;-3.057374e+00;1.811851e+00;5.371439e+00;-8.183317e-01;5.758013e+00;-4.843178e-01;-5.616961e+00;3.371966e+00;2.225549e+00;-2.985497e+00
3;0.300000;-5.123830e-01;1.135175e+00;-9.307003e-01;7.062992e+00;4.075575e+00;-4.252362e-01;5.166878e+00;9.996407e+00;3.235648e+00;2.166608e+00;5.497837e-02;3.461289e+00;1.003710e+00;-6.630127e+00
4;0.400000;-6.102005e+00;-1.638176e+00;8.822945e+00;9.884385e+00;2.456969e+00;-6.889463e+00;-6.916316e+00;2.446633e+00;-6.636473e+00;-4.249136e+00;1.785073e+00;-2.803864e-01;-5.727715e+00;-3.745850e+00
5;0.500000;-5.250943e+00;-5.150151e+00;4.536116e+00;6.175412e+00;4.748864e+00;-6.994240e+00;-9.975842e+00;-1.982318e+00;-6.431841e+00;1.280618e+00;2.908140e+00;-3.227663e+00;-5.418734e+00;2.581772e+00
