frameIndex;frameTime;pcm_fftMag_mfcc[0];pcm_fftMag_mfcc[1];pcm_fftMag_mfcc[2];pcm_fftMag_mfcc[3];pcm_fftMag_mfcc[4];pcm_fftMag_mfcc[5];pcm_fftMag_mfcc[6];pcm_fftMag_mfcc[7];pcm_fftMag_mfcc[8];pcm_fftMag_mfcc[9];pcm_fftMag_mfcc[10];pcm_fftMag_mfcc[11];pcm_fftMag_mfcc[12];pcm_fftMag_mfcc[13]
0;0.000000;2.363596e+00;8.507978e-01;-1.396993e+00;-3.182018e+00;-3.892184e+00;-2.857652e+00;-4.818375e+00;-6.324818e+00;-6.014668e+00;-1.054260e+00;1.827126e-01;-8.115852e-01;-2.098150e-01;2.832787e+00
1;0.100000;-2.363596e+00;-8.507979e-01;1.396993e+00;3.182016e+00;3.892183e+00;2.857652e+00;4.818374e+00;6.324818e+00;6.014668e+00;1.054259e+00;-1.827123e-01;8.115852e-01;2.098150e-01;-2.832787e+00
