frameIndex;frameTime;pcm_fftMag_mfcc[0];pcm_fftMag_mfcc[1];pcm_fftMag_mfcc[2];pcm_fftMag_mfcc[3];pcm_fftMag_mfcc[4];pcm_fftMag_mfcc[5];pcm_fftMag_mfcc[6];pcm_fftMag_mfcc[7];pcm_fftMag_mfcc[8];pcm_fftMag_mfcc[9];pcm_fftMag_mfcc[10];pcm_fftMag_mfcc[11];pcm_fftMag_mfcc[12];pcm_fftMag_mfcc[13]
0;0.000000;2.289711e+00;-4.331645e+00;2.415891e+00;-6.911100e+00;6.487578e+00;5.035480e+00;2.085152e+00;2.249751e+00;-9.580946e-02;7.717629e+00;-2.165537e-01;-4.107861e+00;1.805138e+00;-1.281609e+00
1;0.100000;3.657608e+00;-2.016240e+00;5.963268e-01;7.762604e-01;4.726238e-01;2.048757e+00;2.410158e+00;-4.683480e-01;-1.565552e+00;-1.072005e+00;8.478165e-03;3.323944e+00;1.865234e+00;-1.123253e+00
2;0.200000;-6.259103e-01;5.744333e-01;-1.498030e+00;5.103596e+00;-2.061255e+00;-4.031131e+00;-8.018570e-01;-3.912255e+00;3.992341e-01;-2.924865e+00;4.526691e-01;3.603007e+00;9.905910e-02;1.866882e+00
3;0.300000;-3.597796e+00;2.047035e+00;-1.073028e+00;3.534452e+00;-1.994515e+00;-7.030460e+00;-3.272936e+00;-1.232291e+00;1.421585e+00;-1.332088e+00;-1.771421e-01;-2.123170e-01;-2.938042e-01;2.086426e+00
4;0.400000;-2.961284e+00;1.901940e+00;-1.132225e+00;3.777905e-01;-6.061707e-01;-2.566397e+00;-1.474665e+00;1.961949e+00;1.481373e+00;-1.563520e+00;-2.649546e-01;-2.028082e+00;-1.989502e+00;4.254074e-01
5;0.500000;1.237674e+00;1.824477e+00;6.910667e-01;-2.881016e+00;-2.298259e+00;6.543752e+00;1.054140e+00;1.401194e+00;-1.640829e+00;-8.251510e-01;1.975002e-01;-5.786905e-01;-1.486127e+00;-1.973846e+00
