frameIndex;frameTime;pcm_fftMag_mfcc[0];pcm_fftMag_mfcc[1];pcm_fftMag_mfcc[2];pcm_fftMag_mfcc[3];pcm_fftMag_mfcc[4];pcm_fftMag_mfcc[5];pcm_fftMag_mfcc[6];pcm_fftMag_mfcc[7];pcm_fftMag_mfcc[8];pcm_fftMag_mfcc[9];pcm_fftMag_mfcc[10];pcm_fftMag_mfcc[11];pcm_fftMag_mfcc[12];pcm_fftMag_mfcc[13]
0;0.000000;-2.978325e-03;-3.515672e+00;-2.616104e+00;-5.930529e-01;-2.755751e+00;-1.469498e-01;-2.035871e-01;-2.420015e+00;1.659212e-01;-7.807841e-01;-3.245699e+00;-1.587366e+00;-1.918797e+00;2.573746e+00
1;0.100000;-1.286438e+00;-3.499572e+00;-1.532447e+00;5.247040e-01;-2.203999e-01;1.427402e+00;3.983752e+00;2.058194e+00;1.537271e+00;-2.487290e+00;-2.494665e+00;-4.539244e-01;-1.859786e+00;2.294205e+00
2;0.200000;-1.744264e+00;2.727077e-01;-4.024789e-01;7.981195e-01;8.773594e-01;-8.735600e-01;1.719475e+00;2.101319e+00;2.096329e+00;-1.418397e+00;7.297677e-01;-6.348050e-02;-3.929310e-01;4.611206e-01
3;0.300000;2.047071e-01;3.490784e+00;1.202164e+00;1.469526e-01;1.910650e+00;-2.565717e+00;-1.295131e+00;3.271537e-01;-1.054378e+00;9.681659e-01;3.652120e+00;-1.941557e-01;1.644485e+00;-1.630707e+00
4;0.400000;2.828974e+00;3.251754e+00;3.348865e+00;-8.767233e-01;1.881466e-01;2.158828e+00;-4.204508e+00;-2.066652e+00;-2.745143e+00;3.718303e+00;1.358478e+00;2.298927e+00;2.527029e+00;-3.698341e+00
