frameIndex;frameTime;pcm_fftMag_mfcc[0];pcm_fftMag_mfcc[1];pcm_fftMag_mfcc[2];pcm_fftMag_mfcc[3];pcm_fftMag_mfcc[4];pcm_fftMag_mfcc[5];pcm_fftMag_mfcc[6];pcm_fftMag_mfcc[7];pcm_fftMag_mfcc[8];pcm_fftMag_mfcc[9];pcm_fftMag_mfcc[10];pcm_fftMag_mfcc[11];pcm_fftMag_mfcc[12];pcm_fftMag_mfcc[13]
0;0.000000;-4.735742e-01;2.021666e-01;2.206033e+00;-1.522342e+00;9.256067e-01;1.677557e+00;-2.343941e-02;8.399277e-01;3.513172e+00;7.568835e-01;-1.671586e-01;6.493740e-01;-1.354148e+00;8.208847e-01
1;0.100000;4.735742e-01;-2.021656e-01;-2.206033e+00;1.522341e+00;-9.256067e-01;-1.677557e+00;2.344036e-02;-8.399267e-01;-3.513172e+00;-7.568835e-01;1.671581e-01;-6.493750e-01;1.354148e+00;-8.208847e-01
