frameIndex;frameTime;pcm_fftMag_mfcc[0];pcm_fftMag_mfcc[1];pcm_fftMag_mfcc[2];pcm_fftMag_mfcc[3];pcm_fftMag_mfcc[4];pcm_fftMag_mfcc[5];pcm_fftMag_mfcc[6];pcm_fftMag_mfcc[7];pcm_fftMag_mfcc[8];pcm_fftMag_mfcc[9];pcm_fftMag_mfcc[10];pcm_fftMag_mfcc[11];pcm_fftMag_mfcc[12];pcm_fftMag_mfcc[13]
0;0.000000;3.138083e+00;3.089394e+00;5.150284e+00;-4.743907e+00;8.907642e+00;6.812437e+00;2.101552e+00;7.237442e+00;-2.248726e+00;3.976019e+00;7.161740e+00;6.843852e+00;4.505241e+00;2.009781e+00
1;0.100000;-7.602978e-01;1.766535e+00;2.211828e+00;-5.727704e+00;4.673018e+00;6.113434e-01;-1.852644e+00;2.785866e+00;-2.442404e+00;-9.431112e-01;3.976760e+00;6.334443e+00;1.476711e+00;1.291512e+00
2;0.200000;-2.508902e+00;-6.126404e-02;-2.121645e+00;-4.537261e+00;1.773701e-01;-2.663306e+00;-2.721308e+00;-2.364352e+00;-6.441208e-01;-1.205436e+00;-3.746456e+00;-1.532127e+00;-3.324667e+00;-6.712341e-01
3;0.300000;1.503799e+00;-3.278288e+00;-2.825621e+00;1.990788e+00;-2.181030e+00;-4.485798e-01;2.447402e+00;-2.985055e+00;3.757181e-01;1.870641e+00;-6.065405e+00;-4.896942e+00;-3.461555e+00;-9.956360e-01
4;0.400000;1.886915e+00;-2.987131e+00;-2.720650e+00;6.740439e+00;-5.792098e+00;-1.389429e+00;2.139199e+00;-3.620806e+00;2.650989e+00;-4.396856e-01;-2.260780e+00;-3.899530e+00;-5.046797e-01;-8.459930e-01
5;0.500000;-3.259604e+00;1.470758e+00;3.057995e-01;6.277641e+00;-5.784902e+00;-2.922467e+00;-2.114200e+00;-1.053097e+00;2.308543e+00;-3.258428e+00;9.341409e-01;-2.849699e+00;1.308949e+00;-7.883453e-01
