frameIndex;frameTime;pcm_fftMag_mfcc[0];pcm_fftMag_mfcc[1];pcm_fftMag_mfcc[2];pcm_fftMag_mfcc[3];pcm_fftMag_mfcc[4];pcm_fftMag_mfcc[5];pcm_fftMag_mfcc[6];pcm_fftMag_mfcc[7];pcm_fftMag_mfcc[8];pcm_fftMag_mfcc[9];pcm_fftMag_mfcc[10];pcm_fftMag_mfcc[11];pcm_fftMag_mfcc[12];pcm_fftMag_mfcc[13]
0;0.000000;4.521542e+00;2.904418e+00;5.168282e+00;4.278010e+00;-5.422052e+00;-1.645633e+00;6.491737e-01;3.436738e+00;3.304636e+00;-1.264124e+00;6.185472e+00;1.736294e+00;-1.618421e+00;-6.064850e+00
1;0.100000;3.113867e+00;-1.400173e+00;6.877236e-01;-2.054234e-01;-6.373934e+00;2.375770e+00;-3.140001e+00;2.510662e+00;2.315762e+00;6.033225e-01;4.245355e+00;-1.151587e+00;-1.010418e-01;2.588806e-01
2;0.200000;2.025110e+00;-6.004633e+00;-2.646997e+00;-2.465552e+00;-4.278742e+00;5.758582e+00;-5.946661e+00;2.472616e+00;-1.989352e+00;2.436077e+00;7.597446e-01;-2.504046e+00;2.613877e+00;2.433624e+00
3;0.300000;4.810491e-01;-7.298101e+00;-3.001393e+00;-1.848179e+00;2.526936e+00;6.133679e+00;-8.362503e-01;1.381393e+00;-3.330202e+00;2.295374e+00;-3.917140e+00;-1.205127e+00;1.279715e+00;1.805801e+00
4;0.400000;-3.374486e+00;1.726894e+00;-2.413279e+00;9.748214e-02;8.957675e+00;-2.258642e+00;5.572095e+00;-5.111342e+00;-9.061289e-01;-1.672060e+00;-4.013928e+00;5.749111e-01;-1.440756e-01;1.121696e+00
5;0.500000;-6.767084e+00;1.007159e+01;2.205661e+00;1.436623e-01;4.590111e+00;-1.036376e+01;3.701646e+00;-4.690069e+00;6.052849e-01;-2.398591e+00;-3.259505e+00;2.549554e+00;-2.030053e+00;4.448776e-01
