frameIndex;frameTime;pcm_fftMag_mfcc[0];pcm_fftMag_mfcc[1];pcm_fftMag_mfcc[2];pcm_fftMag_mfcc[3];pcm_fftMag_mfcc[4];pcm_fftMag_mfcc[5];pcm_fftMag_mfcc[6];pcm_fftMag_mfcc[7];pcm_fftMag_mfcc[8];pcm_fftMag_mfcc[9];pcm_fftMag_mfcc[10];pcm_fftMag_mfcc[11];pcm_fftMag_mfcc[12];pcm_fftMag_mfcc[13]
0;0.000000;-3.055344e-01;3.552314e+00;-5.507086e-01;-2.547712e+00;4.916206e+00;-3.992962e+00;-3.188486e+00;-8.963326e+00;6.170611e-01;-7.400475e-01;-2.749976e+00;6.965487e+00;1.029830e+00;-9.305420e-01
1;0.100000;-9.860601e-01;2.527222e+00;-5.982121e-01;-1.961956e+00;4.351887e+00;-3.994566e+00;4.906317e+00;-1.884940e+00;1.181638e+00;1.000900e+00;-2.964650e+00;7.710361e-01;-2.069368e+00;-9.836731e-01
2;0.200000;5.846510e-01;-9.219275e-01;-4.460703e+00;-2.002752e+00;2.640764e+00;-2.505421e+00;2.157965e+00;4.005944e+00;3.224168e+00;3.267667e+00;-6.002054e-01;-7.809601e-01;8.716918e-01;6.635513e-01
3;0.300000;1.868541e+00;-1.610750e+00;-3.666576e+00;-2.994519e-01;3.366871e-01;2.786274e-01;-1.913780e+00;4.312418e+00;2.609264e+00;2.827157e+00;1.493044e-01;-2.751725e+00;2.652323e+00;3.884888e-01
4;0.400000;8.429241e-01;-2.199293e+00;3.322816e+00;3.061420e+00;-5.613659e+00;4.533200e+00;-2.003677e+00;1.997115e+00;-2.183268e+00;-1.396065e+00;1.757783e+00;-3.207202e+00;-9.505276e-01;-7.335510e-01
5;0.500000;-2.004521e+00;-1.347566e+00;5.953384e+00;3.750452e+00;-6.631889e+00;5.681113e+00;4.165649e-02;5.327892e-01;-5.448862e+00;-4.959610e+00;4.407744e+00;-9.966412e-01;-1.533949e+00;1.595772e+00
