frameIndex;frameTime;pcm_fftMag_mfcc[0];pcm_fftMag_mfcc[1];pcm_fftMag_mfcc[2];pcm_fftMag_mfcc[3];pcm_fftMag_mfcc[4];pcm_fftMag_mfcc[5];pcm_fftMag_mfcc[6];pcm_fftMag_mfcc[7];pcm_fftMag_mfcc[8];pcm_fftMag_mfcc[9];pcm_fftMag_mfcc[10];pcm_fftMag_mfcc[11];pcm_fftMag_mfcc[12];pcm_fftMag_mfcc[13]
0;0.000000;-5.189572e+00;1.036564e+00;2.802021e+00;2.281805e+00;9.702759e-01;-1.681824e+00;-2.035956e+00;-2.814490e+00;-5.899506e-01;6.848259e-01;2.800251e+00;3.140104e+00;-2.660241e+00;1.507263e+00
1;0.100000;-4.254201e+00;-1.960993e-01;6.082943e+00;1.021798e+00;-1.954290e+00;-4.508584e+00;-1.921786e+00;1.598847e-02;-2.086022e+00;-2.931445e+00;4.287248e+00;3.357168e+00;-1.773257e+00;2.511467e+00
2;0.200000;-1.314381e+00;-2.972311e+00;3.826181e+00;-3.199549e-01;-8.415127e-01;-3.299284e+00;-2.380426e+00;1.287062e+00;-2.425156e+00;-2.025375e+00;5.018478e+00;2.290529e+00;-1.093597e+00;1.824860e+00
3;0.300000;1.836664e+00;-4.983521e-01;-9.215374e-01;7.136459e-01;6.705685e-01;6.183171e-01;-7.187438e-01;6.327209e-01;-1.016215e+00;5.415291e-01;1.609076e+00;4.027843e-03;-1.161652e+00;-5.682373e-01
4;0.400000;3.767324e+00;2.040161e+00;-5.177288e+00;-1.699679e+00;9.220371e-01;5.921445e+00;4.095093e+00;-1.547530e+00;3.183324e+00;2.694972e+00;-6.186034e+00;-4.153275e+00;2.814867e+00;-3.128304e+00
5;0.500000;5.154164e+00;5.900402e-01;-6.612309e+00;-1.997611e+00;2.329292e-01;2.949930e+00;2.961818e+00;2.426251e+00;2.934017e+00;1.035493e+00;-7.529019e+00;-4.638555e+00;3.873880e+00;-2.147041e+00
