frameIndex;frameTime;pcm_fftMag_mfcc[0];pcm_fftMag_mfcc[1];pcm_fftMag_mfcc[2];pcm_fftMag_mfcc[3];pcm_fftMag_mfcc[4];pcm_fftMag_mfcc[5];pcm_fftMag_mfcc[6];pcm_fftMag_mfcc[7];pcm_fftMag_mfcc[8];pcm_fftMag_mfcc[9];pcm_fftMag_mfcc[10];pcm_fftMag_mfcc[11];pcm_fftMag_mfcc[12];pcm_fftMag_mfcc[13]
0;0.000000;-5.078808e+00;4.142725e+00;-3.379450e+00;-3.214350e-01;-3.576491e+00;2.248676e+00;3.394407e+00;-2.252409e+00;5.408593e+00;1.477528e+00;7.259681e-01;1.961739e+00;-4.249993e+00;4.298264e+00
1;0.100000;-1.465809e+00;4.736223e-01;-1.237886e+00;-4.330248e+00;1.868282e+00;1.660889e+00;2.029615e+00;1.234183e+00;-1.277342e-01;1.866132e+00;3.860116e-01;2.047844e-01;7.461047e-01;1.256615e+00
2;0.200000;1.506318e+00;-3.481750e+00;-8.777447e-01;-2.431057e+00;4.326189e+00;1.366171e+00;4.667768e-01;5.794759e+00;-3.047538e+00;-3.922958e-01;-7.338779e-01;-4.265516e+00;2.560934e+00;1.011574e+00
3;0.300000;2.331506e+00;-4.213453e+00;-1.079369e+00;-1.564857e+00;2.100151e+00;7.937212e-01;-5.219049e-01;4.240917e+00;-2.196968e+00;-8.495617e-01;-1.530055e+00;-3.415552e+00;1.393901e+00;1.173325e-01
4;0.400000;1.957712e+00;-4.476072e-01;-1.170673e-01;8.194323e-01;-1.210823e+00;-2.267820e+00;-1.922636e+00;-2.128545e+00;2.611570e-01;-5.104637e-02;-1.095856e+00;2.407722e-01;1.615938e+00;-2.438286e+00
5;0.500000;7.490792e-01;3.526463e+00;6.691513e+00;7.828166e+00;-3.507314e+00;-3.801637e+00;-3.446256e+00;-6.888909e+00;-2.975101e-01;-2.050753e+00;2.247809e+00;5.273772e+00;-2.066886e+00;-4.245583e+00
