frameIndex;frameTime;pcm_fftMag_mfcc[0];pcm_fftMag_mfcc[1];pcm_fftMag_mfcc[2];pcm_fftMag_mfcc[3];pcm_fftMag_mfcc[4];pcm_fftMag_mfcc[5];pcm_fftMag_mfcc[6];pcm_fftMag_mfcc[7];pcm_fftMag_mfcc[8];pcm_fftMag_mfcc[9];pcm_fftMag_mfcc[10];pcm_fftMag_mfcc[11];pcm_fftMag_mfcc[12];pcm_fftMag_mfcc[13]
0;0.000000;-4.885896e+00;3.971839e-01;2.842224e+00;5.702421e+00;-7.113702e+00;6.515482e+00;-6.835045e+00;-2.067044e+00;3.976421e+00;-3.228257e+00;1.768248e+00;2.356187e+00;-7.178168e-01;1.834106e+00
1;0.100000;1.006018e+00;-2.977842e+00;3.235663e+00;3.552734e+00;-5.929841e+00;2.368494e+00;-7.870932e+00;5.662929e+00;-2.145350e+00;-2.859695e+00;3.357683e+00;-4.337935e-01;1.200595e+00;6.308517e-01
2;0.200000;2.918249e+00;-4.752380e+00;1.263175e+00;1.748207e-01;-2.343263e+00;-6.079111e-01;-4.338483e+00;5.232917e+00;-5.556803e-01;-3.561254e-01;4.072601e-01;5.218363e-02;-2.993727e-01;-9.718857e-01
3;0.300000;6.963935e-01;2.683783e-01;-3.237774e+00;-1.775479e+00;3.387854e+00;-4.512675e+00;2.982593e+00;1.065263e+00;4.128022e+00;3.622054e+00;-2.737029e+00;-1.721163e-01;-1.545200e-01;-3.704071e-01
4;0.400000;-5.590510e-01;2.835487e+00;-2.609500e+00;-2.756600e+00;5.758281e+00;-5.274463e+00;6.174548e+00;-2.219888e+00;6.705589e-01;2.883370e+00;-2.475268e+00;-1.222068e+00;1.210714e+00;1.164017e-01
5;0.500000;8.242836e-01;4.229171e+00;-1.493791e+00;-4.897898e+00;6.240664e+00;1.511069e+00;9.887322e+00;-7.674175e+00;-6.073969e+00;-6.134701e-02;-3.208950e-01;-5.803919e-01;-1.239599e+00;-1.239075e+00
