frameIndex;frameTime;pcm_fftMag_mfcc[0];pcm_fftMag_mfcc[1];pcm_fftMag_mfcc[2];pcm_fftMag_mfcc[3];pcm_fftMag_mfcc[4];pcm_fftMag_mfcc[5];pcm_fftMag_mfcc[6];pcm_fftMag_mfcc[7];pcm_fftMag_mfcc[8];pcm_fftMag_mfcc[9];pcm_fftMag_mfcc[10];pcm_fftMag_mfcc[11];pcm_fftMag_mfcc[12];pcm_fftMag_mfcc[13]
0;0.000000;2.072114e+00;-1.800315e+00;-8.295397e+00;4.905749e+00;3.848429e+00;9.439371e+00;9.180846e-01;1.830934e+00;3.212260e+00;1.378816e+00;4.025025e+00;-3.122406e+00;7.960819e+00;-2.607796e+00
1;0.100000;2.739458e+00;-3.048576e+00;-4.825211e+00;1.605676e+00;5.974868e+00;4.303802e+00;1.805512e+00;-1.963416e+00;2.496353e+00;-9.265618e-01;2.904317e+00;-2.869281e+00;7.721950e+00;-1.602478e+00
2;0.200000;-6.507654e-01;4.040980e+00;-2.434187e-01;1.712296e+00;2.234057e+00;1.685324e+00;-1.178590e+00;-5.284976e+00;7.309642e-02;8.271770e-01;-9.945893e-01;2.058348e+00;2.934664e+00;-8.737564e-01
3;0.300000;-3.623721e+00;5.647333e+00;6.247736e+00;1.173318e+00;-2.209891e+00;-9.156976e-01;6.285851e-01;-2.309842e+00;8.859504e-01;2.377108e+00;-2.325519e+00;1.857499e+00;-3.175858e+00;3.260422e-01
4;0.400000;-1.431938e+00;3.690553e-02;3.110367e+00;-2.924691e+00;-4.266787e+00;-5.439537e+00;1.854532e-01;3.683740e+00;-1.476217e+00;-1.609306e-01;-1.950325e+00;1.903797e+00;-5.750660e+00;2.612411e+00
5;0.500000;8.948517e-01;-4.876327e+00;4.005924e+00;-6.472350e+00;-5.580676e+00;-9.073262e+00;-2.359045e+00;4.043560e+00;-5.191442e+00;-3.495610e+00;-1.658906e+00;1.720409e-01;-9.690915e+00;2.145569e+00
