frameIndex;frameTime;pcm_fftMag_mfcc[0];pcm_fftMag_mfcc[1];pcm_fftMag_mfcc[2];pcm_fftMag_mfcc[3];pcm_fftMag_mfcc[4];pcm_fftMag_mfcc[5];pcm_fftMag_mfcc[6];pcm_fftMag_mfcc[7];pcm_fftMag_mfcc[8];pcm_fftMag_mfcc[9];pcm_fftMag_mfcc[10];pcm_fftMag_mfcc[11];pcm_fftMag_mfcc[12];pcm_fftMag_mfcc[13]
0;0.000000;1.111767e+01;-5.535157e+00;-1.645315e+00;-1.844509e+00;5.744159e+00;7.832062e+00;-2.601577e+00;6.286227e+00;1.346298e+00;5.015010e+00;4.771525e+00;1.796294e+00;4.234619e+00;-6.144844e+00
1;0.100000;1.975406e+00;-8.266371e+00;5.209482e-01;-5.196304e+00;-5.105667e-01;1.212856e+00;-5.260311e+00;1.956961e+00;-2.922575e+00;-1.076757e+00;-1.927134e+00;-1.747605e+00;-4.995871e-01;5.697479e-01
2;0.200000;-2.667698e+00;-4.662234e+00;1.010134e+00;-2.888985e+00;-1.235537e+00;1.502169e+00;-3.757100e+00;-2.271298e-01;-3.685112e-01;-1.693098e+00;-1.821453e+00;-3.211675e+00;-7.273083e-01;4.008881e+00
3;0.300000;-4.814136e+00;1.662531e+00;1.282048e+00;8.975143e-01;1.211378e+00;3.039757e+00;2.601094e-01;-2.148052e+00;3.248003e+00;8.066478e-01;1.357498e+00;-5.322895e-01;6.811495e-01;4.063690e+00
4;0.400000;-5.101060e+00;6.998857e+00;-7.141030e-01;2.528053e+00;-1.278913e+00;-5.083576e+00;-9.095430e-03;-6.005002e+00;-1.273380e+00;-2.411435e+00;-7.774048e-01;-1.454349e+00;-3.535593e+00;6.407928e-01
5;0.500000;-5.101748e-01;9.802371e+00;-4.537148e-01;6.504204e+00;-3.930519e+00;-8.503265e+00;1.136798e+01;1.369956e-01;-2.983952e-02;-6.403670e-01;-1.603025e+00;5.149626e+00;-1.532812e-01;-3.138359e+00
