frameIndex;frameTime;pcm_fftMag_mfcc[0];pcm_fftMag_mfcc[1];pcm_fftMag_mfcc[2];pcm_fftMag_mfcc[3];pcm_fftMag_mfcc[4];pcm_fftMag_mfcc[5];pcm_fftMag_mfcc[6];pcm_fftMag_mfcc[7];pcm_fftMag_mfcc[8];pcm_fftMag_mfcc[9];pcm_fftMag_mfcc[10];pcm_fftMag_mfcc[11];pcm_fftMag_mfcc[12];pcm_fftMag_mfcc[13]
0;0.000000;4.599781e-01;-4.485435e+00;-2.945287e+00;-3.953108e+00;-3.039270e+00;-2.484055e+00;-1.357944e+00;-7.824770e+00;-4.821672e+00;1.083062e+00;4.611654e+00;-2.486119e+00;-4.060603e+00;-1.968613e+00
1;0.100000;-2.644619e+00;6.646919e-01;-2.069814e+00;-1.592939e-01;1.039901e+00;-4.180045e+00;-6.114640e-01;-4.340276e+00;-2.484404e+00;2.524354e+00;5.612925e+00;-3.067664e+00;-3.762056e+00;1.450409e+00
2;0.200000;-4.550357e+00;4.883999e+00;-1.375035e+00;1.244924e+00;2.885354e+00;-3.771475e+00;-2.160983e-01;-1.534891e+00;-8.240147e-01;1.502542e+00;3.722087e+00;-2.360670e+00;-1.413323e+00;4.812088e-01
3;0.300000;-2.033786e+00;5.227101e+00;-3.201045e+00;1.102977e+00;3.310810e+00;1.782471e+00;1.952380e+00;1.865184e+00;3.786924e+00;-1.871691e+00;-3.207544e+00;2.021565e+00;4.166089e+00;-6.923370e-01
4;0.400000;3.423810e+00;-7.682900e-01;1.988529e+00;2.037176e+00;-8.352036e-01;4.181211e+00;6.674695e-01;4.172731e+00;3.350332e+00;-2.075427e+00;-4.306793e+00;2.191684e+00;4.211592e+00;9.400177e-02
5;0.500000;5.344974e+00;-5.522070e+00;7.602652e+00;-2.726755e-01;-3.361592e+00;4.471893e+00;-4.343445e-01;7.662022e+00;9.928350e-01;-1.162839e+00;-6.432330e+00;3.701206e+00;8.583018e-01;6.353302e-01
