frameIndex;frameTime;pcm_fftMag_mfcc[0];pcm_fftMag_mfcc[1];pcm_fftMag_mfcc[2];pcm_fftMag_mfcc[3];pcm_fftMag_mfcc[4];pcm_fftMag_mfcc[5];pcm_fftMag_mfcc[6];pcm_fftMag_mfcc[7];pcm_fftMag_mfcc[8];pcm_fftMag_mfcc[9];pcm_fftMag_mfcc[10];pcm_fftMag_mfcc[11];pcm_fftMag_mfcc[12];pcm_fftMag_mfcc[13]
0;0.000000;2.816336e+00;5.647440e-01;2.640685e+00;-3.741405e+00;7.789899e+00;2.921085e+00;-8.327581e+00;-8.286206e-01;1.578340e+00;9.957259e+00;3.603929e+00;7.576429e-01;-7.858143e-01;1.910019e+00
1;0.100000;6.771446e+00;-5.151155e+00;6.067557e+00;-1.778688e-01;2.038167e+00;2.361718e+00;3.774338e+00;3.487316e+00;-9.126725e-01;4.085809e+00;-4.336500e-01;6.042275e+00;-5.179386e-01;2.731628e-01
2;0.200000;1.559626e+00;-3.796951e+00;1.731262e-01;7.807045e-01;1.024433e+00;1.727482e+00;8.652246e+00;5.213419e+00;-2.689557e-01;-2.101434e+00;-6.079068e-01;4.304592e+00;1.857183e+00;1.335724e+00
3;0.300000;-3.869107e+00;-3.999310e-01;-5.531322e+00;4.097271e-02;-7.421303e-01;-1.870529e+00;5.531474e+00;2.597075e+00;-2.526785e+00;-6.081622e+00;-2.333742e+00;-3.765599e-01;1.258371e+00;6.121292e-01
4;0.400000;-4.982586e+00;5.425671e+00;-2.680329e+00;1.438837e+00;-4.621650e+00;-4.918170e+00;-1.878153e+00;-3.276145e+00;-1.924263e-01;-4.440809e+00;-1.602695e+00;-2.486207e+00;4.291205e-01;-1.586769e+00
5;0.500000;-2.295711e+00;3.357623e+00;-6.697140e-01;1.658757e+00;-5.488725e+00;-2.215948e-01;-7.752324e+00;-7.193043e+00;2.322500e+00;-1.419202e+00;1.374062e+00;-8.241743e+00;-2.240921e+00;-2.544243e+00
