frameIndex;frameTime;pcm_fftMag_mfcc[0];pcm_fftMag_mfcc[1];pcm_fftMag_mfcc[2];pcm_fftMag_mfcc[3];pcm_fftMag_mfcc[4];pcm_fftMag_mfcc[5];pcm_fftMag_mfcc[6];pcm_fftMag_mfcc[7];pcm_fftMag_mfcc[8];pcm_fftMag_mfcc[9];pcm_fftMag_mfcc[10];pcm_fftMag_mfcc[11];pcm_fftMag_mfcc[12];pcm_fftMag_mfcc[13]
0;0.000000;-4.068261e+00;-3.038220e+00;-1.113092e+00;-7.870105e+00;-3.799720e-01;-9.232674e-01;-2.582222e+00;3.181453e+00;-2.538690e+00;-5.733171e+00;-3.763438e+00;3.229791e+00;2.596333e+00;4.157997e+00
1;0.100000;1.508951e+00;3.284420e+00;4.466295e-01;-3.044114e+00;1.236320e+00;6.093257e+00;-1.474884e+00;1.710516e+00;-1.016766e+00;6.935883e-01;2.968671e+00;4.072193e+00;2.602311e+00;6.734009e-01
2;0.200000;4.358790e+00;2.398190e+00;7.197337e-01;3.818460e+00;-1.060492e+00;5.510963e+00;2.230833e+00;-2.690995e+00;1.235853e+00;5.012668e+00;7.575701e+00;-1.415014e+00;4.941323e-01;-5.390167e-01
3;0.300000;3.320513e+00;-1.636034e-01;1.672962e+00;5.107747e+00;4.816506e-01;1.885061e+00;3.654907e+00;-2.010682e+00;7.296851e-01;5.366325e+00;3.886442e+00;-7.839074e-01;-1.086262e+00;-1.376450e+00
4;0.400000;-1.260941e+00;-1.491602e+00;-3.082571e-01;2.130663e+00;2.956484e+00;-5.005029e+00;1.347892e+00;-8.679262e-01;1.237589e+00;-7.518883e-01;-3.671917e+00;-1.648669e+00;-1.986027e+00;-1.560104e+00
5;0.500000;-3.859053e+00;-9.891841e-01;-1.417971e+00;-1.426497e-01;-3.233992e+00;-7.560985e+00;-3.176526e+00;6.776340e-01;3.523283e-01;-4.587522e+00;-6.995454e+00;-3.454394e+00;-2.620487e+00;-1.355850e+00
