frameIndex;frameTime;pcm_fftMag_mfcc[0];pcm_fftMag_mfcc[1];pcm_fftMag_mfcc[2];pcm_fftMag_mfcc[3];pcm_fftMag_mfcc[4];pcm_fftMag_mfcc[5];pcm_fftMag_mfcc[6];pcm_fftMag_mfcc[7];pcm_fftMag_mfcc[8];pcm_fftMag_mfcc[9];pcm_fftMag_mfcc[10];pcm_fftMag_mfcc[11];pcm_fftMag_mfcc[12];pcm_fftMag_mfcc[13]
0;0.000000;1.350319e+00;-1.721262e+00;-6.102614e+00;-2.855550e+00;6.029368e+00;4.732545e+00;-9.496489e-01;1.691878e+00;4.782282e+00;2.376301e+00;-1.746639e+00;-1.900083e+00;-6.018627e-01;8.216400e-01
1;0.100000;-1.350319e+00;1.721262e+00;6.102614e+00;2.855550e+00;-6.029368e+00;-4.732546e+00;9.496493e-01;-1.691877e+00;-4.782282e+00;-2.376301e+00;1.746639e+00;1.900082e+00;6.018624e-01;-8.216324e-01
