frameIndex;frameTime;pcm_fftMag_mfcc[0];pcm_fftMag_mfcc[1];pcm_fftMag_mfcc[2];pcm_fftMag_mfcc[3];pcm_fftMag_mfcc[4];pcm_fftMag_mfcc[5];pcm_fftMag_mfcc[6];pcm_fftMag_mfcc[7];pcm_fftMag_mfcc[8];pcm_fftMag_mfcc[9];pcm_fftMag_mfcc[10];pcm_fftMag_mfcc[11];pcm_fftMag_mfcc[12];pcm_fftMag_mfcc[13]
0;0.000000;-2.145810e-01;-6.574028e+00;-7.132971e+00;6.233410e+00;6.124182e+00;-7.412184e+00;-8.659248e-01;2.211915e+00;6.069180e+00;2.504679e+00;-3.293715e-01;1.990649e+00;-5.406066e+00;6.523323e+00
1;0.100000;-3.518850e+00;-3.074407e+00;-1.039904e+01;4.797124e+00;4.640664e+00;-6.059878e+00;-1.187214e+00;-4.684264e-01;5.047389e+00;-1.526656e+00;-8.667426e-01;-1.507558e+00;-8.088324e+00;4.911766e+00
2;0.200000;-3.457216e+00;3.584018e+00;-6.173110e+00;9.217100e-01;-1.448773e+00;-3.728723e+00;-4.556150e-01;-6.616532e+00;2.399082e-01;-3.829367e+00;-3.199527e+00;-5.980547e+00;-4.612191e+00;1.507240e+00
3;0.300000;-4.028826e-01;5.695532e+00;3.488778e+00;-5.217134e+00;-8.532960e+00;1.553952e+00;6.056265e+00;-3.468066e+00;-4.597061e+00;-2.819736e+00;-8.469777e-01;-6.167067e+00;3.619220e+00;-1.807083e+00
4;0.400000;3.916102e+00;2.490310e+00;1.043191e+01;-7.129216e+00;-4.786550e+00;9.666422e+00;2.278373e+00;3.283006e+00;-3.913120e+00;2.224927e+00;3.627905e+00;2.034080e+00;7.379725e+00;-5.669197e+00
5;0.500000;3.677425e+00;-2.121427e+00;9.784422e+00;3.941069e-01;4.003437e+00;5.980409e+00;-5.825886e+00;5.058103e+00;-2.846294e+00;3.446155e+00;1.614716e+00;9.630442e+00;7.107635e+00;-5.466080e+00
