frameIndex;frameTime;pcm_fftMag_mfcc[0];pcm_fftMag_mfcc[1];pcm_fftMag_mfcc[2];pcm_fftMag_mfcc[3];pcm_fftMag_mfcc[4];pcm_fftMag_mfcc[5];pcm_fftMag_mfcc[6];pcm_fftMag_mfcc[7];pcm_fftMag_mfcc[8];pcm_fftMag_mfcc[9];pcm_fftMag_mfcc[10];pcm_fftMag_mfcc[11];pcm_fftMag_mfcc[12];pcm_fftMag_mfcc[13]
0;0.000000;-2.359987e+00;-3.234168e+00;-4.099490e+00;-1.287857e+00;1.148139e+00;2.274070e-01;1.709700e+00;-4.962221e+00;-6.221631e-01;8.363817e+00;7.187644e+00;-2.229415e-01;-8.268681e-01;4.176140e+00
1;0.100000;-5.450282e+00;1.461076e+00;-4.183607e+00;-5.568352e-01;4.779657e+00;-1.862049e-01;2.422400e+00;-2.801840e+00;-1.589775e+00;6.880341e+00;5.575613e+00;-1.487002e+00;-9.540167e-01;3.829468e+00
2;0.200000;-5.141198e+00;6.099803e+00;-1.059095e+00;1.736526e+00;5.191675e+00;-3.050822e+00;9.459658e-01;1.419147e-01;-1.897818e+00;5.628564e-01;5.829432e-01;-2.257293e+00;-3.844609e-01;1.287102e+00
3;0.300000;-2.832775e-01;5.395347e+00;1.772448e+00;3.210414e+00;-5.235415e-01;-4.261191e+00;5.498109e-01;2.006403e+00;-1.513243e-02;-4.389104e+00;-3.398776e+00;-2.271805e+00;1.928001e+00;-1.822639e+00
4;0.400000;6.375401e+00;-2.687572e+00;4.632308e+00;1.064501e+00;-5.945916e+00;2.672714e+00;-4.000063e+00;1.735729e+00;1.842499e+00;-7.046425e+00;-3.687647e+00;1.454347e+00;2.222572e+00;-4.962273e+00
5;0.500000;6.859347e+00;-7.034486e+00;2.937436e+00;-4.166744e+00;-4.650018e+00;4.598096e+00;-1.627813e+00;3.880014e+00;2.282391e+00;-4.371486e+00;-6.259778e+00;4.784694e+00;-1.985228e+00;-2.507767e+00
