frameIndex;frameTime;pcm_fftMag_mfcc[0];pcm_fftMag_mfcc[1];pcm_fftMag_mfcc[2];pcm_fftMag_mfcc[3];pcm_fftMag_mfcc[4];pcm_fftMag_mfcc[5];pcm_fftMag_mfcc[6];pcm_fftMag_mfcc[7];pcm_fftMag_mfcc[8];pcm_fftMag_mfcc[9];pcm_fftMag_mfcc[10];pcm_fftMag_mfcc[11];pcm_fftMag_mfcc[12];pcm_fftMag_mfcc[13]
0;0.000000;-1.705518e+00;8.877808e+00;6.184523e+00;-6.207773e+00;3.087510e+00;6.746235e-01;-5.322742e-02;-1.357697e+01;3.908299e+00;-3.728016e+00;-6.110468e+00;7.876883e-01;2.251257e+00;-2.250259e+00
1;0.100000;-2.028865e+00;4.230484e+00;8.450029e+00;-6.712881e+00;3.693251e+00;2.196827e-01;-6.385345e-01;-9.999388e+00;1.269148e+00;1.954679e+00;-5.941374e+00;-1.723126e+00;-1.668233e+00;-6.229935e-01
2;0.200000;1.529165e+00;-1.701082e+00;5.178379e+00;-6.156500e+00;7.795512e+00;-2.965374e-01;-3.017758e+00;-3.699685e+00;3.362147e+00;7.731219e+00;-7.847910e+00;-4.074500e-01;-6.526084e-01;-8.187637e-01
3;0.300000;6.945213e+00;-6.820600e+00;-1.188459e+00;2.955261e+00;5.391792e+00;-2.208578e+00;-9.159088e-01;5.924839e+00;-5.820740e-01;7.153403e+00;-2.034225e+00;5.711144e+00;-3.952088e-01;-2.043884e+00
4;0.400000;2.646246e+00;-5.783179e+00;-9.293063e+00;1.067059e+01;-9.159207e+00;1.586908e+00;1.287329e+00;8.514535e+00;-1.802464e+00;-5.198853e+00;9.469559e+00;-1.895492e+00;4.603853e-01;7.413254e-01
5;0.500000;-7.386252e+00;1.196569e+00;-9.331409e+00;5.451300e+00;-1.080886e+01;2.390099e-02;3.338098e+00;1.283667e+01;-6.155056e+00;-7.912433e+00;1.246441e+01;-2.472764e+00;4.405499e-03;4.994591e+00
