frameIndex;frameTime;pcm_fftMag_mfcc[0];pcm_fftMag_mfcc[1];pcm_fftMag_mfcc[2];pcm_fftMag_mfcc[3];pcm_fftMag_mfcc[4];pcm_fftMag_mfcc[5];pcm_fftMag_mfcc[6];pcm_fftMag_mfcc[7];pcm_fftMag_mfcc[8];pcm_fftMag_mfcc[9];pcm_fftMag_mfcc[10];pcm_fftMag_mfcc[11];pcm_fftMag_mfcc[12];pcm_fftMag_mfcc[13]
0;0.000000;2.226416e+00;-8.717365e-01;-4.570504e+00;2.720445e+00;8.143456e+00;1.361428e+00;1.501476e+00;5.391293e+00;-2.288927e+00;-7.973069e+00;-3.385286e+00;1.374996e+00;2.979499e+00;-1.657028e+00
1;0.100000;-4.160423e-01;4.118803e+00;-1.111890e+00;4.096682e+00;3.587170e-01;2.811227e+00;2.141228e+00;1.445327e+00;1.473134e+00;1.946923e+00;2.087493e+00;1.228800e+00;4.337974e-01;-1.850227e+00
2;0.200000;-6.175327e-01;6.626172e-01;2.552985e+00;-2.354280e+00;-3.496763e+00;2.953286e-01;-6.898251e-01;-9.829636e-01;-1.757301e+00;6.205894e+00;5.221205e-01;3.775812e-01;1.860647e-01;1.472511e+00
3;0.300000;7.846560e-01;-4.313456e+00;3.628572e+00;-5.976212e+00;-2.287031e+00;-2.532370e+00;-1.836384e+00;-1.046888e+00;-2.846708e+00;5.353131e+00;-2.010577e+00;1.218295e+00;-9.096675e-01;2.625069e+00
4;0.400000;-9.418488e-03;-3.832719e+00;2.333248e+00;-3.379860e+00;-1.627787e+00;-2.666523e+00;-9.652677e-01;-2.491826e+00;7.955980e-01;9.603877e-01;-7.060447e-01;-6.666978e-01;-1.138275e+00;8.913422e-01
5;0.500000;-1.968083e+00;4.236491e+00;-2.832412e+00;4.893229e+00;-1.090582e+00;7.309065e-01;-1.512284e-01;-2.314942e+00;4.624204e+00;-6.493268e+00;3.492295e+00;-3.532974e+00;-1.551423e+00;-1.481682e+00
