frameIndex;frameTime;pcm_fftMag_mfcc[0];pcm_fftMag_mfcc[1];pcm_fftMag_mfcc[2];pcm_fftMag_mfcc[3];pcm_fftMag_mfcc[4];pcm_fftMag_mfcc[5];pcm_fftMag_mfcc[6];pcm_fftMag_mfcc[7];pcm_fftMag_mfcc[8];pcm_fftMag_mfcc[9];pcm_fftMag_mfcc[10];pcm_fftMag_mfcc[11];pcm_fftMag_mfcc[12];pcm_fftMag_mfcc[13]
0;0.000000;1.834240e+00;2.776852e+00;-1.584303e+01;-6.800651e+00;6.406549e+00;1.437215e+01;6.364607e+00;-7.229916e+00;6.600042e+00;5.432726e+00;6.587216e+00;-6.614092e+00;-2.309473e+00;1.963829e+00
1;0.100000;3.852432e+00;-4.432524e+00;-4.622187e+00;-7.144263e+00;7.321721e+00;3.761321e+00;6.182289e-01;-3.341246e+00;4.491816e-01;8.932959e+00;1.165708e+00;-5.578127e-01;-1.533341e-01;-8.941650e-01
2;0.200000;2.641015e+00;-6.519104e+00;4.657094e+00;-3.254318e+00;1.843238e+00;-5.843201e+00;-3.410330e+00;3.082481e+00;-4.967050e+00;3.183659e+00;-5.096063e+00;1.217635e+00;-1.113611e+00;9.813614e-01
3;0.300000;-4.960070e-01;-4.445444e+00;2.830858e+00;-9.652195e-01;-4.663280e+00;-7.505428e+00;-4.998711e+00;2.752690e+00;-6.433166e+00;-3.616099e+00;-4.435701e+00;-2.242767e+00;-4.269800e-01;2.213814e+00
4;0.400000;-3.502465e+00;1.934279e+00;3.360170e+00;5.142121e+00;-6.703933e+00;-3.988474e+00;-6.949883e-01;2.889645e+00;-1.527398e+00;-6.372050e+00;3.055991e-01;9.677205e-01;9.162378e-01;1.337967e-01
5;0.500000;-4.329212e+00;1.068593e+01;9.617096e+00;1.302233e+01;-4.204291e+00;-7.963676e-01;2.121191e+00;1.846347e+00;5.878396e+00;-7.561195e+00;1.473242e+00;7.229320e+00;3.087162e+00;-4.398682e+00
