frameIndex;frameTime;pcm_fftMag_mfcc[0];pcm_fftMag_mfcc[1];pcm_fftMag_mfcc[2];pcm_fftMag_mfcc[3];pcm_fftMag_mfcc[4];pcm_fftMag_mfcc[5];pcm_fftMag_mfcc[6];pcm_fftMag_mfcc[7];pcm_fftMag_mfcc[8];pcm_fftMag_mfcc[9];pcm_fftMag_mfcc[10];pcm_fftMag_mfcc[11];pcm_fftMag_mfcc[12];pcm_fftMag_mfcc[13]
0;0.000000;2.847022e+00;-4.966217e+00;-1.244688e-02;-2.643058e+00;-3.926545e+00;2.942657e-01;-2.188703e+00;3.475960e+00;-2.289348e+00;-1.287666e+00;-1.030995e+00;-4.981123e+00;-9.221363e-01;1.664711e+00
1;0.100000;-4.996481e-01;-8.734289e-01;-1.452212e-01;-1.750140e-01;-7.651682e-01;1.755003e+00;1.281155e+00;2.308213e+00;8.884940e-01;-8.805089e-01;9.035301e-02;-2.619019e-01;7.123613e-02;1.254349e-01
2;0.200000;-2.347374e+00;5.839645e+00;1.576691e-01;2.818072e+00;4.691713e+00;-2.049265e+00;9.075485e-01;-5.784173e+00;1.400854e+00;2.168174e+00;9.406433e-01;5.243024e+00;8.509002e-01;-1.790146e+00
