frameIndex;frameTime;pcm_fftMag_mfcc[0];pcm_fftMag_mfcc[1];pcm_fftMag_mfcc[2];pcm_fftMag_mfcc[3];pcm_fftMag_mfcc[4];pcm_fftMag_mfcc[5];pcm_fftMag_mfcc[6];pcm_fftMag_mfcc[7];pcm_fftMag_mfcc[8];pcm_fftMag_mfcc[9];pcm_fftMag_mfcc[10];pcm_fftMag_mfcc[11];pcm_fftMag_mfcc[12];pcm_fftMag_mfcc[13]
0;0.000000;3.052983e-01;-3.148094e+00;-1.628766e+00;1.903248e-02;9.249099e+00;1.502333e+00;-3.536908e+00;-2.145608e+00;-1.987476e+00;-2.985854e+00;2.758784e-01;3.255320e-01;7.559855e-01;3.611412e+00
1;0.100000;-1.944523e-01;-4.315955e+00;-1.261612e+00;-3.121655e+00;2.465642e+00;-2.987967e-01;-4.837193e-01;-2.102224e+00;-1.057855e+00;5.857090e-01;-2.073398e+00;-2.237545e+00;-2.837089e+00;2.061699e+00
2;0.200000;-1.802368e+00;-5.427365e+00;-1.600485e-01;-2.838283e+00;-2.915699e+00;-2.543899e+00;3.384914e-01;1.526191e+00;-8.524683e-01;2.042013e-01;-3.552145e+00;-3.115057e+00;-4.963806e+00;8.110809e-01
3;0.300000;-1.788969e+00;-1.183712e+00;-5.398293e-01;1.232837e+00;-8.123034e+00;-2.475348e+00;-1.425349e+00;4.743184e+00;-4.094284e-01;-9.418778e-01;-1.889416e+00;-1.767523e+00;-2.808275e-01;-1.597389e+00
4;0.400000;1.531537e+00;8.763753e+00;3.789845e-01;4.516971e+00;-3.881292e+00;3.161347e+00;2.234785e+00;2.755633e+00;1.405771e-01;1.401844e-01;3.497483e+00;2.419891e+00;4.626336e+00;-4.732849e+00
5;0.500000;1.948956e+00;5.311374e+00;3.211275e+00;1.911001e-01;3.205283e+00;6.543674e-01;2.872703e+00;-4.777175e+00;4.166648e+00;2.997638e+00;3.741603e+00;4.374702e+00;2.699403e+00;-1.539536e-01
