frameIndex;frameTime;pcm_fftMag_mfcc[0];pcm_fftMag_mfcc[1];pcm_fftMag_mfcc[2];pcm_fftMag_mfcc[3];pcm_fftMag_mfcc[4];pcm_fftMag_mfcc[5];pcm_fftMag_mfcc[6];pcm_fftMag_mfcc[7];pcm_fftMag_mfcc[8];pcm_fftMag_mfcc[9];pcm_fftMag_mfcc[10];pcm_fftMag_mfcc[11];pcm_fftMag_mfcc[12];pcm_fftMag_mfcc[13]
0;0.000000;3.665818e+00;4.068518e-02;-3.459481e+00;-7.388053e+00;4.233023e+00;1.155372e-01;7.662486e+00;1.691650e+00;-3.446989e-01;2.170598e+00;2.165240e+00;1.115081e+00;-6.319237e-01;6.273880e-01
1;0.100000;3.056534e+00;3.230427e+00;6.651783e-01;-7.157626e+00;-1.554367e+00;3.297710e-02;7.499885e+00;3.204422e+00;-1.428387e+00;-3.803449e+00;-1.113044e+00;2.255588e+00;5.812263e-01;-2.436584e+00
2;0.200000;-2.478164e+00;-3.486886e-01;1.055383e+01;6.160440e-01;-4.428871e+00;-1.364913e+00;-6.112628e-01;5.675373e+00;-4.403651e+00;-7.548354e+00;-2.807961e+00;-2.862086e+00;-5.670538e-01;-2.770599e+00
3;0.300000;-2.753391e+00;-2.562970e+00;3.639973e+00;4.292221e+00;-9.541988e-01;2.464085e-01;-7.890596e+00;-7.343326e-01;-1.519760e+00;-3.346979e-01;1.386154e+00;-1.999000e+00;-2.260966e+00;3.532486e-01
4;0.400000;-2.458868e-01;-1.991183e+00;-3.312323e+00;3.836266e+00;-9.971237e-02;2.647356e+00;-5.674237e+00;-3.905510e+00;2.518545e+00;3.643987e+00;2.127383e+00;8.760858e-02;-3.358002e-01;1.946503e+00
5;0.500000;-1.244913e+00;1.631728e+00;-8.087179e+00;5.801149e+00;2.804127e+00;-1.677367e+00;-9.862738e-01;-5.931599e+00;5.177955e+00;5.871915e+00;-1.757773e+00;1.402807e+00;3.214518e+00;2.280014e+00
