frameIndex;frameTime;pcm_fftMag_mfcc[0];pcm_fftMag_mfcc[1];pcm_fftMag_mfcc[2];pcm_fftMag_mfcc[3];pcm_fftMag_mfcc[4];pcm_fftMag_mfcc[5];pcm_fftMag_mfcc[6];pcm_fftMag_mfcc[7];pcm_fftMag_mfcc[8];pcm_fftMag_mfcc[9];pcm_fftMag_mfcc[10];pcm_fftMag_mfcc[11];pcm_fftMag_mfcc[12];pcm_fftMag_mfcc[13]
0;0.000000;-6.168175e-01;4.187143e-02;-9.015415e-01;-1.808849e+00;-1.013958e+00;-2.149671e+00;5.069151e+00;-2.743888e+00;1.770640e+00;-3.157930e+00;-6.316221e-01;-1.764151e+00;-1.239854e+00;1.060165e+00
1;0.100000;1.666031e+00;-3.265756e+00;9.406412e-01;-2.533238e+00;-1.615658e-01;-3.206720e-01;1.457562e+00;1.404105e+00;-1.109153e+00;5.272434e-01;-9.090378e-01;-2.689490e+00;-3.679545e-01;-5.218353e-01
2;0.200000;-2.759638e-01;2.339000e+00;-2.919416e+00;2.687091e+00;7.059889e-01;2.313058e+00;-2.113901e+00;-4.997351e-01;-2.638788e-01;1.935122e+00;9.745336e-01;-2.295879e+00;8.772061e-01;-3.175125e-01
3;0.300000;-1.783489e+00;3.019522e+00;-1.076108e+00;4.214032e+00;-1.244678e+00;1.489756e+00;-3.275388e+00;-6.984755e-01;1.552512e+00;-1.021411e+00;1.448504e+00;1.851991e+00;2.267736e+00;4.045029e-01
4;0.400000;-1.216769e+00;7.107495e-01;2.198186e+00;2.220976e+00;-1.965557e+00;3.895712e-01;-2.424228e+00;1.908993e+00;6.799698e-03;-2.053483e+00;1.521973e+00;2.797626e+00;2.272375e+00;2.002182e-01
5;0.500000;2.227009e+00;-2.845387e+00;1.758239e+00;-4.780014e+00;3.679777e+00;-1.722039e+00;1.286805e+00;6.290002e-01;-1.956917e+00;3.770459e+00;-2.404350e+00;2.099902e+00;-3.809510e+00;-8.255844e-01
