frameIndex;frameTime;pcm_fftMag_mfcc[0];pcm_fftMag_mfcc[1];pcm_fftMag_mfcc[2];pcm_fftMag_mfcc[3];pcm_fftMag_mfcc[4];pcm_fftMag_mfcc[5];pcm_fftMag_mfcc[6];pcm_fftMag_mfcc[7];pcm_fftMag_mfcc[8];pcm_fftMag_mfcc[9];pcm_fftMag_mfcc[10];pcm_fftMag_mfcc[11];pcm_fftMag_mfcc[12];pcm_fftMag_mfcc[13]
0;0.000000;2.458639e+00;2.916235e+00;1.426321e+00;-2.079861e+00;3.414609e-01;1.207341e+01;-1.235483e+01;-1.167453e+00;9.856975e+00;7.989447e-01;5.571009e+00;-2.916279e-01;4.044424e+00;-3.484161e+00
1;0.100000;1.677605e+00;4.486292e+00;-4.383211e-01;-5.865772e+00;9.044738e+00;1.911184e+00;-1.316096e+01;-5.614917e-01;1.228175e+01;-4.850854e+00;1.322111e+00;3.332969e+00;-2.178904e+00;-2.208382e+00
2;0.200000;-1.192075e+00;5.607750e+00;-2.287330e+00;-5.425072e+00;8.862305e+00;-3.717064e+00;-4.663435e+00;-7.490566e-01;3.482746e+00;-2.324944e+00;-3.912909e+00;2.480977e+00;-2.329756e+00;-9.465790e-02
3;0.300000;-1.793001e+00;6.839790e-01;-4.307340e+00;-3.652039e-01;3.270266e+00;-9.256729e+00;7.187570e+00;1.765176e+00;-7.520780e+00;2.297653e+00;-5.114138e+00;-4.234124e+00;-1.368385e+00;1.886902e+00
4;0.400000;-2.134603e-01;-3.009415e+00;-1.075886e+00;4.066269e+00;-2.571657e+00;-8.530340e+00;1.136087e+01;3.232890e+00;-9.839546e+00;7.020329e+00;-1.409641e+00;-3.324942e+00;1.255033e+00;1.813385e+00
5;0.500000;-9.377075e-01;-1.068484e+01;6.682560e+00;9.669647e+00;-1.894711e+01;7.519547e+00;1.163078e+01;-2.520063e+00;-8.261150e+00;-2.941131e+00;3.543577e+00;2.036748e+00;5.775880e-01;2.086952e+00
