frameIndex;frameTime;pcm_fftMag_mfcc[0];pcm_fftMag_mfcc[1];pcm_fftMag_mfcc[2];pcm_fftMag_mfcc[3];pcm_fftMag_mfcc[4];pcm_fftMag_mfcc[5];pcm_fftMag_mfcc[6];pcm_fftMag_mfcc[7];pcm_fftMag_mfcc[8];pcm_fftMag_mfcc[9];pcm_fftMag_mfcc[10];pcm_fftMag_mfcc[11];pcm_fftMag_mfcc[12];pcm_fftMag_mfcc[13]
0;0.000000;6.552363e+00;-2.534322e+00;-1.404235e+00;7.364798e-01;1.038143e+01;6.811594e+00;3.367643e+00;3.953510e+00;-1.180359e+00;3.345531e+00;-6.863835e+00;7.883739e-02;2.346192e+00;-8.895798e-01
1;0.100000;5.152505e+00;-4.227065e+00;-1.616474e+00;6.326895e-01;8.607723e+00;7.312324e+00;4.209816e+00;5.107639e+00;4.020007e-01;3.266770e+00;-6.079999e+00;1.253383e+00;9.372702e-01;2.788445e+00
2;0.200000;1.628467e+00;-2.807155e+00;-2.729666e+00;1.029907e+00;5.677694e+00;5.224714e+00;5.272908e+00;2.634523e+00;2.842265e+00;-3.687626e-01;-2.975382e+00;3.905454e-01;1.624560e-01;2.750397e+00
3;0.300000;-3.093451e+00;1.823080e+00;-1.166335e+00;-1.187031e+00;-3.577219e+00;-2.665126e+00;-3.488383e-01;-2.241036e+00;5.104272e-01;-2.595646e+00;1.874032e+00;-8.736281e-01;-1.600346e+00;-5.748749e-02
4;0.400000;-5.427026e+00;5.232718e+00;3.805615e+00;-1.154492e+00;-9.746700e+00;-8.320318e+00;-7.048247e+00;-6.127173e+00;-1.512221e+00;-1.623355e+00;6.565834e+00;-5.800290e-01;-6.616445e-01;-2.896515e+00
5;0.500000;-4.812860e+00;2.512743e+00;3.111093e+00;-5.755806e-02;-1.134293e+01;-8.363186e+00;-5.453278e+00;-3.327462e+00;-1.062113e+00;-2.024537e+00;7.479352e+00;-2.691102e-01;-1.183931e+00;-1.695251e+00
