frameIndex;frameTime;pcm_fftMag_mfcc[0];pcm_fftMag_mfcc[1];pcm_fftMag_mfcc[2];pcm_fftMag_mfcc[3];pcm_fftMag_mfcc[4];pcm_fftMag_mfcc[5];pcm_fftMag_mfcc[6];pcm_fftMag_mfcc[7];pcm_fftMag_mfcc[8];pcm_fftMag_mfcc[9];pcm_fftMag_mfcc[10];pcm_fftMag_mfcc[11];pcm_fftMag_mfcc[12];pcm_fftMag_mfcc[13]
0;0.000000;-8.375981e+00;3.260862e+00;-1.433197e+01;-1.262169e-01;1.091523e+00;2.368684e+00;6.045059e+00;-5.687812e+00;1.659157e+00;-5.568948e+00;-4.926745e+00;-2.245921e+00;1.439667e-01;2.602943e+00
1;0.100000;-3.329136e+00;1.611123e+00;-9.921847e+00;-9.736748e-01;1.148139e+00;3.478176e+00;2.713707e+00;-5.530735e+00;2.574964e-01;-3.902696e+00;1.699948e-01;-1.661509e+00;2.195199e+00;2.431908e+00
2;0.200000;3.140646e+00;3.486404e-01;-1.337708e+00;-3.688143e+00;1.508524e+00;2.852660e+00;-1.608993e+00;-4.965663e+00;-7.496657e-01;-1.734722e-01;2.292697e+00;1.199884e-01;1.989172e+00;-6.401367e-01
3;0.300000;4.629789e+00;-1.085876e+00;7.431868e+00;-5.099573e+00;2.216926e+00;-6.817155e-01;-2.864496e+00;2.571261e+00;7.578850e-01;5.050479e+00;-1.062902e+00;2.392014e+00;-1.743172e+00;-1.787048e+00
4;0.400000;3.523676e+00;-3.352146e+00;9.543271e+00;-1.347549e+00;1.436342e+00;-2.624865e+00;-6.626601e-01;7.212095e+00;4.477758e-01;4.767134e+00;-1.056469e+00;6.552515e-01;-3.340956e+00;-1.989372e+00
5;0.500000;4.110041e-01;-7.825937e-01;8.616386e+00;1.123516e+01;-7.401455e+00;-5.392940e+00;-3.622618e+00;6.400856e+00;-2.372648e+00;-1.724975e-01;4.583422e+00;7.401724e-01;7.557921e-01;-6.182709e-01
