frameIndex;frameTime;pcm_fftMag_mfcc[0];pcm_fftMag_mfcc[1];pcm_fftMag_mfcc[2];pcm_fftMag_mfcc[3];pcm_fftMag_mfcc[4];pcm_fftMag_mfcc[5];pcm_fftMag_mfcc[6];pcm_fftMag_mfcc[7];pcm_fftMag_mfcc[8];pcm_fftMag_mfcc[9];pcm_fftMag_mfcc[10];pcm_fftMag_mfcc[11];pcm_fftMag_mfcc[12];pcm_fftMag_mfcc[13]
0;0.000000;-9.391794e-01;-2.559358e+00;-9.460604e-01;-6.252922e+00;2.815684e+00;1.389343e+00;1.213762e+00;7.949636e-01;-2.014762e+00;1.245389e+00;8.229606e-01;-3.668242e+00;-4.811752e+00;3.078415e+00
1;0.100000;-1.583239e+00;-4.602885e+00;3.040080e-01;-2.377817e+00;7.549276e-01;6.073953e-01;-8.134804e-01;2.403639e+00;4.670750e-01;-1.928463e-01;-2.227752e+00;-4.313058e+00;-4.396031e+00;2.572708e+00
2;0.200000;-5.696950e-01;-2.585567e+00;2.634751e+00;2.926128e+00;-2.059408e+00;-1.083377e+00;-1.160120e+00;2.312004e+00;3.342067e+00;-9.500976e-01;-3.639658e+00;-1.233528e+00;2.345204e-03;-7.656555e-01
3;0.300000;2.220621e+00;5.143502e+00;5.582812e-01;1.505603e+00;-2.893305e+00;6.438433e-01;2.874571e+00;-2.742800e+00;6.546319e-01;-5.368217e+00;-1.042151e+00;7.913276e+00;6.559544e+00;-3.620583e+00
4;0.400000;1.950619e+00;4.505707e+00;-1.454370e+00;3.169279e-01;3.318720e-01;1.777128e+00;-1.291504e-01;-3.592001e+00;-1.821937e+00;6.779685e-01;4.057036e+00;3.132796e+00;1.919352e+00;-2.034790e+00
5;0.500000;-1.079127e+00;9.860039e-02;-1.096610e+00;3.882080e+00;1.050227e+00;-3.334332e+00;-1.985579e+00;8.241937e-01;-6.270744e-01;4.587804e+00;2.029564e+00;-1.831242e+00;7.265429e-01;7.699127e-01
