frameIndex;frameTime;pcm_fftMag_mfcc[0];pcm_fftMag_mfcc[1];pcm_fftMag_mfcc[2];pcm_fftMag_mfcc[3];pcm_fftMag_mfcc[4];pcm_fftMag_mfcc[5];pcm_fftMag_mfcc[6];pcm_fftMag_mfcc[7];pcm_fftMag_mfcc[8];pcm_fftMag_mfcc[9];pcm_fftMag_mfcc[10];pcm_fftMag_mfcc[11];pcm_fftMag_mfcc[12];pcm_fftMag_mfcc[13]
0;0.000000;-3.264474e+00;5.611863e+00;-2.987421e+00;-5.319597e+00;3.343752e+00;-3.312464e+00;-5.286607e-01;-1.603900e+00;-4.862339e-01;-7.808250e-01;-4.332523e+00;-8.214502e-01;-5.593060e+00;1.188774e+00
1;0.100000;1.008038e+00;-5.607607e-01;-2.688042e+00;-5.113122e+00;3.583241e-01;-4.727039e-01;1.339654e+00;-1.362733e+00;1.640676e+00;-1.936325e-02;-5.016493e+00;-2.670036e+00;-4.017366e+00;-4.201126e-01
2;0.200000;1.123511e+00;-9.032035e-01;-1.063709e-01;-8.613585e-01;-3.402273e+00;3.276285e+00;-9.879054e-01;4.316559e-01;1.781476e+00;-8.451344e-01;-2.800007e-01;-2.446051e+00;9.531727e-01;-5.773163e-01
3;0.300000;-1.141665e+00;2.297597e+00;1.429162e+00;3.905125e+00;-2.565994e+00;6.286812e-02;-3.963080e-01;-2.053204e-01;1.547353e-01;-6.127188e-01;3.052383e+00;1.535735e+00;3.314930e+00;-1.837234e-01
4;0.400000;-2.925243e-01;-3.090250e-01;1.514941e+00;5.045586e+00;-1.143070e+00;-1.373920e+00;-6.510407e-01;5.413723e-01;-7.741460e-01;-5.161858e-02;3.354328e+00;2.217335e+00;3.514975e+00;2.780380e-01
5;0.500000;2.567113e+00;-6.136470e+00;2.837732e+00;2.343366e+00;3.409262e+00;1.819920e+00;1.224261e+00;2.198925e+00;-2.316506e+00;2.309660e+00;3.222299e+00;2.184466e+00;1.827349e+00;-2.855988e-01
