frameIndex;frameTime;pcm_fftMag_mfcc[0];pcm_fftMag_mfcc[1];pcm_fftMag_mfcc[2];pcm_fftMag_mfcc[3];pcm_fftMag_mfcc[4];pcm_fftMag_mfcc[5];pcm_fftMag_mfcc[6];pcm_fftMag_mfcc[7];pcm_fftMag_mfcc[8];pcm_fftMag_mfcc[9];pcm_fftMag_mfcc[10];pcm_fftMag_mfcc[11];pcm_fftMag_mfcc[12];pcm_fftMag_mfcc[13]
0;0.000000;-2.925523e+00;7.457918e+00;-9.652772e+00;3.466101e+00;7.986797e+00;2.053381e+00;-6.750324e-01;-1.113355e+01;8.431435e+00;-6.967749e+00;2.027878e+00;4.160860e-01;1.817732e+00;9.970093e-01
1;0.100000;-3.470247e+00;4.037655e+00;-6.647285e+00;6.964675e+00;1.546563e+00;-2.861437e+00;1.016614e+01;-4.391643e+00;1.708562e+00;-5.752443e+00;5.178316e+00;-3.444055e+00;1.270541e+00;1.458771e+00
2;0.200000;-6.069441e-01;-3.622875e+00;-2.587216e+00;4.060128e+00;-1.667376e+00;-1.306583e+00;7.277385e+00;-2.268910e-02;-3.971930e-01;-4.958100e+00;4.662023e+00;-5.210334e+00;1.397133e+00;2.172585e+00
3;0.300000;2.174561e+00;-7.388186e+00;4.083732e+00;-1.986965e+00;-3.032666e+00;-8.431988e-01;-6.963553e-01;5.587615e+00;-7.046773e+00;2.318919e+00;-1.180027e+00;1.836138e-01;-7.599225e-01;3.613434e-01
4;0.400000;1.722454e+00;-1.646416e+00;8.086093e+00;-5.691851e+00;-3.724977e+00;-1.090508e-01;-6.288230e+00;6.122397e+00;-3.900144e+00;7.166850e+00;-4.418718e+00;4.136930e+00;-2.794625e+00;-1.584465e+00
5;0.500000;3.105699e+00;1.161905e+00;6.717449e+00;-6.812083e+00;-1.108347e+00;3.066890e+00;-9.783905e+00;3.837865e+00;1.204108e+00;8.192523e+00;-6.269475e+00;3.917759e+00;-9.308567e-01;-3.405205e+00
