frameIndex;frameTime;pcm_fftMag_mfcc[0];pcm_fftMag_mfcc[1];pcm_fftMag_mfcc[2];pcm_fftMag_mfcc[3];pcm_fftMag_mfcc[4];pcm_fftMag_mfcc[5];pcm_fftMag_mfcc[6];pcm_fftMag_mfcc[7];pcm_fftMag_mfcc[8];pcm_fftMag_mfcc[9];pcm_fftMag_mfcc[10];pcm_fftMag_mfcc[11];pcm_fftMag_mfcc[12];pcm_fftMag_mfcc[13]
0;0.000000;1.262863e+00;5.706062e+00;-2.795582e-01;-4.057742e+00;-1.676974e+00;2.897757e+00;-3.138665e+00;-4.826543e+00;-3.545787e-01;-1.529401e+00;4.648607e+00;-1.909600e+00;-8.746586e-01;-2.479088e+00
1;0.100000;5.537987e-01;3.959145e+00;-9.775617e-01;-2.195703e+00;-1.994016e+00;2.930913e+00;-1.869065e+00;-4.921611e+00;-3.665252e-01;-1.516826e+00;5.779448e+00;9.004669e-01;-2.194290e-01;-4.487000e-01
2;0.200000;7.156482e-01;7.563992e-01;-6.681099e-01;4.432144e-01;-2.295379e+00;1.908918e+00;-7.887821e-01;-3.108160e+00;-1.318887e+00;1.584906e+00;4.308375e+00;4.971876e-01;-2.803450e-01;-1.870804e-01
3;0.300000;1.288357e-01;-9.182320e-01;-1.319360e+00;3.254564e+00;-8.292780e-01;-8.840714e-01;-5.452018e-01;1.975580e+00;-1.008769e+00;3.334142e+00;-1.441629e+00;9.890461e-02;-4.644728e-01;-3.594208e-02
4;0.400000;-1.504689e+00;-4.355084e+00;2.284741e-01;1.040662e+00;1.950742e+00;-3.125799e+00;2.036247e+00;5.816429e+00;1.241913e+00;1.111054e+00;-5.401607e+00;8.722081e-01;7.163134e-01;1.592834e+00
5;0.500000;-1.156458e+00;-5.148286e+00;3.016116e+00;1.515008e+00;4.844904e+00;-3.727718e+00;4.305469e+00;5.064304e+00;1.806847e+00;-2.983874e+00;-7.893197e+00;-4.591675e-01;1.122590e+00;1.557961e+00
