frameIndex;frameTime;pcm_fftMag_mfcc[0];pcm_fftMag_mfcc[1];pcm_fftMag_mfcc[2];pcm_fftMag_mfcc[3];pcm_fftMag_mfcc[4];pcm_fftMag_mfcc[5];pcm_fftMag_mfcc[6];pcm_fftMag_mfcc[7];pcm_fftMag_mfcc[8];pcm_fftMag_mfcc[9];pcm_fftMag_mfcc[10];pcm_fftMag_mfcc[11];pcm_fftMag_mfcc[12];pcm_fftMag_mfcc[13]
0;0.000000;-4.194438e+00;9.454007e-01;-5.411278e+00;1.160892e+00;5.761889e+00;8.694878e-01;1.377041e+00;3.700381e+00;-2.897530e-01;-6.790871e+00;4.215488e-01;-1.985865e+00;-5.305595e-01;2.936523e+00
1;0.100000;-5.550649e+00;4.751115e+00;-2.016253e+00;7.394457e-01;3.914803e+00;2.384319e-01;-3.666050e+00;2.156509e+00;2.261142e+00;-4.026992e+00;3.346462e+00;-4.886880e-01;1.087493e+00;1.031204e+00
2;0.200000;-1.394236e+00;2.745984e+00;9.564173e-01;-9.486961e-02;-4.060469e+00;-1.604607e+00;-3.027129e+00;-2.549322e+00;5.607929e-01;1.402179e+00;1.763438e+00;-2.043483e+00;1.995228e+00;5.388870e-01
3;0.300000;2.870203e+00;-2.735237e+00;3.715282e+00;-3.214244e+00;-4.721140e+00;-1.091578e+00;7.427871e-01;-3.306724e+00;-2.492908e+00;5.562520e+00;-3.020692e+00;1.161260e+00;4.323883e-01;9.220886e-02
4;0.400000;4.139289e+00;-4.144623e+00;3.529262e+00;-1.694592e+00;-2.371389e+00;5.728664e-01;2.214269e+00;-7.864510e-01;-2.285599e+00;5.652245e+00;-3.385152e+00;3.334422e+00;-1.859532e+00;-1.209412e+00
5;0.500000;4.129827e+00;-1.562638e+00;-7.734282e-01;3.103364e+00;1.476292e+00;1.015398e+00;2.359081e+00;7.856059e-01;2.246322e+00;-1.799081e+00;8.743954e-01;2.235317e-02;-1.125017e+00;-3.389404e+00
