frameIndex;frameTime;pcm_fftMag_mfcc[0];pcm_fftMag_mfcc[1];pcm_fftMag_mfcc[2];pcm_fftMag_mfcc[3];pcm_fftMag_mfcc[4];pcm_fftMag_mfcc[5];pcm_fftMag_mfcc[6];pcm_fftMag_mfcc[7];pcm_fftMag_mfcc[8];pcm_fftMag_mfcc[9];pcm_fftMag_mfcc[10];pcm_fftMag_mfcc[11];pcm_fftMag_mfcc[12];pcm_fftMag_mfcc[13]
0;0.000000;2.056557e+00;-1.630949e+00;-7.683404e+00;-6.138097e+00;4.245248e+00;4.459393e+00;-3.661677e+00;2.772135e+00;3.378098e+00;-8.552626e-01;-1.990789e+00;-3.739910e+00;-3.298932e+00;6.637573e-02
1;0.100000;-1.648537e+00;7.176228e-01;9.199216e-01;9.092712e-01;7.583103e-01;-4.807072e-01;6.870701e-01;1.164796e+00;-5.841761e-01;-1.081355e+00;2.050967e-01;6.284902e-01;3.076956e-01;2.879105e-01
2;0.200000;-4.080162e-01;9.133263e-01;6.763482e+00;5.228826e+00;-5.003559e+00;-3.978685e+00;2.974607e+00;-3.936933e+00;-2.793921e+00;1.936617e+00;1.785692e+00;3.111420e+00;2.991237e+00;-3.543167e-01
