frameIndex;frameTime;pcm_fftMag_mfcc[0];pcm_fftMag_mfcc[1];pcm_fftMag_mfcc[2];pcm_fftMag_mfcc[3];pcm_fftMag_mfcc[4];pcm_fftMag_mfcc[5];pcm_fftMag_mfcc[6];pcm_fftMag_mfcc[7];pcm_fftMag_mfcc[8];pcm_fftMag_mfcc[9];pcm_fftMag_mfcc[10];pcm_fftMag_mfcc[11];pcm_fftMag_mfcc[12];pcm_fftMag_mfcc[13]
0;0.000000;3.917327e+00;1.582844e+00;6.605490e+00;1.626010e+00;4.935520e+00;-2.980009e+00;4.196836e-01;-6.620393e+00;-5.181596e+00;2.260773e+00;2.844996e-01;-1.115412e+00;4.897957e+00;-3.047798e+00
1;0.100000;1.341124e+00;3.600237e+00;3.481700e+00;2.015720e+00;3.337845e+00;2.710266e-01;-2.862022e+00;-8.801652e+00;-5.880990e+00;1.308971e+00;-6.653481e-01;-2.174881e+00;2.067995e+00;-2.016457e+00
2;0.200000;-4.227507e+00;4.616774e+00;-9.735551e-01;1.504529e+00;3.291761e+00;-1.227188e-01;-2.088282e+00;-4.543395e+00;-4.189730e+00;-2.587268e+00;-1.229457e+00;4.405661e-01;-1.545842e+00;-1.091354e+00
3;0.300000;-3.546227e+00;1.446322e+00;-6.755172e+00;1.051937e+00;-8.457870e-01;-1.004560e+00;4.053184e+00;5.180109e+00;4.837726e+00;4.574784e-01;-1.341694e+00;2.133372e+00;-1.777808e+00;8.654709e-01
4;0.400000;4.264622e-01;-3.102940e+00;-6.688152e+00;1.643492e+00;-6.189772e+00;-5.827141e-01;4.015317e+00;5.422369e+00;5.699384e+00;-1.338239e-01;-2.775908e-01;6.085401e-01;-2.131330e+00;2.423126e+00
5;0.500000;2.088821e+00;-8.143242e+00;4.329689e+00;-7.841688e+00;-4.529562e+00;4.418980e+00;-3.537880e+00;9.362955e+00;4.715204e+00;-1.306131e+00;3.229587e+00;1.078153e-01;-1.510972e+00;2.866974e+00
