frameIndex;frameTime;pcm_fftMag_mfcc[0];pcm_fftMag_mfcc[1];pcm_fftMag_mfcc[2];pcm_fftMag_mfcc[3];pcm_fftMag_mfcc[4];pcm_fftMag_mfcc[5];pcm_fftMag_mfcc[6];pcm_fftMag_mfcc[7];pcm_fftMag_mfcc[8];pcm_fftMag_mfcc[9];pcm_fftMag_mfcc[10];pcm_fftMag_mfcc[11];pcm_fftMag_mfcc[12];pcm_fftMag_mfcc[13]
0;0.000000;2.091869e+00;-3.493052e-01;-1.449847e+00;3.322258e-01;2.181144e+00;9.055632e+00;5.820336e+00;7.133759e+00;1.651044e+00;5.489100e+00;-1.344500e+00;5.467176e-01;4.034701e+00;1.127670e+00
1;0.100000;1.596470e-01;4.471436e+00;-3.721888e+00;-3.111789e+00;2.559868e+00;-1.837269e+00;5.805842e+00;-5.122812e-01;3.126994e+00;1.073236e+00;-1.424615e+00;3.520542e+00;-1.371723e+00;-2.516022e-01
2;0.200000;-2.010859e+00;7.466214e+00;-1.930597e+00;-2.970945e+00;-1.428307e+00;-1.079628e+01;8.079758e-01;-5.607512e+00;3.858595e-01;-2.981733e+00;-2.307138e-01;-6.236017e-01;-4.184576e+00;-1.529701e+00
3;0.300000;-1.400783e+00;-7.150822e-01;1.131043e+00;-1.112688e+00;-1.760797e+00;-6.790025e+00;-4.798617e+00;-7.353960e+00;-7.510945e-01;-3.456664e+00;5.275946e-01;-3.060349e+00;-1.788330e+00;-8.802795e-02
4;0.400000;8.468723e-02;-8.361800e+00;2.214476e+00;-9.858615e-01;-3.140723e+00;6.731328e-01;-8.128806e+00;-1.249690e-01;-5.677652e+00;-1.775397e+00;-1.355053e+00;-2.016149e+00;-1.165982e+00;2.087860e-01
5;0.500000;1.075438e+00;-2.511461e+00;3.756811e+00;7.849057e+00;1.588815e+00;9.694810e+00;4.932699e-01;6.464962e+00;1.264849e+00;1.651457e+00;3.827290e+00;1.632839e+00;4.475910e+00;5.328369e-01
