frameIndex;frameTime;pcm_fftMag_mfcc[0];pcm_fftMag_mfcc[1];pcm_fftMag_mfcc[2];pcm_fftMag_mfcc[3];pcm_fftMag_mfcc[4];pcm_fftMag_mfcc[5];pcm_fftMag_mfcc[6];pcm_fftMag_mfcc[7];pcm_fftMag_mfcc[8];pcm_fftMag_mfcc[9];pcm_fftMag_mfcc[10];pcm_fftMag_mfcc[11];pcm_fftMag_mfcc[12];pcm_fftMag_mfcc[13]
0;0.000000;2.829716e+00;-2.986055e+00;-7.708925e-01;-5.738812e+00;-6.565332e+00;1.645594e+00;-1.971602e+00;2.772049e+00;3.364444e+00;-4.318441e+00;-1.006517e+01;-6.797920e+00;-6.158465e+00;4.348297e-01
1;0.100000;-1.542935e+00;7.078061e-01;3.225507e+00;-3.374339e+00;-2.233955e+00;-1.478899e+00;2.982292e-01;1.760627e+00;2.135170e+00;-2.278533e+00;-6.284019e+00;-2.560318e+00;-4.341472e+00;4.717560e-01
2;0.200000;-2.277761e+00;3.415131e+00;6.448610e+00;1.272266e+00;1.684166e+00;-3.769207e+00;8.491087e-02;2.166984e+00;9.327312e-01;-1.530526e+00;-2.226057e+00;2.954626e+00;9.302766e-01;-8.956146e-01
3;0.300000;1.193385e+00;3.605409e-01;2.578108e+00;1.321682e+00;3.341366e+00;4.430771e-01;-5.055717e-01;4.041195e-01;-1.345153e+00;1.947902e-01;2.289374e+00;5.690104e+00;5.331834e+00;-2.071243e+00
4;0.400000;3.387071e+00;-3.768854e+00;-4.340119e+00;2.265153e+00;1.231329e+00;4.768045e+00;-1.567664e+00;-2.059355e+00;-2.532310e+00;3.031981e+00;8.634161e+00;-2.562892e-02;3.204952e+00;-1.359406e+00
5;0.500000;-3.589478e+00;2.271433e+00;-7.141215e+00;4.254049e+00;2.542423e+00;-1.608606e+00;3.661698e+00;-5.044428e+00;-2.554880e+00;4.900729e+00;7.651716e+00;7.391375e-01;1.032875e+00;3.419693e+00
