frameIndex;frameTime;pcm_fftMag_mfcc[0];pcm_fftMag_mfcc[1];pcm_fftMag_mfcc[2];pcm_fftMag_mfcc[3];pcm_fftMag_mfcc[4];pcm_fftMag_mfcc[5];pcm_fftMag_mfcc[6];pcm_fftMag_mfcc[7];pcm_fftMag_mfcc[8];pcm_fftMag_mfcc[9];pcm_fftMag_mfcc[10];pcm_fftMag_mfcc[11];pcm_fftMag_mfcc[12];pcm_fftMag_mfcc[13]
0;0.000000;7.663317e-01;-1.350867e+00;-3.017156e+00;3.041373e+00;-3.688712e+00;5.117977e+00;-2.302402e+00;-1.975794e+00;-2.767375e+00;-6.825237e-01;2.584932e+00;-9.974879e-01;-3.329455e+00;8.596954e-01
1;0.100000;1.103611e-01;-1.967529e+00;7.669039e-01;-5.516405e-01;-1.235869e+00;2.312542e+00;1.920104e-02;-3.070091e+00;-5.353369e+00;1.966128e+00;1.578007e-01;8.685688e-01;-6.462436e-01;4.137039e-01
2;0.200000;-1.477688e+00;1.991538e+00;1.257940e+00;-1.486598e+00;2.119919e+00;-2.924668e+00;2.126960e+00;-1.209620e+00;-5.628686e-01;1.372754e+00;3.138351e-01;-1.190042e+00;2.244062e+00;-7.144852e-01
3;0.300000;6.009941e-01;1.326858e+00;9.923120e-01;-1.003134e+00;2.804662e+00;-4.505853e+00;1.562405e-01;6.255504e+00;8.683613e+00;-2.656358e+00;-3.056569e+00;1.318961e+00;1.731635e+00;-5.589142e-01
