frameIndex;frameTime;pcm_fftMag_mfcc[0];pcm_fftMag_mfcc[1];pcm_fftMag_mfcc[2];pcm_fftMag_mfcc[3];pcm_fftMag_mfcc[4];pcm_fftMag_mfcc[5];pcm_fftMag_mfcc[6];pcm_fftMag_mfcc[7];pcm_fftMag_mfcc[8];pcm_fftMag_mfcc[9];pcm_fftMag_mfcc[10];pcm_fftMag_mfcc[11];pcm_fftMag_mfcc[12];pcm_fftMag_mfcc[13]
0;0.000000;-1.697338e+00;-2.511319e+00;-2.457056e+00;-3.995495e-01;-2.062563e+00;-3.936626e+00;-2.782459e+00;-1.106317e+00;1.865376e+00;-4.055210e+00;-2.304297e+00;-2.208741e+00;3.992555e+00;2.375626e+00
1;0.100000;9.756660e-01;-1.331406e+00;2.563509e+00;-1.228533e+00;-1.407600e+00;-4.454469e+00;-3.683992e+00;2.609288e+00;-4.562389e-01;-2.433913e+00;-6.519628e-01;1.056205e+00;1.859970e+00;6.279907e-01
2;0.200000;-3.319836e-01;4.416766e+00;1.246301e+00;4.507093e-01;-1.087057e+00;-1.865037e+00;-5.029984e+00;4.854920e+00;7.661473e-01;-3.924767e+00;2.692975e+00;2.198225e+00;1.618212e+00;-1.036072e-01
3;0.300000;-1.949616e+00;5.158423e+00;1.859133e+00;2.620899e+00;-2.974955e+00;1.524805e+00;-4.273796e-02;9.369531e-01;9.206944e-01;-6.265340e-01;4.247106e+00;2.622273e+00;-9.952455e-01;-9.326019e-01
4;0.400000;-4.945507e-01;-4.959954e-01;-8.866196e-01;7.808170e-01;7.729244e-01;5.437790e+00;5.044713e+00;-3.522538e+00;-5.578409e-01;4.764124e+00;1.186741e+00;-7.654500e-01;-2.980563e+00;-6.538696e-01
5;0.500000;3.497820e+00;-5.236469e+00;-2.325269e+00;-2.224345e+00;6.759246e+00;3.293536e+00;6.494466e+00;-3.772307e+00;-2.538137e+00;6.276298e+00;-5.170561e+00;-2.902514e+00;-3.494927e+00;-1.313568e+00
