frameIndex;frameTime;pcm_fftMag_mfcc[0];pcm_fftMag_mfcc[1];pcm_fftMag_mfcc[2];pcm_fftMag_mfcc[3];pcm_fftMag_mfcc[4];pcm_fftMag_mfcc[5];pcm_fftMag_mfcc[6];pcm_fftMag_mfcc[7];pcm_fftMag_mfcc[8];pcm_fftMag_mfcc[9];pcm_fftMag_mfcc[10];pcm_fftMag_mfcc[11];pcm_fftMag_mfcc[12];pcm_fftMag_mfcc[13]
0;0.000000;-1.045490e+00;4.529524e-01;-9.725285e+00;-7.993889e-02;2.619799e+00;5.346610e+00;4.308474e+00;4.045017e+00;3.200314e+00;-6.311722e-01;-2.095679e+00;-3.613611e+00;-2.582762e+00;1.993172e+00
1;0.100000;-4.402831e+00;3.008653e+00;-6.413816e+00;7.714767e-01;-1.105087e+00;4.899401e+00;5.334996e+00;-4.626757e-02;5.299083e+00;-4.064655e-02;-1.875189e+00;-2.658322e+00;-1.370268e+00;2.367111e+00
2;0.200000;-4.124412e+00;4.774849e+00;-3.376536e+00;2.725580e+00;-2.230215e+00;1.405151e+00;1.432120e+00;-7.802559e+00;2.434540e-01;-1.659825e-01;3.269758e+00;1.444599e+00;-1.424634e-01;9.082260e-01
3;0.300000;2.991457e-01;1.352803e+00;9.262886e-01;3.286034e+00;-9.467945e-01;-3.472061e+00;-2.599778e+00;-4.756351e+00;-3.212982e+00;-2.411346e+00;6.181096e+00;2.282309e+00;8.322449e-01;2.077255e-01
4;0.400000;4.035172e+00;-4.614506e+00;9.134512e+00;-2.149941e+00;4.805756e-01;-5.844200e+00;-4.082068e+00;1.913931e+00;-4.487292e+00;3.608060e-01;4.371479e-01;1.389861e+00;2.138018e+00;-1.656479e+00
5;0.500000;5.238413e+00;-4.974755e+00;9.454838e+00;-4.553214e+00;1.181721e+00;-2.334904e+00;-4.393742e+00;6.646230e+00;-1.042577e+00;2.888342e+00;-5.917132e+00;1.155165e+00;1.125230e+00;-3.819733e+00
