frameIndex;frameTime;pcm_fftMag_mfcc[0];pcm_fftMag_mfcc[1];pcm_fftMag_mfcc[2];pcm_fftMag_mfcc[3];pcm_fftMag_mfcc[4];pcm_fftMag_mfcc[5];pcm_fftMag_mfcc[6];pcm_fftMag_mfcc[7];pcm_fftMag_mfcc[8];pcm_fftMag_mfcc[9];pcm_fftMag_mfcc[10];pcm_fftMag_mfcc[11];pcm_fftMag_mfcc[12];pcm_fftMag_mfcc[13]
0;0.000000;-9.900713e-01;1.150326e+01;8.148390e+00;-4.268416e+00;3.370245e+00;1.179895e+01;4.896458e+00;-3.143549e-01;-9.396985e-01;-4.702944e+00;-2.700328e+00;2.824632e+00;6.279495e+00;-8.158340e-01
1;0.100000;-1.376476e-01;8.254106e+00;1.950939e+00;4.648957e+00;1.929518e+00;1.731255e+00;4.352163e+00;6.780330e+00;1.440995e+00;-6.281332e+00;-3.785391e-01;4.844193e+00;3.566404e+00;1.017540e+00
2;0.200000;1.204159e+00;-3.181487e-01;-3.242198e+00;7.126760e+00;-4.652033e+00;-3.417394e+00;5.003344e+00;4.788476e+00;1.954663e+00;1.945364e+00;1.850947e+00;3.065886e+00;4.175506e+00;2.038383e+00
3;0.300000;1.048932e+00;-8.477727e+00;-3.106977e+00;-5.002606e-01;-6.421545e+00;-3.958181e+00;8.397734e-01;4.641166e+00;-1.417310e-01;3.712035e+00;1.857564e+00;2.017542e+00;1.980731e+00;8.772736e-01
4;0.400000;-1.256461e+00;-7.512665e+00;-1.940962e+00;-4.038716e+00;-1.055691e+00;-4.637338e+00;-2.864243e+00;-2.407928e+00;-1.298239e+00;-4.559655e-01;-1.132143e+00;-4.510744e+00;-7.613691e+00;-9.379272e-01
5;0.500000;1.310911e-01;-3.448824e+00;-1.809191e+00;-2.968325e+00;6.829497e+00;-1.517294e+00;-1.222750e+01;-1.348769e+01;-1.015990e+00;5.782843e+00;5.024991e-01;-8.241508e+00;-8.388445e+00;-2.179466e+00
