frameIndex;frameTime;pcm_fftMag_mfcc[0];pcm_fftMag_mfcc[1];pcm_fftMag_mfcc[2];pcm_fftMag_mfcc[3];pcm_fftMag_mfcc[4];pcm_fftMag_mfcc[5];pcm_fftMag_mfcc[6];pcm_fftMag_mfcc[7];pcm_fftMag_mfcc[8];pcm_fftMag_mfcc[9];pcm_fftMag_mfcc[10];pcm_fftMag_mfcc[11];pcm_fftMag_mfcc[12];pcm_fftMag_mfcc[13]
0;0.000000;1.011628e+00;9.854341e-01;-6.752314e+00;3.176733e+00;2.528932e+00;-1.081913e+00;3.390827e-01;-9.394604e-01;-1.360826e+00;4.419700e+00;1.247440e+00;-2.337432e-01;1.985979e-02;-1.100929e+00
1;0.100000;-1.334090e-01;-7.219219e-02;-3.989890e+00;1.525002e+00;-3.942389e-01;-1.859579e+00;-3.582206e-01;2.049641e+00;1.276482e+00;2.763246e+00;-5.908308e-01;-1.957965e+00;5.829121e-01;2.083282e-01
2;0.200000;-3.078713e-01;-3.483038e-01;4.760180e+00;-1.871036e+00;-1.749166e+00;1.095210e+00;-2.432810e+00;-4.231431e-01;1.383554e+00;-2.341237e-01;2.276421e-02;-1.766266e+00;-5.195715e-01;2.437363e-01
3;0.300000;-5.703483e-01;-5.649376e-01;5.982023e+00;-2.830699e+00;-3.855269e-01;1.846281e+00;2.451949e+00;-6.870367e-01;-1.299211e+00;-6.948822e+00;-6.793766e-01;3.957973e+00;-8.320022e-02;6.488647e-01
