frameIndex;frameTime;pcm_fftMag_mfcc[0];pcm_fftMag_mfcc[1];pcm_fftMag_mfcc[2];pcm_fftMag_mfcc[3];pcm_fftMag_mfcc[4];pcm_fftMag_mfcc[5];pcm_fftMag_mfcc[6];pcm_fftMag_mfcc[7];pcm_fftMag_mfcc[8];pcm_fftMag_mfcc[9];pcm_fftMag_mfcc[10];pcm_fftMag_mfcc[11];pcm_fftMag_mfcc[12];pcm_fftMag_mfcc[13]
0;0.000000;3.504107e+00;-3.469363e+00;-1.558990e+00;9.485131e+00;4.139730e+00;1.377294e+01;5.296692e+00;1.140644e+01;5.628188e+00;-3.111506e+00;3.765976e+00;2.558424e+00;7.021851e+00;3.849655e+00
1;0.100000;5.240627e+00;-3.461322e+00;-1.667694e+00;-8.781414e-01;5.139283e+00;6.060481e+00;-1.393582e+00;9.099447e+00;3.040177e+00;2.114449e+00;-1.223932e+00;2.036424e+00;2.810604e+00;8.348846e-02
2;0.200000;4.598863e+00;-3.566965e+00;-2.238619e+00;-6.172977e+00;1.494051e+00;-9.730699e-01;-8.042344e+00;1.940584e+00;-3.717567e+00;-1.983492e-01;-3.925658e+00;-1.201927e+00;-1.146643e+00;-2.094704e+00
3;0.300000;1.041889e+00;-3.062988e+00;1.884542e+00;-4.352035e+00;-2.095899e+00;-4.214016e+00;-2.773564e+00;-5.280516e+00;-3.908550e+00;9.404945e-01;-1.227068e+00;-1.580098e+00;-3.793800e+00;-5.895233e-01
4;0.400000;-5.202113e+00;2.809238e+00;1.200841e+00;4.845123e-01;-4.454037e+00;-6.324990e+00;2.093324e+00;-8.814244e+00;2.453116e-01;-3.360584e-01;8.652363e-01;-1.398232e+00;-3.896919e+00;3.175812e-01
5;0.500000;-9.183372e+00;1.075140e+01;2.379917e+00;1.433511e+00;-4.223128e+00;-8.321346e+00;4.819469e+00;-8.351707e+00;-1.287559e+00;5.909691e-01;1.745446e+00;-4.145927e-01;-9.950938e-01;-1.566513e+00
