frameIndex;frameTime;pcm_fftMag_mfcc[0];pcm_fftMag_mfcc[1];pcm_fftMag_mfcc[2];pcm_fftMag_mfcc[3];pcm_fftMag_mfcc[4];pcm_fftMag_mfcc[5];pcm_fftMag_mfcc[6];pcm_fftMag_mfcc[7];pcm_fftMag_mfcc[8];pcm_fftMag_mfcc[9];pcm_fftMag_mfcc[10];pcm_fftMag_mfcc[11];pcm_fftMag_mfcc[12];pcm_fftMag_mfcc[13]
0;0.000000;6.080537e+00;-2.568316e-01;-2.103122e+00;-3.674142e+00;-3.890894e+00;1.024071e+01;-1.099995e-01;-3.695282e+00;-6.835402e+00;1.719275e-01;5.873861e-01;1.158570e+00;-2.876773e+00;-3.923645e+00
1;0.100000;2.589509e+00;2.371850e+00;-1.526535e+00;-6.288663e+00;-1.899796e-01;6.364608e+00;1.825238e+00;-4.471603e+00;-7.615266e+00;-5.742054e-01;2.625310e+00;8.673953e-01;-1.008476e+00;-1.192848e+00
2;0.200000;-1.334984e+00;1.647148e+00;-1.446146e+00;-1.002544e+00;3.631908e+00;-3.760900e-01;-1.263735e+00;-8.133435e-01;-3.010879e+00;-4.554162e-01;8.977165e-01;1.383115e+00;1.281315e+00;9.363708e-01
3;0.300000;-2.736551e+00;-9.895370e-01;4.107314e+00;4.409374e+00;1.290092e-01;-6.999867e+00;-3.293336e+00;2.660219e+00;3.259049e+00;-1.578894e-01;-1.118986e+00;1.742301e+00;3.185996e+00;1.713242e+00
4;0.400000;-2.915878e+00;-1.458277e+00;5.876254e+00;5.591343e+00;-1.714941e+00;-8.710662e+00;-1.717824e+00;4.066361e+00;7.084394e+00;-6.401877e-01;-1.296163e+00;5.501782e-01;3.017748e+00;1.439285e+00
5;0.500000;-1.682629e+00;-1.314350e+00;-4.907763e+00;9.646311e-01;2.034906e+00;-5.186901e-01;4.559657e+00;2.253647e+00;7.118104e+00;1.655772e+00;-1.695258e+00;-5.701560e+00;-3.599810e+00;1.027603e+00
