frameIndex;frameTime;pcm_fftMag_mfcc[0];pcm_fftMag_mfcc[1];pcm_fftMag_mfcc[2];pcm_fftMag_mfcc[3];pcm_fftMag_mfcc[4];pcm_fftMag_mfcc[5];pcm_fftMag_mfcc[6];pcm_fftMag_mfcc[7];pcm_fftMag_mfcc[8];pcm_fftMag_mfcc[9];pcm_fftMag_mfcc[10];pcm_fftMag_mfcc[11];pcm_fftMag_mfcc[12];pcm_fftMag_mfcc[13]
0;0.000000;-7.046636e+00;4.102824e+00;-4.968284e+00;1.827544e+00;3.169042e+00;4.678195e+00;3.819353e+00;1.280187e+00;5.206647e+00;-6.237662e+00;1.379742e+00;1.705604e-01;3.017275e+00;4.280838e+00
1;0.100000;-1.773216e+00;7.543738e-01;-6.929376e+00;4.643859e+00;3.416845e+00;2.537389e+00;4.951654e+00;1.070347e+00;7.552309e-01;-8.437057e+00;-1.252470e+00;-2.804648e+00;1.838125e+00;3.113754e+00
2;0.200000;3.856990e+00;-2.229591e+00;-2.021491e+00;2.082065e+00;1.520736e+00;1.640587e-01;1.574078e+00;2.394911e+00;-3.592663e+00;-4.521166e+00;-3.265900e+00;-2.139609e+00;-6.150460e-01;-8.739243e-01
3;0.300000;1.214329e+00;-4.656315e-04;6.724675e+00;-4.951277e+00;-3.789531e+00;-1.222507e+00;-1.248459e+00;1.688552e+00;-3.335753e+00;3.458691e+00;-8.965225e-01;4.303896e-02;-3.201254e+00;-2.055496e+00
4;0.400000;8.269386e-01;-8.833110e-01;5.720665e+00;-3.633034e+00;-4.070038e+00;-3.877148e+00;-3.665162e+00;-1.192996e+00;-6.623521e-01;6.866673e+00;1.768975e+00;1.834778e+00;-1.734142e+00;-1.310959e+00
5;0.500000;2.921592e+00;-1.743829e+00;1.473812e+00;3.085136e-02;-2.470531e-01;-2.279989e+00;-5.431467e+00;-5.241001e+00;1.628891e+00;8.870523e+00;2.266176e+00;2.895879e+00;6.950397e-01;-3.154167e+00
