frameIndex;frameTime;pcm_fftMag_mfcc[0];pcm_fftMag_mfcc[1];pcm_fftMag_mfcc[2];pcm_fftMag_mfcc[3];pcm_fftMag_mfcc[4];pcm_fftMag_mfcc[5];pcm_fftMag_mfcc[6];pcm_fftMag_mfcc[7];pcm_fftMag_mfcc[8];pcm_fftMag_mfcc[9];pcm_fftMag_mfcc[10];pcm_fftMag_mfcc[11];pcm_fftMag_mfcc[12];pcm_fftMag_mfcc[13]
0;0.000000;-5.671307e+00;1.704012e+01;-8.200030e+00;-5.608172e+00;2.759763e+00;-4.829587e+00;1.447094e+01;-1.032479e+01;1.874352e-01;8.010584e+00;4.617395e-01;-2.366252e+00;4.427030e+00;-3.950424e-01
1;0.100000;-8.450174e-01;6.964495e+00;-2.892215e+00;-3.536797e+00;1.266896e+00;-4.954975e+00;5.790748e+00;-4.055027e+00;2.488553e+00;4.608574e-01;1.351036e+00;-3.731374e+00;2.276979e+00;-1.519897e+00
2;0.200000;1.688094e+00;-7.017428e+00;3.282149e+00;-7.208700e-01;2.918712e+00;1.179875e+00;-5.846476e+00;4.168714e+00;1.420139e+00;-1.329397e+00;-5.470657e-01;9.310434e-01;-3.745693e+00;-7.885056e-01
3;0.300000;1.782554e+00;-8.864731e+00;2.861488e+00;3.072043e+00;-1.474040e+00;4.281321e+00;-8.402836e+00;5.097192e+00;-5.748854e-01;-4.192636e+00;-7.531996e-01;2.105299e+00;-2.666821e+00;1.492271e+00
4;0.400000;3.045677e+00;-8.122459e+00;4.948606e+00;6.793797e+00;-5.471333e+00;4.323365e+00;-6.012377e+00;5.113916e+00;-3.521238e+00;-2.949410e+00;-5.125074e-01;3.061284e+00;-2.914944e-01;1.211159e+00
