frameIndex;frameTime;pcm_fftMag_mfcc[0];pcm_fftMag_mfcc[1];pcm_fftMag_mfcc[2];pcm_fftMag_mfcc[3];pcm_fftMag_mfcc[4];pcm_fftMag_mfcc[5];pcm_fftMag_mfcc[6];pcm_fftMag_mfcc[7];pcm_fftMag_mfcc[8];pcm_fftMag_mfcc[9];pcm_fftMag_mfcc[10];pcm_fftMag_mfcc[11];pcm_fftMag_mfcc[12];pcm_fftMag_mfcc[13]
0;0.000000;8.436556e-01;-5.873898e+00;1.499537e+00;-7.821136e+00;-4.358657e+00;5.576709e+00;5.599380e-01;3.148944e+00;-6.619701e+00;-1.472882e+00;-6.169306e+00;-9.867415e-01;-4.406219e+00;-1.007645e+00
1;0.100000;-3.793952e+00;-4.654054e+00;5.645431e-01;-1.614235e+00;-3.948114e+00;1.741076e-01;-5.167401e-01;1.465511e-02;-9.232192e-01;-3.931357e+00;-1.596190e+00;-1.936478e+00;-3.291991e+00;7.500458e-02
2;0.200000;-5.723979e+00;1.387473e+00;-1.133252e-01;4.107652e+00;-7.950068e-02;-4.753546e+00;-1.200095e+00;-1.600000e+00;4.196708e+00;-2.825547e-01;4.952859e-01;-2.881556e-01;-1.994130e+00;-2.129135e-01
3;0.300000;-2.740870e+00;6.293348e+00;3.604104e-01;4.946970e+00;6.709938e-01;-6.733637e+00;-6.454177e-01;-1.915126e+00;3.808982e+00;3.941479e+00;2.048639e+00;1.560032e+00;2.334565e+00;3.971634e-01
4;0.400000;2.414434e+00;3.324518e+00;-2.689321e-01;1.721981e+00;1.977981e+00;-2.231302e-01;1.617501e+00;-8.230495e-01;5.580759e-02;2.055613e+00;3.279257e+00;1.617033e+00;4.049294e+00;1.270798e+00
5;0.500000;9.000700e+00;-4.773883e-01;-2.042233e+00;-1.341231e+00;5.737298e+00;5.959492e+00;1.848130e-01;1.174577e+00;-5.185771e-01;-3.102978e-01;1.942315e+00;3.430963e-02;3.308482e+00;-5.223541e-01
