frameIndex;frameTime;pcm_fftMag_mfcc[0];pcm_fftMag_mfcc[1];pcm_fftMag_mfcc[2];pcm_fftMag_mfcc[3];pcm_fftMag_mfcc[4];pcm_fftMag_mfcc[5];pcm_fftMag_mfcc[6];pcm_fftMag_mfcc[7];pcm_fftMag_mfcc[8];pcm_fftMag_mfcc[9];pcm_fftMag_mfcc[10];pcm_fftMag_mfcc[11];pcm_fftMag_mfcc[12];pcm_fftMag_mfcc[13]
0;0.000000;-6.881155e+00;9.817656e+00;-3.765068e+00;4.646163e+00;-2.312436e+00;-3.206253e+00;-1.054623e+00;-1.844515e+00;4.057490e+00;-5.266695e-01;-5.273332e+00;4.636609e+00;1.617313e+00;1.370117e+00
1;0.100000;-3.842779e+00;8.938114e+00;-3.237474e+00;3.900330e+00;-1.038736e+00;-2.290081e+00;-2.570842e-01;1.360292e-01;3.988793e+00;2.184982e-01;-3.497553e+00;5.585794e+00;1.645241e+00;-1.062157e+00
2;0.200000;2.017236e-01;-6.727219e-03;4.184952e-01;-7.635250e-01;-1.531041e+00;3.226441e+00;3.071870e+00;3.197079e-01;-1.777806e+00;3.301962e+00;2.694785e+00;1.927059e+00;-2.648052e+00;-4.385147e+00
3;0.300000;3.825937e+00;-7.379704e+00;3.680759e+00;-5.583408e+00;1.517472e+00;1.182281e+00;2.300495e+00;-1.281192e+00;-2.046308e+00;2.238531e-01;4.822716e+00;-3.416100e+00;-1.638834e+00;1.493454e-01
4;0.400000;3.804276e+00;-7.151721e+00;2.065481e+00;-2.744077e+00;1.897571e+00;1.544182e+00;-3.496849e-01;1.178270e+00;-1.663903e+00;-1.334156e+00;2.594074e+00;-5.276735e+00;-3.089319e-01;2.412727e+00
5;0.500000;2.891999e+00;-4.217618e+00;8.378124e-01;5.445180e-01;1.467169e+00;-4.565687e-01;-3.710973e+00;1.491699e+00;-2.558268e+00;-1.883490e+00;-1.340692e+00;-3.456629e+00;1.333264e+00;1.515114e+00
