frameIndex;frameTime;pcm_fftMag_mfcc[0];pcm_fftMag_mfcc[1];pcm_fftMag_mfcc[2];pcm_fftMag_mfcc[3];pcm_fftMag_mfcc[4];pcm_fftMag_mfcc[5];pcm_fftMag_mfcc[6];pcm_fftMag_mfcc[7];pcm_fftMag_mfcc[8];pcm_fftMag_mfcc[9];pcm_fftMag_mfcc[10];pcm_fftMag_mfcc[11];pcm_fftMag_mfcc[12];pcm_fftMag_mfcc[13]
0;0.000000;3.731213e-01;3.506519e+00;1.696939e+00;-4.157609e+00;4.476794e+00;2.464616e+00;-1.679111e+00;-1.307590e+00;-3.436285e-01;8.683421e+00;3.055301e+00;3.393803e-01;-3.896980e+00;-2.999466e+00
1;0.100000;-5.167007e-01;2.263352e+00;2.978476e+00;-4.679387e+00;4.417278e+00;-1.887443e+00;-2.421710e+00;-8.646088e-01;-6.641353e+00;5.343034e+00;7.004874e+00;3.856977e+00;5.857093e-01;-1.700508e+00
2;0.200000;6.507616e-01;6.366909e-01;2.646339e+00;-1.617371e+00;1.511658e+00;-4.836721e-01;-5.928089e+00;-3.026223e+00;-4.099367e+00;2.353472e+00;3.644980e+00;3.959793e+00;2.856946e+00;-4.649277e-01
3;0.300000;2.778158e-01;5.919825e-01;1.052572e+00;1.749126e+00;-3.830027e+00;5.902882e-01;-3.336918e+00;-2.628463e+00;2.171585e+00;-3.640183e+00;-1.594933e+00;2.220078e+00;-2.411049e+00;-1.197433e-01
4;0.400000;-4.223161e-01;-1.559087e+00;-2.938961e+00;4.511484e+00;-3.256721e+00;-2.589417e-02;4.925798e+00;3.348372e+00;4.805372e+00;-4.835290e+00;-6.000245e+00;-3.947884e+00;2.153114e-01;1.962967e+00
5;0.500000;-3.626823e-01;-5.439457e+00;-5.435368e+00;4.193759e+00;-3.318985e+00;-6.578941e-01;8.440035e+00;4.478513e+00;4.107390e+00;-7.904453e+00;-6.109980e+00;-6.428345e+00;2.650063e+00;3.321709e+00
