frameIndex;frameTime;pcm_fftMag_mfcc[0];pcm_fftMag_mfcc[1];pcm_fftMag_mfcc[2];pcm_fftMag_mfcc[3];pcm_fftMag_mfcc[4];pcm_fftMag_mfcc[5];pcm_fftMag_mfcc[6];pcm_fftMag_mfcc[7];pcm_fftMag_mfcc[8];pcm_fftMag_mfcc[9];pcm_fftMag_mfcc[10];pcm_fftMag_mfcc[11];pcm_fftMag_mfcc[12];pcm_fftMag_mfcc[13]
0;0.000000;7.667847e+00;-1.156872e+01;1.141582e+00;1.071817e+01;-1.301478e+01;-7.463036e-01;5.659482e+00;-9.222313e+00;9.422546e+00;-3.169415e+00;-6.089304e+00;5.530817e+00;-2.254847e+00;-1.807480e+00
1;0.100000;-2.482395e-01;-8.445678e+00;-1.954609e+00;5.577245e+00;-6.137566e+00;-3.547211e-01;7.675308e+00;-2.439623e-01;6.700269e+00;5.353397e-01;-3.319210e+00;2.040917e+00;6.609962e-01;4.037895e+00
2;0.200000;-4.705515e+00;-4.367098e+00;-2.010201e+00;2.076385e+00;-7.326727e-01;5.142212e-02;5.976409e+00;4.977708e+00;2.725987e+00;2.812939e-01;-6.907330e-01;-2.542057e-01;1.612065e+00;5.183426e+00
3;0.300000;-5.904282e+00;3.001815e+00;1.341324e-01;-1.083965e+00;2.005140e+00;-4.308350e+00;-2.390331e+00;3.197602e+00;-6.353530e+00;-4.991723e+00;-8.831596e-02;-3.224956e+00;6.732881e-01;2.406731e+00
4;0.400000;-1.754227e+00;1.262675e+01;2.795656e+00;-4.076685e+00;8.217583e+00;-1.948273e+00;-8.757922e+00;4.203541e+00;-6.149388e+00;-5.811505e-01;6.828796e+00;-2.114351e+00;1.225292e+00;-2.507576e+00
5;0.500000;4.944417e+00;8.752930e+00;-1.065598e-01;-1.321115e+01;9.662296e+00;7.306238e+00;-8.162949e+00;-2.912572e+00;-6.345884e+00;7.925654e+00;3.358765e+00;-1.978217e+00;-1.916795e+00;-7.313026e+00
