frameIndex;frameTime;pcm_fftMag_mfcc[0];pcm_fftMag_mfcc[1];pcm_fftMag_mfcc[2];pcm_fftMag_mfcc[3];pcm_fftMag_mfcc[4];pcm_fftMag_mfcc[5];pcm_fftMag_mfcc[6];pcm_fftMag_mfcc[7];pcm_fftMag_mfcc[8];pcm_fftMag_mfcc[9];pcm_fftMag_mfcc[10];pcm_fftMag_mfcc[11];pcm_fftMag_mfcc[12];pcm_fftMag_mfcc[13]
0;0.000000;2.044743e+00;-1.384152e+00;-3.423132e+00;-2.653089e+00;-1.338072e+00;4.006262e-01;-6.406069e-02;-1.728707e+00;-4.332365e+00;-6.250961e+00;-6.006361e-01;-3.481925e+00;-2.894619e+00;8.943863e-01
1;0.100000;-3.086564e+00;2.372392e+00;-7.704601e-01;2.121371e+00;-1.763697e-01;3.641567e-01;2.444033e+00;-4.155626e-01;4.184632e-01;-4.306663e+00;-9.273032e-01;-3.937253e+00;-4.890026e+00;7.595444e-01
2;0.200000;-5.085186e+00;5.752535e+00;5.165022e+00;4.696695e+00;-2.711156e+00;-2.969528e+00;1.246632e+00;1.408377e-01;5.021404e+00;-1.060558e+00;4.447274e-01;-4.297733e-01;-3.583641e+00;-1.448425e+00
3;0.300000;5.955887e-02;2.600945e+00;2.401855e+00;5.471230e-01;-4.188938e-01;1.470015e+00;3.487329e+00;-1.880855e+00;2.358608e+00;6.858640e-01;2.699773e+00;4.859956e+00;-8.054080e-01;-2.145500e+00
4;0.400000;5.255191e+00;-5.166981e+00;-3.051043e-01;-3.885320e+00;4.852044e+00;1.046009e+00;-1.981191e+00;2.331743e+00;-2.114501e+00;6.615684e+00;-1.069277e+00;1.548561e+00;6.018199e+00;-7.991562e-01
5;0.500000;8.122511e-01;-4.174739e+00;-3.068179e+00;-8.267784e-01;-2.075615e-01;-3.112793e-01;-5.132744e+00;1.552546e+00;-1.351609e+00;4.316633e+00;-5.472840e-01;1.440437e+00;6.155491e+00;2.739105e+00
