frameIndex;frameTime;pcm_fftMag_mfcc[0];pcm_fftMag_mfcc[1];pcm_fftMag_mfcc[2];pcm_fftMag_mfcc[3];pcm_fftMag_mfcc[4];pcm_fftMag_mfcc[5];pcm_fftMag_mfcc[6];pcm_fftMag_mfcc[7];pcm_fftMag_mfcc[8];pcm_fftMag_mfcc[9];pcm_fftMag_mfcc[10];pcm_fftMag_mfcc[11];pcm_fftMag_mfcc[12];pcm_fftMag_mfcc[13]
0;0.000000;-2.822690e+00;7.245233e-01;7.873439e+00;2.482427e+00;-1.145807e+00;-2.068524e+00;-5.632906e-01;2.348223e+00;5.143824e-01;5.928068e-01;1.006380e+00;5.698851e+00;-9.197990e-01;1.536942e-01
1;0.100000;-8.154902e-01;-1.606556e+00;2.899034e+00;-1.428272e-01;-9.450779e-01;1.778583e+00;-1.477571e+00;8.638215e-01;-2.871532e+00;-4.978046e-01;2.079904e+00;3.304370e+00;-1.641585e+00;2.192558e+00
2;0.200000;-3.172467e-01;-1.804157e+00;-1.446867e+00;-1.471579e+00;-1.700605e+00;2.264862e+00;-1.055544e+00;-9.874907e-01;-3.133757e+00;-1.677988e+00;2.516954e+00;7.662468e-01;-1.142682e+00;1.916664e+00
3;0.300000;9.919782e-01;8.532536e-01;-2.641550e+00;-2.980403e+00;-9.386215e-01;2.876686e+00;3.473625e+00;-1.841812e+00;-1.371958e+00;-1.816122e+00;1.579624e+00;-1.703120e+00;1.619415e+00;-6.752777e-01
4;0.400000;2.019529e+00;1.125164e+00;-3.320916e+00;-5.074693e-01;1.490461e+00;-7.839812e-01;3.426760e+00;-8.866825e-01;2.403792e+00;7.278624e-01;-3.681501e+00;-4.917693e+00;2.631314e+00;-2.279564e+00
5;0.500000;9.439205e-01;7.077725e-01;-3.363142e+00;2.619852e+00;3.239641e+00;-4.067625e+00;-3.803985e+00;5.039406e-01;4.459068e+00;2.671247e+00;-3.501360e+00;-3.148654e+00;-5.466627e-01;-1.308105e+00
