frameIndex;frameTime;pcm_fftMag_mfcc[0];pcm_fftMag_mfcc[1];pcm_fftMag_mfcc[2];pcm_fftMag_mfcc[3];pcm_fftMag_mfcc[4];pcm_fftMag_mfcc[5];pcm_fftMag_mfcc[6];pcm_fftMag_mfcc[7];pcm_fftMag_mfcc[8];pcm_fftMag_mfcc[9];pcm_fftMag_mfcc[10];pcm_fftMag_mfcc[11];pcm_fftMag_mfcc[12];pcm_fftMag_mfcc[13]
0;0.000000;6.967179e+00;-5.459519e+00;-3.663284e+00;-3.130307e+00;3.354916e+00;8.761518e+00;-3.563048e+00;6.273724e+00;6.336999e-01;2.555512e+00;-3.179893e+00;3.174116e+00;2.922196e+00;-1.873322e+00
1;0.100000;4.186329e+00;-2.584287e+00;-2.979517e+00;9.038677e-01;4.603309e+00;7.053408e+00;-2.510210e+00;2.626777e+00;1.848265e+00;-2.979951e-01;-5.138705e+00;2.037754e-01;-1.520548e-01;-1.568672e+00
2;0.200000;-1.703469e+00;5.073064e+00;-8.991089e-01;4.236475e+00;1.136633e+00;-2.545557e+00;1.125593e+00;2.391129e+00;6.921763e-01;4.643660e-01;-4.219687e+00;3.252687e-01;-2.365613e+00;-1.745216e+00
3;0.300000;-4.039062e+00;4.080792e+00;2.053435e+00;4.381491e+00;-9.255619e-01;-6.900334e+00;9.630756e-01;2.609555e+00;1.692737e+00;2.164244e+00;-2.198318e+00;9.273653e-01;2.357643e+00;-2.331848e-01
4;0.400000;-4.019879e+00;-3.937260e-01;3.254470e+00;-9.018786e-01;-3.713057e+00;-5.108008e+00;1.345426e+00;-3.610588e+00;-2.447977e-01;-1.155176e+00;4.714059e+00;-1.073039e+00;1.596890e+00;1.945328e+00
5;0.500000;-1.391099e+00;-7.163233e-01;2.234002e+00;-5.489650e+00;-4.456244e+00;-1.261033e+00;2.639165e+00;-1.029060e+01;-4.622080e+00;-3.730953e+00;1.002254e+01;-3.557490e+00;-4.359063e+00;3.475014e+00
