frameIndex;frameTime;pcm_fftMag_mfcc[0];pcm_fftMag_mfcc[1];pcm_fftMag_mfcc[2];pcm_fftMag_mfcc[3];pcm_fftMag_mfcc[4];pcm_fftMag_mfcc[5];pcm_fftMag_mfcc[6];pcm_fftMag_mfcc[7];pcm_fftMag_mfcc[8];pcm_fftMag_mfcc[9];pcm_fftMag_mfcc[10];pcm_fftMag_mfcc[11];pcm_fftMag_mfcc[12];pcm_fftMag_mfcc[13]
0;0.000000;-3.506727e-01;-4.234654e+00;-2.969687e+00;-5.836297e+00;4.788366e+00;-2.704700e+00;3.241086e+00;-9.159077e+00;-2.158403e-01;3.767047e+00;-8.088608e-01;-1.671877e+00;-4.880271e-01;1.992493e+00
1;0.100000;1.454483e+00;-2.731543e-01;-1.893578e+00;-4.465913e+00;2.724035e+00;2.180808e+00;1.397904e+00;-5.493781e+00;-1.775321e+00;3.946661e+00;1.532471e+00;2.317254e+00;2.421022e+00;-9.213943e-01
2;0.200000;9.284263e-01;5.768843e-01;1.088979e+00;-5.737562e-01;1.147329e+00;3.594309e+00;8.214977e-01;2.864577e+00;2.742829e-01;1.567142e+00;2.419498e+00;4.757140e+00;2.571245e+00;-4.168243e-01
3;0.300000;-3.331861e-01;-7.414932e-01;2.366554e+00;2.022232e+00;-1.639346e+00;1.113238e+00;1.268909e+00;6.166892e+00;3.172263e+00;2.530575e-03;4.500885e-01;1.886332e+00;-6.034615e-01;9.583740e-01
4;0.400000;-4.377165e-01;-4.561338e-01;1.593181e+00;3.225243e+00;-3.238286e+00;-1.456957e+00;-1.071446e+00;5.023941e+00;1.043639e+00;-3.564835e+00;-1.517569e+00;-1.379432e+00;-2.912161e+00;-2.470856e-01
5;0.500000;-1.261333e+00;5.128551e+00;-1.854525e-01;5.628492e+00;-3.782098e+00;-2.726698e+00;-5.657950e+00;5.974473e-01;-2.499023e+00;-5.718545e+00;-2.075631e+00;-5.909419e+00;-9.886175e-01;-1.365578e+00
