frameIndex;frameTime;pcm_fftMag_mfcc[0];pcm_fftMag_mfcc[1];pcm_fftMag_mfcc[2];pcm_fftMag_mfcc[3];pcm_fftMag_mfcc[4];pcm_fftMag_mfcc[5];pcm_fftMag_mfcc[6];pcm_fftMag_mfcc[7];pcm_fftMag_mfcc[8];pcm_fftMag_mfcc[9];pcm_fftMag_mfcc[10];pcm_fftMag_mfcc[11];pcm_fftMag_mfcc[12];pcm_fftMag_mfcc[13]
0;0.000000;3.351994e+00;-3.310433e+00;-6.784460e+00;-1.442270e-01;2.433387e+00;6.854938e+00;1.044188e+00;1.418216e+00;1.946159e+00;-2.439234e+00;-4.007531e+00;2.062330e-01;2.869068e+00;1.483803e+00
1;0.100000;3.002224e+00;-8.480120e-01;-4.316254e+00;-2.349348e+00;5.763967e+00;1.271837e+00;2.255105e+00;-1.596293e+00;7.208191e+00;-2.670628e+00;-2.168046e+00;-1.620664e+00;1.249402e+00;1.027374e-01
2;0.200000;2.676777e+00;3.027878e-01;-3.699697e+00;-1.817436e+00;5.017688e+00;9.378166e-01;3.951641e+00;-9.369102e-01;5.234909e+00;-3.345609e+00;-1.552439e+00;-9.027047e-01;-7.949729e-01;-1.499428e+00
3;0.300000;1.706272e+00;-2.784356e+00;2.736048e+00;-5.473452e-01;-2.813481e+00;-1.447138e+00;1.711461e+00;1.709558e+00;-3.776572e+00;3.366398e+00;-1.439424e-01;1.000748e-01;-4.373283e-01;-1.448555e+00
4;0.400000;-3.871613e+00;1.237033e+00;4.588159e+00;1.547853e+00;-6.328648e+00;-3.701221e+00;-3.260859e+00;8.362865e-02;-5.412488e+00;3.131627e+00;3.199263e+00;6.870661e-01;-1.205593e+00;8.176804e-01
5;0.500000;-6.865656e+00;5.402980e+00;7.476201e+00;3.310495e+00;-4.072912e+00;-3.916237e+00;-5.701533e+00;-6.782012e-01;-5.200198e+00;1.957446e+00;4.672697e+00;1.529996e+00;-1.680576e+00;5.437775e-01
