frameIndex;frameTime;pcm_fftMag_mfcc[0];pcm_fftMag_mfcc[1];pcm_fftMag_mfcc[2];pcm_fftMag_mfcc[3];pcm_fftMag_mfcc[4];pcm_fftMag_mfcc[5];pcm_fftMag_mfcc[6];pcm_fftMag_mfcc[7];pcm_fftMag_mfcc[8];pcm_fftMag_mfcc[9];pcm_fftMag_mfcc[10];pcm_fftMag_mfcc[11];pcm_fftMag_mfcc[12];pcm_fftMag_mfcc[13]
0;0.000000;-6.183504e+00;-1.980409e+00;1.946534e+00;5.607240e+00;-2.926603e+00;-1.522440e+01;3.847610e+00;5.171462e+00;2.576507e+00;1.335027e-01;9.572544e-01;-1.965858e+00;1.183562e+00;2.711876e+00
1;0.100000;-2.038766e+00;-4.580972e+00;8.550439e-01;4.191364e+00;3.810616e-01;-1.390065e+01;2.084044e+00;5.869644e+00;-1.245278e+00;-1.404715e+00;-1.265293e+00;-4.605712e+00;1.457376e-01;1.817963e+00
2;0.200000;2.959504e+00;-1.619492e+00;-1.161056e-01;6.579051e+00;9.220943e-01;-5.984637e+00;3.545475e-01;7.106256e+00;-3.260134e+00;-1.462258e+00;-1.527753e+00;-5.505185e+00;2.969285e+00;-1.536842e+00
3;0.300000;3.121836e+00;3.332207e+00;5.869319e-01;-1.270161e-01;-5.666924e-01;7.090292e+00;3.217173e-01;-5.187704e+00;1.008344e+00;-1.788031e+00;-1.245547e+00;-5.069764e-01;-2.551737e-01;-3.093048e+00
4;0.400000;1.181411e+00;2.763169e+00;-4.105015e-01;-7.013653e+00;1.552675e+00;1.313721e+01;-2.044306e+00;-7.486300e+00;8.945780e-01;2.514909e+00;2.364888e+00;5.948000e+00;-2.698864e+00;-3.779297e-01
5;0.500000;9.595175e-01;2.085494e+00;-2.861903e+00;-9.236979e+00;6.374645e-01;1.488219e+01;-4.563614e+00;-5.473355e+00;2.598190e-02;2.006590e+00;7.164516e-01;6.635732e+00;-1.344546e+00;4.779739e-01
