frameIndex;frameTime;pcm_fftMag_mfcc[0];pcm_fftMag_mfcc[1];pcm_fftMag_mfcc[2];pcm_fftMag_mfcc[3];pcm_fftMag_mfcc[4];pcm_fftMag_mfcc[5];pcm_fftMag_mfcc[6];pcm_fftMag_mfcc[7];pcm_fftMag_mfcc[8];pcm_fftMag_mfcc[9];pcm_fftMag_mfcc[10];pcm_fftMag_mfcc[11];pcm_fftMag_mfcc[12];pcm_fftMag_mfcc[13]
0;0.000000;1.094178e+00;-7.859459e+00;-1.237782e+00;-1.065048e+01;7.219315e-01;4.337177e-01;-1.093018e+00;3.684496e+00;-1.182611e+01;9.191508e+00;-1.922293e+00;6.158497e+00;1.034363e+00;3.657959e+00
1;0.100000;-2.900438e-01;-6.718536e+00;-3.547726e-01;-8.137315e+00;-1.659519e+00;-2.918655e+00;-8.188848e-01;2.039008e-01;-8.348330e+00;5.320981e+00;1.014297e+00;4.451019e+00;2.582200e+00;4.062401e+00
2;0.200000;6.712408e-01;-2.208651e+00;2.638229e+00;-5.822830e-01;-9.361572e-01;-3.495272e+00;-3.312311e+00;-5.219421e-01;-1.549103e+00;1.440976e+00;-1.707673e+00;-1.097891e+00;1.123459e+00;1.481155e+00
3;0.300000;3.144862e+00;1.887519e+00;2.536733e+00;4.889122e+00;2.974288e+00;-1.811028e-02;-5.889459e+00;5.390053e-01;7.008871e+00;-1.601217e+00;-3.380358e+00;-4.382848e+00;-2.803588e-01;-3.017426e+00
4;0.400000;-5.044928e-01;9.033369e+00;-2.335974e+00;9.122549e+00;3.688560e+00;3.642788e+00;2.709522e-01;-3.894877e+00;9.886646e+00;-5.608315e+00;2.908016e+00;-5.038198e+00;-1.464436e+00;-4.965553e+00
5;0.500000;-4.115748e+00;5.865757e+00;-1.246436e+00;5.358399e+00;-4.789116e+00;2.355530e+00;1.084272e+01;-1.058292e-02;4.828029e+00;-8.743932e+00;3.088012e+00;-9.058046e-02;-2.995229e+00;-1.218529e+00
