frameIndex;frameTime;pcm_fftMag_mfcc[0];pcm_fftMag_mfcc[1];pcm_fftMag_mfcc[2];pcm_fftMag_mfcc[3];pcm_fftMag_mfcc[4];pcm_fftMag_mfcc[5];pcm_fftMag_mfcc[6];pcm_fftMag_mfcc[7];pcm_fftMag_mfcc[8];pcm_fftMag_mfcc[9];pcm_fftMag_mfcc[10];pcm_fftMag_mfcc[11];pcm_fftMag_mfcc[12];pcm_fftMag_mfcc[13]
0;0.000000;-1.300855e+00;2.169950e+00;-1.491222e-01;3.859522e+00;9.071722e-01;-2.095013e+00;5.612530e+00;-7.097350e+00;9.890209e-01;-1.848791e+00;6.140950e+00;9.973773e+00;-1.643881e+00;3.272804e+00
1;0.100000;1.613784e+00;-2.762548e+00;2.272726e+00;4.562110e+00;-7.191930e+00;4.406414e-01;1.749574e+00;-4.602158e-01;4.707333e+00;-2.766008e+00;4.254925e+00;3.699543e+00;-2.401757e+00;2.580956e+00
2;0.200000;1.884836e+00;-5.098040e+00;3.537502e-01;6.763067e-01;-4.839701e+00;1.923548e+00;6.122608e-01;4.121344e+00;3.571436e+00;-2.694061e+00;2.430306e-01;-2.166380e+00;1.957529e-01;1.494522e+00
3;0.300000;7.285872e-01;-2.749319e+00;-2.225644e+00;-4.352072e+00;1.652789e+00;5.798240e-01;-2.882876e-01;3.998318e+00;5.509597e-01;-1.455473e+00;-4.703420e+00;-6.345892e+00;1.572160e+00;-3.239746e-01
4;0.400000;-1.157873e+00;2.482937e+00;-1.033448e+00;-3.927275e+00;4.018068e+00;-1.033897e+00;-2.876997e+00;2.858281e+00;-2.424121e+00;1.837779e+00;-5.108301e+00;-5.082074e+00;2.054839e+00;-2.055984e+00
5;0.500000;-1.768480e+00;5.957019e+00;7.817388e-01;-8.185844e-01;5.453596e+00;1.848941e-01;-4.809080e+00;-3.420375e+00;-7.394629e+00;6.926556e+00;-8.271855e-01;-7.896996e-02;2.228854e-01;-4.968315e+00
