frameIndex;frameTime;pcm_fftMag_mfcc[0];pcm_fftMag_mfcc[1];pcm_fftMag_mfcc[2];pcm_fftMag_mfcc[3];pcm_fftMag_mfcc[4];pcm_fftMag_mfcc[5];pcm_fftMag_mfcc[6];pcm_fftMag_mfcc[7];pcm_fftMag_mfcc[8];pcm_fftMag_mfcc[9];pcm_fftMag_mfcc[10];pcm_fftMag_mfcc[11];pcm_fftMag_mfcc[12];pcm_fftMag_mfcc[13]
0;0.000000;1.763835e+00;-6.197268e+00;2.219089e+00;-2.811304e+00;-3.946209e+00;6.239281e+00;1.772145e+00;-2.862724e+00;-1.107229e+01;-6.101979e+00;-1.003550e-01;1.474848e+00;-3.813801e+00;-7.463074e-02
1;0.100000;-9.507580e-01;-6.919726e-01;6.412119e+00;2.738962e-01;-1.908846e+00;3.904495e-01;1.142811e+00;-9.145737e-03;-7.944920e+00;-4.257936e+00;-1.365805e+00;1.685944e+00;-2.051431e+00;-9.223938e-03
2;0.200000;4.766960e-01;2.350184e+00;7.347981e+00;2.017186e+00;-8.447571e-01;-3.578636e+00;1.660356e+00;6.356110e+00;-7.977800e-01;-1.915962e+00;-3.920250e+00;2.304483e+00;3.624948e+00;-1.319183e+00
3;0.300000;5.335454e+00;-2.137604e+00;-4.982786e-01;-4.336720e-01;1.044914e+00;-3.535213e-01;-8.315468e-02;2.815456e+00;3.133447e+00;3.085266e+00;1.051040e+00;-5.124762e-01;3.659638e+00;-2.166107e+00
4;0.400000;-5.929098e-01;1.253499e+00;-8.685469e+00;-2.066708e-02;2.243290e+00;-8.064651e-01;-1.421812e+00;-2.430450e+00;7.885081e+00;4.673769e+00;2.504887e+00;-2.397293e+00;-4.153204e-02;8.206253e-01
5;0.500000;-6.032325e+00;5.423161e+00;-6.795444e+00;9.745631e-01;3.411601e+00;-1.891102e+00;-3.070341e+00;-3.869249e+00;8.796460e+00;4.516844e+00;1.830484e+00;-2.555506e+00;-1.377824e+00;2.748535e+00
