frameIndex;frameTime;pcm_fftMag_mfcc[0];pcm_fftMag_mfcc[1];pcm_fftMag_mfcc[2];pcm_fftMag_mfcc[3];pcm_fftMag_mfcc[4];pcm_fftMag_mfcc[5];pcm_fftMag_mfcc[6];pcm_fftMag_mfcc[7];pcm_fftMag_mfcc[8];pcm_fftMag_mfcc[9];pcm_fftMag_mfcc[10];pcm_fftMag_mfcc[11];pcm_fftMag_mfcc[12];pcm_fftMag_mfcc[13]
0;0.000000;2.587086e+00;-8.319510e+00;-6.912646e-01;-1.193047e-02;-2.698554e+00;4.559584e+00;-3.154768e+00;1.025169e+01;1.548862e+00;2.202171e+00;-2.993573e+00;-3.477426e+00;2.431597e+00;6.715240e-01
1;0.100000;2.221745e+00;-3.501256e+00;-3.795379e+00;5.467815e+00;-4.126410e+00;2.298737e-01;-2.540092e+00;8.587941e+00;4.753298e+00;-1.476811e+00;-2.517118e+00;-1.522119e+00;4.710002e-01;1.788788e-01
2;0.200000;8.924837e-01;1.669799e+00;-1.832692e+00;4.936244e+00;-3.055801e-01;-2.850547e+00;1.532216e-01;2.869256e+00;3.834502e+00;-8.484688e-01;-8.805070e-01;1.629673e+00;2.705188e-01;-1.509224e+00
3;0.300000;-1.773292e+00;5.813935e+00;2.037781e+00;-3.984453e+00;5.849964e+00;-3.337352e+00;1.082730e+00;-5.585025e+00;1.406845e+00;3.049908e-01;1.227239e+00;1.158025e+00;5.750227e-01;-1.155838e+00
4;0.400000;-2.203607e+00;3.374356e+00;1.933491e+00;-5.513646e+00;4.117191e+00;-6.062708e-01;1.822701e+00;-1.010038e+01;-3.171763e+00;-2.429409e-01;1.701073e+00;7.073183e-01;-4.600172e-01;6.056824e-01
5;0.500000;-1.724417e+00;9.626722e-01;2.348065e+00;-8.940268e-01;-2.836612e+00;2.004706e+00;2.636203e+00;-6.023474e+00;-8.371740e+00;6.105995e-02;3.462886e+00;1.504529e+00;-3.288121e+00;1.208931e+00
