frameIndex;frameTime;pcm_fftMag_mfcc[0];pcm_fftMag_mfcc[1];pcm_fftMag_mfcc[2];pcm_fftMag_mfcc[3];pcm_fftMag_mfcc[4];pcm_fftMag_mfcc[5];pcm_fftMag_mfcc[6];pcm_fftMag_mfcc[7];pcm_fftMag_mfcc[8];pcm_fftMag_mfcc[9];pcm_fftMag_mfcc[10];pcm_fftMag_mfcc[11];pcm_fftMag_mfcc[12];pcm_fftMag_mfcc[13]
0;0.000000;-5.112677e-01;-2.493339e-01;8.552932e+00;-6.466598e+00;-6.749836e+00;-3.693581e-01;3.790365e+00;-1.969081e+00;-2.478117e+00;3.942701e+00;-1.103468e+00;-9.256339e-02;-8.480258e-01;2.717972e-01
1;0.100000;-5.359507e-01;-2.278056e+00;5.203831e+00;-3.954127e+00;-1.672430e+00;2.698427e+00;1.354627e+00;-9.969769e-01;-2.600351e+00;6.213905e+00;-2.813179e+00;-7.389745e-01;-2.388849e+00;1.594543e-03
2;0.200000;1.087054e+00;-2.651834e+00;-1.838516e+00;-1.389939e+00;1.405109e+00;3.439798e+00;-8.272009e-01;-9.184008e-01;-3.001177e+00;5.496893e+00;-1.500732e+00;-1.129486e-01;-3.129745e+00;-7.761612e-01
3;0.300000;2.775667e+00;-9.623480e-01;-5.947470e+00;2.513673e+00;8.547173e-01;-6.812286e-02;-2.460262e+00;-1.690483e-01;4.018679e-01;-1.283244e+00;5.022430e-01;6.531920e-01;4.664888e-01;-6.727066e-01
4;0.400000;-2.199211e-01;2.288018e+00;-3.734019e+00;4.557815e+00;2.125690e+00;-2.697859e+00;-2.062225e+00;1.503282e+00;4.081868e+00;-6.988607e+00;1.988780e+00;-8.030969e-02;4.149081e+00;5.981979e-01
5;0.500000;-2.595585e+00;3.853551e+00;-2.236758e+00;4.739180e+00;4.036745e+00;-3.002888e+00;2.046967e-01;2.550227e+00;3.595911e+00;-7.381648e+00;2.926351e+00;3.716043e-01;1.751052e+00;5.773010e-01
