frameIndex;frameTime;pcm_fftMag_mfcc[0];pcm_fftMag_mfcc[1];pcm_fftMag_mfcc[2];pcm_fftMag_mfcc[3];pcm_fftMag_mfcc[4];pcm_fftMag_mfcc[5];pcm_fftMag_mfcc[6];pcm_fftMag_mfcc[7];pcm_fftMag_mfcc[8];pcm_fftMag_mfcc[9];pcm_fftMag_mfcc[10];pcm_fftMag_mfcc[11];pcm_fftMag_mfcc[12];pcm_fftMag_mfcc[13]
0;0.000000;-1.664974e+00;9.116917e-01;3.329642e+00;-3.330950e+00;2.781094e+00;-1.055480e+00;2.025814e-01;5.043993e-01;-1.902866e-02;-8.094453e-01;5.626472e+00;5.246220e+00;1.412805e+00;4.223862e-01
1;0.100000;-2.976856e+00;-4.094942e+00;-5.702083e-01;-2.660572e+00;5.046062e+00;5.260677e+00;3.048071e+00;2.703009e-01;3.046107e+00;2.221114e+00;6.529503e+00;3.120253e+00;8.093805e-01;1.094460e+00
2;0.200000;-1.931568e+00;-3.624220e+00;-1.548622e+00;1.081381e+00;3.945687e+00;7.633173e+00;9.098272e-01;-3.560381e-01;2.550098e+00;1.873346e+00;4.564702e+00;2.927551e-01;1.153764e+00;5.819397e-01
3;0.300000;7.462120e-02;-2.705536e-01;-1.816030e+00;5.984957e+00;3.632641e-01;2.873800e+00;-1.083365e+00;-2.350645e-01;2.025863e+00;3.037581e+00;1.499361e+00;1.350479e-01;1.179892e+00;-9.598236e-01
4;0.400000;2.121574e+00;2.922255e+00;-1.422985e+00;3.132897e+00;-4.809858e+00;-6.687692e+00;-7.268324e-01;3.592634e-01;-4.408090e+00;-7.806960e-01;-8.577347e+00;-2.631922e+00;6.956234e-01;-1.080994e+00
5;0.500000;4.377191e+00;4.155765e+00;2.028203e+00;-4.207714e+00;-7.326246e+00;-8.024484e+00;-2.350279e+00;-5.428610e-01;-3.194949e+00;-5.541898e+00;-9.642689e+00;-6.162370e+00;-5.251461e+00;-5.795288e-02
