frameIndex;frameTime;pcm_fftMag_mfcc[0];pcm_fftMag_mfcc[1];pcm_fftMag_mfcc[2];pcm_fftMag_mfcc[3];pcm_fftMag_mfcc[4];pcm_fftMag_mfcc[5];pcm_fftMag_mfcc[6];pcm_fftMag_mfcc[7];pcm_fftMag_mfcc[8];pcm_fftMag_mfcc[9];pcm_fftMag_mfcc[10];pcm_fftMag_mfcc[11];pcm_fftMag_mfcc[12];pcm_fftMag_mfcc[13]
0;0.000000;-6.537285e-01;1.740916e+00;-1.210022e+00;1.042971e+01;-6.475776e+00;-8.255538e+00;8.573408e+00;2.832140e+00;-5.084749e+00;-6.348262e+00;-3.273099e+00;7.633130e+00;5.525171e-01;-9.410324e-01
1;0.100000;-1.502235e+00;5.713835e-01;-3.272585e+00;2.861448e+00;-9.542217e-01;-2.111197e+00;-1.190772e+00;1.148655e+00;9.613028e-01;2.911813e+00;3.851132e+00;1.832815e+00;-9.956164e-01;-3.546295e-01
2;0.200000;7.567225e-01;5.551147e-02;7.286701e-01;-4.753965e+00;3.420821e+00;5.605851e+00;-3.761435e+00;-8.874704e-01;3.608928e+00;3.995662e+00;-2.019587e-01;-3.854855e+00;-2.523848e-01;1.447960e+00
3;0.300000;1.399239e+00;-2.367809e+00;3.753931e+00;-8.537188e+00;4.009177e+00;4.760883e+00;-3.621203e+00;-3.093325e+00;5.145190e-01;-5.592138e-01;-3.760729e-01;-5.611090e+00;6.954845e-01;-1.523132e-01
