frameIndex;frameTime;pcm_fftMag_mfcc[0];pcm_fftMag_mfcc[1];pcm_fftMag_mfcc[2];pcm_fftMag_mfcc[3];pcm_fftMag_mfcc[4];pcm_fftMag_mfcc[5];pcm_fftMag_mfcc[6];pcm_fftMag_mfcc[7];pcm_fftMag_mfcc[8];pcm_fftMag_mfcc[9];pcm_fftMag_mfcc[10];pcm_fftMag_mfcc[11];pcm_fftMag_mfcc[12];pcm_fftMag_mfcc[13]
0;0.000000;-1.468805e+00;1.364276e+00;2.125179e+00;5.343739e+00;-1.689997e+00;7.918577e-01;4.851665e-01;-1.806056e+00;-1.941175e+00;6.787526e+00;-3.767335e+00;-2.416153e-01;2.520525e+00;-4.225998e-01
1;0.100000;-2.160418e+00;5.262155e+00;5.602546e+00;2.978720e+00;-8.748140e+00;-1.678256e+00;-3.771642e+00;-1.775260e+00;7.911777e-02;1.032991e+01;6.974955e-01;7.659054e-01;-1.483878e+00;-1.522324e+00
2;0.200000;-5.948353e-01;3.023005e+00;1.111517e+00;2.872536e+00;-9.804304e+00;-4.519318e+00;9.301863e-01;-4.629917e-01;-2.494133e+00;9.926233e-01;-3.504353e-01;1.607885e+00;-3.894061e+00;-7.347488e-01
3;0.300000;5.890951e-01;-5.724010e-01;-2.002762e+00;1.215233e+00;1.362091e+00;-1.168245e+00;4.311458e+00;-5.581117e-01;-1.938785e+00;-9.529865e+00;-1.248740e+00;-1.021938e-01;1.689644e-01;1.311295e+00
4;0.400000;1.239135e+00;-4.649479e+00;-3.127715e+00;-4.717026e+00;6.840693e+00;2.124629e+00;8.937025e-01;3.215971e-01;1.708249e+00;-7.919672e+00;2.623323e+00;-8.203497e-01;2.465672e+00;1.500107e+00
5;0.500000;2.395827e+00;-4.427556e+00;-3.708766e+00;-7.693213e+00;1.203965e+01;4.449333e+00;-2.848872e+00;4.280823e+00;4.586724e+00;-6.605196e-01;2.045687e+00;-1.209637e+00;2.227821e-01;-1.317062e-01
