frameIndex;frameTime;pcm_fftMag_mfcc[0];pcm_fftMag_mfcc[1];pcm_fftMag_mfcc[2];pcm_fftMag_mfcc[3];pcm_fftMag_mfcc[4];pcm_fftMag_mfcc[5];pcm_fftMag_mfcc[6];pcm_fftMag_mfcc[7];pcm_fftMag_mfcc[8];pcm_fftMag_mfcc[9];pcm_fftMag_mfcc[10];pcm_fftMag_mfcc[11];pcm_fftMag_mfcc[12];pcm_fftMag_mfcc[13]
0;0.000000;-3.143762e+00;-5.185382e+00;2.430983e+00;4.235893e+00;-5.503239e+00;-8.652081e+00;4.761643e+00;6.933354e+00;2.890778e-02;-3.639395e+00;-7.925383e+00;6.015434e-01;3.426496e+00;1.198036e+00
1;0.100000;4.747572e-01;1.011527e+00;1.495922e+00;5.986000e+00;-1.418247e+00;-2.217284e+00;6.568590e-01;3.077049e-01;3.471762e+00;-4.464085e+00;2.752437e+00;-2.816545e+00;4.793231e+00;-1.860535e+00
2;0.200000;1.507683e+00;2.904613e+00;-8.386354e-01;-2.795872e+00;2.977033e+00;4.965895e+00;-1.323831e+00;-3.432295e+00;2.531195e-01;2.126127e+00;4.094256e+00;4.029274e-02;-3.266735e+00;-1.314445e+00
3;0.300000;1.161321e+00;1.269242e+00;-3.088268e+00;-7.426022e+00;3.944451e+00;5.903475e+00;-4.094671e+00;-3.808767e+00;-3.753789e+00;5.977354e+00;1.078690e+00;2.174706e+00;-4.952992e+00;1.976929e+00
