frameIndex;frameTime;pcm_fftMag_mfcc[0];pcm_fftMag_mfcc[1];pcm_fftMag_mfcc[2];pcm_fftMag_mfcc[3];pcm_fftMag_mfcc[4];pcm_fftMag_mfcc[5];pcm_fftMag_mfcc[6];pcm_fftMag_mfcc[7];pcm_fftMag_mfcc[8];pcm_fftMag_mfcc[9];pcm_fftMag_mfcc[10];pcm_fftMag_mfcc[11];pcm_fftMag_mfcc[12];pcm_fftMag_mfcc[13]
0;0.000000;1.918101e+00;-4.070620e+00;-5.205045e+00;1.227764e+00;-3.345648e-01;6.244174e+00;2.642334e+00;3.059652e+00;-1.899569e+00;-2.866065e+00;-1.181118e+00;4.780712e-01;3.169096e+00;2.913895e-01
1;0.100000;1.376616e+00;-2.960229e+00;-4.736402e+00;-2.638054e+00;1.639179e+00;1.745070e+00;1.381423e+00;3.163376e-01;-5.239069e-01;-1.741946e+00;-4.464733e+00;1.594760e+00;-1.152558e+00;-8.521500e-01
2;0.200000;-2.202789e+00;5.936028e+00;-8.958941e-01;-2.309670e+00;9.510340e-01;-4.037077e+00;2.223739e+00;-4.873128e-01;-2.317521e+00;-2.040092e+00;-2.320051e-02;1.164709e+00;-2.426655e+00;-4.953003e-01
3;0.300000;-3.420356e+00;8.645239e+00;4.227650e+00;-5.288805e-01;-7.674419e-01;-5.274147e+00;1.675813e+00;-2.159974e+00;-1.898542e+00;2.651382e+00;3.271039e+00;-3.370121e-01;-2.622609e-01;-1.149139e-01
4;0.400000;-5.158510e-01;3.923130e-01;2.566523e+00;1.409887e+00;9.486168e-01;-2.696207e+00;-1.429804e+00;-2.069922e+00;3.264933e+00;3.524190e+00;1.390638e+00;-6.318755e-01;1.372823e+00;1.149391e+00
5;0.500000;2.844277e+00;-7.942733e+00;4.043172e+00;2.838954e+00;-2.436823e+00;4.018186e+00;-6.493497e+00;1.341223e+00;3.374606e+00;4.725323e-01;1.007375e+00;-2.268652e+00;-7.004447e-01;2.158356e-02
