frameIndex;frameTime;pcm_fftMag_mfcc[0];pcm_fftMag_mfcc[1];pcm_fftMag_mfcc[2];pcm_fftMag_mfcc[3];pcm_fftMag_mfcc[4];pcm_fftMag_mfcc[5];pcm_fftMag_mfcc[6];pcm_fftMag_mfcc[7];pcm_fftMag_mfcc[8];pcm_fftMag_mfcc[9];pcm_fftMag_mfcc[10];pcm_fftMag_mfcc[11];pcm_fftMag_mfcc[12];pcm_fftMag_mfcc[13]
0;0.000000;5.818480e+00;1.408873e-01;-8.368111e+00;-1.237776e+00;8.645299e+00;5.117754e+00;-6.830420e+00;-4.599788e+00;-3.486471e+00;-5.178957e+00;1.723088e+00;3.333775e+00;4.595994e+00;1.382256e+00
1;0.100000;3.660686e+00;-3.073446e+00;-5.994646e+00;-1.400955e+00;6.896022e+00;4.111352e+00;-2.680212e+00;-2.972298e+00;-1.361230e+00;-4.469749e+00;2.783982e+00;2.220149e+00;2.925397e+00;2.408363e+00
2;0.200000;6.746502e-01;-2.847980e+00;-1.601951e+00;-7.455444e-02;9.955120e-01;3.728959e+00;2.294224e+00;4.630764e-01;8.788315e-01;-1.344326e+00;1.169876e+00;-1.167061e+00;1.103924e+00;8.573990e-01
3;0.300000;-1.503176e+00;1.876563e+00;5.079606e+00;8.154335e-01;-6.930172e+00;-4.143739e-01;4.261892e+00;1.303061e+00;3.353863e+00;2.302256e+00;-1.131213e+00;-2.948097e+00;-9.736810e-01;-1.020821e+00
4;0.400000;-3.108252e+00;2.044162e+00;6.127907e+00;-4.651527e-01;-6.088110e+00;-5.836564e+00;1.938412e+00;7.904055e-01;1.032266e+00;5.140246e+00;-2.621679e+00;-1.431996e+00;-3.562811e+00;-2.174263e+00
5;0.500000;-5.542383e+00;1.859814e+00;4.757197e+00;2.363007e+00;-3.518545e+00;-6.707129e+00;1.016104e+00;5.015545e+00;-4.172601e-01;3.550529e+00;-1.924054e+00;-6.769657e-03;-4.088823e+00;-1.452919e+00
