frameIndex;frameTime;pcm_fftMag_mfcc[0];pcm_fftMag_mfcc[1];pcm_fftMag_mfcc[2];pcm_fftMag_mfcc[3];pcm_fftMag_mfcc[4];pcm_fftMag_mfcc[5];pcm_fftMag_mfcc[6];pcm_fftMag_mfcc[7];pcm_fftMag_mfcc[8];pcm_fftMag_mfcc[9];pcm_fftMag_mfcc[10];pcm_fftMag_mfcc[11];pcm_fftMag_mfcc[12];pcm_fftMag_mfcc[13]
0;0.000000;4.802256e-01;-5.039787e-01;1.979046e-01;2.982344e+00;-5.205368e+00;1.616018e+00;6.437109e+00;-3.289122e+00;-4.267359e-01;3.520391e-01;1.182893e+00;-3.686382e+00;-8.243568e+00;-4.569702e-01
1;0.100000;-9.661274e-01;-2.348227e+00;5.201998e-01;3.386702e+00;8.157179e-01;2.494169e+00;2.414901e+00;-2.550953e+00;-1.596453e+00;2.282701e+00;1.240467e+00;-1.507417e+00;-6.578805e+00;2.124229e+00
2;0.200000;-7.950554e-01;-1.658203e+00;-7.291203e-01;2.271629e+00;1.609264e+00;3.707013e-01;-1.695264e+00;-3.166602e+00;-3.364125e+00;2.034963e+00;1.178437e+00;6.938152e-01;-3.370314e+00;2.438530e+00
3;0.300000;7.540064e-01;1.853609e+00;-1.694960e+00;2.697792e-01;1.818054e+00;-2.485126e+00;-3.447340e+00;-1.630078e+00;-1.491983e+00;-1.604832e-01;-6.525207e-02;3.047503e+00;1.762963e+00;4.613037e-01
4;0.400000;7.693262e-01;3.213646e+00;-1.378746e-01;-2.805767e+00;1.125830e+00;-3.435314e+00;-2.651151e+00;4.316481e+00;3.170030e+00;-4.175203e+00;-2.992727e+00;2.940788e+00;9.050295e+00;-2.374664e+00
5;0.500000;-2.423687e-01;-5.568371e-01;1.843845e+00;-6.104683e+00;-1.634986e-01;1.439552e+00;-1.058252e+00;6.320273e+00;3.709265e+00;-3.340167e-01;-5.438180e-01;-1.488305e+00;7.379435e+00;-2.192429e+00
