frameIndex;frameTime;pcm_fftMag_mfcc[0];pcm_fftMag_mfcc[1];pcm_fftMag_mfcc[2];pcm_fftMag_mfcc[3];pcm_fftMag_mfcc[4];pcm_fftMag_mfcc[5];pcm_fftMag_mfcc[6];pcm_fftMag_mfcc[7];pcm_fftMag_mfcc[8];pcm_fftMag_mfcc[9];pcm_fftMag_mfcc[10];pcm_fftMag_mfcc[11];pcm_fftMag_mfcc[12];pcm_fftMag_mfcc[13]
0;0.000000;-4.046637e+00;-3.248044e+00;-2.892773e+00;-1.196541e+00;4.313074e+00;1.420346e+01;6.823367e+00;-9.809423e+00;-6.804930e+00;-9.635615e-01;5.500914e+00;2.866819e+00;2.459927e+00;7.172699e-01
1;0.100000;-5.719147e+00;6.264949e+00;-2.003226e+00;-2.511915e+00;4.714252e+00;3.644111e+00;1.341417e+00;-7.767984e+00;-2.565759e+00;3.160298e+00;7.114777e+00;7.045093e-01;4.359584e+00;-4.251099e-01
2;0.200000;-2.237795e+00;8.499327e+00;-3.398641e+00;-2.634970e+00;7.430403e+00;-5.287325e+00;-9.957256e+00;-2.669410e+00;7.286675e+00;1.887540e+00;1.097076e+00;-4.308584e+00;5.324810e-01;-1.035843e-01
3;0.300000;2.862514e+00;-1.336884e+00;-2.216880e+00;-5.250568e-01;8.174877e-01;-6.622575e+00;-4.160378e+00;1.544225e+00;4.694073e+00;-4.130996e+00;-2.812028e+00;-5.587578e+00;-2.583070e+00;3.386230e-01
4;0.400000;6.395266e+00;-7.902049e+00;5.037920e+00;2.297726e-01;-5.499491e+00;-3.824237e+00;9.976559e-01;8.171814e+00;-7.794952e-01;2.896852e-01;-6.903455e+00;6.597204e-01;-3.942045e+00;-2.748642e-01
5;0.500000;2.745804e+00;-2.277301e+00;5.473593e+00;6.638702e+00;-1.177573e+01;-2.113437e+00;4.955193e+00;1.053078e+01;-1.830565e+00;-2.429676e-01;-3.997284e+00;5.665111e+00;-8.268762e-01;-2.522812e-01
