frameIndex;frameTime;pcm_fftMag_mfcc[0];pcm_fftMag_mfcc[1];pcm_fftMag_mfcc[2];pcm_fftMag_mfcc[3];pcm_fftMag_mfcc[4];pcm_fftMag_mfcc[5];pcm_fftMag_mfcc[6];pcm_fftMag_mfcc[7];pcm_fftMag_mfcc[8];pcm_fftMag_mfcc[9];pcm_fftMag_mfcc[10];pcm_fftMag_mfcc[11];pcm_fftMag_mfcc[12];pcm_fftMag_mfcc[13]
0;0.000000;2.419958e-01;-5.417161e-01;5.775967e-01;-8.060207e+00;1.399479e+00;-1.845007e+00;-4.948277e+00;-1.592253e+00;-5.559427e+00;4.779298e+00;-1.661744e+00;-5.184913e+00;2.589688e+00;-4.624176e-01
1;0.100000;-1.396380e+00;2.918409e+00;-8.290482e-02;-9.321117e+00;1.536758e+00;-1.836217e+00;-3.403285e+00;-2.979324e+00;-2.218434e+00;5.141549e+00;5.907502e-01;-3.398668e+00;1.905022e+00;3.410187e-01
2;0.200000;-3.039894e+00;5.648384e+00;-9.103775e-03;-2.292919e+00;7.215827e-01;-2.348982e+00;-4.046674e-01;-2.874269e+00;-2.195740e-02;2.238867e+00;2.658805e+00;-2.387326e+00;-8.867928e-01;-2.257538e-01
3;0.300000;-2.213526e+00;3.004322e+00;-1.758179e+00;5.339229e+00;-2.253709e-01;-3.042992e+00;2.779935e+00;5.787935e-01;4.304404e-01;-5.163255e+00;4.245362e-01;1.835723e+00;-2.064648e+00;-4.224701e-01
4;0.400000;1.636913e+00;-3.216023e+00;-1.335552e+00;7.343479e+00;-9.048839e-01;1.930136e+00;3.705864e+00;2.420150e+00;3.243881e+00;-4.069392e+00;-5.182490e-01;3.957650e+00;-7.363287e-01;9.628906e-01
5;0.500000;4.770894e+00;-7.813376e+00;2.608146e+00;6.991536e+00;-2.527566e+00;7.143063e+00;2.270429e+00;4.446902e+00;4.125502e+00;-2.927067e+00;-1.494102e+00;5.177534e+00;-8.069414e-01;-1.933136e-01
