frameIndex;frameTime;pcm_fftMag_mfcc[0];pcm_fftMag_mfcc[1];pcm_fftMag_mfcc[2];pcm_fftMag_mfcc[3];pcm_fftMag_mfcc[4];pcm_fftMag_mfcc[5];pcm_fftMag_mfcc[6];pcm_fftMag_mfcc[7];pcm_fftMag_mfcc[8];pcm_fftMag_mfcc[9];pcm_fftMag_mfcc[10];pcm_fftMag_mfcc[11];pcm_fftMag_mfcc[12];pcm_fftMag_mfcc[13]
0;0.000000;3.610249e-01;-3.919983e-01;-6.601285e+00;-4.348733e+00;9.016833e+00;2.249863e+00;-3.904847e+00;2.077835e+00;3.532559e+00;-2.355642e+00;-3.820694e+00;-1.962125e+00;6.065466e-01;1.417770e-01
1;0.100000;4.794340e-01;-1.001919e+00;3.917332e-01;3.786240e-01;-1.404129e+00;1.139299e+00;8.937392e-01;-2.489142e+00;-1.427256e+00;9.396353e-01;-6.993408e-01;-5.419508e-01;1.557234e+00;-9.931183e-02
2;0.200000;-8.404589e-01;1.393918e+00;6.209551e+00;3.970110e+00;-7.612707e+00;-3.389163e+00;3.011107e+00;4.113073e-01;-2.105305e+00;1.416007e+00;4.520039e+00;2.504076e+00;-2.163780e+00;-4.245758e-02
