frameIndex;frameTime;pcm_fftMag_mfcc[0];pcm_fftMag_mfcc[1];pcm_fftMag_mfcc[2];pcm_fftMag_mfcc[3];pcm_fftMag_mfcc[4];pcm_fftMag_mfcc[5];pcm_fftMag_mfcc[6];pcm_fftMag_mfcc[7];pcm_fftMag_mfcc[8];pcm_fftMag_mfcc[9];pcm_fftMag_mfcc[10];pcm_fftMag_mfcc[11];pcm_fftMag_mfcc[12];pcm_fftMag_mfcc[13]
0;0.000000;-4.476646e+00;1.383996e+01;-1.028242e+00;-2.122531e+00;1.232785e+00;-4.359211e+00;2.365160e-01;-1.328281e+00;-2.955758e+00;6.796868e+00;-2.309343e+00;6.813467e+00;-2.733019e+00;-1.778900e+00
1;0.100000;7.469101e-01;-1.861267e-01;-1.466007e+00;-1.370230e-01;-2.432604e+00;1.834984e+00;-2.898771e+00;-2.050247e+00;5.405903e-02;2.957606e+00;-8.800113e-01;1.286074e+00;-2.617524e+00;-3.673401e-01
2;0.200000;1.661354e+00;-7.641329e+00;-2.045364e-01;-4.853258e-01;-1.565930e+00;1.787227e+00;-2.020054e+00;-1.721201e-01;1.009960e+00;-4.531908e+00;1.694814e+00;-5.904121e+00;1.001549e+00;8.438873e-01
3;0.300000;2.068384e+00;-6.012506e+00;2.698785e+00;2.744877e+00;2.765747e+00;7.369993e-01;4.682309e+00;3.550647e+00;1.891737e+00;-5.222568e+00;1.494540e+00;-2.195421e+00;4.348993e+00;1.302322e+00
