frameIndex;frameTime;pcm_fftMag_mfcc[0];pcm_fftMag_mfcc[1];pcm_fftMag_mfcc[2];pcm_fftMag_mfcc[3];pcm_fftMag_mfcc[4];pcm_fftMag_mfcc[5];pcm_fftMag_mfcc[6];pcm_fftMag_mfcc[7];pcm_fftMag_mfcc[8];pcm_fftMag_mfcc[9];pcm_fftMag_mfcc[10];pcm_fftMag_mfcc[11];pcm_fftMag_mfcc[12];pcm_fftMag_mfcc[13]
0;0.000000;1.965999e+00;3.038959e+00;5.596233e+00;-4.156575e+00;-6.255339e+00;-1.320397e+00;-6.649188e+00;1.647401e+00;-7.299409e+00;-8.044243e-02;-4.383688e-01;-4.167399e-01;2.264128e+00;1.522057e+00
1;0.100000;-8.495522e-02;-2.725296e-01;3.141165e+00;-1.349292e+00;-3.642447e-01;9.864941e-01;3.458591e-01;1.795291e+00;2.922182e-01;-6.562557e-01;1.179467e+00;-3.958392e-01;9.641123e-01;4.484802e+00
2;0.200000;-1.838316e+00;-2.536011e+00;1.551928e+00;1.230780e+00;3.340551e+00;1.369277e+00;5.050570e+00;1.516225e+00;5.481750e+00;-7.516003e-02;2.883196e+00;2.668538e-01;-4.648781e-02;3.040459e+00
3;0.300000;-3.041248e+00;-1.377283e+00;1.332745e+00;5.547309e+00;2.691533e+00;-2.213422e+00;1.981800e+00;-3.586732e+00;8.037071e-01;-2.089543e-01;-1.032782e-01;3.356752e-01;-2.098182e+00;-1.866722e+00
4;0.400000;6.552048e-01;2.092598e+00;-4.360249e+00;2.354818e+00;-9.087634e-02;1.448989e-01;9.366860e-01;-1.417703e+00;-2.568803e+00;7.550073e-01;-3.254486e+00;-9.436607e-02;5.053120e-01;-3.978050e+00
5;0.500000;2.343310e+00;-9.457293e-01;-7.261820e+00;-3.627039e+00;6.783743e-01;1.033150e+00;-1.665725e+00;4.551697e-02;3.290535e+00;2.658038e-01;-2.665243e-01;3.044138e-01;-1.588879e+00;-3.202530e+00
