frameIndex;frameTime;pcm_fftMag_mfcc[0];pcm_fftMag_mfcc[1];pcm_fftMag_mfcc[2];pcm_fftMag_mfcc[3];pcm_fftMag_mfcc[4];pcm_fftMag_mfcc[5];pcm_fftMag_mfcc[6];pcm_fftMag_mfcc[7];pcm_fftMag_mfcc[8];pcm_fftMag_mfcc[9];pcm_fftMag_mfcc[10];pcm_fftMag_mfcc[11];pcm_fftMag_mfcc[12];pcm_fftMag_mfcc[13]
0;0.000000;3.314200e+00;-2.345592e+00;1.039081e+00;-1.175755e+01;2.282023e+00;7.181887e+00;-3.661270e+00;-2.300214e+00;-8.715187e+00;-1.754502e+00;-8.287256e-01;-2.178298e+00;1.088221e+00;-1.862328e+00
1;0.100000;-2.255440e-01;-3.336835e+00;1.255998e+00;-3.561190e+00;-1.941269e+00;3.521214e+00;5.023782e-01;-4.213634e+00;-5.691686e+00;-1.294994e+00;1.367572e+00;2.276409e-01;1.210587e-01;2.810669e-01
2;0.200000;-3.890196e+00;-1.452717e+00;1.679699e+00;3.553061e+00;-3.766134e+00;-1.316014e+00;-1.947252e+00;-4.346223e+00;-1.222880e+00;-1.426144e+00;1.439655e-01;-1.815767e+00;2.691053e-01;5.681915e-01
3;0.300000;-2.967422e+00;2.547615e+00;-3.297434e-01;5.925432e+00;-3.818796e+00;-5.597487e+00;-2.429531e+00;-2.023397e+00;2.366911e+00;-2.276693e+00;-7.095413e-01;-2.148388e+00;-8.380666e-01;4.746399e-01
4;0.400000;-7.369041e-02;3.732932e+00;-8.313718e-01;4.434858e+00;-4.519749e-01;-4.052748e+00;2.514236e+00;4.470045e+00;4.492950e+00;4.249108e-01;1.474270e+00;2.090663e+00;-2.368672e-01;5.559616e-01
5;0.500000;3.842639e+00;8.545988e-01;-2.813663e+00;1.405384e+00;7.696153e+00;2.631483e-01;5.021440e+00;8.413423e+00;8.769890e+00;6.327422e+00;-1.447542e+00;3.824149e+00;-4.034524e-01;-1.757812e-02
