frameIndex;frameTime;pcm_fftMag_mfcc[0];pcm_fftMag_mfcc[1];pcm_fftMag_mfcc[2];pcm_fftMag_mfcc[3];pcm_fftMag_mfcc[4];pcm_fftMag_mfcc[5];pcm_fftMag_mfcc[6];pcm_fftMag_mfcc[7];pcm_fftMag_mfcc[8];pcm_fftMag_mfcc[9];pcm_fftMag_mfcc[10];pcm_fftMag_mfcc[11];pcm_fftMag_mfcc[12];pcm_fftMag_mfcc[13]
0;0.000000;-3.199648e+00;5.721874e-01;1.278213e+00;4.065994e+00;3.076834e+00;1.518757e+00;1.176692e+01;7.595429e-01;-4.191264e-01;-3.701572e+00;-5.126089e+00;3.527069e-01;2.951274e+00;1.348312e+00
1;0.100000;-4.039003e+00;4.507820e+00;2.667958e+00;1.281342e+00;1.066607e+00;-2.824694e+00;5.654661e+00;-1.075371e+00;1.275889e+00;-2.506092e+00;-4.274449e+00;-5.162649e-01;-2.107401e-01;1.311462e+00
2;0.200000;-2.421312e+00;2.845734e+00;1.197017e+00;-4.208760e-01;4.116678e-01;-6.236771e+00;-2.362473e+00;-1.950219e+00;2.717100e+00;1.269444e+00;1.694613e-01;5.650492e-01;-1.773855e+00;3.118134e-02
3;0.300000;1.879263e+00;-3.127657e+00;-1.016933e+00;-2.503803e+00;-2.242715e+00;-1.036217e+00;-6.054365e+00;1.261523e+00;4.848227e-01;6.236786e+00;2.850950e+00;2.088158e+00;7.090378e-02;-1.917099e+00
4;0.400000;4.461617e+00;-4.022070e+00;-2.388476e+00;-1.809334e+00;-2.030911e+00;5.568813e+00;-5.097237e+00;3.041537e+00;-6.454965e-01;3.135673e+00;4.244770e+00;-1.681137e-01;7.019758e-02;-1.398903e+00
5;0.500000;3.319081e+00;-7.760143e-01;-1.737780e+00;-6.133251e-01;-2.814875e-01;3.010107e+00;-3.907502e+00;-2.037015e+00;-3.413189e+00;-4.434237e+00;2.135357e+00;-2.321531e+00;-1.107782e+00;6.250610e-01
