frameIndex;frameTime;pcm_fftMag_mfcc[0];pcm_fftMag_mfcc[1];pcm_fftMag_mfcc[2];pcm_fftMag_mfcc[3];pcm_fftMag_mfcc[4];pcm_fftMag_mfcc[5];pcm_fftMag_mfcc[6];pcm_fftMag_mfcc[7];pcm_fftMag_mfcc[8];pcm_fftMag_mfcc[9];pcm_fftMag_mfcc[10];pcm_fftMag_mfcc[11];pcm_fftMag_mfcc[12];pcm_fftMag_mfcc[13]
0;0.000000;1.259334e+00;-2.698225e+00;-1.108785e+01;3.949070e-02;6.272029e+00;5.444579e+00;-6.065917e+00;2.112351e+00;1.903637e+00;-5.948698e+00;-3.229784e+00;-1.231858e+00;2.726545e+00;2.713196e+00
1;0.100000;1.542368e-01;-3.706239e+00;-9.181222e+00;5.715227e-01;4.987189e+00;4.219531e+00;-3.064053e+00;2.483356e+00;1.560668e+00;-5.408644e+00;-2.029522e+00;-8.310285e-01;1.778317e+00;2.904976e+00
2;0.200000;1.412843e+00;-1.103540e+00;-3.565989e+00;3.017666e+00;3.313639e+00;1.474938e+00;-9.253696e-01;1.317349e+00;6.648912e-01;-3.408912e+00;3.833618e-01;4.158783e-02;9.754362e-01;-1.144638e-01
3;0.300000;2.025191e+00;3.559850e+00;3.202549e+00;4.665765e+00;2.272091e-01;-2.139404e+00;1.149247e+00;-6.552448e-01;-1.074754e+00;1.304052e+00;4.126778e+00;-9.727907e-01;-7.566357e-01;-3.623795e+00
4;0.400000;-1.282631e+00;2.541337e+00;1.104263e+01;-2.603967e+00;-4.480831e+00;-4.794793e+00;5.942197e+00;-1.463140e+00;-1.081599e+00;7.115171e+00;1.686752e+00;1.760999e+00;-3.050651e+00;-1.964996e+00
5;0.500000;-3.568977e+00;1.406816e+00;9.589889e+00;-5.690475e+00;-1.031924e+01;-4.204856e+00;2.963894e+00;-3.794675e+00;-1.972844e+00;6.347033e+00;-9.376011e-01;1.233091e+00;-1.673011e+00;8.509827e-02
