frameIndex;frameTime;pcm_fftMag_mfcc[0];pcm_fftMag_mfcc[1];pcm_fftMag_mfcc[2];pcm_fftMag_mfcc[3];pcm_fftMag_mfcc[4];pcm_fftMag_mfcc[5];pcm_fftMag_mfcc[6];pcm_fftMag_mfcc[7];pcm_fftMag_mfcc[8];pcm_fftMag_mfcc[9];pcm_fftMag_mfcc[10];pcm_fftMag_mfcc[11];pcm_fftMag_mfcc[12];pcm_fftMag_mfcc[13]
0;0.000000;-4.593230e+00;9.149036e+00;-1.086713e+01;7.374913e+00;6.536045e-01;-6.764898e+00;1.897126e+00;-7.027204e+00;1.707850e+00;3.422944e+00;2.006940e+00;4.282757e+00;-1.115458e+00;-1.278763e+00
1;0.100000;-4.523200e+00;6.274428e+00;-1.662431e-01;5.388495e+00;-2.716076e+00;-3.349590e-02;3.878584e-01;-3.299835e+00;2.294342e+00;-2.663949e+00;3.651987e+00;3.592861e+00;-9.183075e-01;-2.732071e+00
2;0.200000;1.831591e+00;-2.159233e+00;1.060691e+01;-2.368852e+00;-4.979094e+00;2.346289e+00;-4.853258e+00;3.684849e+00;-4.590775e+00;-1.385525e+00;4.830225e+00;2.323189e-01;-7.187533e-02;-1.310654e-01
3;0.300000;2.517871e+00;-3.404454e+00;1.142456e+01;-3.165716e+00;-4.709490e+00;2.015047e+00;-4.975112e+00;3.768522e+00;-5.006494e+00;-5.026798e-01;3.859171e+00;-1.704581e+00;-5.843878e-03;1.064682e+00
4;0.400000;1.704009e+00;-3.211348e+00;4.489791e+00;-1.903934e+00;-5.202465e-01;2.147576e+00;4.019508e-01;4.290829e-01;-1.409311e-01;-1.152757e+00;-6.921263e-01;-2.815059e+00;2.378912e-01;4.664078e-01
5;0.500000;3.062966e+00;-6.648429e+00;-1.548790e+01;-5.324911e+00;1.227132e+01;2.894864e-01;7.141434e+00;2.444584e+00;5.736014e+00;2.281968e+00;-1.365620e+01;-3.588300e+00;1.873593e+00;2.610840e+00
