frameIndex;frameTime;pcm_fftMag_mfcc[0];pcm_fftMag_mfcc[1];pcm_fftMag_mfcc[2];pcm_fftMag_mfcc[3];pcm_fftMag_mfcc[4];pcm_fftMag_mfcc[5];pcm_fftMag_mfcc[6];pcm_fftMag_mfcc[7];pcm_fftMag_mfcc[8];pcm_fftMag_mfcc[9];pcm_fftMag_mfcc[10];pcm_fftMag_mfcc[11];pcm_fftMag_mfcc[12];pcm_fftMag_mfcc[13]
0;0.000000;1.662431e+00;-1.566185e+00;-2.591449e+00;-6.086371e-01;7.600525e+00;2.286194e+00;9.331245e-01;-3.993087e+00;9.322470e-01;1.542624e+00;-2.425629e+00;-2.269954e+00;3.669043e-01;-9.618454e-01
1;0.100000;-9.145489e-01;1.636872e+00;3.093936e+00;4.997282e-01;-3.440662e+00;-3.086429e-01;-4.307537e-01;-3.615913e-01;-1.077129e+00;3.866816e-01;3.574049e+00;1.490648e+00;-2.598968e-01;1.115189e-01
2;0.200000;-7.478819e-01;-7.068443e-02;-5.024881e-01;1.089091e-01;-4.159861e+00;-1.977551e+00;-5.023727e-01;4.354679e+00;1.448815e-01;-1.929305e+00;-1.148420e+00;7.793055e-01;-1.070061e-01;8.503189e-01
