frameIndex;frameTime;pcm_fftMag_mfcc[0];pcm_fftMag_mfcc[1];pcm_fftMag_mfcc[2];pcm_fftMag_mfcc[3];pcm_fftMag_mfcc[4];pcm_fftMag_mfcc[5];pcm_fftMag_mfcc[6];pcm_fftMag_mfcc[7];pcm_fftMag_mfcc[8];pcm_fftMag_mfcc[9];pcm_fftMag_mfcc[10];pcm_fftMag_mfcc[11];pcm_fftMag_mfcc[12];pcm_fftMag_mfcc[13]
0;0.000000;2.774630e-01;-1.066957e+00;-2.591171e+00;3.840264e+00;-2.530703e+00;-6.998534e-01;5.507631e-01;6.956158e-01;1.595026e+00;3.805513e-01;-4.947853e+00;-1.449985e+00;-4.569540e-01;1.714218e+00
1;0.100000;1.045818e+00;2.327875e+00;-4.278921e+00;3.071907e+00;-7.935486e-01;4.107278e+00;1.037254e-01;-9.283752e-01;1.751694e+00;1.279392e+00;-2.426368e+00;-4.273026e+00;2.928514e-01;1.194519e+00
2;0.200000;2.131522e+00;2.043617e+00;-2.851278e+00;-1.739051e+00;7.589350e-01;9.499147e+00;-2.490026e+00;-1.950614e+00;9.451172e-01;-7.897148e-01;2.011036e+00;-1.175082e+00;-9.766941e-01;-4.370880e-01
3;0.300000;9.598236e-01;-2.233743e+00;2.459736e-01;-3.976718e+00;1.060544e+00;5.489248e+00;-1.547415e+00;-1.751358e+00;-7.601061e-01;-2.345742e+00;8.341513e-01;1.817880e+00;-1.689979e+00;-7.037277e-01
4;0.400000;-2.018237e+00;-4.686499e-01;2.406761e+00;-1.979335e+00;3.331647e+00;-3.191910e+00;2.304050e+00;-1.352684e+00;-1.760697e+00;-6.377039e-01;3.973618e-01;2.066671e+00;-4.329386e-01;-8.624268e-01
5;0.500000;-2.396387e+00;-6.021423e-01;7.068636e+00;7.829332e-01;-1.826868e+00;-1.520391e+01;1.078901e+00;5.287411e+00;-1.771033e+00;2.113219e+00;4.131669e+00;3.013540e+00;3.263715e+00;-9.054794e-01
