frameIndex;frameTime;pcm_fftMag_mfcc[0];pcm_fftMag_mfcc[1];pcm_fftMag_mfcc[2];pcm_fftMag_mfcc[3];pcm_fftMag_mfcc[4];pcm_fftMag_mfcc[5];pcm_fftMag_mfcc[6];pcm_fftMag_mfcc[7];pcm_fftMag_mfcc[8];pcm_fftMag_mfcc[9];pcm_fftMag_mfcc[10];pcm_fftMag_mfcc[11];pcm_fftMag_mfcc[12];pcm_fftMag_mfcc[13]
0;0.000000;2.246704e+00;4.386452e+00;4.921329e+00;1.562376e+00;3.735685e+00;6.677345e+00;1.217997e+00;-1.122092e+00;-3.837101e+00;8.271470e-01;6.906788e+00;6.280307e+00;2.776033e+00;-1.051895e+00
1;0.100000;-3.106070e+00;5.659702e+00;6.855692e+00;2.412495e+00;2.359522e+00;-1.001030e+00;-2.168503e-01;4.915904e-01;-4.883777e+00;-3.744680e+00;4.875028e+00;9.460106e+00;4.908373e+00;8.256531e-02
2;0.200000;-4.748863e+00;1.817283e+00;8.336325e-01;-4.649258e-01;-9.186282e-01;-4.365075e+00;-1.286732e+00;1.900862e+00;1.464720e+00;-1.882029e+00;-1.295385e-01;5.431662e-01;-2.599928e+00;7.473221e-01
3;0.300000;-8.827085e-01;-2.011512e+00;-5.477087e+00;-1.007167e+00;-1.694309e+00;-3.646200e+00;7.200432e-02;-3.746170e-01;4.956558e+00;6.649971e-02;-3.678909e+00;-3.380074e+00;-3.088324e+00;6.157608e-01
4;0.400000;4.337638e+00;-5.634867e+00;-4.598067e+00;-1.463849e+00;-1.516962e+00;-8.985536e-01;8.076248e-01;-2.123857e+00;3.914415e+00;1.832187e+00;-3.335899e+00;-6.215818e+00;-9.191689e-01;-9.847870e-01
5;0.500000;2.153309e+00;-4.217060e+00;-2.535500e+00;-1.038930e+00;-1.965310e+00;3.233514e+00;-5.940447e-01;1.228114e+00;-1.614815e+00;2.900876e+00;-4.637469e+00;-6.687687e+00;-1.076986e+00;5.909882e-01
