frameIndex;frameTime;pcm_fftMag_mfcc[0];pcm_fftMag_mfcc[1];pcm_fftMag_mfcc[2];pcm_fftMag_mfcc[3];pcm_fftMag_mfcc[4];pcm_fftMag_mfcc[5];pcm_fftMag_mfcc[6];pcm_fftMag_mfcc[7];pcm_fftMag_mfcc[8];pcm_fftMag_mfcc[9];pcm_fftMag_mfcc[10];pcm_fftMag_mfcc[11];pcm_fftMag_mfcc[12];pcm_fftMag_mfcc[13]
0;0.000000;-1.747092e+00;1.685168e+00;7.884877e+00;-2.439696e+00;3.997250e+00;2.652456e+00;-4.490637e+00;-4.904510e+00;1.930396e+00;-9.431387e-01;-7.343584e+00;-5.778269e-01;4.738783e+00;1.204590e+00
1;0.100000;-2.533245e+00;1.809718e+00;3.648150e+00;1.982353e+00;-9.823084e-01;1.454618e+00;-4.043014e+00;-6.444018e+00;1.632826e+00;-7.655945e-02;-4.964888e+00;4.419935e-02;3.481823e+00;1.086746e+00
2;0.200000;-2.819870e+00;1.846280e+00;-1.751607e+00;2.715055e+00;-3.585075e+00;-2.117173e+00;1.214545e+00;-1.070260e+00;-7.429171e-02;-1.269171e-01;3.921851e+00;8.016614e-01;-9.317179e-01;1.037735e+00
3;0.300000;-7.787743e-01;-5.588293e-01;-4.679675e+00;7.187853e-01;-1.599170e+00;-1.450271e+00;3.843581e+00;4.337155e+00;-8.651352e-01;-2.332923e-01;5.974693e+00;-4.712504e-01;-8.398619e-01;1.544701e+00
4;0.400000;1.994816e+00;-2.201757e+00;-5.656932e+00;-1.944474e+00;-9.204388e-02;-1.277783e+00;2.892286e+00;3.820288e+00;-1.991334e+00;3.206198e-01;2.680758e+00;-1.121809e+00;-1.244156e+00;-5.422516e-01
5;0.500000;5.884169e+00;-2.580577e+00;5.551877e-01;-1.032022e+00;2.261348e+00;7.381520e-01;5.832396e-01;4.261348e+00;-6.324635e-01;1.059288e+00;-2.688298e-01;1.325026e+00;-5.204871e+00;-4.331573e+00
