frameIndex;frameTime;pcm_fftMag_mfcc[0];pcm_fftMag_mfcc[1];pcm_fftMag_mfcc[2];pcm_fftMag_mfcc[3];pcm_fftMag_mfcc[4];pcm_fftMag_mfcc[5];pcm_fftMag_mfcc[6];pcm_fftMag_mfcc[7];pcm_fftMag_mfcc[8];pcm_fftMag_mfcc[9];pcm_fftMag_mfcc[10];pcm_fftMag_mfcc[11];pcm_fftMag_mfcc[12];pcm_fftMag_mfcc[13]
0;0.000000;2.569890e+00;-6.986630e+00;-2.224321e+00;1.063513e+00;2.038683e+00;-7.896423e-04;-1.110070e+00;3.243086e+00;1.369932e+00;-1.128917e+00;-3.786173e-01;-1.679304e+00;2.835330e+00;1.069778e+00
1;0.100000;4.357682e+00;-2.844310e+00;-1.023170e+00;3.548269e+00;1.513245e+00;-3.816078e+00;7.967997e-02;3.260832e+00;4.708687e+00;-1.249128e+00;-2.611468e+00;-2.224683e+00;1.567945e+00;-2.032440e+00
2;0.200000;1.771430e+00;4.478412e+00;-4.001646e+00;-1.920006e+00;4.236277e+00;3.749776e-01;-1.108196e+00;2.237530e-01;8.152409e-01;1.207011e+00;-7.810450e-01;2.203408e+00;1.245376e+00;-2.009712e+00
3;0.300000;-2.981133e+00;5.061067e+00;-5.050535e-01;-2.309921e+00;-1.208458e-01;1.840436e+00;1.214165e+00;-3.581191e+00;-3.699074e+00;1.956958e+00;2.892175e+00;1.601150e+00;-2.443720e+00;4.187393e-01
4;0.400000;-5.717867e+00;2.914615e-01;7.754188e+00;-3.818550e-01;-7.667355e+00;1.601454e+00;9.244208e-01;-3.146478e+00;-3.194788e+00;-7.859253e-01;8.789549e-01;9.942925e-02;-3.204930e+00;2.553612e+00
