frameIndex;frameTime;pcm_fftMag_mfcc[0];pcm_fftMag_mfcc[1];pcm_fftMag_mfcc[2];pcm_fftMag_mfcc[3];pcm_fftMag_mfcc[4];pcm_fftMag_mfcc[5];pcm_fftMag_mfcc[6];pcm_fftMag_mfcc[7];pcm_fftMag_mfcc[8];pcm_fftMag_mfcc[9];pcm_fftMag_mfcc[10];pcm_fftMag_mfcc[11];pcm_fftMag_mfcc[12];pcm_fftMag_mfcc[13]
0;0.000000;2.214369e+00;6.510348e-01;-1.929569e-01;-1.171867e+01;-3.034790e+00;6.312952e+00;-4.285199e+00;8.845310e-01;-1.722728e+00;-6.953306e-01;5.028448e-01;-7.700834e-01;-7.575970e-01;-8.897934e-01
1;0.100000;-4.555454e-01;3.308489e+00;-1.256496e+00;-5.288070e+00;-2.825136e-01;-5.833035e-01;-6.310835e-01;1.061375e+00;-5.458297e-01;-1.653662e-01;7.129903e-01;1.676934e+00;-2.085137e+00;1.283737e+00
2;0.200000;-2.838621e+00;4.841348e+00;1.424487e+00;3.740530e+00;-3.403502e-01;-8.632346e+00;1.198179e+00;8.263388e-01;-1.679129e+00;5.418701e-01;6.505575e-01;3.599493e+00;-7.442293e-01;5.977554e-01
3;0.300000;-2.242391e+00;1.153784e+00;-1.261902e-01;6.623940e+00;2.610145e+00;-4.755339e+00;2.436297e+00;-1.965981e+00;-2.559970e+00;-1.118196e+00;-2.761993e+00;8.248663e-01;2.149777e+00;4.639511e-01
4;0.400000;5.559769e-01;-3.839487e+00;-1.177198e+00;3.851732e+00;2.126331e+00;2.112051e+00;3.021665e+00;-2.367607e+00;3.601639e-01;3.231955e-01;-9.724464e-01;-1.865562e+00;-4.686799e-01;-3.253021e-01
5;0.500000;2.766209e+00;-6.115170e+00;1.328357e+00;2.790532e+00;-1.078824e+00;5.545992e+00;-1.739857e+00;1.561343e+00;6.147493e+00;1.113828e+00;1.868048e+00;-3.465650e+00;1.905871e+00;-1.130402e+00
