frameIndex;frameTime;pcm_fftMag_mfcc[0];pcm_fftMag_mfcc[1];pcm_fftMag_mfcc[2];pcm_fftMag_mfcc[3];pcm_fftMag_mfcc[4];pcm_fftMag_mfcc[5];pcm_fftMag_mfcc[6];pcm_fftMag_mfcc[7];pcm_fftMag_mfcc[8];pcm_fftMag_mfcc[9];pcm_fftMag_mfcc[10];pcm_fftMag_mfcc[11];pcm_fftMag_mfcc[12];pcm_fftMag_mfcc[13]
0;0.000000;-3.539972e-01;-3.252998e+00;-4.720402e-01;1.202784e+00;-3.268325e+00;-3.776814e+00;-5.997075e+00;-1.329277e-01;-4.061355e+00;-6.295347e-02;-3.748757e+00;-1.863536e+00;-6.472155e-01;-9.923859e-01
1;0.100000;4.732971e-01;-4.025054e+00;4.020796e-01;-1.710873e+00;-6.798122e-01;-3.884926e+00;-6.239593e+00;-1.743563e+00;-4.534311e+00;-7.046247e-02;-3.179424e+00;-3.363775e+00;-2.231892e+00;1.274734e+00
2;0.200000;8.405628e-01;1.004647e+00;8.543825e-01;2.945518e-01;1.656987e+00;4.034176e-03;-3.437169e+00;-1.612854e+00;-2.466727e+00;2.695578e-01;4.876171e-01;-3.686401e+00;-3.142374e-01;1.056801e+00
3;0.300000;2.361889e-01;6.362988e+00;1.141803e+00;2.480545e-01;1.570515e+00;3.013773e+00;2.740656e+00;-1.236185e+00;7.540290e-01;-1.479807e+00;3.532623e+00;9.684544e-01;-5.478689e-01;9.130096e-01
4;0.400000;-5.667648e-01;3.700826e+00;2.257900e-01;-2.972431e-01;1.337753e+00;3.510241e+00;5.836538e+00;2.290080e+00;5.423248e+00;-6.171048e-01;2.456452e+00;3.238366e+00;8.652830e-01;3.918228e-01
5;0.500000;-6.292887e-01;-3.790407e+00;-2.152012e+00;2.627220e-01;-6.171191e-01;1.133691e+00;7.096636e+00;2.435451e+00;4.885116e+00;1.960770e+00;4.514873e-01;4.706894e+00;2.875930e+00;-2.643982e+00
