frameIndex;frameTime;pcm_fftMag_mfcc[0];pcm_fftMag_mfcc[1];pcm_fftMag_mfcc[2];pcm_fftMag_mfcc[3];pcm_fftMag_mfcc[4];pcm_fftMag_mfcc[5];pcm_fftMag_mfcc[6];pcm_fftMag_mfcc[7];pcm_fftMag_mfcc[8];pcm_fftMag_mfcc[9];pcm_fftMag_mfcc[10];pcm_fftMag_mfcc[11];pcm_fftMag_mfcc[12];pcm_fftMag_mfcc[13]
0;0.000000;-7.909698e-01;7.233624e-01;-1.414239e+00;-4.968452e-02;-1.736591e+00;8.263874e-01;3.479278e-02;-1.629333e+00;-3.929701e-01;-8.350286e-01;2.594149e+00;3.060198e-01;1.804760e+00;-1.977539e-01
1;0.100000;7.909698e-01;-7.233629e-01;1.414239e+00;4.968452e-02;1.736593e+00;-8.263855e-01;-3.479266e-02;1.629333e+00;3.929710e-01;8.350277e-01;-2.594149e+00;-3.060198e-01;-1.804760e+00;1.977615e-01
