frameIndex;frameTime;pcm_fftMag_mfcc[0];pcm_fftMag_mfcc[1];pcm_fftMag_mfcc[2];pcm_fftMag_mfcc[3];pcm_fftMag_mfcc[4];pcm_fftMag_mfcc[5];pcm_fftMag_mfcc[6];pcm_fftMag_mfcc[7];pcm_fftMag_mfcc[8];pcm_fftMag_mfcc[9];pcm_fftMag_mfcc[10];pcm_fftMag_mfcc[11];pcm_fftMag_mfcc[12];pcm_fftMag_mfcc[13]
0;0.000000;-2.124133e+00;1.621644e+00;-1.164104e+00;3.094120e+00;4.270032e+00;-1.872516e+00;1.842820e+00;6.670192e+00;2.867206e+00;-5.471610e+00;2.677893e+00;7.208114e-01;8.574319e-01;9.752045e-01
1;0.100000;-7.273626e-02;-2.945197e+00;-2.523847e+00;5.597870e-01;2.333106e+00;-4.242291e+00;3.621401e+00;9.936604e+00;-8.669281e-02;-2.720309e+00;1.775026e-02;2.731423e-01;1.372380e+00;1.664467e+00
2;0.200000;1.283222e+00;-3.190773e+00;-2.887840e-01;-3.872048e-01;-5.152092e-01;-3.899034e+00;2.136873e+00;6.386098e+00;-1.798283e+00;-2.782769e+00;-1.871703e+00;1.246977e+00;1.424167e+00;6.018219e-01
3;0.300000;-8.327746e-01;6.591339e-01;3.806332e+00;-1.223626e+00;-3.505964e+00;6.810322e-01;-2.677189e+00;-2.802928e+00;-2.119299e+00;6.737156e-01;-8.051429e-01;2.077355e+00;1.430500e+00;-9.326630e-01
4;0.400000;2.505908e-01;1.443660e+00;7.837127e-01;-2.295609e+00;-2.194050e+00;5.257572e+00;-4.407471e+00;-9.015335e+00;9.143829e-02;5.774356e+00;-5.296254e-01;-1.653454e+00;-1.119934e+00;-1.063217e+00
5;0.500000;1.495828e+00;2.411532e+00;-6.133091e-01;2.525339e-01;-3.879108e-01;4.075236e+00;-5.164356e-01;-1.117463e+01;1.045631e+00;4.526615e+00;5.108280e-01;-2.664833e+00;-3.964547e+00;-1.245659e+00
