frameIndex;frameTime;pcm_fftMag_mfcc[0];pcm_fftMag_mfcc[1];pcm_fftMag_mfcc[2];pcm_fftMag_mfcc[3];pcm_fftMag_mfcc[4];pcm_fftMag_mfcc[5];pcm_fftMag_mfcc[6];pcm_fftMag_mfcc[7];pcm_fftMag_mfcc[8];pcm_fftMag_mfcc[9];pcm_fftMag_mfcc[10];pcm_fftMag_mfcc[11];pcm_fftMag_mfcc[12];pcm_fftMag_mfcc[13]
0;0.000000;4.714012e-01;-4.277660e+00;-4.911423e+00;-5.349096e+00;8.417099e+00;-7.953748e+00;-9.246529e+00;-3.814327e+00;-7.706733e-01;3.611532e+00;-3.405442e+00;6.429467e+00;1.910061e+00;3.870773e+00
1;0.100000;3.412669e+00;8.523455e-01;-1.914461e+00;-1.117915e+01;7.893144e+00;-2.080507e+00;-7.130934e+00;-4.607390e+00;-3.846684e+00;5.414694e+00;1.369887e+00;7.948359e+00;-5.080247e-01;-1.405151e+00
2;0.200000;6.588025e+00;4.405224e+00;2.075418e+00;2.749271e-01;7.934152e+00;7.705688e-01;-4.772494e+00;1.989312e-01;-4.732715e+00;4.659880e+00;4.547005e+00;2.942403e+00;6.781435e-02;-7.067795e+00
3;0.300000;-8.015604e-01;4.110276e+00;4.782965e+00;9.589588e+00;-4.505070e+00;8.739762e+00;7.726494e+00;3.252973e+00;3.017246e+00;-4.773553e+00;1.279212e+00;-1.022348e+01;-4.131168e+00;-3.394142e+00
4;0.400000;-5.138829e+00;-2.194873e+00;3.806686e-02;4.633839e+00;-8.891630e+00;2.825309e+00;6.911727e+00;2.260028e+00;2.991633e+00;-5.940323e+00;-1.537957e+00;-5.768479e+00;1.563519e+00;2.427132e+00
5;0.500000;-4.531713e+00;-2.895312e+00;-7.056999e-02;2.029882e+00;-1.084770e+01;-2.301388e+00;6.511735e+00;2.709784e+00;3.341194e+00;-2.972230e+00;-2.252705e+00;-1.328272e+00;1.097800e+00;5.569191e+00
