frameIndex;frameTime;pcm_fftMag_mfcc[0];pcm_fftMag_mfcc[1];pcm_fftMag_mfcc[2];pcm_fftMag_mfcc[3];pcm_fftMag_mfcc[4];pcm_fftMag_mfcc[5];pcm_fftMag_mfcc[6];pcm_fftMag_mfcc[7];pcm_fftMag_mfcc[8];pcm_fftMag_mfcc[9];pcm_fftMag_mfcc[10];pcm_fftMag_mfcc[11];pcm_fftMag_mfcc[12];pcm_fftMag_mfcc[13]
0;0.000000;-2.407912e+00;1.436572e+00;4.399457e+00;4.283390e-01;-2.548055e+00;8.264542e-03;-2.898245e+00;-7.495622e+00;2.245043e+00;1.368776e+01;3.187296e+00;1.776038e+00;7.830107e+00;1.229248e-01
1;0.100000;-1.550742e+00;2.801334e+00;3.723925e+00;3.831863e-03;-1.240094e+00;-8.484764e-01;-6.553555e-01;-3.381195e+00;4.962101e-01;4.630028e+00;4.434401e+00;3.382408e+00;8.684067e+00;-9.213867e-01
2;0.200000;-7.486162e-01;-1.138734e+00;-1.703798e+00;-1.072624e+00;2.966180e+00;-3.531799e-01;6.015415e-01;3.812314e+00;4.514675e-01;-4.053659e+00;4.995272e+00;3.633237e+00;9.610178e-01;2.287674e-01
3;0.300000;-3.849678e-01;-2.886678e+00;-2.862641e+00;-1.023926e+00;5.971603e-01;-1.877178e+00;8.246045e-01;4.176166e+00;5.158806e-01;-6.641081e+00;1.040449e+00;-1.320745e+00;-4.441522e+00;1.563408e+00
4;0.400000;1.576793e+00;-1.449044e+00;-2.749469e+00;1.107613e+00;4.563103e-01;-6.685829e-02;2.179681e+00;3.492035e+00;-1.564312e-01;-7.750080e+00;-4.503190e+00;-5.145606e+00;-7.580820e+00;4.053116e-01
5;0.500000;3.515444e+00;1.236545e+00;-8.074732e-01;5.567627e-01;-2.315004e-01;3.137428e+00;-5.223179e-02;-6.037002e-01;-3.552176e+00;1.270323e-01;-9.154226e+00;-2.325336e+00;-5.452849e+00;-1.399048e+00
