frameIndex;frameTime;pcm_fftMag_mfcc[0];pcm_fftMag_mfcc[1];pcm_fftMag_mfcc[2];pcm_fftMag_mfcc[3];pcm_fftMag_mfcc[4];pcm_fftMag_mfcc[5];pcm_fftMag_mfcc[6];pcm_fftMag_mfcc[7];pcm_fftMag_mfcc[8];pcm_fftMag_mfcc[9];pcm_fftMag_mfcc[10];pcm_fftMag_mfcc[11];pcm_fftMag_mfcc[12];pcm_fftMag_mfcc[13]
0;0.000000;-1.253896e+00;7.340050e-01;-2.739573e+00;1.757971e+00;1.116120e+01;5.891322e+00;-6.760624e+00;-7.821555e+00;2.651083e+00;1.167428e+00;-1.629187e+00;1.951076e+00;6.518782e+00;-3.581696e-01
1;0.100000;-4.046477e+00;5.177079e+00;5.902252e-01;1.456356e-02;4.740754e+00;-1.293152e+00;1.171538e+00;2.648181e+00;2.352621e+00;-3.787209e+00;-2.246610e+00;9.646721e-01;1.399579e+00;-4.446182e-01
2;0.200000;-2.094616e+00;2.395549e+00;6.070948e-01;1.159712e+00;1.193638e+00;-3.500452e+00;7.324388e+00;8.131350e+00;2.399689e+00;-2.709460e+00;2.253642e-01;1.283267e+00;2.235388e+00;5.124512e-01
3;0.300000;1.972195e+00;-1.113186e+00;2.456529e+00;-9.927559e-02;-6.109209e+00;-5.479885e+00;2.182862e+00;3.633472e+00;1.976585e-01;-2.345194e+00;-1.870251e+00;-4.762325e-01;-3.437666e+00;1.352234e-01
4;0.400000;2.816863e+00;-2.392829e+00;1.210635e+00;-1.742401e-01;-7.750959e+00;7.778587e-01;-1.871309e+00;-1.190837e+00;-2.285902e+00;2.479428e+00;1.550946e+00;-2.067905e+00;-5.157248e+00;1.987152e-01
5;0.500000;2.605935e+00;-4.800615e+00;-2.124914e+00;-2.658731e+00;-3.235424e+00;3.604311e+00;-2.046855e+00;-5.400615e+00;-5.315148e+00;5.195008e+00;3.969737e+00;-1.654881e+00;-1.558827e+00;-4.354858e-02
