frameIndex;frameTime;pcm_fftMag_mfcc[0];pcm_fftMag_mfcc[1];pcm_fftMag_mfcc[2];pcm_fftMag_mfcc[3];pcm_fftMag_mfcc[4];pcm_fftMag_mfcc[5];pcm_fftMag_mfcc[6];pcm_fftMag_mfcc[7];pcm_fftMag_mfcc[8];pcm_fftMag_mfcc[9];pcm_fftMag_mfcc[10];pcm_fftMag_mfcc[11];pcm_fftMag_mfcc[12];pcm_fftMag_mfcc[13]
0;0.000000;-2.239151e+00;9.635239e-01;-5.569665e+00;2.417211e+00;1.274631e+01;-3.322134e+00;4.430608e+00;-9.387904e-01;7.612106e+00;-3.490715e+00;4.334290e+00;-1.518845e+00;-2.894593e+00;1.828163e+00
1;0.100000;9.021587e-01;-4.442019e+00;-4.797777e+00;2.083949e+00;9.103048e+00;-9.438248e-01;2.185685e+00;2.351140e+00;4.709599e+00;-3.860714e+00;-1.276654e+00;3.019798e-01;-4.333539e+00;2.116997e+00
2;0.200000;7.635670e-01;-6.919679e+00;-3.315243e+00;3.933773e-01;7.846928e-01;-1.761477e+00;-1.211979e+00;4.011659e+00;-2.871655e+00;3.780012e-01;-5.118513e+00;2.670397e+00;-3.831249e+00;1.465118e+00
3;0.300000;-1.752052e-01;-1.624528e+00;6.728764e-01;1.397821e+00;-5.065359e+00;-5.811977e-01;-3.703161e-01;3.676188e+00;-2.612679e+00;1.082571e+00;-2.463677e+00;6.777303e-01;-6.571207e-01;8.602142e-02
4;0.400000;-5.253143e-01;4.728127e+00;5.623213e+00;-1.024134e+00;-9.859692e+00;2.137559e+00;-1.191765e+00;-9.123520e-01;-1.972877e+00;2.692189e+00;1.335625e+00;-1.884916e+00;2.368265e+00;-2.157402e+00
5;0.500000;1.273947e+00;7.294575e+00;7.386595e+00;-5.268221e+00;-7.709003e+00;4.471078e+00;-3.842232e+00;-8.187845e+00;-4.864491e+00;3.198668e+00;3.188929e+00;-2.463477e-01;9.348241e+00;-3.338921e+00
