frameIndex;frameTime;pcm_fftMag_mfcc[0];pcm_fftMag_mfcc[1];pcm_fftMag_mfcc[2];pcm_fftMag_mfcc[3];pcm_fftMag_mfcc[4];pcm_fftMag_mfcc[5];pcm_fftMag_mfcc[6];pcm_fftMag_mfcc[7];pcm_fftMag_mfcc[8];pcm_fftMag_mfcc[9];pcm_fftMag_mfcc[10];pcm_fftMag_mfcc[11];pcm_fftMag_mfcc[12];pcm_fftMag_mfcc[13]
0;0.000000;4.795662e+00;-3.214601e+00;1.736559e+00;-7.870350e-01;-2.409492e+00;6.932719e+00;5.439262e-01;-1.095013e+00;-2.647484e+00;-2.297565e+00;-1.035077e+00;4.747915e-01;-3.801225e+00;2.740105e+00
1;0.100000;3.281124e+00;-3.003916e+00;5.273075e-01;-3.516481e+00;-8.664694e-01;6.195887e+00;1.767759e+00;-1.497011e+00;-2.720468e+00;-2.823542e+00;2.252554e+00;-7.572899e-01;-3.381134e+00;1.612122e+00
2;0.200000;2.108011e-01;-1.761489e+00;-1.579927e+00;-4.930027e+00;2.265536e+00;1.902592e+00;-2.625828e+00;-2.526004e+00;-3.126628e-01;-1.490370e+00;3.240157e+00;-2.172241e+00;4.181576e-02;-2.527534e+00
3;0.300000;-2.676866e+00;2.205482e+00;-6.424541e-01;3.462704e+00;1.255563e+00;-6.163732e+00;-1.173957e+00;9.831028e-01;2.822650e+00;3.679240e+00;1.635635e-01;4.895830e-01;3.659330e+00;-1.468651e+00
4;0.400000;-5.610723e+00;5.774524e+00;-4.148483e-02;5.770846e+00;-2.451363e-01;-8.867466e+00;1.488096e+00;4.134923e+00;2.857964e+00;2.932236e+00;-4.621199e+00;1.965155e+00;3.481214e+00;-3.560867e-01
