frameIndex;frameTime;pcm_fftMag_mfcc[0];pcm_fftMag_mfcc[1];pcm_fftMag_mfcc[2];pcm_fftMag_mfcc[3];pcm_fftMag_mfcc[4];pcm_fftMag_mfcc[5];pcm_fftMag_mfcc[6];pcm_fftMag_mfcc[7];pcm_fftMag_mfcc[8];pcm_fftMag_mfcc[9];pcm_fftMag_mfcc[10];pcm_fftMag_mfcc[11];pcm_fftMag_mfcc[12];pcm_fftMag_mfcc[13]
0;0.000000;-7.176037e-01;-2.897663e-01;-1.625413e+00;-1.038475e+00;2.214423e+00;1.828149e+00;-2.685701e+00;-3.255072e+00;2.101049e-01;3.260024e+00;3.605515e+00;4.432573e+00;5.434434e+00;5.358963e-01
1;0.100000;-2.081388e+00;-4.681702e-01;8.678916e-01;-1.185131e-01;-1.587870e+00;-1.641487e+00;-6.236801e-01;4.069586e-01;7.250013e-01;1.264067e-01;-3.022680e-01;-8.091764e-01;-4.007702e-01;1.808167e-01
2;0.200000;2.798990e+00;7.579365e-01;7.575210e-01;1.156992e+00;-6.265545e-01;-1.866627e-01;3.309379e+00;2.848110e+00;-9.351068e-01;-3.386432e+00;-3.303246e+00;-3.623397e+00;-5.033664e+00;-7.166977e-01
