frameIndex;frameTime;pcm_fftMag_mfcc[0];pcm_fftMag_mfcc[1];pcm_fftMag_mfcc[2];pcm_fftMag_mfcc[3];pcm_fftMag_mfcc[4];pcm_fftMag_mfcc[5];pcm_fftMag_mfcc[6];pcm_fftMag_mfcc[7];pcm_fftMag_mfcc[8];pcm_fftMag_mfcc[9];pcm_fftMag_mfcc[10];pcm_fftMag_mfcc[11];pcm_fftMag_mfcc[12];pcm_fftMag_mfcc[13]
0;0.000000;2.577322e+00;3.861525e+00;-6.792023e+00;3.036528e+00;9.051074e-01;5.356092e+00;2.584235e+00;2.196445e+00;3.728802e+00;2.643781e+00;3.106270e+00;4.722117e+00;4.927546e+00;2.689606e+00
1;0.100000;4.919939e-01;-2.800913e+00;-4.171572e+00;-1.879300e+00;2.395048e+00;-1.823665e+00;4.418247e+00;-1.317093e+00;4.715518e+00;1.010209e+00;-4.517031e-02;3.678354e+00;-4.293838e-01;1.171921e+00
2;0.200000;-9.803133e-01;-2.634508e+00;-9.214592e-01;-3.549987e+00;-1.229932e-01;-6.556040e+00;1.454677e+00;-1.701581e+00;2.764859e-01;-1.673148e+00;-3.067799e+00;4.291458e-01;-4.078966e+00;1.359329e-01
3;0.300000;-1.276574e+00;2.695366e+00;8.049911e+00;-3.074554e+00;-3.662335e+00;-6.387689e+00;2.792225e-01;8.920279e-01;-3.881009e+00;-1.429973e+00;-2.758932e-02;-3.067732e+00;-2.429508e+00;-1.541550e+00
4;0.400000;-8.987207e-01;-2.919407e-01;5.721521e+00;1.143937e-01;1.356046e+00;8.173175e-01;-6.694129e+00;-2.639331e+00;-6.730989e+00;-2.938294e-01;-2.390809e-01;-4.122564e+00;1.582899e+00;-2.011299e+00
5;0.500000;8.629704e-02;-8.295288e-01;-1.886372e+00;5.352921e+00;-8.708732e-01;8.593987e+00;-2.042252e+00;2.569530e+00;1.891192e+00;-2.570400e-01;2.733712e-01;-1.639323e+00;4.274149e-01;-4.446259e-01
