frameIndex;frameTime;pcm_fftMag_mfcc[0];pcm_fftMag_mfcc[1];pcm_fftMag_mfcc[2];pcm_fftMag_mfcc[3];pcm_fftMag_mfcc[4];pcm_fftMag_mfcc[5];pcm_fftMag_mfcc[6];pcm_fftMag_mfcc[7];pcm_fftMag_mfcc[8];pcm_fftMag_mfcc[9];pcm_fftMag_mfcc[10];pcm_fftMag_mfcc[11];pcm_fftMag_mfcc[12];pcm_fftMag_mfcc[13]
0;0.000000;-9.048963e-01;-2.904768e+00;-3.802568e+00;-1.787913e+00;1.700211e+00;1.581286e+00;-9.230804e-01;-3.440310e+00;-1.131142e+00;-2.557571e-01;1.190819e+00;-2.118847e+00;-1.239815e-01;1.044884e+00
1;0.100000;4.428511e-01;-3.012194e+00;8.769321e-02;1.970013e+00;-3.099798e+00;-1.830271e+00;-4.779920e+00;-2.562832e+00;-2.224772e+00;-2.822422e+00;1.426988e+00;-2.361883e+00;-2.593402e+00;4.021378e-01
2;0.200000;1.780397e+00;4.832211e-01;1.383684e+00;1.413324e+00;-4.509258e-01;1.024048e+00;-2.549176e+00;2.691660e-01;-4.857767e+00;-3.738369e+00;1.243641e+00;2.056705e+00;-1.805539e-01;-1.224472e+00
3;0.300000;1.390666e+00;3.828782e+00;1.291008e+00;-4.073268e+00;1.400832e+00;2.667028e+00;-1.124113e+00;-6.901264e-01;-1.798890e+00;-1.398956e+00;-1.718357e-01;1.268593e+00;1.180591e+00;-2.465981e+00
4;0.400000;-6.677070e-01;7.372952e-01;9.659758e-01;-1.480274e-01;1.023045e+00;1.007874e+00;3.005442e+00;2.814416e+00;5.612632e+00;4.932606e+00;2.023178e-01;8.796902e-01;2.167457e+00;4.857407e-01
5;0.500000;-2.041310e+00;8.676648e-01;7.420349e-02;2.625865e+00;-5.733738e-01;-4.449965e+00;6.370850e+00;3.609692e+00;4.399940e+00;3.282897e+00;-3.891930e+00;2.757473e-01;-4.501109e-01;1.757698e+00
