frameIndex;frameTime;pcm_fftMag_mfcc[0];pcm_fftMag_mfcc[1];pcm_fftMag_mfcc[2];pcm_fftMag_mfcc[3];pcm_fftMag_mfcc[4];pcm_fftMag_mfcc[5];pcm_fftMag_mfcc[6];pcm_fftMag_mfcc[7];pcm_fftMag_mfcc[8];pcm_fftMag_mfcc[9];pcm_fftMag_mfcc[10];pcm_fftMag_mfcc[11];pcm_fftMag_mfcc[12];pcm_fftMag_mfcc[13]
0;0.000000;8.527603e-01;8.061440e-01;1.956402e+00;7.871243e+00;-1.103055e+00;-9.357887e+00;1.013364e+01;6.936528e+00;7.811453e+00;-1.200708e+00;-1.021996e+00;-1.078837e+00;-3.985628e+00;6.988297e-01
1;0.100000;-2.398785e+00;5.526589e+00;8.339561e+00;5.232118e+00;2.340836e+00;-3.980940e+00;7.549473e+00;2.553852e+00;4.723050e+00;-1.091962e+00;-1.752499e-01;-4.510163e+00;-3.099275e-01;-4.833755e-01
2;0.200000;-2.332087e+00;3.236014e+00;6.642186e+00;8.872538e-01;2.421579e+00;1.637138e+00;3.099194e-01;-6.312542e+00;-2.577780e+00;3.230888e+00;1.856970e+00;-5.193313e+00;1.817291e+00;9.732056e-01
3;0.300000;-1.413895e+00;5.576825e-02;-5.401872e-01;-3.094644e+00;4.332113e-01;4.278899e+00;-2.283916e+00;-5.139755e+00;-5.732338e+00;3.663640e+00;-4.786037e-01;-4.485463e+00;6.624768e-01;1.536545e+00
4;0.400000;4.227333e-01;-2.768740e+00;-8.428928e+00;-7.682445e+00;-2.881720e+00;5.097373e+00;-7.193093e+00;-4.114003e+00;-6.162287e+00;1.802121e+00;-1.289912e+00;-3.656359e-01;-1.309922e-01;-8.634872e-01
5;0.500000;4.869268e+00;-6.855774e+00;-7.969033e+00;-3.213527e+00;-1.210856e+00;2.325418e+00;-8.516017e+00;6.075919e+00;1.937901e+00;-6.403978e+00;1.108790e+00;1.563341e+01;1.946780e+00;-1.861717e+00
