frameIndex;frameTime;pcm_fftMag_mfcc[0];pcm_fftMag_mfcc[1];pcm_fftMag_mfcc[2];pcm_fftMag_mfcc[3];pcm_fftMag_mfcc[4];pcm_fftMag_mfcc[5];pcm_fftMag_mfcc[6];pcm_fftMag_mfcc[7];pcm_fftMag_mfcc[8];pcm_fftMag_mfcc[9];pcm_fftMag_mfcc[10];pcm_fftMag_mfcc[11];pcm_fftMag_mfcc[12];pcm_fftMag_mfcc[13]
0;0.000000;5.373683e+00;-1.540193e+00;2.906308e+00;-4.550784e+00;-1.901620e+00;8.040231e+00;-1.147269e+00;2.680931e+00;-1.268709e+00;-8.083202e-01;6.503854e+00;1.058064e+00;2.505350e+00;-3.022209e+00
1;0.100000;3.210503e+00;-1.252210e+00;9.160633e-01;-7.887012e+00;-3.016355e+00;3.185219e+00;-2.634215e+00;-1.987542e+00;-2.584033e+00;-1.070875e+00;2.496736e+00;7.484941e-01;-3.065901e-01;1.915283e-01
2;0.200000;-9.401951e-01;8.610907e-01;-1.956427e+00;-3.231904e+00;-8.186598e-01;-7.953835e-01;-9.955950e-01;-4.063186e+00;-1.682593e+00;3.351145e-01;1.096663e+00;1.581557e+00;-2.374608e+00;1.868179e+00
3;0.300000;-3.866583e+00;3.574403e+00;8.679581e-01;5.222212e+00;6.315594e-01;-6.397399e+00;-3.214073e-02;-3.414303e+00;-2.088064e+00;5.055726e-03;9.138680e-01;3.591143e+00;-2.991797e+00;6.307144e-01
4;0.400000;-3.062277e+00;2.753291e+00;8.016396e-01;8.266382e+00;1.958717e+00;-5.855320e+00;3.186038e+00;2.909184e+00;2.820992e+00;-5.837027e-01;-5.296036e+00;-8.688059e-01;1.358035e+00;-1.818848e-02
5;0.500000;-7.151299e-01;-4.396382e+00;-3.535540e+00;2.181107e+00;3.146358e+00;1.822655e+00;1.623181e+00;3.874916e+00;4.802406e+00;2.122728e+00;-5.715082e+00;-6.110454e+00;1.809608e+00;3.499603e-01
