frameIndex;frameTime;pcm_fftMag_mfcc[0];pcm_fftMag_mfcc[1];pcm_fftMag_mfcc[2];pcm_fftMag_mfcc[3];pcm_fftMag_mfcc[4];pcm_fftMag_mfcc[5];pcm_fftMag_mfcc[6];pcm_fftMag_mfcc[7];pcm_fftMag_mfcc[8];pcm_fftMag_mfcc[9];pcm_fftMag_mfcc[10];pcm_fftMag_mfcc[11];pcm_fftMag_mfcc[12];pcm_fftMag_mfcc[13]
0;0.000000;1.859067e+00;-9.195253e+00;-8.894456e+00;-6.215664e+00;1.090450e+00;-4.385046e+00;-2.494890e+00;-8.854227e-01;-3.868097e+00;5.828072e-01;-2.595004e+00;5.931711e-02;5.409124e-01;1.468040e+00
1;0.100000;1.303320e+00;-6.038617e+00;-5.310264e+00;-3.675026e+00;-6.755857e-01;-1.886180e+00;-2.315645e+00;-1.579144e+00;-3.700805e+00;-6.877401e-01;-2.651222e+00;-5.733247e-01;-1.085566e+00;7.880402e-02
2;0.200000;9.837370e-01;1.990741e+00;1.880744e-01;-3.946495e-02;-1.731305e+00;-4.025517e-01;1.442118e+00;-8.537703e-01;-1.941986e+00;-3.640550e-01;-3.672104e-01;4.745516e-01;-1.871391e+00;-2.653664e+00
3;0.300000;-3.568420e-01;3.657175e+00;3.036048e+00;9.315910e-01;-1.408362e+00;-1.696015e+00;1.516211e+00;2.845588e+00;3.467970e-01;-1.269858e+00;1.341628e+00;1.093050e+00;-2.022852e+00;-1.980865e+00
4;0.400000;-1.785981e+00;2.591425e+00;5.986323e+00;1.371832e+00;-6.464014e-01;1.250480e+00;2.890880e-01;1.865988e+00;2.292336e+00;3.554510e-01;5.643072e-01;-9.070873e-02;5.119522e-01;6.080093e-01
5;0.500000;-2.003300e+00;6.994529e+00;4.994274e+00;7.626736e+00;3.371203e+00;7.119313e+00;1.563118e+00;-1.393237e+00;6.871753e+00;1.383395e+00;3.707499e+00;-9.628850e-01;3.926943e+00;2.479729e+00
