frameIndex;frameTime;pcm_fftMag_mfcc[0];pcm_fftMag_mfcc[1];pcm_fftMag_mfcc[2];pcm_fftMag_mfcc[3];pcm_fftMag_mfcc[4];pcm_fftMag_mfcc[5];pcm_fftMag_mfcc[6];pcm_fftMag_mfcc[7];pcm_fftMag_mfcc[8];pcm_fftMag_mfcc[9];pcm_fftMag_mfcc[10];pcm_fftMag_mfcc[11];pcm_fftMag_mfcc[12];pcm_fftMag_mfcc[13]
0;0.000000;-1.540761e+00;-3.177898e+00;-8.022981e-01;-1.060160e+00;2.244507e+00;-2.160919e+00;8.424311e-01;-2.274445e+00;-3.654185e+00;2.262243e+00;-3.593219e+00;3.953729e+00;1.397631e+00;2.813942e+00
1;0.100000;-2.550550e+00;7.315583e-01;7.667818e-01;2.460182e+00;1.954088e+00;-2.615756e+00;3.573677e+00;8.904195e-01;1.157066e+00;-6.432977e-01;-2.409684e+00;2.035019e+00;2.812642e+00;1.022583e+00
2;0.200000;-1.457220e+00;5.802326e+00;2.468155e+00;5.853281e+00;1.936656e+00;-7.630386e-01;2.088716e+00;7.777777e-01;3.890469e+00;-1.743274e+00;-6.833649e-02;1.409688e+00;2.461766e+00;-3.384941e+00
3;0.300000;2.373964e+00;2.236693e+00;4.800358e-01;-7.566767e-01;3.895154e+00;5.087615e+00;-1.594873e+00;3.262672e-01;2.723039e+00;9.159722e-01;2.831308e+00;-1.157289e-01;-2.067698e+00;-4.126907e+00
4;0.400000;2.991675e+00;-3.157842e+00;-9.694705e-01;-4.442822e+00;-1.561871e+00;1.448022e+00;-3.016568e+00;-8.593178e-02;-3.408422e-01;-1.908114e-01;1.654038e+00;-2.546260e+00;-3.341366e+00;3.209000e-01
5;0.500000;1.828871e-01;-2.434838e+00;-1.943205e+00;-2.053799e+00;-8.468536e+00;-9.959164e-01;-1.893385e+00;3.659163e-01;-3.775546e+00;-6.008325e-01;1.585896e+00;-4.736448e+00;-1.262973e+00;3.354408e+00
