frameIndex;frameTime;pcm_fftMag_mfcc[0];pcm_fftMag_mfcc[1];pcm_fftMag_mfcc[2];pcm_fftMag_mfcc[3];pcm_fftMag_mfcc[4];pcm_fftMag_mfcc[5];pcm_fftMag_mfcc[6];pcm_fftMag_mfcc[7];pcm_fftMag_mfcc[8];pcm_fftMag_mfcc[9];pcm_fftMag_mfcc[10];pcm_fftMag_mfcc[11];pcm_fftMag_mfcc[12];pcm_fftMag_mfcc[13]
0;0.000000;-5.664480e+00;-1.653240e+00;2.561357e+00;-1.187309e+00;7.248955e-01;3.995836e+00;2.978371e+00;-7.654572e-02;2.593447e+00;5.937667e-01;1.385204e+00;3.207903e-01;2.327361e-01;2.662453e+00
1;0.100000;-3.917330e+00;1.328854e+00;4.332288e+00;-1.342090e-01;-4.335213e-01;1.220826e+00;-1.487951e+00;-8.559825e+00;1.442291e+00;5.462703e+00;7.815460e+00;-6.827250e-01;-2.905788e+00;1.960388e+00
2;0.200000;1.373256e+00;2.112510e+00;2.064280e+00;3.816193e-01;-2.162039e+00;-4.579531e+00;-2.059770e+00;-6.062072e+00;2.374305e+00;4.392360e+00;7.501877e+00;-3.058996e-01;-2.202421e+00;-6.711502e-01
3;0.300000;2.380374e+00;-6.249275e-01;-2.133515e+00;-1.472678e+00;-2.144522e+00;-3.203409e+00;-1.613138e+00;3.420184e+00;-3.913589e-01;7.012334e-01;1.936989e-01;3.364873e+00;3.420844e+00;-1.310699e+00
4;0.400000;1.976806e+00;-2.211438e+00;-3.981856e+00;4.276860e-02;1.750233e+00;1.874989e+00;1.776038e+00;6.159080e+00;-1.599366e+00;-3.911986e+00;-6.621941e+00;-3.769436e-01;2.392879e+00;-7.456436e-01
5;0.500000;3.851377e+00;1.048241e+00;-2.842554e+00;2.369808e+00;2.264952e+00;6.912956e-01;4.064522e-01;5.119184e+00;-4.419318e+00;-7.238076e+00;-1.027430e+01;-2.320095e+00;-9.382482e-01;-1.895332e+00
