frameIndex;frameTime;pcm_fftMag_mfcc[0];pcm_fftMag_mfcc[1];pcm_fftMag_mfcc[2];pcm_fftMag_mfcc[3];pcm_fftMag_mfcc[4];pcm_fftMag_mfcc[5];pcm_fftMag_mfcc[6];pcm_fftMag_mfcc[7];pcm_fftMag_mfcc[8];pcm_fftMag_mfcc[9];pcm_fftMag_mfcc[10];pcm_fftMag_mfcc[11];pcm_fftMag_mfcc[12];pcm_fftMag_mfcc[13]
0;0.000000;-9.355793e-01;-4.968823e+00;4.389253e+00;1.630425e+00;3.482571e-01;-9.281732e+00;1.580319e+00;8.145307e+00;-2.024083e+00;3.416984e+00;-3.949797e+00;5.375855e-01;-1.404319e-01;1.310524e+00
1;0.100000;8.286734e-01;1.570115e+00;-1.864841e+00;1.677135e+00;3.194218e-01;-4.046369e-01;-5.330648e-01;1.046755e+00;-2.226022e+00;-1.185991e+00;-7.022381e-01;-1.412295e+00;2.054355e+00;-1.772736e+00
2;0.200000;1.069055e-01;3.398707e+00;-2.524413e+00;-3.307560e+00;-6.676769e-01;9.686369e+00;-1.047255e+00;-9.192061e+00;4.250105e+00;-2.230994e+00;4.652036e+00;8.747096e-01;-1.913924e+00;4.622040e-01
