frameIndex;frameTime;pcm_fftMag_mfcc[0];pcm_fftMag_mfcc[1];pcm_fftMag_mfcc[2];pcm_fftMag_mfcc[3];pcm_fftMag_mfcc[4];pcm_fftMag_mfcc[5];pcm_fftMag_mfcc[6];pcm_fftMag_mfcc[7];pcm_fftMag_mfcc[8];pcm_fftMag_mfcc[9];pcm_fftMag_mfcc[10];pcm_fftMag_mfcc[11];pcm_fftMag_mfcc[12];pcm_fftMag_mfcc[13]
0;0.000000;7.680988e-02;-2.217439e+00;-4.164582e+00;-1.366918e+01;2.074524e+00;3.845398e+00;-1.974940e+00;-5.004796e+00;-7.578962e+00;2.174119e+00;1.104535e+01;4.978267e+00;-7.879024e-01;2.439911e+00
1;0.100000;1.658170e+00;-4.168915e+00;2.292817e+00;-5.686362e+00;1.733161e+00;4.493400e+00;-9.317036e-01;-3.179541e+00;-2.778429e+00;7.430944e-01;3.183199e+00;3.511559e+00;-9.751720e-01;8.074951e-02
2;0.200000;-8.523273e-02;-1.480492e+00;3.036238e+00;2.349805e+00;-3.745494e+00;-2.716968e+00;1.239390e+00;-5.660348e-01;1.120928e+00;5.505056e-01;-1.691191e+00;1.104909e+00;-1.124930e-01;-2.762451e-01
3;0.300000;-2.095836e+00;3.994182e+00;1.322791e+00;6.934376e+00;-4.283730e+00;-7.133813e+00;2.298195e+00;1.288550e+00;1.626307e+00;-2.549277e+00;-2.878636e+00;2.164191e+00;7.189269e-01;-1.208351e+00
4;0.400000;-3.709927e-01;4.645431e+00;-2.904784e+00;6.657732e+00;2.104806e+00;-1.465172e+00;1.083805e+00;4.322560e+00;3.975905e+00;-1.814547e+00;-3.703755e+00;-3.797130e+00;-4.686003e-01;-8.762741e-01
5;0.500000;8.170834e-01;-7.727670e-01;4.175262e-01;3.413630e+00;2.116734e+00;2.977154e+00;-1.714746e+00;3.139262e+00;3.634250e+00;8.961077e-01;-5.954973e+00;-7.961795e+00;1.625241e+00;-1.598282e-01
