frameIndex;frameTime;pcm_fftMag_mfcc[0];pcm_fftMag_mfcc[1];pcm_fftMag_mfcc[2];pcm_fftMag_mfcc[3];pcm_fftMag_mfcc[4];pcm_fftMag_mfcc[5];pcm_fftMag_mfcc[6];pcm_fftMag_mfcc[7];pcm_fftMag_mfcc[8];pcm_fftMag_mfcc[9];pcm_fftMag_mfcc[10];pcm_fftMag_mfcc[11];pcm_fftMag_mfcc[12];pcm_fftMag_mfcc[13]
0;0.000000;9.858942e-01;1.908264e-01;2.893293e+00;2.805597e+00;-6.254167e+00;-2.646255e-01;1.055288e+00;9.515853e+00;2.107126e+00;-7.617412e-01;6.362420e+00;4.875622e+00;4.167753e+00;1.789131e+00
1;0.100000;1.083302e+00;-3.312882e+00;-1.115123e+00;1.570704e+00;-4.090669e+00;2.221939e+00;1.509756e+00;6.226167e+00;1.493552e+00;-9.768405e-01;3.450830e+00;3.212567e+00;3.541603e+00;2.346306e+00
2;0.200000;4.234457e-01;-4.297881e+00;-3.175653e+00;1.433187e-01;-5.218048e-01;2.190211e+00;3.942490e+00;7.886181e-01;-5.796762e-01;-1.680219e+00;-1.797542e+00;1.177904e+00;1.056186e-01;6.090393e-01
3;0.300000;-6.375446e-01;9.336128e-01;-4.890347e-01;-4.340296e-01;4.462349e+00;-1.031599e+00;3.403269e+00;-1.771935e+00;-3.983390e+00;-7.571158e-01;-5.398453e+00;-1.093554e+00;5.160798e-01;-1.366791e+00
4;0.400000;-1.996206e+00;2.897594e+00;1.151217e+00;-1.395600e+00;3.836299e+00;-2.858528e+00;-3.511827e+00;-5.766793e+00;-1.538719e+00;1.615011e+00;-4.766748e+00;-4.859150e+00;-3.787531e+00;-2.135735e+00
5;0.500000;1.411123e-01;3.588737e+00;7.353077e-01;-2.689991e+00;2.567986e+00;-2.573967e-01;-6.398975e+00;-8.991908e+00;2.501108e+00;2.560905e+00;2.149488e+00;-3.313389e+00;-4.543522e+00;-1.241913e+00
