frameIndex;frameTime;pcm_fftMag_mfcc[0];pcm_fftMag_mfcc[1];pcm_fftMag_mfcc[2];pcm_fftMag_mfcc[3];pcm_fftMag_mfcc[4];pcm_fftMag_mfcc[5];pcm_fftMag_mfcc[6];pcm_fftMag_mfcc[7];pcm_fftMag_mfcc[8];pcm_fftMag_mfcc[9];pcm_fftMag_mfcc[10];pcm_fftMag_mfcc[11];pcm_fftMag_mfcc[12];pcm_fftMag_mfcc[13]
0;0.000000;4.908753e+00;8.321919e-01;-3.459588e+00;-8.645444e+00;-2.160754e+00;1.142474e+01;2.256245e+00;1.038307e+00;-7.931964e+00;-7.960632e+00;8.003774e-01;2.117125e+00;-1.636675e+00;3.728989e+00
1;0.100000;3.794850e+00;-6.715208e+00;7.518949e+00;-7.684053e+00;-1.815610e+00;4.133679e+00;4.442591e+00;1.017808e+01;-1.131346e+01;1.030779e+00;-3.466588e+00;6.530653e+00;4.948460e+00;2.923065e+00
2;0.200000;-7.878847e-01;-4.343759e+00;1.255825e+01;-2.839777e+00;-4.496283e+00;-6.333235e+00;2.665044e+00;5.889192e+00;-1.855165e+00;3.039742e+00;7.819681e-01;5.173591e+00;4.996971e+00;1.811897e+00
3;0.300000;-4.795247e+00;9.038773e-01;8.158872e+00;3.277839e+00;-7.991766e+00;-7.395964e+00;2.121180e-01;-9.466014e-01;2.212440e+00;6.556988e-01;2.882770e+00;1.351799e+00;-4.668026e-01;-1.261887e+00
4;0.400000;-2.879375e+00;5.361886e+00;-8.624946e+00;8.675869e+00;2.647672e+00;-1.191811e+00;-2.744372e+00;-1.053924e+01;8.451281e+00;2.031322e+00;-3.955550e-01;-5.754016e+00;-5.012406e+00;-4.014343e+00
5;0.500000;-2.410955e-01;3.961009e+00;-1.615154e+01;7.215567e+00;1.381674e+01;-6.374054e-01;-6.831627e+00;-5.619740e+00;1.043686e+01;1.203089e+00;-6.029711e-01;-9.419154e+00;-2.829547e+00;-3.187714e+00
