frameIndex;frameTime;pcm_fftMag_mfcc[0];pcm_fftMag_mfcc[1];pcm_fftMag_mfcc[2];pcm_fftMag_mfcc[3];pcm_fftMag_mfcc[4];pcm_fftMag_mfcc[5];pcm_fftMag_mfcc[6];pcm_fftMag_mfcc[7];pcm_fftMag_mfcc[8];pcm_fftMag_mfcc[9];pcm_fftMag_mfcc[10];pcm_fftMag_mfcc[11];pcm_fftMag_mfcc[12];pcm_fftMag_mfcc[13]
0;0.000000;-1.140391e+00;-9.979649e-01;3.394053e+00;-1.792866e+00;1.758623e+00;-2.763951e+00;3.480024e+00;-2.145768e+00;-2.752841e+00;-3.350169e+00;-8.077803e-01;1.844144e+00;-1.896159e+00;-6.263275e-01
1;0.100000;4.104495e-01;-8.353140e-01;2.807432e+00;2.111997e+00;3.152628e+00;-6.370513e+00;2.164257e+00;2.710592e-01;2.664093e+00;4.024110e-01;-1.431297e+00;4.758083e+00;9.100718e-01;-2.365570e-01
2;0.200000;2.488760e+00;-3.296249e+00;3.377675e-01;-1.718296e+00;3.403743e+00;-6.076884e+00;1.127071e+00;2.025586e+00;7.898462e-02;1.970136e+00;-1.466414e+00;2.919908e+00;4.105511e-01;-6.604919e-01
3;0.300000;1.422482e+00;-3.729290e+00;-2.413533e+00;-5.848543e+00;-1.556378e+00;4.615154e-01;-5.062333e+00;7.548652e-01;-3.851199e+00;3.047147e-01;-2.134422e+00;-3.589241e+00;-5.128407e-02;-3.052216e-01
4;0.400000;-1.025679e+00;1.803144e+00;-2.032387e+00;6.707008e-01;-2.980877e+00;6.355815e+00;-2.615577e+00;-4.648870e-02;6.632038e-01;6.757197e-01;1.070420e+00;-4.464577e+00;1.106620e-01;1.565811e+00
5;0.500000;-2.155625e+00;7.055674e+00;-2.093333e+00;6.577007e+00;-3.777739e+00;8.394016e+00;9.065597e-01;-8.592541e-01;3.197760e+00;-2.811432e-03;4.769490e+00;-1.468317e+00;5.161569e-01;2.627792e-01
