frameIndex;frameTime;pcm_fftMag_mfcc[0];pcm_fftMag_mfcc[1];pcm_fftMag_mfcc[2];pcm_fftMag_mfcc[3];pcm_fftMag_mfcc[4];pcm_fftMag_mfcc[5];pcm_fftMag_mfcc[6];pcm_fftMag_mfcc[7];pcm_fftMag_mfcc[8];pcm_fftMag_mfcc[9];pcm_fftMag_mfcc[10];pcm_fftMag_mfcc[11];pcm_fftMag_mfcc[12];pcm_fftMag_mfcc[13]
0;0.000000;-8.572855e-01;-1.869678e-01;-9.249802e-01;-2.920895e+00;-1.458391e+00;1.055612e+00;1.920021e+00;1.538023e+00;1.129421e+00;5.159965e+00;2.114341e+00;5.327988e-01;1.050024e+00;-7.374802e-01
1;0.100000;-2.508087e-01;1.477480e+00;3.723029e+00;-1.285228e+00;-2.099876e-01;-3.343872e+00;-9.422665e-01;3.392558e+00;-1.333918e+00;3.594570e+00;-2.772679e+00;-4.238958e-01;-3.867903e+00;-1.111191e+00
2;0.200000;6.461906e-01;4.609660e+00;4.918172e+00;-3.008978e-01;7.838058e-01;-4.793416e+00;2.308985e+00;2.335832e+00;-1.935847e+00;2.597456e-01;-3.037431e+00;1.719708e+00;-1.793568e+00;-1.159393e+00
3;0.300000;2.055285e+00;-2.008574e+00;1.793220e+00;-3.303163e-01;3.005908e+00;6.962557e-01;-1.396702e+00;-2.618520e+00;-2.805023e+00;-1.108030e+00;-6.796513e-01;2.168852e+00;1.092783e+00;3.424072e-02
4;0.400000;1.323748e-01;-4.876084e+00;-4.119967e+00;4.780061e-01;-2.165785e+00;3.696077e+00;-3.903881e+00;-2.352559e+00;2.729340e-01;-5.041458e+00;1.931571e+00;-2.203635e+00;2.281502e+00;1.417023e+00
5;0.500000;-1.725753e+00;9.844818e-01;-5.389475e+00;4.359330e+00;4.444408e-02;2.689342e+00;2.013844e+00;-2.295333e+00;4.672432e+00;-2.864794e+00;2.443851e+00;-1.793822e+00;1.237162e+00;1.556839e+00
