frameIndex;frameTime;pcm_fftMag_mfcc[0];pcm_fftMag_mfcc[1];pcm_fftMag_mfcc[2];pcm_fftMag_mfcc[3];pcm_fftMag_mfcc[4];pcm_fftMag_mfcc[5];pcm_fftMag_mfcc[6];pcm_fftMag_mfcc[7];pcm_fftMag_mfcc[8];pcm_fftMag_mfcc[9];pcm_fftMag_mfcc[10];pcm_fftMag_mfcc[11];pcm_fftMag_mfcc[12];pcm_fftMag_mfcc[13]
0;0.000000;8.330702e+00;-7.667891e+00;-2.101704e+00;-3.061089e+00;1.125772e+01;-3.279579e+00;-8.951373e+00;6.309378e+00;-9.370058e+00;-1.904917e+00;-1.661688e+00;-5.321737e+00;1.774865e+00;-1.150093e+00
1;0.100000;2.322681e+00;-3.400640e-01;-4.048435e+00;1.062675e+00;9.632910e+00;-7.153385e+00;-8.264312e+00;2.468558e+00;-5.879848e+00;-4.857721e-01;1.784167e+00;-1.861624e-01;6.236473e+00;-6.758270e-01
2;0.200000;-3.871054e+00;4.316959e+00;-3.433537e+00;5.631058e+00;1.128294e+01;-7.022980e+00;-2.297249e+00;-4.415569e-01;-5.550657e+00;1.789400e+00;6.307124e+00;4.279714e+00;8.999927e+00;-1.844574e+00
3;0.300000;-5.882116e+00;6.758712e+00;1.601931e+00;3.719070e+00;1.335658e+00;-1.307346e+00;7.248764e+00;2.974596e-01;-5.643420e-01;1.714321e+00;5.312323e+00;4.035893e+00;-6.246488e-01;-1.647980e+00
4;0.400000;-2.655937e+00;1.497547e+00;2.688586e+00;-3.324535e+00;-1.383919e+01;7.246225e+00;7.502583e+00;-5.104044e+00;8.912055e+00;1.946783e-02;-4.868915e+00;2.750307e-02;-6.228883e+00;1.806374e+00
5;0.500000;1.755733e+00;-4.565263e+00;5.293161e+00;-4.027185e+00;-1.967004e+01;1.151706e+01;4.761581e+00;-3.529789e+00;1.245285e+01;-1.132497e+00;-6.873011e+00;-2.835211e+00;-1.015773e+01;3.512115e+00
