frameIndex;frameTime;pcm_fftMag_mfcc[0];pcm_fftMag_mfcc[1];pcm_fftMag_mfcc[2];pcm_fftMag_mfcc[3];pcm_fftMag_mfcc[4];pcm_fftMag_mfcc[5];pcm_fftMag_mfcc[6];pcm_fftMag_mfcc[7];pcm_fftMag_mfcc[8];pcm_fftMag_mfcc[9];pcm_fftMag_mfcc[10];pcm_fftMag_mfcc[11];pcm_fftMag_mfcc[12];pcm_fftMag_mfcc[13]
0;0.000000;1.003542e+00;5.418535e+00;-1.404636e+01;-4.217358e+00;6.522674e+00;1.566411e+01;8.633561e+00;-6.052264e+00;5.817160e+00;6.474952e+00;2.233296e+00;-7.802659e+00;-1.678174e+00;1.451935e+00
1;0.100000;3.976570e+00;-2.033545e+00;-5.673879e+00;-9.100899e+00;6.271175e+00;5.533522e+00;3.003349e-01;-2.879767e+00;-1.785418e+00;1.290137e+01;-3.570146e+00;-4.419780e+00;2.980328e-02;-3.242111e-01
2;0.200000;4.392105e+00;-5.733348e+00;1.530135e+00;-2.531834e+00;4.230620e+00;-1.273143e+00;-2.922019e+00;6.890963e+00;-3.622631e+00;9.031322e+00;-2.701896e+00;-3.583584e-01;-7.403803e-01;-2.065887e-01
3;0.300000;-5.819111e-01;-5.044383e+00;4.645702e+00;1.709167e+00;-3.203871e+00;-7.620809e+00;-2.652648e+00;2.945873e+00;-2.466096e+00;-4.123386e+00;1.450580e+00;5.223837e-01;-1.812440e+00;5.178452e-01
4;0.400000;-4.300598e+00;1.309906e+00;7.553652e+00;7.330457e+00;-7.006237e+00;-7.319057e+00;-1.011001e+00;1.689938e+00;5.888062e-01;-9.082956e+00;3.980331e+00;5.735446e+00;1.445834e+00;3.508453e-01
5;0.500000;-4.489710e+00;6.082840e+00;5.990748e+00;6.810468e+00;-6.814363e+00;-4.984624e+00;-2.348229e+00;-2.594742e+00;1.468181e+00;-1.520130e+01;-1.392165e+00;6.322968e+00;2.755358e+00;-1.789856e+00
