frameIndex;frameTime;pcm_fftMag_mfcc[0];pcm_fftMag_mfcc[1];pcm_fftMag_mfcc[2];pcm_fftMag_mfcc[3];pcm_fftMag_mfcc[4];pcm_fftMag_mfcc[5];pcm_fftMag_mfcc[6];pcm_fftMag_mfcc[7];pcm_fftMag_mfcc[8];pcm_fftMag_mfcc[9];pcm_fftMag_mfcc[10];pcm_fftMag_mfcc[11];pcm_fftMag_mfcc[12];pcm_fftMag_mfcc[13]
0;0.000000;-3.133890e+00;8.259411e-01;6.070314e+00;3.777660e+00;7.034261e+00;-8.978844e+00;9.995651e-02;-1.140322e+00;5.188844e+00;4.402767e+00;-3.193321e+00;7.139426e+00;-1.753344e+00;3.652115e-01
1;0.100000;-4.029042e+00;2.412642e+00;8.453815e+00;1.180687e+00;2.399265e+00;-6.911905e+00;2.574759e+00;-7.592921e-01;5.311985e-01;2.045040e-01;-1.955546e+00;5.302634e+00;-3.688846e+00;4.665070e-01
2;0.200000;-8.254652e-01;-1.183677e+00;3.642254e+00;-5.970483e-01;3.982067e-01;-5.315546e+00;1.741982e-02;4.485550e-01;-2.250259e+00;-1.539361e+00;4.304192e-01;2.871912e+00;-4.612189e+00;7.849655e-01
3;0.300000;2.530491e+00;-1.737928e+00;-2.995661e+00;-3.951983e-01;-2.743549e+00;3.826083e+00;-1.338638e+00;1.018177e+00;-2.820533e+00;-2.200893e+00;2.991771e+00;-3.363055e+00;-2.772589e-01;-2.823639e-02
4;0.400000;3.470579e+00;3.900833e-01;-7.871646e+00;-2.356347e+00;-5.095482e+00;1.186977e+01;-9.198589e-01;-8.722196e-01;-1.753046e+00;6.844258e-01;2.607619e+00;-8.156574e+00;5.335279e+00;-1.018761e+00
5;0.500000;1.987324e+00;-7.070656e-01;-7.299077e+00;-1.609757e+00;-1.992701e+00;5.510436e+00;-4.336376e-01;1.305100e+00;1.103792e+00;-1.551441e+00;-8.809431e-01;-3.794344e+00;4.996359e+00;-5.697479e-01
