frameIndex;frameTime;pcm_fftMag_mfcc[0];pcm_fftMag_mfcc[1];pcm_fftMag_mfcc[2];pcm_fftMag_mfcc[3];pcm_fftMag_mfcc[4];pcm_fftMag_mfcc[5];pcm_fftMag_mfcc[6];pcm_fftMag_mfcc[7];pcm_fftMag_mfcc[8];pcm_fftMag_mfcc[9];pcm_fftMag_mfcc[10];pcm_fftMag_mfcc[11];pcm_fftMag_mfcc[12];pcm_fftMag_mfcc[13]
0;0.000000;3.905593e+00;-6.708487e+00;-1.031978e+01;-5.582350e+00;4.249229e+00;-3.370459e+00;-4.297269e+00;-1.005020e-01;2.929007e+00;-4.339148e-01;2.423137e+00;7.859297e-01;7.699625e+00;-6.163712e-01
1;0.100000;2.665173e+00;-5.859458e+00;-6.527960e+00;4.054413e-01;7.013767e+00;6.040535e-01;1.810459e+00;6.182588e+00;4.294396e+00;8.127915e-01;4.139997e+00;-9.993591e-01;5.462650e+00;1.879883e+00
2;0.200000;-8.045473e-01;-3.811916e+00;-3.389853e+00;-4.095068e-01;1.366770e+00;-2.038929e+00;-2.741633e+00;2.102950e+00;-1.731050e+00;-3.558815e+00;8.612843e-01;-1.249632e+00;2.505735e+00;1.329178e+00
3;0.300000;-3.286143e+00;4.566416e+00;5.916762e+00;1.066488e+00;-2.618311e+00;2.211031e+00;-1.339227e+00;-3.843519e+00;-5.324886e+00;-1.923237e+00;-3.833764e+00;-7.427444e-01;-1.700586e+00;-1.647339e-01
4;0.400000;-2.272689e+00;8.244220e+00;8.758917e+00;1.380411e+00;-4.840635e+00;4.158439e+00;1.633997e+00;-5.376360e+00;-2.161936e+00;2.302281e+00;-4.329727e+00;8.241034e-01;-5.637050e+00;-1.028885e+00
5;0.500000;-2.073927e-01;3.569225e+00;5.561911e+00;3.139518e+00;-5.170826e+00;-1.564138e+00;4.933683e+00;1.034844e+00;1.994468e+00;2.800895e+00;7.390757e-01;1.381698e+00;-8.330374e+00;-1.399017e+00
