frameIndex;frameTime;pcm_fftMag_mfcc[0];pcm_fftMag_mfcc[1];pcm_fftMag_mfcc[2];pcm_fftMag_mfcc[3];pcm_fftMag_mfcc[4];pcm_fftMag_mfcc[5];pcm_fftMag_mfcc[6];pcm_fftMag_mfcc[7];pcm_fftMag_mfcc[8];pcm_fftMag_mfcc[9];pcm_fftMag_mfcc[10];pcm_fftMag_mfcc[11];pcm_fftMag_mfcc[12];pcm_fftMag_mfcc[13]
0;0.000000;2.587552e+00;6.088276e-01;7.351818e-01;-2.723827e-01;2.911366e+00;7.397307e+00;9.935751e-01;3.672938e+00;-3.675029e+00;5.947913e+00;-5.158515e-01;-2.771420e+00;5.248273e+00;3.207703e+00
1;0.100000;2.641338e+00;-8.227142e+00;2.523170e+00;-5.615519e+00;1.398441e+00;-7.357709e-01;-1.853354e+00;4.490174e+00;-7.592518e+00;3.525092e+00;-5.429034e+00;-1.534653e-02;3.631125e+00;1.981277e+00
2;0.200000;-2.265511e-01;-4.099337e+00;1.316381e+00;-9.466286e-01;2.243859e+00;-1.598381e+00;3.180998e+00;1.192850e+00;2.261271e-01;-1.874972e+00;-2.286142e+00;1.614462e+00;2.518645e+00;1.482323e+00
3;0.300000;-3.528481e+00;1.985365e+00;1.768822e+00;-1.993626e+00;-1.178021e+00;-4.187532e+00;-1.947664e+00;-5.510209e+00;3.849216e+00;-8.473689e+00;-2.824677e+00;2.273164e+00;-4.210072e+00;-1.641617e+00
4;0.400000;-8.089848e-01;5.199653e+00;2.026577e+00;2.355666e+00;1.475570e+00;4.256238e-01;1.007592e+00;-2.241774e+00;7.399451e+00;6.373858e-01;6.721775e+00;4.603401e+00;-4.201041e+00;-1.796509e+00
5;0.500000;-6.648712e-01;4.532633e+00;-8.370132e+00;6.472495e+00;-6.851215e+00;-1.301247e+00;-1.381146e+00;-1.603979e+00;-2.072458e-01;2.382727e-01;4.333931e+00;-5.704255e+00;-2.986931e+00;-3.233170e+00
