frameIndex;frameTime;pcm_fftMag_mfcc[0];pcm_fftMag_mfcc[1];pcm_fftMag_mfcc[2];pcm_fftMag_mfcc[3];pcm_fftMag_mfcc[4];pcm_fftMag_mfcc[5];pcm_fftMag_mfcc[6];pcm_fftMag_mfcc[7];pcm_fftMag_mfcc[8];pcm_fftMag_mfcc[9];pcm_fftMag_mfcc[10];pcm_fftMag_mfcc[11];pcm_fftMag_mfcc[12];pcm_fftMag_mfcc[13]
0;0.000000;1.614455e+00;-4.701739e+00;3.750334e-01;1.103142e+00;-2.070582e+00;1.347300e+00;3.313039e+00;4.302523e+00;3.036203e-01;2.900398e+00;-4.432157e+00;-3.912702e-01;-6.590700e-01;-5.748062e-01
1;0.100000;2.188320e+00;-7.894640e+00;-2.900421e+00;-2.072296e+00;3.218877e+00;9.956652e-02;-1.539996e+00;6.836562e+00;-7.456980e-01;-6.492648e-01;-2.962706e+00;2.302325e+00;9.679699e-01;-1.949959e+00
2;0.200000;1.687050e-01;-7.920046e+00;-6.060423e+00;-5.223795e+00;1.881729e+00;-2.933656e+00;-6.744881e+00;3.010807e+00;-1.080855e+00;-5.927300e+00;-2.730342e+00;1.560289e+00;1.513566e+00;-5.741135e+00
3;0.300000;-2.302704e+00;7.335878e+00;7.433514e+00;3.868453e+00;-3.530267e+00;2.757480e+00;-1.559911e+00;-9.780560e+00;6.416078e-01;-3.440876e-01;1.170065e+00;2.249379e+00;3.437357e+00;-3.929855e+00
4;0.400000;-1.546424e+00;8.103193e+00;2.574297e+00;2.412538e+00;-1.086680e+00;1.267312e+00;2.196536e+00;-5.953731e+00;1.203768e+00;2.182008e+00;3.059648e+00;-5.005667e-01;-6.944761e-01;3.706131e+00
5;0.500000;-1.223497e-01;5.077352e+00;-1.422008e+00;-8.803988e-02;1.586912e+00;-2.538002e+00;4.335214e+00;1.584398e+00;-3.224440e-01;1.838246e+00;5.895492e+00;-5.220156e+00;-4.565346e+00;8.489594e+00
