frameIndex;frameTime;pcm_fftMag_mfcc[0];pcm_fftMag_mfcc[1];pcm_fftMag_mfcc[2];pcm_fftMag_mfcc[3];pcm_fftMag_mfcc[4];pcm_fftMag_mfcc[5];pcm_fftMag_mfcc[6];pcm_fftMag_mfcc[7];pcm_fftMag_mfcc[8];pcm_fftMag_mfcc[9];pcm_fftMag_mfcc[10];pcm_fftMag_mfcc[11];pcm_fftMag_mfcc[12];pcm_fftMag_mfcc[13]
0;0.000000;-3.860813e+00;9.952864e+00;7.283325e+00;-1.912016e+00;-5.281963e-01;-4.560798e+00;-2.073580e+00;-1.190588e+01;2.681446e-01;6.008629e+00;-3.330021e+00;-4.421238e+00;-3.484229e+00;-9.922104e-01
1;0.100000;-2.791059e+00;9.310278e+00;3.379644e+00;-8.161383e-01;-1.085379e+00;-2.969782e+00;2.725988e+00;-2.678921e+00;-2.169485e+00;8.336611e-01;-1.070652e+00;-1.419897e+00;-4.738002e+00;-1.025261e+00
2;0.200000;6.492214e-01;-5.501599e-01;-4.106865e+00;3.705199e+00;-2.863867e+00;3.296787e+00;2.912492e+00;1.493985e+00;-1.698555e+00;-4.631897e+00;-2.758659e+00;1.962345e+00;-3.935340e+00;-6.716156e-02
3;0.300000;2.314968e+00;-8.760527e+00;-3.493437e+00;2.544333e+00;-3.327232e+00;5.906840e+00;8.495370e-01;2.560577e+00;-2.466597e+00;-2.940151e+00;-6.014333e-01;6.033302e+00;3.052921e-01;7.980881e-01
4;0.400000;1.420307e+00;-8.196954e+00;-1.513550e+00;-7.241564e-01;2.354185e+00;2.336201e+00;1.598905e+00;4.396231e+00;3.654289e-02;-7.655649e-01;4.823433e+00;3.367947e+00;6.145692e+00;9.648438e-01
5;0.500000;2.267381e+00;-1.755502e+00;-1.549115e+00;-2.797227e+00;5.450485e+00;-4.009249e+00;-6.013341e+00;6.134005e+00;6.029943e+00;1.495322e+00;2.937332e+00;-5.522460e+00;5.706588e+00;3.216248e-01
