frameIndex;frameTime;pcm_fftMag_mfcc[0];pcm_fftMag_mfcc[1];pcm_fftMag_mfcc[2];pcm_fftMag_mfcc[3];pcm_fftMag_mfcc[4];pcm_fftMag_mfcc[5];pcm_fftMag_mfcc[6];pcm_fftMag_mfcc[7];pcm_fftMag_mfcc[8];pcm_fftMag_mfcc[9];pcm_fftMag_mfcc[10];pcm_fftMag_mfcc[11];pcm_fftMag_mfcc[12];pcm_fftMag_mfcc[13]
0;0.000000;4.947577e+00;2.122147e+00;-4.022457e+00;-3.740942e-01;2.860306e+00;4.701939e+00;3.274529e+00;5.633011e-01;-1.668520e+00;1.171042e+00;1.845780e+00;-1.201891e+00;-1.811191e+00;-1.630089e+00
1;0.100000;-1.254272e+00;4.281873e+00;6.000032e-01;2.839902e+00;2.001162e+00;-6.114693e-01;2.902201e+00;1.410830e+00;3.534384e-01;2.672081e-01;4.420443e-01;-1.244250e+00;-1.483971e+00;-8.691406e-01
2;0.200000;-2.871408e+00;-5.466415e-01;6.251183e-01;2.292572e+00;1.543251e+00;-1.551516e+00;3.767414e-01;4.545937e-01;4.148164e+00;2.211555e+00;1.416085e+00;1.932681e+00;2.627860e+00;7.093582e-01
3;0.300000;-1.413931e+00;-3.155440e+00;1.680525e+00;-7.684377e-01;-1.724333e+00;-1.916193e+00;-3.078837e+00;-1.496700e+00;7.911482e-01;-7.405987e-01;-1.593321e+00;4.988670e-02;1.391369e+00;1.371063e+00
4;0.400000;5.920324e-01;-2.701938e+00;1.116811e+00;-3.989942e+00;-4.680389e+00;-6.227608e-01;-3.474631e+00;-9.320183e-01;-3.624227e+00;-2.909207e+00;-2.110585e+00;4.635739e-01;-7.240676e-01;4.188156e-01
