frameIndex;frameTime;pcm_fftMag_mfcc[0];pcm_fftMag_mfcc[1];pcm_fftMag_mfcc[2];pcm_fftMag_mfcc[3];pcm_fftMag_mfcc[4];pcm_fftMag_mfcc[5];pcm_fftMag_mfcc[6];pcm_fftMag_mfcc[7];pcm_fftMag_mfcc[8];pcm_fftMag_mfcc[9];pcm_fftMag_mfcc[10];pcm_fftMag_mfcc[11];pcm_fftMag_mfcc[12];pcm_fftMag_mfcc[13]
0;0.000000;-3.839710e+00;3.581197e-01;3.866146e+00;1.459514e+00;-3.572697e+00;-4.380748e+00;1.952817e+00;1.971035e+00;-3.487444e+00;1.529505e+00;-2.206279e+00;1.502507e+00;-6.506209e-01;1.036758e-01
1;0.100000;-7.281046e-01;-1.886633e+00;1.070538e+00;-6.525154e-01;-1.659889e+00;-1.009517e+00;3.443880e-01;6.739880e+00;-8.009725e-01;2.841461e+00;3.564296e+00;6.328278e-01;1.963955e+00;1.553635e+00
2;0.200000;1.706771e+00;-2.983191e+00;-1.583840e+00;-2.352206e+00;4.778309e-01;1.387997e-01;-1.443539e+00;4.742893e+00;1.406339e+00;-3.294826e-03;5.413480e+00;-2.161926e+00;7.146132e-01;7.042847e-01
3;0.300000;1.196234e+00;1.714777e+00;-8.423166e-01;-3.561039e-01;2.848057e+00;3.208502e+00;1.375934e+00;-3.110775e+00;2.139201e+00;-3.086008e-01;2.898108e+00;-9.142008e-01;-1.311782e+00;-6.120987e-01
4;0.400000;4.827332e-01;2.109608e+00;-2.224641e+00;4.774628e-01;1.025457e+00;2.317644e+00;7.219133e-01;-7.004839e+00;-7.927880e-01;-1.830609e+00;-3.127893e+00;-6.683731e-02;-1.870348e+00;-1.252800e+00
5;0.500000;1.182076e+00;6.873188e-01;-2.858887e-01;1.423851e+00;8.812370e-01;-2.746744e-01;-2.951508e+00;-3.338209e+00;1.535663e+00;-2.228462e+00;-6.541711e+00;1.007631e+00;1.154184e+00;-4.966888e-01
