frameIndex;frameTime;pcm_fftMag_mfcc[0];pcm_fftMag_mfcc[1];pcm_fftMag_mfcc[2];pcm_fftMag_mfcc[3];pcm_fftMag_mfcc[4];pcm_fftMag_mfcc[5];pcm_fftMag_mfcc[6];pcm_fftMag_mfcc[7];pcm_fftMag_mfcc[8];pcm_fftMag_mfcc[9];pcm_fftMag_mfcc[10];pcm_fftMag_mfcc[11];pcm_fftMag_mfcc[12];pcm_fftMag_mfcc[13]
0;0.000000;1.279441e+00;-8.486408e+00;2.133303e+00;-5.647700e+00;1.735997e+00;-3.027529e+00;-3.113871e+00;4.370664e+00;-7.238587e+00;3.363940e+00;-5.739871e+00;-5.605952e+00;-7.091367e+00;2.589104e+00
1;0.100000;-3.031607e-01;-3.996697e+00;6.253803e+00;-4.214776e+00;-7.394352e-01;-5.440574e+00;-2.060394e-01;1.332729e+00;-2.570477e+00;2.538257e+00;-2.970722e+00;-6.451216e-01;-3.849856e+00;2.054672e+00
2;0.200000;-1.963887e+00;1.396152e+00;7.282640e+00;1.413688e+00;-6.534681e-01;-1.024153e+00;1.422546e+00;-1.408428e+00;5.211977e+00;2.655930e+00;-1.722383e-02;1.375231e+00;-8.160939e-01;1.609123e+00
3;0.300000;-2.973330e+00;4.886577e+00;5.639442e+00;4.853059e+00;-1.914735e+00;1.852782e+00;2.000461e+00;-7.304764e-01;7.204923e+00;1.153913e+00;1.067345e+00;7.147772e-01;-1.893601e-01;-1.736069e-01
4;0.400000;-4.669971e-01;5.233697e+00;-5.329752e+00;4.202335e+00;-9.725485e-01;4.693847e+00;2.454984e+00;-2.738644e+00;1.132010e+00;-4.002770e+00;3.214284e+00;2.432214e+00;3.850696e+00;-2.743965e+00
5;0.500000;4.427928e+00;9.666781e-01;-1.597943e+01;-6.066055e-01;2.544192e+00;2.945626e+00;-2.558086e+00;-8.258343e-01;-3.739845e+00;-5.709270e+00;4.446188e+00;1.728851e+00;8.095980e+00;-3.335358e+00
