frameIndex;frameTime;pcm_fftMag_mfcc[0];pcm_fftMag_mfcc[1];pcm_fftMag_mfcc[2];pcm_fftMag_mfcc[3];pcm_fftMag_mfcc[4];pcm_fftMag_mfcc[5];pcm_fftMag_mfcc[6];pcm_fftMag_mfcc[7];pcm_fftMag_mfcc[8];pcm_fftMag_mfcc[9];pcm_fftMag_mfcc[10];pcm_fftMag_mfcc[11];pcm_fftMag_mfcc[12];pcm_fftMag_mfcc[13]
0;0.000000;-6.826329e-01;-4.549490e+00;-1.226597e+00;8.016542e+00;5.461051e+00;-7.954095e+00;4.286016e+00;1.090156e+01;1.912374e+00;-3.495930e+00;-4.032764e-01;-1.500025e+00;-1.714720e+00;3.226112e+00
1;0.100000;2.262864e+00;-2.852809e+00;-3.844770e+00;2.478632e+00;-7.442799e-01;-3.536157e+00;-3.180037e+00;8.859243e-01;-1.414814e-01;-9.929767e-01;-1.514453e+00;-1.908577e+00;-4.101462e+00;9.246063e-02
2;0.200000;4.660647e+00;-1.616778e-01;-6.370649e+00;-4.254710e+00;-3.724806e+00;3.021622e+00;-6.728192e+00;-3.300710e+00;-2.073585e+00;1.742756e+00;3.104620e-01;-1.542129e+00;-1.767565e+00;-1.908394e+00
3;0.300000;3.899406e+00;2.017721e+00;-2.869123e+00;-6.333176e+00;-5.169275e+00;5.528299e+00;1.561756e+00;-1.005398e+01;2.546849e+00;2.948224e+00;9.769154e-02;2.435982e+00;3.071272e+00;-3.994629e+00
4;0.400000;-4.652360e+00;3.201205e+00;8.115785e+00;-1.382670e+00;-2.000568e+00;3.644552e-01;3.349734e+00;-2.185275e+00;-2.429393e+00;-8.267198e-01;-1.074550e+00;1.434052e+00;3.414274e+00;-1.033150e+00
5;0.500000;-5.487927e+00;2.345052e+00;6.195356e+00;1.475380e+00;6.177878e+00;2.575876e+00;7.107258e-01;3.752478e+00;1.852322e-01;6.246467e-01;2.584124e+00;1.080696e+00;1.098200e+00;3.617599e+00
