frameIndex;frameTime;pcm_fftMag_mfcc[0];pcm_fftMag_mfcc[1];pcm_fftMag_mfcc[2];pcm_fftMag_mfcc[3];pcm_fftMag_mfcc[4];pcm_fftMag_mfcc[5];pcm_fftMag_mfcc[6];pcm_fftMag_mfcc[7];pcm_fftMag_mfcc[8];pcm_fftMag_mfcc[9];pcm_fftMag_mfcc[10];pcm_fftMag_mfcc[11];pcm_fftMag_mfcc[12];pcm_fftMag_mfcc[13]
0;0.000000;3.773346e-01;4.805100e+00;-1.320648e-01;-7.156110e+00;-1.059642e+01;-1.249115e+00;-2.066725e+00;-9.555202e-01;-6.205770e+00;-4.951385e+00;4.037944e+00;-1.259352e+01;-6.873184e+00;-2.683174e+00
1;0.100000;8.716030e-01;4.039960e+00;8.935919e-01;-3.518023e+00;-2.445745e+00;4.555388e+00;-1.457529e+00;2.183753e+00;-1.095929e+00;-2.036295e+00;4.762115e+00;-4.877280e+00;1.583942e+00;-7.027435e-02
2;0.200000;5.332565e-02;2.855908e+00;2.235867e+00;8.942280e-01;3.538324e+00;7.958589e+00;-2.461529e-01;2.529049e+00;-2.879648e-01;7.927327e-01;3.119630e+00;2.924087e+00;6.255109e+00;5.507278e-01
3;0.300000;-5.206094e-01;3.547693e+00;2.490800e+00;2.566362e+00;5.782993e+00;3.271660e+00;1.892582e+00;-1.674837e+00;3.124105e+00;4.482856e+00;7.759144e-01;6.614672e+00;4.233266e+00;-9.294510e-01
4;0.400000;-2.111602e-01;-3.487306e+00;-2.312624e+00;3.926069e+00;4.051698e+00;-6.807197e+00;1.503292e+00;-2.438378e+00;4.759324e+00;2.138887e+00;-3.323129e+00;5.390860e+00;-6.245489e-01;3.928528e-01
5;0.500000;-5.704927e-01;-1.176136e+01;-3.175568e+00;3.287470e+00;-3.308468e-01;-7.729326e+00;3.745346e-01;3.559327e-01;-2.937622e-01;-4.267964e-01;-9.372475e+00;2.541183e+00;-4.574579e+00;2.739319e+00
