frameIndex;frameTime;pcm_fftMag_mfcc[0];pcm_fftMag_mfcc[1];pcm_fftMag_mfcc[2];pcm_fftMag_mfcc[3];pcm_fftMag_mfcc[4];pcm_fftMag_mfcc[5];pcm_fftMag_mfcc[6];pcm_fftMag_mfcc[7];pcm_fftMag_mfcc[8];pcm_fftMag_mfcc[9];pcm_fftMag_mfcc[10];pcm_fftMag_mfcc[11];pcm_fftMag_mfcc[12];pcm_fftMag_mfcc[13]
0;0.000000;-1.833200e-01;5.542939e+00;8.592749e-01;1.123237e+01;7.045042e+00;2.171047e+00;5.903870e+00;-2.388640e+00;-5.846603e-01;-9.565490e-02;5.536517e+00;5.537136e-01;-1.516008e+00;2.649361e+00
1;0.100000;-2.213084e+00;1.115377e+01;1.960609e+00;9.689596e+00;8.946994e+00;2.652464e+00;5.559769e+00;-7.197974e-01;-4.435635e-01;7.647675e-01;8.403191e+00;6.880142e-01;-2.166014e+00;1.441795e+00
2;0.200000;-2.792461e+00;8.796528e+00;3.597963e+00;3.363429e+00;4.152179e+00;3.435421e+00;1.994677e+00;1.124636e+00;7.289536e+00;2.931345e+00;3.543413e+00;-5.438946e-01;-8.423252e-01;1.305313e-01
3;0.300000;-1.635113e-01;-3.489457e+00;2.260240e+00;-5.117316e+00;-2.946456e+00;-4.140069e-01;-5.011251e-01;3.635226e+00;3.393472e+00;1.123088e+00;-4.725303e+00;-3.082603e+00;1.217282e+00;5.113220e-02
4;0.400000;2.171825e+00;-1.114668e+01;-6.082835e-01;-1.091779e+01;-7.286235e+00;-3.867665e+00;-7.035498e+00;3.923197e+00;-5.391438e+00;-2.537745e-01;-1.016769e+01;-1.580074e+00;1.064678e+00;-1.691956e+00
5;0.500000;3.180550e+00;-1.085710e+01;-8.069803e+00;-8.250294e+00;-9.911525e+00;-3.977260e+00;-5.921693e+00;-5.574624e+00;-4.263347e+00;-4.469771e+00;-2.590127e+00;3.964843e+00;2.242386e+00;-2.580841e+00
