frameIndex;frameTime;pcm_fftMag_mfcc[0];pcm_fftMag_mfcc[1];pcm_fftMag_mfcc[2];pcm_fftMag_mfcc[3];pcm_fftMag_mfcc[4];pcm_fftMag_mfcc[5];pcm_fftMag_mfcc[6];pcm_fftMag_mfcc[7];pcm_fftMag_mfcc[8];pcm_fftMag_mfcc[9];pcm_fftMag_mfcc[10];pcm_fftMag_mfcc[11];pcm_fftMag_mfcc[12];pcm_fftMag_mfcc[13]
0;0.000000;-2.165525e+00;1.036140e+00;7.228921e+00;2.409291e+00;-4.051422e+00;-2.705425e+00;1.380060e+00;-1.315441e+00;1.845821e+00;-3.022232e-01;7.575072e+00;1.882306e+00;-4.358683e+00;4.090118e-01
1;0.100000;-8.513222e-01;-1.222371e+00;5.479021e+00;-1.863041e-01;-3.691818e+00;-7.591570e-01;2.110403e+00;-8.107338e-01;2.278576e-01;-2.287073e-01;5.773203e+00;-1.359400e+00;-3.631212e+00;9.563599e-01
2;0.200000;9.199781e-01;-6.902764e-01;1.869385e+00;-2.872355e+00;-1.030695e+00;1.677076e+00;4.376062e+00;-3.254509e-02;-3.186751e+00;1.347866e+00;2.025057e+00;-6.535120e-01;-4.100513e-02;-1.523895e-01
3;0.300000;2.283010e+00;2.139712e+00;-4.474658e+00;-1.625214e+00;-5.802345e-02;1.880358e+00;2.615540e+00;4.788113e-01;-4.777259e+00;-4.327164e-01;-4.111382e+00;1.264254e+00;2.694415e+00;-1.331650e+00
4;0.400000;1.155960e+00;-4.163795e-01;-6.322585e+00;7.522182e-01;2.309364e+00;1.699251e+00;-4.346041e+00;1.257906e+00;1.830606e-01;-1.338704e+00;-5.004930e+00;-9.443512e-01;3.667531e+00;-9.590149e-03
5;0.500000;-1.342099e+00;-8.468251e-01;-3.780086e+00;1.522367e+00;6.522601e+00;-1.792102e+00;-6.136038e+00;4.220047e-01;5.707269e+00;9.544821e-01;-6.257019e+00;-1.892977e-01;1.668956e+00;1.282654e-01
