frameIndex;frameTime;pcm_fftMag_mfcc[0];pcm_fftMag_mfcc[1];pcm_fftMag_mfcc[2];pcm_fftMag_mfcc[3];pcm_fftMag_mfcc[4];pcm_fftMag_mfcc[5];pcm_fftMag_mfcc[6];pcm_fftMag_mfcc[7];pcm_fftMag_mfcc[8];pcm_fftMag_mfcc[9];pcm_fftMag_mfcc[10];pcm_fftMag_mfcc[11];pcm_fftMag_mfcc[12];pcm_fftMag_mfcc[13]
0;0.000000;-4.242888e+00;-3.203597e+00;5.363998e-01;5.758574e+00;-5.178803e+00;-8.996349e+00;1.243624e+01;9.506499e-01;1.909277e+00;7.679671e+00;-3.663031e+00;3.655308e+00;-6.189599e+00;1.389236e+00
1;0.100000;6.528778e-01;-7.032967e-02;4.258861e+00;3.985149e+00;-1.275820e+00;-8.317573e+00;2.442148e+00;-4.912637e-01;-4.026464e+00;3.057113e+00;-3.874370e+00;1.939073e+00;-4.444857e+00;-1.657036e+00
2;0.200000;3.056355e+00;3.832119e+00;3.099277e+00;5.933571e-02;4.256291e-01;1.396764e+00;-6.150525e+00;-4.098530e+00;-4.525637e+00;-4.606630e+00;-7.610245e-01;4.220324e-01;5.645916e+00;-3.231102e+00
3;0.300000;7.962904e-01;1.065438e+00;-2.350588e+00;-3.046398e+00;2.771844e+00;7.216702e+00;-5.045998e+00;-1.472803e+00;7.713594e-01;-4.842319e+00;2.476501e+00;-2.124631e+00;3.504864e+00;1.064857e+00
4;0.400000;-2.626362e-01;-1.623633e+00;-5.543949e+00;-6.756653e+00;3.257150e+00;8.700457e+00;-3.681871e+00;5.111946e+00;5.871468e+00;-1.287836e+00;5.821922e+00;-3.891784e+00;1.483676e+00;2.434021e+00
