frameIndex;frameTime;pcm_fftMag_mfcc[0];pcm_fftMag_mfcc[1];pcm_fftMag_mfcc[2];pcm_fftMag_mfcc[3];pcm_fftMag_mfcc[4];pcm_fftMag_mfcc[5];pcm_fftMag_mfcc[6];pcm_fftMag_mfcc[7];pcm_fftMag_mfcc[8];pcm_fftMag_mfcc[9];pcm_fftMag_mfcc[10];pcm_fftMag_mfcc[11];pcm_fftMag_mfcc[12];pcm_fftMag_mfcc[13]
0;0.000000;-3.451157e+00;-2.722034e-01;-2.138776e+00;1.033385e+01;-2.086995e+00;-8.404632e-01;6.994585e+00;7.647376e-01;3.598887e+00;-1.922434e+00;-2.140612e+00;2.760387e+00;4.130430e+00;3.410698e+00
1;0.100000;-2.768405e+00;4.774476e+00;-1.984723e+00;7.296649e+00;-2.226346e+00;-2.679018e+00;4.233769e+00;2.399939e+00;2.223271e+00;-2.126342e+00;-6.556129e-02;2.489503e+00;3.467408e+00;1.786987e+00
2;0.200000;-1.095467e-01;5.186054e+00;-1.690763e+00;5.643139e-01;-4.219567e+00;-1.444392e+00;-1.767029e+00;-5.206060e-01;1.248348e+00;-2.371326e+00;-9.062624e-02;1.382084e+00;3.776530e+00;-1.536560e+00
3;0.300000;1.095652e+00;-1.437438e+00;4.309073e+00;-4.923328e+00;9.115982e-02;-2.228759e+00;-3.924784e+00;-6.736798e-01;-9.977582e-01;8.965254e-02;1.645166e+00;-8.641124e-01;-2.573855e+00;-2.183464e+00
4;0.400000;1.630966e+00;-3.184510e+00;2.115147e+00;-6.195064e+00;3.927152e+00;2.503725e+00;-2.460690e+00;-7.810178e-01;-2.058177e+00;1.941978e+00;1.566567e+00;-2.839874e+00;-5.056945e+00;-3.319473e-01
5;0.500000;3.602488e+00;-5.066377e+00;-6.099558e-01;-7.076423e+00;4.514595e+00;4.688908e+00;-3.075850e+00;-1.189374e+00;-4.014570e+00;4.388470e+00;-9.149318e-01;-2.927990e+00;-3.743568e+00;-1.145660e+00
