frameIndex;frameTime;pcm_fftMag_mfcc[0];pcm_fftMag_mfcc[1];pcm_fftMag_mfcc[2];pcm_fftMag_mfcc[3];pcm_fftMag_mfcc[4];pcm_fftMag_mfcc[5];pcm_fftMag_mfcc[6];pcm_fftMag_mfcc[7];pcm_fftMag_mfcc[8];pcm_fftMag_mfcc[9];pcm_fftMag_mfcc[10];pcm_fftMag_mfcc[11];pcm_fftMag_mfcc[12];pcm_fftMag_mfcc[13]
0;0.000000;8.053646e-01;-1.312145e+00;-9.291828e-01;-2.615725e+00;-2.832329e+00;-3.486670e+00;6.153803e+00;7.273853e+00;-3.084051e+00;-2.523897e+00;-9.650922e-02;-1.262983e+00;-4.168591e+00;-2.895119e+00
1;0.100000;-1.797538e+00;-1.639238e+00;6.636854e-01;-4.637337e-02;-7.591438e-01;-3.953688e+00;7.224626e+00;8.033777e+00;-2.563061e+00;-2.170007e+00;-1.967797e-01;-2.683925e+00;-5.293439e+00;-1.471115e+00
2;0.200000;-1.030470e+00;4.933860e-01;3.339517e+00;-1.503885e+00;-4.140839e+00;-4.902020e+00;2.242650e+00;3.377009e+00;-3.486621e+00;-1.601354e+00;2.527040e+00;1.836749e+00;-1.691716e+00;-1.865158e+00
3;0.300000;5.661345e-01;3.451608e+00;4.204173e+00;-1.574537e+00;-2.485600e+00;2.186398e+00;-4.160183e+00;-5.179638e+00;4.909914e-01;1.304567e+00;1.469032e-01;6.282816e-01;1.185359e+00;-3.199921e-01
4;0.400000;8.356352e-01;1.080892e+00;-1.573384e+00;2.251268e+00;4.232650e+00;4.314044e+00;-6.259684e+00;-7.299667e+00;3.640860e+00;1.566333e+00;-2.182821e+00;-3.401670e-01;4.141456e+00;3.016060e+00
5;0.500000;6.208725e-01;-2.074504e+00;-5.704810e+00;3.489251e+00;5.985262e+00;5.841934e+00;-5.201212e+00;-6.205336e+00;5.001884e+00;3.424359e+00;-1.978335e-01;1.822042e+00;5.826930e+00;3.535339e+00
