frameIndex;frameTime;pcm_fftMag_mfcc[0];pcm_fftMag_mfcc[1];pcm_fftMag_mfcc[2];pcm_fftMag_mfcc[3];pcm_fftMag_mfcc[4];pcm_fftMag_mfcc[5];pcm_fftMag_mfcc[6];pcm_fftMag_mfcc[7];pcm_fftMag_mfcc[8];pcm_fftMag_mfcc[9];pcm_fftMag_mfcc[10];pcm_fftMag_mfcc[11];pcm_fftMag_mfcc[12];pcm_fftMag_mfcc[13]
0;0.000000;-1.599627e+00;-4.952624e+00;5.420399e+00;7.429466e+00;-2.779390e+00;-4.615765e-01;-8.483448e-01;-3.723128e+00;1.925634e+00;-1.820186e+00;2.688726e+00;3.600996e+00;-6.395927e+00;2.178452e+00
1;0.100000;-6.536970e-01;-1.977296e+00;2.930308e+00;5.745454e+00;-2.674055e-02;-1.086567e+00;-3.597765e-01;-4.047263e-01;3.460479e+00;-2.527882e+00;2.464149e+00;1.946794e+00;-3.022485e+00;1.406265e+00
2;0.200000;5.683656e-01;1.933502e+00;-9.111061e-01;1.708365e+00;3.971069e+00;-3.673716e+00;6.499224e-01;2.488288e+00;3.556296e+00;-6.125298e-01;-4.448185e-01;-1.358803e+00;-1.751184e-02;-1.148460e+00
3;0.300000;8.996811e-01;4.773005e+00;-2.652905e+00;-4.056832e+00;3.956199e+00;-1.876700e+00;6.721563e-01;3.128371e+00;-1.330647e+00;9.656315e-01;-1.278326e+00;-3.367562e+00;1.056965e+00;-3.055878e+00
4;0.400000;9.505711e-01;1.814066e+00;-2.682480e+00;-6.576674e+00;-7.781575e-01;4.512253e+00;-1.330068e+00;8.600357e-01;-5.280159e+00;2.220501e+00;-2.515590e+00;-1.589533e+00;3.591231e+00;-9.108582e-01
5;0.500000;-1.652927e-01;-1.590651e+00;-2.104208e+00;-4.249778e+00;-4.342979e+00;2.586311e+00;1.216115e+00;-2.348841e+00;-2.331605e+00;1.774467e+00;-9.141417e-01;7.681074e-01;4.787728e+00;1.530472e+00
