frameIndex;frameTime;pcm_fftMag_mfcc[0];pcm_fftMag_mfcc[1];pcm_fftMag_mfcc[2];pcm_fftMag_mfcc[3];pcm_fftMag_mfcc[4];pcm_fftMag_mfcc[5];pcm_fftMag_mfcc[6];pcm_fftMag_mfcc[7];pcm_fftMag_mfcc[8];pcm_fftMag_mfcc[9];pcm_fftMag_mfcc[10];pcm_fftMag_mfcc[11];pcm_fftMag_mfcc[12];pcm_fftMag_mfcc[13]
0;0.000000;-1.402771e+00;5.344677e-02;7.869728e+00;4.893796e+00;3.075764e+00;-3.980340e+00;-1.638412e+00;-3.032291e+00;1.296073e+00;2.472630e+00;-4.035291e+00;-2.846686e+00;1.277697e+00;-1.205544e+00
1;0.100000;5.438132e-01;-2.038593e-01;5.883064e+00;2.035790e+00;2.648926e-01;-2.417657e+00;7.696142e-01;-5.093906e+00;-9.535017e-01;3.268589e+00;-2.874568e+00;-2.563677e+00;1.912670e-01;6.664963e-01
2;0.200000;1.257300e-01;-4.712305e-01;3.870425e+00;5.079193e-01;-2.066612e-01;-2.851299e+00;7.867937e-01;-4.698158e+00;-1.992130e-01;2.394120e+00;-2.513615e+00;-2.391618e+00;-4.358425e-01;-7.720871e-01
3;0.300000;9.607437e-01;-5.079441e-01;-1.733605e+00;-1.479931e-01;-1.819611e-02;1.636351e+00;4.626188e-01;1.597380e+00;2.039699e+00;1.851220e+00;2.196329e+00;1.846886e+00;7.212567e-02;-4.294571e+00
4;0.400000;1.692848e+00;-7.187562e-01;-7.360600e+00;-1.263525e+00;-2.651345e+00;4.156165e+00;-4.141035e-01;5.159101e+00;8.397474e-01;-4.922037e+00;5.231638e+00;3.107387e+00;-2.209849e-01;9.689560e-01
5;0.500000;-1.920362e+00;1.848344e+00;-8.529006e+00;-6.025987e+00;-4.644547e-01;3.456780e+00;3.348732e-02;6.067875e+00;-3.022800e+00;-5.064523e+00;1.995502e+00;2.847709e+00;-8.842611e-01;4.636810e+00
