frameIndex;frameTime;pcm_fftMag_mfcc[0];pcm_fftMag_mfcc[1];pcm_fftMag_mfcc[2];pcm_fftMag_mfcc[3];pcm_fftMag_mfcc[4];pcm_fftMag_mfcc[5];pcm_fftMag_mfcc[6];pcm_fftMag_mfcc[7];pcm_fftMag_mfcc[8];pcm_fftMag_mfcc[9];pcm_fftMag_mfcc[10];pcm_fftMag_mfcc[11];pcm_fftMag_mfcc[12];pcm_fftMag_mfcc[13]
0;0.000000;3.417224e+00;-1.369751e+00;-4.244344e+00;-2.762320e+00;2.219774e+00;5.449272e+00;-1.915481e+00;6.638658e+00;-1.742759e+00;-4.035120e+00;-1.836459e+00;-2.898516e+00;-3.998346e-01;-1.916641e+00
1;0.100000;-3.459187e-01;-4.107031e+00;-1.364559e+00;-6.585042e-01;2.824446e+00;2.091242e+00;-5.314837e+00;4.247999e-02;-1.130965e-01;-7.113352e-01;-5.876926e+00;-3.551351e+00;-3.914319e+00;-4.183121e-01
2;0.200000;-8.483753e-01;-5.522911e+00;-1.540809e+00;-5.003989e-02;1.132390e+00;4.401416e-01;-7.727410e+00;-6.962128e-01;6.906685e-01;1.364189e+00;-2.330575e+00;-9.141102e-01;-1.338716e+00;1.303482e+00
3;0.300000;1.012660e+00;-2.441053e+00;-1.000109e-01;1.487056e+00;7.442678e-01;9.813979e-01;-4.085744e+00;-1.273327e-01;3.428680e+00;1.851198e+00;2.068789e+00;3.117329e+00;2.975968e+00;7.239075e-01
4;0.400000;-7.192822e-01;7.035322e+00;2.455554e+00;1.870726e+00;-1.391225e-01;-3.786418e+00;5.102458e+00;-3.300150e+00;1.665622e+00;6.103306e-01;4.111744e+00;3.278458e+00;1.744031e+00;-1.131439e-01
5;0.500000;-2.516308e+00;6.405423e+00;4.794171e+00;1.130829e-01;-6.781754e+00;-5.175635e+00;1.394102e+01;-2.557440e+00;-3.929115e+00;9.207401e-01;3.863431e+00;9.681907e-01;9.328730e-01;4.207077e-01
