frameIndex;frameTime;pcm_fftMag_mfcc[0];pcm_fftMag_mfcc[1];pcm_fftMag_mfcc[2];pcm_fftMag_mfcc[3];pcm_fftMag_mfcc[4];pcm_fftMag_mfcc[5];pcm_fftMag_mfcc[6];pcm_fftMag_mfcc[7];pcm_fftMag_mfcc[8];pcm_fftMag_mfcc[9];pcm_fftMag_mfcc[10];pcm_fftMag_mfcc[11];pcm_fftMag_mfcc[12];pcm_fftMag_mfcc[13]
0;0.000000;-2.659607e-02;4.797473e+00;4.614320e+00;6.879377e-01;-1.656560e+00;4.799262e+00;5.811359e+00;3.282648e+00;9.503870e-01;2.963577e+00;4.014265e+00;-5.724707e+00;-4.055058e+00;-4.362213e+00
1;0.100000;-1.437271e+00;3.453435e+00;3.675395e+00;-3.430306e+00;-5.780971e+00;2.947591e+00;6.670885e-01;4.213068e+00;-4.208312e-01;3.997332e+00;9.737825e-01;-6.832814e+00;-1.467105e+00;2.945099e-01
2;0.200000;-2.119435e+00;2.611619e+00;2.184603e+00;-4.136048e+00;-6.707168e+00;5.719702e-01;-2.218744e+00;6.966982e-01;-7.464776e-01;4.489752e+00;1.534530e+00;-3.338527e+00;1.629281e-02;2.007278e+00
3;0.300000;-1.414154e+00;-1.524351e+00;-2.038215e+00;5.132027e-01;-9.699717e-01;-1.459740e+00;-1.608994e+00;-2.041834e+00;1.281996e+00;4.275830e-01;1.401437e+00;4.094580e+00;1.730779e+00;2.001701e+00
4;0.400000;1.201746e+00;-5.015123e+00;-4.916736e+00;4.513712e+00;5.912958e+00;-2.171937e+00;7.024546e-01;-3.924513e+00;1.421097e+00;-5.275230e+00;-1.817137e+00;7.404840e+00;2.297673e+00;8.836899e-01
5;0.500000;3.795708e+00;-4.323051e+00;-3.519370e+00;1.851507e+00;9.201723e+00;-4.687145e+00;-3.353164e+00;-2.226071e+00;-2.486172e+00;-6.603015e+00;-6.106882e+00;4.396628e+00;1.477417e+00;-8.249741e-01
