frameIndex;frameTime;pcm_fftMag_mfcc[0];pcm_fftMag_mfcc[1];pcm_fftMag_mfcc[2];pcm_fftMag_mfcc[3];pcm_fftMag_mfcc[4];pcm_fftMag_mfcc[5];pcm_fftMag_mfcc[6];pcm_fftMag_mfcc[7];pcm_fftMag_mfcc[8];pcm_fftMag_mfcc[9];pcm_fftMag_mfcc[10];pcm_fftMag_mfcc[11];pcm_fftMag_mfcc[12];pcm_fftMag_mfcc[13]
0;0.000000;-4.730968e-01;7.586432e-01;-1.002538e+01;-2.422615e+00;1.400428e+01;1.656862e+01;3.111873e+00;-7.500344e+00;9.872126e+00;7.437756e-01;2.817002e+00;6.893721e-01;3.196352e+00;-1.056953e+00
1;0.100000;-5.496025e-01;9.280195e-01;-7.150748e+00;2.367249e+00;3.322687e+00;2.093528e+00;5.609182e+00;2.000827e+00;1.023049e+01;-7.574227e+00;7.172481e+00;5.547953e+00;-4.963279e+00;-1.222816e+00
2;0.200000;2.436437e+00;-9.038515e-01;-4.913566e+00;1.785759e+00;1.800365e+00;-2.149706e+00;4.470727e+00;3.433050e+00;8.401041e-01;-2.319306e+00;1.541861e+00;2.529881e+00;-1.270274e+00;-1.003799e-01
3;0.300000;1.132129e+00;-1.548195e-02;4.816304e+00;-2.159679e+00;-4.097351e+00;-2.138794e+00;-1.240734e+00;1.049296e+00;-8.877926e+00;2.875764e+00;-3.278291e+00;-5.802631e-01;7.493122e-01;1.442490e+00
4;0.400000;-1.366774e+00;6.244869e-01;9.483480e+00;-7.145319e-01;-8.233557e+00;-6.790041e+00;-5.616725e+00;-6.498070e-01;-8.689054e+00;2.534920e+00;-3.860533e+00;-3.465595e+00;4.015422e-01;1.522751e+00
5;0.500000;-1.179090e+00;-1.391811e+00;7.789907e+00;1.143819e+00;-6.796421e+00;-7.583607e+00;-6.334321e+00;1.666980e+00;-3.375733e+00;3.739073e+00;-4.392518e+00;-4.721348e+00;1.886346e+00;-5.850830e-01
