frameIndex;frameTime;pcm_fftMag_mfcc[0];pcm_fftMag_mfcc[1];pcm_fftMag_mfcc[2];pcm_fftMag_mfcc[3];pcm_fftMag_mfcc[4];pcm_fftMag_mfcc[5];pcm_fftMag_mfcc[6];pcm_fftMag_mfcc[7];pcm_fftMag_mfcc[8];pcm_fftMag_mfcc[9];pcm_fftMag_mfcc[10];pcm_fftMag_mfcc[11];pcm_fftMag_mfcc[12];pcm_fftMag_mfcc[13]
0;0.000000;-6.349607e+00;4.494357e+00;8.560331e+00;-2.548075e+00;7.305264e+00;7.109678e+00;2.718895e+00;-6.713301e+00;-4.443002e-02;-3.733840e+00;6.778631e-01;8.207279e+00;1.081446e+00;3.806587e+00
1;0.100000;-2.613543e+00;2.967332e+00;4.609436e+00;-8.149614e-01;3.968402e+00;1.803015e+00;1.307241e+00;-4.360107e+00;-1.973269e-01;-5.838696e+00;-1.932225e+00;6.168865e+00;4.961292e-01;4.115196e+00
2;0.200000;2.060683e+00;-4.908457e-01;-1.572181e+00;2.311717e+00;-1.170156e+00;-9.799862e-01;1.361366e+00;1.162486e+00;-5.609157e-01;-1.972967e+00;-1.183731e+00;1.545788e+00;1.580318e-01;1.476357e+00
3;0.300000;3.642515e+00;-4.084906e+00;-4.717168e+00;7.890234e-01;-2.221956e+00;3.522186e-01;-3.389568e-01;7.415315e+00;8.312435e-01;5.140955e+00;2.829966e+00;-4.954484e+00;1.158433e+00;-7.514954e-01
4;0.400000;2.175431e+00;-3.444984e+00;-4.889067e+00;-6.133833e-01;-3.178255e+00;-2.809717e+00;-1.511007e+00;4.721733e+00;1.718796e+00;6.283125e+00;3.073563e+00;-5.454910e+00;2.006125e-02;-2.185974e+00
5;0.500000;1.084519e+00;5.590444e-01;-1.991352e+00;8.756800e-01;-4.703298e+00;-5.475205e+00;-3.537535e+00;-2.226122e+00;-1.747367e+00;1.214211e-01;-3.465433e+00;-5.512538e+00;-2.914101e+00;-6.460693e+00
