frameIndex;frameTime;pcm_fftMag_mfcc[0];pcm_fftMag_mfcc[1];pcm_fftMag_mfcc[2];pcm_fftMag_mfcc[3];pcm_fftMag_mfcc[4];pcm_fftMag_mfcc[5];pcm_fftMag_mfcc[6];pcm_fftMag_mfcc[7];pcm_fftMag_mfcc[8];pcm_fftMag_mfcc[9];pcm_fftMag_mfcc[10];pcm_fftMag_mfcc[11];pcm_fftMag_mfcc[12];pcm_fftMag_mfcc[13]
0;0.000000;5.267706e-01;-2.452353e+00;-1.118705e+00;-4.845455e+00;-2.373828e+00;1.246889e+01;-4.424417e+00;-9.029846e-01;-7.623047e+00;2.558727e+00;4.582436e-01;-3.886839e+00;1.974942e+00;5.798035e-01
1;0.100000;-1.723644e+00;-1.334925e-01;3.292733e+00;-2.162773e+00;-4.081442e+00;4.131344e+00;-1.884301e+00;-1.585588e+00;5.736866e-01;7.381480e-01;-2.954149e-01;-1.082900e+00;1.939020e+00;2.213669e-01
2;0.200000;-1.562698e+00;3.029445e+00;3.201084e+00;3.469170e+00;-3.404253e+00;-7.828531e+00;-6.605301e-01;-9.835243e-03;6.116400e+00;-3.135530e+00;-1.207381e+00;7.267365e-01;7.616662e-01;-5.439606e-01
3;0.300000;-3.985491e-01;3.983054e+00;1.506197e+00;4.042962e+00;5.143995e-01;-1.156611e+01;2.159991e+00;3.528037e+00;2.060507e+00;-5.177293e+00;1.247470e+00;2.860555e+00;-3.414707e+00;-1.088440e+00
4;0.400000;2.128080e+00;1.004448e-01;-2.533349e+00;1.922398e-01;5.929269e+00;-2.028186e+00;3.117511e+00;8.871174e-02;-2.991634e+00;8.801699e-02;1.969064e+00;2.177436e+00;-2.377173e+00;-1.052948e+00
5;0.500000;1.030042e+00;-4.527095e+00;-4.347960e+00;-6.961422e-01;3.415856e+00;4.822590e+00;1.691745e+00;-1.118341e+00;1.864084e+00;4.927930e+00;-2.171981e+00;-7.949920e-01;1.116252e+00;1.884140e+00
