frameIndex;frameTime;pcm_fftMag_mfcc[0];pcm_fftMag_mfcc[1];pcm_fftMag_mfcc[2];pcm_fftMag_mfcc[3];pcm_fftMag_mfcc[4];pcm_fftMag_mfcc[5];pcm_fftMag_mfcc[6];pcm_fftMag_mfcc[7];pcm_fftMag_mfcc[8];pcm_fftMag_mfcc[9];pcm_fftMag_mfcc[10];pcm_fftMag_mfcc[11];pcm_fftMag_mfcc[12];pcm_fftMag_mfcc[13]
0;0.000000;-6.694098e-01;3.972917e-01;1.842894e+00;8.521441e+00;5.804215e+00;-2.540802e+00;-9.774094e-01;3.840234e+00;-6.969696e+00;-4.050031e+00;-5.996853e+00;2.201099e-01;-3.648424e-02;2.473480e+00
1;0.100000;-1.560980e+00;1.230330e+00;-1.035931e+00;6.424472e+00;3.797547e+00;-1.417299e+00;-2.037148e+00;3.163248e+00;-1.525907e+00;-9.793673e-01;-5.650651e+00;-8.257256e-01;-2.148910e-01;2.415375e+00
2;0.200000;-5.436764e-01;2.790795e+00;-2.377647e+00;3.133727e+00;2.152624e+00;2.278366e+00;-1.572164e+00;1.660338e+00;8.584508e-01;1.656569e+00;-2.929318e+00;-1.609403e+00;5.037050e-01;5.303421e-01
3;0.300000;2.070396e+00;9.651494e-02;-1.211342e+00;-1.989178e+00;-3.907128e+00;3.731310e+00;1.403549e+00;1.115242e+00;-6.163591e-01;3.849452e+00;4.092629e+00;-1.597316e+00;8.531590e-01;-1.587715e+00
4;0.400000;2.096330e+00;-3.047529e+00;9.928608e-01;-6.474456e+00;-4.538996e+00;-2.960765e-01;3.284237e+00;-3.518641e+00;2.754431e+00;6.893845e-01;6.578094e+00;8.243356e-01;-1.621356e-01;-1.421814e+00
5;0.500000;-1.392665e+00;-1.467403e+00;1.789177e+00;-9.616008e+00;-3.308263e+00;-1.755499e+00;-1.010666e-01;-6.260419e+00;5.499080e+00;-1.166007e+00;3.906096e+00;2.988004e+00;-9.433551e-01;-2.409660e+00
