frameIndex;frameTime;pcm_fftMag_mfcc[0];pcm_fftMag_mfcc[1];pcm_fftMag_mfcc[2];pcm_fftMag_mfcc[3];pcm_fftMag_mfcc[4];pcm_fftMag_mfcc[5];pcm_fftMag_mfcc[6];pcm_fftMag_mfcc[7];pcm_fftMag_mfcc[8];pcm_fftMag_mfcc[9];pcm_fftMag_mfcc[10];pcm_fftMag_mfcc[11];pcm_fftMag_mfcc[12];pcm_fftMag_mfcc[13]
0;0.000000;4.391193e+00;1.809753e+00;7.390908e+00;-7.345463e+00;1.941953e+00;3.262363e+00;-1.197418e+01;-3.639690e+00;3.915725e+00;2.277859e+00;-2.988209e+00;-1.070294e+00;1.395118e+00;-5.883408e-01
1;0.100000;1.693783e-01;5.748868e+00;-3.526870e+00;-5.721107e+00;1.194550e+00;-1.494110e+00;-8.944282e+00;-3.467163e+00;9.051929e+00;3.266426e+00;-6.480932e-02;9.668307e-01;1.120751e+00;-8.155823e-02
2;0.200000;-2.562485e+00;7.712067e+00;-2.301638e+00;-1.346270e+00;-2.725250e+00;-5.639479e+00;-2.674103e-01;-2.831841e+00;5.081587e+00;5.251004e+00;8.694953e-01;-9.023516e-01;7.278967e-01;-2.506485e-01
3;0.300000;-2.767006e+00;6.479053e+00;1.699640e+00;3.729164e+00;-4.194260e+00;-5.443876e+00;3.578486e+00;-2.876606e+00;-1.653109e-01;1.230539e+00;1.269952e+00;1.408019e+00;2.242806e+00;-1.360931e+00
4;0.400000;-2.450314e-01;-6.336423e+00;-3.141751e+00;6.809464e+00;-2.049122e-01;1.110596e+00;6.773219e+00;3.105048e+00;-8.585083e+00;-7.935820e+00;1.717051e+00;6.856327e-01;-1.595974e+00;-2.744370e-01
5;0.500000;1.013954e+00;-1.541332e+01;-1.202879e-01;3.874214e+00;3.987919e+00;8.204508e+00;1.083418e+01;9.710254e+00;-9.298849e+00;-4.090008e+00;-8.034800e-01;-1.087837e+00;-3.890600e+00;2.555901e+00
