frameIndex;frameTime;pcm_fftMag_mfcc[0];pcm_fftMag_mfcc[1];pcm_fftMag_mfcc[2];pcm_fftMag_mfcc[3];pcm_fftMag_mfcc[4];pcm_fftMag_mfcc[5];pcm_fftMag_mfcc[6];pcm_fftMag_mfcc[7];pcm_fftMag_mfcc[8];pcm_fftMag_mfcc[9];pcm_fftMag_mfcc[10];pcm_fftMag_mfcc[11];pcm_fftMag_mfcc[12];pcm_fftMag_mfcc[13]
0;0.000000;1.648793e+00;9.652481e-01;-2.693907e+00;3.454449e+00;-6.723281e+00;2.327157e+00;2.868613e+00;-2.137680e+00;-2.982390e+00;-1.057568e+00;-6.202114e+00;-1.387681e+00;-3.274936e+00;-1.593102e+00
1;0.100000;-5.866566e-01;1.546153e+00;8.593469e-01;-3.657714e+00;2.388621e+00;1.068414e+00;-1.347546e+00;-3.964184e+00;-2.011981e+00;-1.286550e+00;-2.359816e+00;-2.456084e+00;2.206497e-01;-2.255600e+00
2;0.200000;-3.132445e+00;-1.093044e+00;-1.310935e+00;-9.340845e+00;9.951839e-01;-8.208516e-01;-6.683236e+00;-8.371526e+00;-3.067736e+00;-3.131344e+00;-1.650981e+00;-1.507646e+00;3.765059e+00;-1.218330e+00
3;0.300000;-6.389761e-01;-3.452358e-01;1.078924e+00;-3.143256e+00;2.428772e+00;3.801727e+00;-1.522447e+00;-2.450183e+00;-1.405369e+00;-7.877558e-01;2.676179e+00;2.774568e+00;4.003340e+00;-4.518890e-02
4;0.400000;9.864178e-01;3.879662e-01;2.386777e+00;6.352681e+00;-5.005369e-01;-2.661235e+00;3.560541e+00;6.881450e+00;4.228479e+00;2.659487e+00;4.128242e+00;3.262080e+00;-1.007315e+00;1.602600e+00
5;0.500000;1.722872e+00;-1.461083e+00;-3.202059e-01;6.334688e+00;1.411245e+00;-3.715212e+00;3.124070e+00;1.004213e+01;5.238997e+00;3.603730e+00;3.408489e+00;-6.852336e-01;-3.706797e+00;3.509628e+00
