frameIndex;frameTime;pcm_fftMag_mfcc[0];pcm_fftMag_mfcc[1];pcm_fftMag_mfcc[2];pcm_fftMag_mfcc[3];pcm_fftMag_mfcc[4];pcm_fftMag_mfcc[5];pcm_fftMag_mfcc[6];pcm_fftMag_mfcc[7];pcm_fftMag_mfcc[8];pcm_fftMag_mfcc[9];pcm_fftMag_mfcc[10];pcm_fftMag_mfcc[11];pcm_fftMag_mfcc[12];pcm_fftMag_mfcc[13]
0;0.000000;-6.757860e-01;4.686883e+00;5.091148e+00;1.743562e+00;-4.947905e+00;-2.966400e+00;5.634472e+00;-3.707528e+00;3.622459e+00;-1.916754e+00;2.135110e+00;-5.968937e+00;-7.282225e+00;-1.036758e+00
1;0.100000;3.346062e-02;3.676924e+00;5.879003e+00;1.208907e+00;-5.183838e+00;-4.275769e+00;2.734615e+00;-2.898582e+00;2.090392e+00;-3.176324e-01;2.214134e+00;-2.105830e+00;-5.006666e+00;-8.893509e-01
2;0.200000;3.959599e-01;3.899501e+00;-3.478633e+00;4.254757e+00;-2.386688e+00;1.957817e-01;-1.361075e+00;1.789579e-01;2.894582e+00;-2.189450e+00;1.595546e+00;-1.060058e+00;-1.184808e+00;-1.324921e+00
3;0.300000;-5.578337e-01;-2.088927e+00;-8.290781e+00;2.427174e+00;3.070465e+00;3.965535e+00;-6.278090e-01;4.129759e+00;4.263115e-02;-2.209074e+00;1.697352e+00;9.662380e-01;4.201577e+00;9.904861e-01
4;0.400000;-6.704865e-01;-5.307606e+00;-3.541225e+00;-3.066323e+00;3.845552e+00;2.753405e+00;-1.377560e+00;2.950778e+00;-3.288732e+00;1.403574e+00;-1.492427e+00;3.463283e+00;5.550580e+00;2.111557e+00
5;0.500000;1.474684e+00;-4.866776e+00;4.340492e+00;-6.568072e+00;5.602407e+00;3.274488e-01;-5.002641e+00;-6.533852e-01;-5.361333e+00;5.229338e+00;-6.149714e+00;4.705304e+00;3.721539e+00;1.489182e-01
