frameIndex;frameTime;pcm_fftMag_mfcc[0];pcm_fftMag_mfcc[1];pcm_fftMag_mfcc[2];pcm_fftMag_mfcc[3];pcm_fftMag_mfcc[4];pcm_fftMag_mfcc[5];pcm_fftMag_mfcc[6];pcm_fftMag_mfcc[7];pcm_fftMag_mfcc[8];pcm_fftMag_mfcc[9];pcm_fftMag_mfcc[10];pcm_fftMag_mfcc[11];pcm_fftMag_mfcc[12];pcm_fftMag_mfcc[13]
0;0.000000;3.321190e-01;-1.971865e+00;7.105621e+00;-2.741364e+00;-5.763884e+00;-4.966152e+00;2.557582e+00;4.661785e+00;2.725355e+00;-2.465095e+00;2.779999e+00;4.024478e+00;1.790916e+00;3.157043e-02
1;0.100000;6.109047e-01;-2.130563e+00;3.499146e-01;-5.010797e+00;2.697956e+00;4.660100e+00;5.128524e+00;1.938786e+00;6.881013e-01;7.393467e-01;5.181910e+00;1.416005e+00;-4.225044e-01;4.327393e-02
2;0.200000;3.791145e+00;-5.374785e+00;-2.975664e+00;-6.234497e+00;3.521596e+00;3.569900e+00;-1.496445e+00;-2.617392e+00;-1.928742e+00;2.423546e-01;2.268534e+00;-4.024879e+00;2.232232e-01;2.929001e-01
3;0.300000;3.990075e+00;-4.510495e+00;-2.142873e+00;-1.894255e-01;1.238270e+00;2.208804e+00;-4.369064e+00;-4.075060e+00;-5.078189e+00;-1.006150e-01;-2.256124e+00;-4.048625e+00;-2.460471e+00;6.149292e-02
4;0.400000;-2.401986e+00;5.769608e+00;-1.989272e+00;7.926013e+00;1.415612e+00;5.300283e-01;-3.817968e-01;-3.459780e+00;-5.613685e-01;1.633430e+00;-3.923608e+00;1.527815e-01;-2.792566e+00;-5.577469e-01
5;0.500000;-6.322257e+00;8.218100e+00;-3.477278e-01;6.250069e+00;-3.109547e+00;-6.002678e+00;-1.438798e+00;3.551657e+00;4.154842e+00;-4.942107e-02;-4.050712e+00;2.480239e+00;3.661405e+00;1.285095e-01
