frameIndex;frameTime;pcm_fftMag_mfcc[0];pcm_fftMag_mfcc[1];pcm_fftMag_mfcc[2];pcm_fftMag_mfcc[3];pcm_fftMag_mfcc[4];pcm_fftMag_mfcc[5];pcm_fftMag_mfcc[6];pcm_fftMag_mfcc[7];pcm_fftMag_mfcc[8];pcm_fftMag_mfcc[9];pcm_fftMag_mfcc[10];pcm_fftMag_mfcc[11];pcm_fftMag_mfcc[12];pcm_fftMag_mfcc[13]
0;0.000000;6.694603e-02;2.752153e+00;-7.949957e+00;9.949757e+00;3.977063e+00;5.946020e+00;6.198321e+00;1.042434e+00;4.735146e+00;-3.857295e+00;-3.561118e+00;-1.536686e+00;-4.716849e-01;-1.131721e+00
1;0.100000;-2.737625e+00;5.462883e+00;1.471878e+00;3.561296e+00;2.013238e+00;7.311687e+00;-3.408642e+00;-1.149246e+00;-2.981558e+00;-8.860450e-01;-1.839267e+00;-5.732857e+00;1.569992e+00;-3.534355e+00
2;0.200000;-3.641130e+00;4.337024e+00;6.325421e+00;-3.611917e+00;-4.265018e+00;1.973774e+00;-1.152953e+01;-5.199858e+00;-1.140211e+01;9.194113e+00;7.082084e-01;-3.436103e-01;3.168475e+00;-4.168045e+00
3;0.300000;-2.843447e-01;6.196729e-01;1.541779e+00;-4.535399e+00;-8.775063e-01;-4.472350e+00;-1.140578e+00;9.560232e-01;-3.585664e+00;6.039781e+00;2.626896e-03;2.839459e+00;1.852635e+00;-1.691895e-01
4;0.400000;3.140237e+00;-5.131382e+00;-9.007378e-01;-3.590329e+00;1.444046e+00;-6.098537e+00;4.821808e+00;1.606594e+00;5.781478e+00;-3.175408e+00;2.388827e+00;3.178507e+00;-2.301746e+00;3.719643e+00
5;0.500000;3.455918e+00;-8.040352e+00;-4.883785e-01;-1.773407e+00;-2.291826e+00;-4.660593e+00;5.058616e+00;2.744054e+00;7.452708e+00;-7.315146e+00;2.300722e+00;1.595186e+00;-3.817668e+00;5.283669e+00
