frameIndex;frameTime;pcm_fftMag_mfcc[0];pcm_fftMag_mfcc[1];pcm_fftMag_mfcc[2];pcm_fftMag_mfcc[3];pcm_fftMag_mfcc[4];pcm_fftMag_mfcc[5];pcm_fftMag_mfcc[6];pcm_fftMag_mfcc[7];pcm_fftMag_mfcc[8];pcm_fftMag_mfcc[9];pcm_fftMag_mfcc[10];pcm_fftMag_mfcc[11];pcm_fftMag_mfcc[12];pcm_fftMag_mfcc[13]
0;0.000000;-1.443792e+00;3.167744e+00;4.055408e+00;-1.500268e+00;6.148005e+00;3.074598e+00;-7.411660e+00;-1.096933e+01;-2.718357e+00;-6.560587e+00;-5.317818e+00;-5.135746e+00;-5.541095e+00;-1.191124e+00
1;0.100000;-2.843346e+00;4.386766e+00;4.493042e+00;2.078555e+00;5.684719e+00;2.738112e+00;-3.552745e+00;-7.140870e+00;-3.798444e+00;-6.061050e+00;-1.140189e+00;2.107615e+00;-2.793209e+00;-2.436295e-01
2;0.200000;-2.918304e+00;5.684207e+00;2.514538e-01;5.174998e+00;4.065355e+00;1.607623e+00;-5.525494e-01;-4.040225e+00;-9.069405e-01;-2.417339e+00;2.047133e-01;4.677349e+00;-4.566431e-01;-1.139236e+00
3;0.300000;-1.098467e+00;9.668065e-01;-5.654321e+00;3.133261e+00;-3.577269e+00;-3.628691e+00;3.587256e+00;3.840121e+00;3.706586e+00;4.421076e+00;1.389864e+00;2.512420e+00;2.688269e+00;-7.543182e-02
4;0.400000;2.332083e+00;-5.005291e+00;-3.609527e+00;-1.753866e+00;-6.671291e+00;-1.952570e+00;4.001189e+00;9.264063e+00;2.889799e+00;5.812824e+00;2.815307e+00;-5.941114e-01;3.898656e+00;1.854767e+00
5;0.500000;5.971815e+00;-9.200232e+00;4.639453e-01;-7.132679e+00;-5.649525e+00;-1.839069e+00;3.928504e+00;9.046240e+00;8.273592e-01;4.805077e+00;2.048124e+00;-3.567527e+00;2.204022e+00;7.946396e-01
