frameIndex;frameTime;pcm_fftMag_mfcc[0];pcm_fftMag_mfcc[1];pcm_fftMag_mfcc[2];pcm_fftMag_mfcc[3];pcm_fftMag_mfcc[4];pcm_fftMag_mfcc[5];pcm_fftMag_mfcc[6];pcm_fftMag_mfcc[7];pcm_fftMag_mfcc[8];pcm_fftMag_mfcc[9];pcm_fftMag_mfcc[10];pcm_fftMag_mfcc[11];pcm_fftMag_mfcc[12];pcm_fftMag_mfcc[13]
0;0.000000;-4.205666e-01;-2.523884e+00;6.039037e+00;-1.121944e+00;-2.162571e-01;-2.543106e+00;3.662361e+00;2.363706e+00;-7.370008e+00;-5.091080e+00;-5.051384e+00;2.239099e-01;3.284518e+00;-1.827980e+00
1;0.100000;-1.480087e+00;3.491899e+00;1.707896e+00;-8.666878e-01;6.971579e-01;1.368118e+00;-2.112250e+00;-2.688622e-02;4.297986e-01;3.026160e-01;-2.430031e+00;-1.257473e+00;1.041120e+00;-1.360802e+00
2;0.200000;1.302719e-02;8.731234e-01;-2.874325e+00;1.903257e+00;-1.154613e-01;6.683533e-01;-1.245128e+00;-6.210778e-01;3.859505e+00;1.983738e+00;3.435644e+00;6.795359e-02;-2.232087e+00;1.732056e+00
3;0.300000;1.887627e+00;-1.841139e+00;-4.872609e+00;8.537579e-02;-3.654366e-01;5.066357e-01;-3.049850e-01;-1.715742e+00;3.080706e+00;2.804726e+00;4.045770e+00;9.656091e-01;-2.093551e+00;1.456734e+00
