frameIndex;frameTime;pcm_fftMag_mfcc[0];pcm_fftMag_mfcc[1];pcm_fftMag_mfcc[2];pcm_fftMag_mfcc[3];pcm_fftMag_mfcc[4];pcm_fftMag_mfcc[5];pcm_fftMag_mfcc[6];pcm_fftMag_mfcc[7];pcm_fftMag_mfcc[8];pcm_fftMag_mfcc[9];pcm_fftMag_mfcc[10];pcm_fftMag_mfcc[11];pcm_fftMag_mfcc[12];pcm_fftMag_mfcc[13]
0;0.000000;3.446180e+00;-2.426615e+00;9.427542e+00;4.772151e-01;-8.893563e+00;-4.740997e+00;-1.364947e+00;-1.077744e+00;-8.557129e-01;-3.444773e+00;6.350675e-01;-9.842784e-01;2.459510e+00;-6.203690e-01
1;0.100000;-8.702564e-02;-2.075922e+00;7.721437e+00;2.571612e+00;-4.589037e+00;-2.245886e+00;-3.036279e+00;1.876823e+00;-1.628685e-01;-1.367795e-01;-9.499884e-02;1.917888e-01;2.965896e-01;6.043396e-01
2;0.200000;-1.689551e+00;-3.972333e+00;1.109123e+00;-9.297321e-01;7.147245e-01;4.331686e+00;1.087480e+00;4.017315e+00;4.513626e-01;1.164995e+00;1.062912e+00;1.708773e+00;-1.586938e-02;6.046906e-01
3;0.300000;2.965339e+00;-3.391762e+00;-4.138878e+00;-4.565282e+00;2.257672e+00;4.904192e+00;-1.517025e+00;7.372341e-01;-4.981604e-01;2.057267e+00;4.191198e-01;-1.939583e-02;-1.755964e+00;-2.146072e-01
4;0.400000;2.180955e+00;3.135036e+00;-9.940443e+00;-1.057045e-01;4.674541e+00;5.448418e-01;2.686155e-01;-3.728363e+00;9.678941e-01;5.244544e-01;8.997917e-03;-9.907622e-01;-1.731019e+00;-8.194733e-01
5;0.500000;-6.815891e+00;8.731596e+00;-4.178782e+00;2.551892e+00;5.835665e+00;-2.793839e+00;4.562157e+00;-1.825264e+00;9.748602e-02;-1.651642e-01;-2.031097e+00;9.387517e-02;7.467535e-01;4.453812e-01
