frameIndex;frameTime;pcm_fftMag_mfcc[0];pcm_fftMag_mfcc[1];pcm_fftMag_mfcc[2];pcm_fftMag_mfcc[3];pcm_fftMag_mfcc[4];pcm_fftMag_mfcc[5];pcm_fftMag_mfcc[6];pcm_fftMag_mfcc[7];pcm_fftMag_mfcc[8];pcm_fftMag_mfcc[9];pcm_fftMag_mfcc[10];pcm_fftMag_mfcc[11];pcm_fftMag_mfcc[12];pcm_fftMag_mfcc[13]
0;0.000000;1.326117e+00;-3.175599e+00;3.059589e+00;-2.912868e+00;-2.137890e-01;8.177223e-01;-4.003522e+00;2.470077e+00;-3.176333e+00;2.323788e+00;5.164413e-01;2.707576e+00;4.849943e-01;8.191833e-01
1;0.100000;1.702143e+00;-3.377084e+00;-1.440778e+00;-9.272823e-01;7.399578e-01;-3.969841e-01;-1.170994e+00;2.077070e+00;-2.727884e+00;1.897780e+00;-1.777175e+00;-3.987761e-01;-7.629719e-01;1.168533e+00
2;0.200000;4.074068e-01;-8.906657e-01;-2.624012e+00;3.740981e-01;1.482458e+00;1.686087e+00;4.956136e-01;1.939149e+00;1.610713e-01;1.089857e+00;-5.024796e-01;-1.562963e+00;-1.079147e+00;-1.832199e-01
3;0.300000;-1.156294e+00;4.765457e+00;-1.659357e+00;1.676989e+00;1.027063e+00;-1.584930e-01;8.371648e-01;-4.557435e+00;3.599723e+00;-1.158308e+00;4.005547e-01;-6.686287e-01;2.700574e-01;-1.732086e+00
4;0.400000;-2.279373e+00;2.677891e+00;2.664556e+00;1.789062e+00;-3.035690e+00;-1.948336e+00;3.841738e+00;-1.928861e+00;2.143422e+00;-4.153119e+00;1.362664e+00;-7.720661e-02;1.087068e+00;-7.241058e-02
