frameIndex;frameTime;pcm_fftMag_mfcc[0];pcm_fftMag_mfcc[1];pcm_fftMag_mfcc[2];pcm_fftMag_mfcc[3];pcm_fftMag_mfcc[4];pcm_fftMag_mfcc[5];pcm_fftMag_mfcc[6];pcm_fftMag_mfcc[7];pcm_fftMag_mfcc[8];pcm_fftMag_mfcc[9];pcm_fftMag_mfcc[10];pcm_fftMag_mfcc[11];pcm_fftMag_mfcc[12];pcm_fftMag_mfcc[13]
0;0.000000;8.311019e-01;-4.543263e+00;1.114567e+00;1.677169e+00;3.440818e+00;-6.989232e+00;4.181175e-01;5.196213e+00;1.534700e+00;-2.632370e-01;-5.222770e+00;-2.870311e+00;-7.121863e-01;1.118195e+00
1;0.100000;-1.079812e+00;-1.588509e+00;1.549469e+00;4.615803e-01;2.285771e+00;-6.445865e+00;3.069277e-01;1.348365e+00;2.178004e+00;1.357239e+00;-3.160520e+00;-3.563087e+00;1.957397e+00;1.775192e+00
2;0.200000;-1.845435e+00;1.940889e+00;2.441047e+00;-2.377586e-01;2.102552e+00;-1.641603e+00;-1.082515e+00;-2.125348e+00;1.252185e+00;3.882514e+00;-1.498391e+00;-1.927056e+00;3.979753e+00;2.639465e-01
3;0.300000;-1.132791e+00;3.631392e+00;-3.245678e-01;-4.844856e-02;-1.079223e+00;4.753304e+00;-2.864275e-01;-1.927647e+00;-2.535869e-01;1.637355e+00;4.787222e-01;1.458405e+00;3.268971e+00;-1.465416e+00
4;0.400000;1.497591e+00;1.822046e+00;-2.880872e+00;-1.217094e+00;-5.098626e+00;6.737639e+00;7.682686e-01;-1.823113e+00;-2.905488e+00;-3.545260e+00;5.700750e+00;3.081186e+00;-2.538092e+00;-1.394524e+00
5;0.500000;1.729342e+00;-1.262553e+00;-1.899642e+00;-6.354504e-01;-1.651300e+00;3.585755e+00;-1.243711e-01;-6.684687e-01;-1.805816e+00;-3.068609e+00;3.702209e+00;3.820860e+00;-5.955842e+00;-2.973862e-01
