frameIndex;frameTime;pcm_fftMag_mfcc[0];pcm_fftMag_mfcc[1];pcm_fftMag_mfcc[2];pcm_fftMag_mfcc[3];pcm_fftMag_mfcc[4];pcm_fftMag_mfcc[5];pcm_fftMag_mfcc[6];pcm_fftMag_mfcc[7];pcm_fftMag_mfcc[8];pcm_fftMag_mfcc[9];pcm_fftMag_mfcc[10];pcm_fftMag_mfcc[11];pcm_fftMag_mfcc[12];pcm_fftMag_mfcc[13]
0;0.000000;-7.480019e+00;8.127899e+00;-8.147074e-01;5.009482e+00;1.943109e+00;-5.895063e+00;1.476513e+01;-7.107579e+00;-1.409521e+00;-8.907551e+00;-1.622990e+00;-3.326197e-01;2.895748e+00;1.819374e+00
1;0.100000;5.270296e-01;8.787680e-02;1.980316e+00;1.866844e+00;-2.800859e+00;2.594027e+00;7.402575e+00;-1.286020e+00;-4.129644e+00;-7.880900e+00;-1.258805e-01;1.509175e-01;-5.233751e-01;-8.696747e-02
2;0.200000;1.843696e+00;-2.392679e+00;3.084847e+00;2.898566e+00;-5.819939e+00;7.151281e+00;-1.309784e+00;4.251347e+00;-6.691531e+00;-6.084026e+00;2.821616e+00;-7.199001e-01;1.366141e+00;-8.533554e-01
3;0.300000;8.950021e-01;-1.578806e+00;2.489897e+00;1.429120e+00;-2.850588e+00;1.135552e+00;-5.061154e+00;-3.019867e-01;-7.587779e-01;2.217543e+00;1.626118e+00;1.070628e+00;-5.376413e-01;-1.150246e+00
4;0.400000;1.948901e+00;-1.805475e+00;-2.835751e+00;-4.978588e+00;3.358323e+00;-1.911946e+00;-7.643795e+00;7.397556e-02;6.046618e+00;9.873850e+00;-1.122942e+00;1.130810e-01;-1.740679e+00;-6.990051e-02
5;0.500000;2.265390e+00;-2.438816e+00;-3.904601e+00;-6.225424e+00;6.169955e+00;-3.073851e+00;-8.152975e+00;4.370262e+00;6.942859e+00;1.078108e+01;-1.575922e+00;-2.821050e-01;-1.460193e+00;3.410950e-01
