frameIndex;frameTime;pcm_fftMag_mfcc[0];pcm_fftMag_mfcc[1];pcm_fftMag_mfcc[2];pcm_fftMag_mfcc[3];pcm_fftMag_mfcc[4];pcm_fftMag_mfcc[5];pcm_fftMag_mfcc[6];pcm_fftMag_mfcc[7];pcm_fftMag_mfcc[8];pcm_fftMag_mfcc[9];pcm_fftMag_mfcc[10];pcm_fftMag_mfcc[11];pcm_fftMag_mfcc[12];pcm_fftMag_mfcc[13]
0;0.000000;1.825068e+00;-9.024167e+00;8.976636e-01;2.469677e+00;6.394567e-01;3.005155e+00;-5.499211e+00;-2.727316e+00;6.061881e+00;6.469031e+00;6.836056e-01;-2.774172e+00;-4.828638e+00;4.902557e+00
1;0.100000;-2.477247e+00;-4.841365e+00;-1.980176e-01;6.608797e+00;-2.854710e-01;4.168932e-01;-2.842885e+00;-4.685064e+00;8.119533e+00;3.728613e+00;1.866464e+00;-2.921749e+00;-3.114111e+00;5.063118e+00
2;0.200000;-4.775137e+00;2.275119e-01;-1.481502e+00;6.363194e+00;4.200888e-01;-2.028055e+00;1.167188e+00;-1.924669e+00;2.727644e+00;-2.004047e+00;7.099627e-01;-9.379654e-01;1.410331e+00;2.626808e+00
3;0.300000;-1.928077e+00;5.455230e+00;-2.296549e+00;1.551402e+00;-1.324596e+00;-4.046975e+00;3.753261e+00;3.556313e+00;-2.143017e+00;-8.115246e+00;2.476254e-01;3.876216e-01;3.442861e+00;-2.240219e-01
4;0.400000;1.915770e+00;6.621291e+00;1.258835e+00;-6.303041e+00;-1.917201e+00;-5.709106e-02;3.554312e+00;4.592836e+00;-4.951616e+00;-5.567589e+00;-1.141335e+00;1.360117e+00;4.166627e+00;-4.732979e+00
5;0.500000;5.439623e+00;1.561500e+00;1.819570e+00;-1.069003e+01;2.467726e+00;2.710073e+00;-1.326642e-01;1.187903e+00;-9.814425e+00;5.489238e+00;-2.366323e+00;4.886147e+00;-1.077071e+00;-7.635506e+00
