frameIndex;frameTime;pcm_fftMag_mfcc[0];pcm_fftMag_mfcc[1];pcm_fftMag_mfcc[2];pcm_fftMag_mfcc[3];pcm_fftMag_mfcc[4];pcm_fftMag_mfcc[5];pcm_fftMag_mfcc[6];pcm_fftMag_mfcc[7];pcm_fftMag_mfcc[8];pcm_fftMag_mfcc[9];pcm_fftMag_mfcc[10];pcm_fftMag_mfcc[11];pcm_fftMag_mfcc[12];pcm_fftMag_mfcc[13]
0;0.000000;-4.217474e+00;5.623496e-01;5.038132e+00;-2.919871e+00;-6.419487e-01;-2.428740e+00;6.196976e-03;-6.263764e+00;-3.001722e+00;5.573378e-01;-1.025452e+00;-1.312947e+00;2.016146e+00;7.345581e-01
1;0.100000;-6.054850e-01;-2.626211e+00;1.263852e+00;-4.933599e+00;1.757355e-01;-1.360825e+00;-9.699707e-01;-2.767755e+00;-3.297867e+00;3.585098e+00;-2.777499e+00;-1.355104e+00;2.153276e+00;3.670654e-01
2;0.200000;2.529873e+00;-2.856611e+00;-3.104093e+00;-4.454474e+00;1.689522e+00;1.475518e+00;-4.143893e+00;-8.870810e-02;-2.860986e+00;3.272139e+00;-2.868355e+00;-2.101989e+00;-9.734392e-01;-7.946625e-01
3;0.300000;3.611656e+00;-3.318656e+00;-3.369184e+00;-2.407455e-02;-1.483383e+00;1.321449e+00;-3.653367e+00;1.516995e+00;-1.717061e+00;7.463074e-02;-1.985854e+00;-9.350245e-01;-3.200839e+00;-1.109985e+00
4;0.400000;9.868355e-01;8.742933e-01;-8.472335e-01;4.450966e+00;-1.502061e+00;3.122928e-01;2.384531e+00;2.596731e+00;4.997643e+00;-3.681019e+00;2.472584e+00;1.937469e+00;-9.028082e-01;3.765030e-01
5;0.500000;-2.305409e+00;7.364834e+00;1.018526e+00;7.881055e+00;1.762133e+00;6.803052e-01;6.376504e+00;5.006502e+00;5.879992e+00;-3.808185e+00;6.184579e+00;3.767594e+00;9.076633e-01;4.264832e-01
