frameIndex;frameTime;pcm_fftMag_mfcc[0];pcm_fftMag_mfcc[1];pcm_fftMag_mfcc[2];pcm_fftMag_mfcc[3];pcm_fftMag_mfcc[4];pcm_fftMag_mfcc[5];pcm_fftMag_mfcc[6];pcm_fftMag_mfcc[7];pcm_fftMag_mfcc[8];pcm_fftMag_mfcc[9];pcm_fftMag_mfcc[10];pcm_fftMag_mfcc[11];pcm_fftMag_mfcc[12];pcm_fftMag_mfcc[13]
0;0.000000;8.520558e+00;3.352049e+00;-5.936493e+00;-2.924974e+00;-4.067088e+00;5.970517e+00;-5.183759e+00;-1.535190e+01;-2.986650e-01;-9.129128e+00;1.899662e+00;-2.619678e+00;-1.659404e+00;2.468315e+00
1;0.100000;5.302734e+00;6.909146e+00;2.391163e+00;1.453603e+00;-5.670794e+00;-1.990806e+00;-6.908053e+00;-1.119616e+01;-8.760233e-01;-3.779035e+00;-6.491804e-01;1.369064e-01;-2.156446e+00;-1.041504e+00
2;0.200000;-2.002690e+00;1.405863e+00;5.840042e+00;2.771804e+00;1.523404e+00;-5.559733e+00;-1.574491e+00;-3.233361e-01;-3.294001e+00;-8.415909e-01;-1.914805e+00;9.785254e-01;6.273222e-02;-9.791565e-01
3;0.300000;-8.009103e+00;-4.774878e+00;2.346395e+00;2.222189e+00;4.915584e+00;7.152815e-01;7.912320e+00;1.056670e+01;1.725292e+00;4.156885e+00;9.688377e-03;9.164267e-01;-2.723489e-01;-8.306656e-01
4;0.400000;-6.754870e+00;-4.434068e+00;1.426856e-01;1.388054e-01;2.326903e+00;-8.235550e-01;6.333532e+00;1.063970e+01;6.942406e-01;5.466640e+00;1.790577e+00;2.067864e+00;2.526727e+00;-9.014053e-01
5;0.500000;2.943372e+00;-2.458112e+00;-4.783792e+00;-3.661432e+00;9.719887e-01;1.688297e+00;-5.795555e-01;5.665000e+00;2.049157e+00;4.126227e+00;-1.135942e+00;-1.480044e+00;1.498741e+00;1.284386e+00
