frameIndex;frameTime;pcm_fftMag_mfcc[0];pcm_fftMag_mfcc[1];pcm_fftMag_mfcc[2];pcm_fftMag_mfcc[3];pcm_fftMag_mfcc[4];pcm_fftMag_mfcc[5];pcm_fftMag_mfcc[6];pcm_fftMag_mfcc[7];pcm_fftMag_mfcc[8];pcm_fftMag_mfcc[9];pcm_fftMag_mfcc[10];pcm_fftMag_mfcc[11];pcm_fftMag_mfcc[12];pcm_fftMag_mfcc[13]
0;0.000000;3.100405e-01;-3.162387e+00;3.781190e+00;1.692305e-01;-1.917385e+00;-1.517547e+00;-9.141068e-01;3.833615e+00;-1.934497e-01;1.378062e+00;-1.198510e-01;-1.634017e+00;4.860309e-01;1.284912e+00
1;0.100000;3.947073e+00;-6.929007e-01;-6.711903e-01;-1.489181e+00;2.001449e+00;-1.737994e-01;1.273546e+00;2.704344e-01;-8.775935e-01;4.938179e-01;-1.752338e+00;1.578154e+00;1.809445e+00;-1.952431e+00
2;0.200000;-7.652950e-02;3.195368e+00;-4.644881e+00;4.165220e-01;3.537008e+00;1.785490e+00;-6.434436e-01;-3.432129e+00;8.027680e-01;-2.619714e-01;5.439382e-01;4.144883e-01;1.180343e+00;-1.027817e+00
3;0.300000;-4.180582e+00;6.599207e-01;1.534880e+00;9.034281e-01;-3.621073e+00;-9.414387e-02;2.840042e-01;-6.719208e-01;2.682755e-01;-1.609909e+00;1.328251e+00;-3.586268e-01;-3.475818e+00;1.695343e+00
