frameIndex;frameTime;pcm_fftMag_mfcc[0];pcm_fftMag_mfcc[1];pcm_fftMag_mfcc[2];pcm_fftMag_mfcc[3];pcm_fftMag_mfcc[4];pcm_fftMag_mfcc[5];pcm_fftMag_mfcc[6];pcm_fftMag_mfcc[7];pcm_fftMag_mfcc[8];pcm_fftMag_mfcc[9];pcm_fftMag_mfcc[10];pcm_fftMag_mfcc[11];pcm_fftMag_mfcc[12];pcm_fftMag_mfcc[13]
0;0.000000;-5.538495e+00;5.292162e+00;-1.274351e+01;1.352861e+00;2.145308e+00;1.429496e+00;9.964710e+00;-4.444215e-01;1.223927e+00;-9.275117e-01;-3.839060e+00;-2.787362e+00;-3.927343e+00;1.816910e+00
1;0.100000;-1.196363e+00;2.983561e+00;-7.609346e+00;-1.910830e+00;-1.195041e+00;1.514169e+00;3.341355e+00;-2.774029e+00;-7.864327e-01;-1.588614e+00;8.986235e-02;-6.478767e-01;-9.142342e-01;1.422867e+00
2;0.200000;2.793258e+00;-1.121873e+00;2.465335e+00;-6.406557e+00;-2.540727e-01;1.421668e+00;-3.157922e+00;-3.723875e+00;-2.888411e+00;7.367210e-01;2.580287e+00;2.594653e+00;3.084610e+00;-8.987045e-01
3;0.300000;3.047756e+00;-3.326819e+00;6.677347e+00;-6.613243e+00;4.351626e+00;-8.764787e-01;-3.321755e+00;-8.014729e-01;1.956010e-01;3.617559e+00;5.610137e-01;1.354745e+00;1.400055e+00;-1.383728e+00
4;0.400000;2.636325e+00;-4.219628e+00;8.006949e+00;1.806431e-01;3.181122e+00;-2.570789e+00;-2.045517e+00;3.463298e+00;1.386851e+00;1.920445e+00;-1.256545e+00;-3.776340e-01;-1.340236e+00;-1.452797e+00
5;0.500000;-1.742483e+00;3.925970e-01;3.203222e+00;1.339713e+01;-8.228941e+00;-9.180675e-01;-4.780875e+00;4.280500e+00;8.684645e-01;-3.758608e+00;1.864441e+00;-1.365237e-01;1.697148e+00;4.954453e-01
