frameIndex;frameTime;pcm_fftMag_mfcc[0];pcm_fftMag_mfcc[1];pcm_fftMag_mfcc[2];pcm_fftMag_mfcc[3];pcm_fftMag_mfcc[4];pcm_fftMag_mfcc[5];pcm_fftMag_mfcc[6];pcm_fftMag_mfcc[7];pcm_fftMag_mfcc[8];pcm_fftMag_mfcc[9];pcm_fftMag_mfcc[10];pcm_fftMag_mfcc[11];pcm_fftMag_mfcc[12];pcm_fftMag_mfcc[13]
0;0.000000;1.425838e+00;-3.239968e+00;4.758358e+00;7.867045e+00;-4.693395e+00;-4.017973e+00;3.654678e+00;2.673783e-01;2.373685e+00;-4.187274e+00;-2.469955e+00;1.303826e+00;5.100791e-01;3.465378e+00
1;0.100000;-3.085417e+00;5.612755e-02;3.217097e+00;4.538374e+00;-2.205414e+00;-4.932716e+00;2.742616e+00;2.142239e+00;-7.867861e-02;-2.261885e+00;-7.541273e-01;1.476979e+00;-1.717847e-01;1.573601e+00
2;0.200000;-1.643435e+00;2.356287e+00;-3.155631e+00;-3.974413e+00;3.893495e+00;1.896289e+00;-1.699231e+00;5.259709e-01;-4.559896e-01;1.987338e+00;2.320870e+00;-7.764338e-01;-1.407169e+00;-7.735825e-01
3;0.300000;3.303014e+00;8.275547e-01;-4.819823e+00;-8.431007e+00;3.005314e+00;7.054401e+00;-4.698062e+00;-2.935586e+00;-1.839017e+00;4.461822e+00;9.032128e-01;-2.004371e+00;1.068874e+00;-4.265396e+00
