frameIndex;frameTime;pcm_fftMag_mfcc[0];pcm_fftMag_mfcc[1];pcm_fftMag_mfcc[2];pcm_fftMag_mfcc[3];pcm_fftMag_mfcc[4];pcm_fftMag_mfcc[5];pcm_fftMag_mfcc[6];pcm_fftMag_mfcc[7];pcm_fftMag_mfcc[8];pcm_fftMag_mfcc[9];pcm_fftMag_mfcc[10];pcm_fftMag_mfcc[11];pcm_fftMag_mfcc[12];pcm_fftMag_mfcc[13]
0;0.000000;3.147902e+00;2.904865e+00;-6.518738e+00;-7.529552e+00;8.025811e+00;7.627834e+00;1.633081e+00;-3.020014e+00;-5.622575e+00;5.150164e+00;-6.014739e+00;-1.618095e+00;9.468613e-01;-1.821457e+00
1;0.100000;7.252073e+00;-7.751185e+00;1.750668e+00;-2.535541e+00;3.807478e-01;6.854127e+00;2.124001e+00;1.893820e+00;-4.512753e+00;1.067433e+00;-2.592510e+00;2.650924e-01;-2.487986e+00;-2.073555e+00
2;0.200000;4.785519e+00;-8.223771e+00;6.409678e+00;-2.824049e+00;-2.117765e+00;-9.502621e-01;1.433954e-01;4.079451e+00;-2.879747e+00;6.288271e-01;4.769864e-01;2.684474e-01;-1.395530e+00;2.619324e-01
3;0.300000;-5.315800e-01;-2.759170e+00;3.171436e+00;-1.277624e+00;-3.076918e+00;-5.363583e+00;-2.293701e-01;2.173375e+00;7.586373e-01;-2.126232e+00;4.734782e+00;-2.727110e-01;1.161224e+00;1.691490e+00
4;0.400000;-5.537150e+00;5.837889e+00;-1.279914e+00;4.359598e+00;-1.628452e+00;-7.079742e+00;-2.214023e+00;-5.428491e-01;4.197152e+00;-2.984777e+00;3.477451e+00;8.618498e-02;1.947165e+00;1.040878e+00
5;0.500000;-9.116767e+00;9.991371e+00;-3.533132e+00;9.807163e+00;-1.583420e+00;-1.088381e+00;-1.457088e+00;-4.583783e+00;8.059287e+00;-1.735417e+00;-8.197117e-02;1.271082e+00;-1.717310e-01;9.007416e-01
