frameIndex;frameTime;pcm_fftMag_mfcc[0];pcm_fftMag_mfcc[1];pcm_fftMag_mfcc[2];pcm_fftMag_mfcc[3];pcm_fftMag_mfcc[4];pcm_fftMag_mfcc[5];pcm_fftMag_mfcc[6];pcm_fftMag_mfcc[7];pcm_fftMag_mfcc[8];pcm_fftMag_mfcc[9];pcm_fftMag_mfcc[10];pcm_fftMag_mfcc[11];pcm_fftMag_mfcc[12];pcm_fftMag_mfcc[13]
0;0.000000;-2.872549e+00;1.171186e+01;-1.624564e+00;2.863178e+00;5.467471e-02;-1.318199e+01;-4.333544e-01;-5.311007e+00;5.862408e+00;2.167034e+00;-4.565219e+00;-2.638401e+00;-1.294748e+00;-5.316307e+00
1;0.100000;2.606227e+00;-1.165321e+00;1.405677e+00;-1.397300e+00;8.258109e-01;-3.426485e-01;5.277442e+00;-1.829578e+00;2.839718e-01;1.594507e+00;4.801559e-02;1.035865e+00;-2.722628e-01;-1.866669e+00
2;0.200000;4.097295e+00;-9.125182e+00;3.177155e+00;-3.521481e+00;3.823973e+00;3.643996e+00;4.393969e+00;2.899073e+00;-3.410604e+00;3.502466e+00;-1.608147e+00;3.367020e+00;6.490300e-01;2.055885e+00
3;0.300000;1.641589e+00;-7.307442e+00;2.644930e-01;-1.646683e+00;1.195880e+00;5.615610e+00;2.053853e+00;3.287217e+00;-2.543570e+00;7.116961e-01;1.249687e+00;1.198239e+00;1.421613e+00;4.046677e+00
4;0.400000;-1.758019e+00;-1.173494e+00;-2.476810e+00;7.941780e-01;-2.190120e+00;5.594600e+00;-1.674237e+00;1.400585e+00;-1.927362e+00;-3.246780e+00;3.255461e+00;-1.285718e+00;2.017727e-01;2.674980e+00
5;0.500000;-3.714542e+00;7.059579e+00;-7.459488e-01;2.908111e+00;-3.710219e+00;-1.329568e+00;-9.617674e+00;-4.462881e-01;1.735157e+00;-4.728920e+00;1.620203e+00;-1.677005e+00;-7.054038e-01;-1.594597e+00
