frameIndex;frameTime;pcm_fftMag_mfcc[0];pcm_fftMag_mfcc[1];pcm_fftMag_mfcc[2];pcm_fftMag_mfcc[3];pcm_fftMag_mfcc[4];pcm_fftMag_mfcc[5];pcm_fftMag_mfcc[6];pcm_fftMag_mfcc[7];pcm_fftMag_mfcc[8];pcm_fftMag_mfcc[9];pcm_fftMag_mfcc[10];pcm_fftMag_mfcc[11];pcm_fftMag_mfcc[12];pcm_fftMag_mfcc[13]
0;0.000000;1.900251e+00;-1.657901e+00;-5.369255e+00;2.161175e+00;2.472170e+00;-1.195992e+00;5.346747e+00;2.243233e+00;-1.578370e+00;-5.075044e-01;-2.095795e-01;6.414139e-01;4.488769e-01;7.339478e-02
1;0.100000;8.334355e-01;-4.687380e-01;-1.485406e+00;-1.532097e-01;2.673665e+00;-2.558324e+00;-3.419876e-02;5.042519e+00;9.292865e-01;-3.375155e+00;6.342783e-01;4.305668e+00;-1.632972e-01;6.858444e-01
2;0.200000;1.166248e+00;-1.194869e+00;3.457605e-01;-1.461889e+00;2.608761e+00;1.872559e-01;-5.499150e+00;4.216986e+00;-1.886249e-01;-4.003460e+00;1.587070e+00;1.458252e+00;-1.013544e+00;7.879639e-01
3;0.300000;1.635758e+00;-8.978176e-01;7.768143e-01;-1.040510e+00;1.683873e+00;2.382327e+00;-5.516644e+00;-4.165772e-01;-2.192717e-01;1.263040e-01;1.430331e+00;-2.873764e+00;-7.189689e-01;5.334244e-01
4;0.400000;2.072754e-01;-4.989538e-01;1.916455e+00;5.627956e-01;-3.207877e+00;1.696569e+00;1.069994e+00;-5.285057e+00;1.333651e+00;3.653531e+00;-1.047603e+00;-2.893970e+00;3.710885e-01;-9.357452e-02
5;0.500000;-5.742967e+00;4.718280e+00;3.815631e+00;-6.836128e-02;-6.230593e+00;-5.118361e-01;4.633253e+00;-5.801103e+00;-2.766728e-01;4.106285e+00;-2.394502e+00;-6.376011e-01;1.075846e+00;-1.987099e+00
