frameIndex;frameTime;pcm_fftMag_mfcc[0];pcm_fftMag_mfcc[1];pcm_fftMag_mfcc[2];pcm_fftMag_mfcc[3];pcm_fftMag_mfcc[4];pcm_fftMag_mfcc[5];pcm_fftMag_mfcc[6];pcm_fftMag_mfcc[7];pcm_fftMag_mfcc[8];pcm_fftMag_mfcc[9];pcm_fftMag_mfcc[10];pcm_fftMag_mfcc[11];pcm_fftMag_mfcc[12];pcm_fftMag_mfcc[13]
0;0.000000;-1.216057e+00;-1.122151e+00;1.733367e+00;7.605930e+00;-8.159905e+00;-6.154891e+00;8.375122e+00;6.866577e+00;-2.851414e+00;-5.065036e+00;1.137851e+00;3.707550e+00;3.073733e+00;-2.398529e-01
1;0.100000;-4.008162e-02;5.337737e-01;-2.262878e-02;1.677237e+00;-1.553276e+00;-2.431257e+00;5.286955e+00;-1.193995e-01;2.062368e+00;-4.540471e+00;2.537356e+00;6.946335e-01;1.300739e+00;-1.265312e+00
2;0.200000;2.670124e-01;6.372125e-01;-8.542595e-01;-2.067738e+00;3.619430e+00;1.455382e+00;-2.184011e+00;-2.699242e+00;2.068896e+00;2.002735e+00;-4.021640e-01;-1.765508e+00;-1.440496e+00;2.921371e-01
3;0.300000;3.543924e-01;-2.133441e-01;-8.178043e-01;-3.782532e+00;3.602375e+00;3.626655e+00;-5.974536e+00;-1.732689e+00;5.156517e-02;4.278775e+00;-2.080551e+00;-1.529360e+00;-1.604099e+00;1.675606e+00
4;0.400000;6.347338e-01;1.645088e-01;-3.867626e-02;-3.432892e+00;2.491378e+00;3.504107e+00;-5.503531e+00;-2.315246e+00;-1.331422e+00;3.323995e+00;-1.192495e+00;-1.107315e+00;-1.329876e+00;-4.625626e-01
