frameIndex;frameTime;pcm_fftMag_mfcc[0];pcm_fftMag_mfcc[1];pcm_fftMag_mfcc[2];pcm_fftMag_mfcc[3];pcm_fftMag_mfcc[4];pcm_fftMag_mfcc[5];pcm_fftMag_mfcc[6];pcm_fftMag_mfcc[7];pcm_fftMag_mfcc[8];pcm_fftMag_mfcc[9];pcm_fftMag_mfcc[10];pcm_fftMag_mfcc[11];pcm_fftMag_mfcc[12];pcm_fftMag_mfcc[13]
0;0.000000;2.884235e-01;4.140821e+00;7.152347e+00;-8.797094e-01;3.526455e+00;4.542747e+00;1.010218e+01;-2.262534e+00;-3.934879e-01;3.527800e+00;1.376399e+00;3.463644e+00;3.168981e+00;2.674721e+00
1;0.100000;-1.425780e+00;2.999310e-01;1.049963e+01;-2.351508e+00;7.500200e-01;2.436025e+00;9.586367e+00;4.960766e+00;-5.440762e+00;6.839170e+00;-2.472334e-01;2.200099e+00;1.439748e+00;1.446144e+00
2;0.200000;-5.630140e-01;-4.162412e+00;4.997645e+00;-5.086830e+00;-1.529843e+00;3.871255e+00;1.752918e+00;5.508922e+00;-1.177053e+01;8.681012e+00;-2.319627e+00;-1.370594e+00;8.948314e-02;-1.039268e+00
3;0.300000;3.987892e+00;-4.541831e+00;-6.486169e+00;-3.816926e+00;-1.967635e+00;-1.882800e+00;-8.199873e+00;-3.029773e+00;-6.283030e+00;-1.962957e-01;-3.906314e+00;-5.578381e+00;3.182676e-01;-3.558365e+00
4;0.400000;1.414804e+00;-1.627452e+00;-1.098312e+01;3.911992e+00;-2.835383e+00;-5.455107e+00;-8.463005e+00;-6.089702e+00;8.181757e+00;-9.751766e+00;4.807948e-01;-1.196919e+00;-4.331704e+00;-1.249504e+00
5;0.500000;-3.702329e+00;5.890945e+00;-5.180327e+00;8.222980e+00;2.056388e+00;-3.512119e+00;-4.778588e+00;9.123206e-01;1.570605e+01;-9.099925e+00;4.615981e+00;2.482149e+00;-6.847746e-01;1.726280e+00
