frameIndex;frameTime;pcm_fftMag_mfcc[0];pcm_fftMag_mfcc[1];pcm_fftMag_mfcc[2];pcm_fftMag_mfcc[3];pcm_fftMag_mfcc[4];pcm_fftMag_mfcc[5];pcm_fftMag_mfcc[6];pcm_fftMag_mfcc[7];pcm_fftMag_mfcc[8];pcm_fftMag_mfcc[9];pcm_fftMag_mfcc[10];pcm_fftMag_mfcc[11];pcm_fftMag_mfcc[12];pcm_fftMag_mfcc[13]
0;0.000000;-9.353924e-01;-4.122953e+00;-3.829823e-01;-3.458734e+00;-2.702497e+00;-2.782654e+00;-1.478248e+00;-1.047904e+00;-1.546139e+00;-1.737678e+00;-2.668544e+00;-6.264282e+00;-2.575838e+00;9.937363e-01
1;0.100000;-3.993374e+00;-2.073327e-01;1.247087e+00;3.245988e-01;2.938267e+00;-3.854475e+00;-2.165999e+00;-1.894657e+00;4.382617e-01;-1.976860e+00;-3.411248e+00;-4.298311e+00;-2.741998e+00;2.118240e+00
2;0.200000;-3.237338e+00;3.136173e+00;3.668975e+00;2.896207e+00;2.965648e+00;-6.172821e+00;-2.757621e+00;-1.943414e+00;2.404977e+00;-2.073000e+00;-4.885082e+00;-2.075239e+00;-8.632889e-01;1.423790e+00
3;0.300000;5.828171e-01;1.516076e+00;3.475564e+00;1.710826e+00;-5.004539e-01;-3.951138e+00;3.075185e+00;-2.861004e-01;1.224442e+00;-3.141884e+00;-3.031642e+00;1.834065e+00;2.930584e+00;-7.637482e-01
4;0.400000;6.364491e+00;-2.285505e+00;-5.216565e-01;-2.654517e+00;-7.365990e-01;7.640171e+00;3.072163e+00;2.615464e+00;-1.209552e-01;2.383170e+00;5.777245e+00;5.900325e+00;1.459982e+00;-3.005959e+00
5;0.500000;1.218794e+00;1.963542e+00;-7.486985e+00;1.181619e+00;-1.964363e+00;9.120922e+00;2.545190e-01;2.556613e+00;-2.400584e+00;6.546252e+00;8.219273e+00;4.903439e+00;1.790558e+00;-7.660294e-01
