frameIndex;frameTime;pcm_fftMag_mfcc[0];pcm_fftMag_mfcc[1];pcm_fftMag_mfcc[2];pcm_fftMag_mfcc[3];pcm_fftMag_mfcc[4];pcm_fftMag_mfcc[5];pcm_fftMag_mfcc[6];pcm_fftMag_mfcc[7];pcm_fftMag_mfcc[8];pcm_fftMag_mfcc[9];pcm_fftMag_mfcc[10];pcm_fftMag_mfcc[11];pcm_fftMag_mfcc[12];pcm_fftMag_mfcc[13]
0;0.000000;5.269327e+00;-1.482321e+00;-1.133006e-01;-5.542474e+00;7.053242e-01;5.533942e+00;1.976898e+00;4.641728e+00;-3.727449e+00;-1.856670e+00;-4.048882e+00;-3.377541e+00;2.295371e+00;-7.909622e-01
1;0.100000;5.436661e+00;-6.467092e+00;5.396379e+00;-4.155532e-01;-2.172491e+00;1.019418e+00;8.818779e-01;2.043182e+00;-2.597661e-01;-1.855465e+00;9.274260e-01;-8.603628e-01;3.179264e-01;-5.420303e-01
2;0.200000;1.175528e+00;-4.000552e+00;5.716584e+00;-4.482350e-01;-4.628401e+00;-3.593677e+00;-2.655845e-01;1.527975e+00;-4.274797e-02;2.844679e+00;3.616338e+00;2.044326e+00;1.347970e+00;-5.565643e-02
3;0.300000;-3.620715e+00;2.168206e+00;6.020436e-01;1.569769e-01;-5.862661e+00;-5.118917e+00;1.758608e+00;-5.147772e-01;-1.236122e+00;1.033410e+00;1.046334e+00;2.122408e+00;1.572733e-01;-4.846191e-02
4;0.400000;-4.947392e+00;5.985519e+00;-4.295424e+00;4.640378e+00;4.678851e+00;-5.575838e-01;-5.899186e-01;-3.573195e+00;1.782173e+00;-2.971201e-01;-2.827849e+00;8.863640e-01;-1.822431e+00;-1.409912e-01
5;0.500000;-3.313403e+00;3.796239e+00;-7.306282e+00;1.608908e+00;7.279374e+00;2.716819e+00;-3.761878e+00;-4.124916e+00;3.483912e+00;1.311669e-01;1.286633e+00;-8.151934e-01;-2.296111e+00;1.578079e+00
