frameIndex;frameTime;pcm_fftMag_mfcc[0];pcm_fftMag_mfcc[1];pcm_fftMag_mfcc[2];pcm_fftMag_mfcc[3];pcm_fftMag_mfcc[4];pcm_fftMag_mfcc[5];pcm_fftMag_mfcc[6];pcm_fftMag_mfcc[7];pcm_fftMag_mfcc[8];pcm_fftMag_mfcc[9];pcm_fftMag_mfcc[10];pcm_fftMag_mfcc[11];pcm_fftMag_mfcc[12];pcm_fftMag_mfcc[13]
0;0.000000;-3.562488e+00;3.179869e+00;-6.545795e+00;2.219206e+00;-5.042797e+00;-1.472999e+00;-1.201177e+00;-9.783027e+00;3.993575e+00;-2.798913e+00;-1.455991e+00;-2.145700e-01;-2.365329e+00;-1.382294e-01
1;0.100000;-2.631587e+00;1.807962e+00;-6.553007e+00;1.016812e+00;-8.262491e+00;-3.366847e+00;4.903288e-01;-5.517595e+00;4.661683e+00;-4.131027e+00;-7.615786e-01;1.856278e+00;-1.397075e+00;2.671051e-02
2;0.200000;-4.028273e-01;-1.405447e+00;-2.759665e+00;-5.804367e-01;-6.239107e+00;-1.748645e+00;8.293953e-01;-5.406771e-01;1.497600e+00;-1.411177e+00;2.913785e+00;1.847348e-01;7.740088e-01;-2.212540e+00
3;0.300000;1.520930e+00;-2.456760e+00;5.873239e+00;-2.894772e+00;6.144403e+00;1.187378e+00;7.292252e-01;4.092566e+00;-5.405293e+00;3.247880e+00;1.533311e+00;-1.922743e+00;1.400449e+00;-7.394333e-01
4;0.400000;2.819589e+00;-1.431282e+00;6.280850e+00;-1.948140e+00;8.214407e+00;1.597617e+00;-3.974514e-01;6.101336e+00;-3.775542e+00;2.866818e+00;-6.785367e-01;-3.378558e-01;1.604124e+00;1.801315e+00
5;0.500000;2.256395e+00;3.056622e-01;3.704379e+00;2.187332e+00;5.185590e+00;3.803497e+00;-4.503222e-01;5.647398e+00;-9.720220e-01;2.226426e+00;-1.550989e+00;4.341583e-01;-1.617765e-02;1.262177e+00
