frameIndex;frameTime;pcm_fftMag_mfcc[0];pcm_fftMag_mfcc[1];pcm_fftMag_mfcc[2];pcm_fftMag_mfcc[3];pcm_fftMag_mfcc[4];pcm_fftMag_mfcc[5];pcm_fftMag_mfcc[6];pcm_fftMag_mfcc[7];pcm_fftMag_mfcc[8];pcm_fftMag_mfcc[9];pcm_fftMag_mfcc[10];pcm_fftMag_mfcc[11];pcm_fftMag_mfcc[12];pcm_fftMag_mfcc[13]
0;0.000000;6.062593e+00;-7.507372e+00;-1.830547e+00;-2.472439e+00;8.078308e+00;9.132767e-01;-5.464220e+00;4.454541e+00;2.383000e+00;6.860149e-02;-1.136654e+00;3.311836e+00;4.638443e-01;1.509773e+00
1;0.100000;4.089214e+00;-7.289921e+00;1.987309e-01;-2.129995e+00;8.296203e+00;-2.294412e+00;-1.985637e+00;5.843953e+00;1.865335e+00;-4.979386e-01;-3.113580e+00;3.792364e+00;-1.904923e+00;1.402428e+00
2;0.200000;1.647283e+00;-4.696022e+00;2.312963e+00;-1.813147e+00;6.046533e+00;-5.586024e+00;2.782747e+00;4.470988e+00;-7.690086e-01;-2.645027e+00;-2.700126e+00;2.303063e+00;-9.877539e-01;-1.009186e+00
3;0.300000;-9.736423e-01;1.449298e+00;-7.545429e-01;1.155684e+00;-4.346923e+00;-1.206401e+00;8.394222e-01;2.365917e-01;-2.602725e+00;-1.891753e+00;1.943074e+00;-1.292646e+00;2.385524e+00;-1.014801e+00
4;0.400000;-4.411781e+00;7.951538e+00;-1.439438e+00;3.062547e+00;-8.483163e+00;3.014855e+00;1.692834e+00;-5.815104e+00;-9.936056e-01;1.369084e+00;2.919964e+00;-3.384908e+00;5.405722e-01;-5.766602e-01
5;0.500000;-6.413667e+00;1.009248e+01;1.512835e+00;2.197346e+00;-9.590959e+00;5.158708e+00;2.134853e+00;-9.190970e+00;1.170015e-01;3.597033e+00;2.087317e+00;-4.729711e+00;-4.972639e-01;-3.115463e-01
