frameIndex;frameTime;pcm_fftMag_mfcc[0];pcm_fftMag_mfcc[1];pcm_fftMag_mfcc[2];pcm_fftMag_mfcc[3];pcm_fftMag_mfcc[4];pcm_fftMag_mfcc[5];pcm_fftMag_mfcc[6];pcm_fftMag_mfcc[7];pcm_fftMag_mfcc[8];pcm_fftMag_mfcc[9];pcm_fftMag_mfcc[10];pcm_fftMag_mfcc[11];pcm_fftMag_mfcc[12];pcm_fftMag_mfcc[13]
0;0.000000;-1.603765e+00;-6.476202e+00;1.450517e+00;4.528733e+00;-2.817534e+00;2.810302e+00;-3.792879e+00;-1.822443e-01;5.627528e+00;-5.196080e+00;-4.635024e+00;9.321777e-01;6.267161e+00;2.497520e+00
1;0.100000;-3.624785e+00;-1.620725e+00;-2.022162e+00;5.624295e+00;-7.623854e-01;5.545015e-01;-2.104309e+00;-2.495624e+00;5.209851e+00;-3.811649e+00;-4.187243e+00;1.153415e+00;5.096495e+00;2.391808e+00
2;0.200000;-2.030671e+00;3.163380e+00;-3.597333e+00;3.162100e+00;-7.242708e-01;-2.290290e+00;-9.369526e-01;-4.605254e+00;1.793265e+00;1.031497e+00;-5.778236e-01;-2.229707e+00;5.577087e-03;9.667511e-01
3;0.300000;7.660141e-01;2.281356e+00;1.661568e-01;-6.671305e-01;-1.987200e-01;-1.784787e-01;-9.934473e-02;-4.362106e-01;-2.729702e+00;3.582842e+00;4.657033e+00;-4.786222e+00;-3.407153e+00;-6.042862e-01
4;0.400000;2.371308e+00;9.680571e-01;2.908680e+00;-3.605626e+00;2.129710e+00;2.367735e-01;2.661371e+00;5.314940e+00;-5.294805e+00;4.688625e+00;3.252269e+00;-2.557157e-01;-5.231465e+00;-2.644783e+00
5;0.500000;4.121906e+00;1.684134e+00;1.094138e+00;-9.042380e+00;2.373196e+00;-1.132808e+00;4.272114e+00;2.404392e+00;-4.606137e+00;-2.952352e-01;1.490784e+00;5.186052e+00;-2.730618e+00;-2.607056e+00
