frameIndex;frameTime;pcm_fftMag_mfcc[0];pcm_fftMag_mfcc[1];pcm_fftMag_mfcc[2];pcm_fftMag_mfcc[3];pcm_fftMag_mfcc[4];pcm_fftMag_mfcc[5];pcm_fftMag_mfcc[6];pcm_fftMag_mfcc[7];pcm_fftMag_mfcc[8];pcm_fftMag_mfcc[9];pcm_fftMag_mfcc[10];pcm_fftMag_mfcc[11];pcm_fftMag_mfcc[12];pcm_fftMag_mfcc[13]
0;0.000000;1.309659e+00;2.603062e+00;-4.724873e+00;-5.037945e+00;4.894174e+00;8.030073e+00;-4.822829e+00;-2.911331e+00;-2.806989e-01;1.959344e+00;-2.124041e-03;-4.113988e+00;-1.645330e+00;-7.289124e-01
1;0.100000;1.715583e+00;1.823610e+00;-7.892059e+00;-2.602556e+00;7.243155e+00;4.873817e+00;-1.057316e+00;8.881223e-01;1.774018e-01;2.513175e+00;-4.875127e+00;-5.688605e+00;-3.745055e+00;-9.222946e-01
2;0.200000;1.158676e+00;-9.731617e-01;-4.467064e+00;1.163540e-01;1.972381e+00;2.125139e+00;2.000044e+00;6.987035e-01;-1.003011e+00;1.613356e+00;-9.492485e-01;-3.052634e+00;-2.692250e+00;-3.358994e-01
3;0.300000;-1.665818e+00;-1.953378e+00;6.341115e+00;3.332655e+00;-5.980591e+00;-4.834022e+00;2.480981e+00;-6.408851e-01;-8.146350e-01;-2.741545e+00;3.180114e+00;4.974995e+00;2.251759e+00;7.834778e-01
4;0.400000;-2.518101e+00;-1.500134e+00;1.074288e+01;4.191487e+00;-8.129122e+00;-1.019501e+01;1.399119e+00;1.965390e+00;1.920943e+00;-3.344330e+00;2.646386e+00;7.880233e+00;5.830875e+00;1.203636e+00
