frameIndex;frameTime;pcm_fftMag_mfcc[0];pcm_fftMag_mfcc[1];pcm_fftMag_mfcc[2];pcm_fftMag_mfcc[3];pcm_fftMag_mfcc[4];pcm_fftMag_mfcc[5];pcm_fftMag_mfcc[6];pcm_fftMag_mfcc[7];pcm_fftMag_mfcc[8];pcm_fftMag_mfcc[9];pcm_fftMag_mfcc[10];pcm_fftMag_mfcc[11];pcm_fftMag_mfcc[12];pcm_fftMag_mfcc[13]
0;0.000000;6.576180e-01;1.610444e+00;-3.537681e+00;-1.053727e+00;1.926092e+00;1.876120e+00;-4.691130e+00;-2.415205e+00;4.994524e+00;3.598621e+00;-1.286531e+00;2.639041e-01;-3.360478e+00;3.768921e-01
1;0.100000;-2.357783e-01;-1.733557e+00;-3.803427e-01;3.199868e+00;4.369554e+00;-6.717875e+00;3.567442e+00;1.018335e+00;-1.990602e-01;1.123409e-01;-1.814743e+00;-1.803649e+00;1.341528e+00;8.036118e-01
2;0.200000;-3.456831e-02;-2.036463e+00;-1.349888e+00;-6.258547e-01;5.170918e-02;-8.235499e+00;6.591846e+00;3.018649e+00;-6.429527e-01;-1.956933e+00;-2.050398e+00;6.489205e-01;4.742296e+00;2.243996e+00
3;0.300000;1.737205e+00;-9.560589e-01;-2.448795e-01;-2.731695e+00;-1.042910e+00;-5.047744e+00;4.505918e+00;2.276882e+00;4.134011e-01;-3.361268e+00;-1.638036e+00;1.503932e+00;3.300486e+00;5.478210e-01
4;0.400000;-2.937565e-01;1.712361e+00;3.069972e+00;-1.475708e+00;-2.638895e+00;7.940704e+00;-2.126699e+00;1.058302e-01;-6.679003e-01;3.449602e-01;1.429699e+00;-5.692029e-01;-2.634166e+00;-2.046448e+00
5;0.500000;-1.830720e+00;1.403275e+00;2.442821e+00;2.687117e+00;-2.665551e+00;1.018430e+01;-7.847373e+00;-4.004490e+00;-3.898012e+00;1.262275e+00;5.360009e+00;-4.390192e-02;-3.389665e+00;-1.925865e+00
