frameIndex;frameTime;pcm_fftMag_mfcc[0];pcm_fftMag_mfcc[1];pcm_fftMag_mfcc[2];pcm_fftMag_mfcc[3];pcm_fftMag_mfcc[4];pcm_fftMag_mfcc[5];pcm_fftMag_mfcc[6];pcm_fftMag_mfcc[7];pcm_fftMag_mfcc[8];pcm_fftMag_mfcc[9];pcm_fftMag_mfcc[10];pcm_fftMag_mfcc[11];pcm_fftMag_mfcc[12];pcm_fftMag_mfcc[13]
0;0.000000;1.287645e+00;4.469938e+00;3.969853e+00;4.462437e+00;-1.723189e+00;-2.736862e+00;2.232275e-01;-3.237339e+00;-1.277896e+00;4.788183e+00;9.365866e+00;4.260386e+00;-1.958912e+00;-8.790741e-01
1;0.100000;2.470183e+00;-2.547265e+00;4.397060e+00;4.236097e-01;-2.591475e+00;-1.001532e+00;2.707790e+00;1.657946e+00;2.008030e+00;2.457595e-01;5.962488e+00;1.829190e-01;3.442913e+00;3.514023e-01
2;0.200000;1.094499e+00;-5.797791e+00;-3.665171e-01;-2.129397e+00;2.803173e-01;5.943832e-01;4.588516e+00;1.414611e+00;2.991403e+00;-3.013429e+00;-1.115389e-01;-3.935717e+00;5.718429e+00;6.028595e-01
3;0.300000;-5.681782e-01;-3.953965e+00;-4.753871e+00;-2.364449e+00;2.451468e-01;1.052772e+00;1.482471e+00;3.657165e+00;-5.610850e-01;-2.758031e+00;-6.853138e+00;-3.414859e+00;2.248833e+00;5.280151e-01
4;0.400000;-2.251059e+00;2.284279e+00;-3.090872e+00;-6.875155e-01;2.093983e-02;-6.710835e-01;-1.450751e+00;2.670267e+00;-1.436902e+00;-2.513616e+00;-7.472184e+00;9.481072e-01;-2.719903e+00;2.380753e-01
5;0.500000;-2.033093e+00;5.544802e+00;-1.556559e-01;2.953151e-01;3.768255e+00;2.762321e+00;-7.551259e+00;-6.162649e+00;-1.723549e+00;3.251135e+00;-8.914909e-01;1.959162e+00;-6.731359e+00;-8.412781e-01
