frameIndex;frameTime;pcm_fftMag_mfcc[0];pcm_fftMag_mfcc[1];pcm_fftMag_mfcc[2];pcm_fftMag_mfcc[3];pcm_fftMag_mfcc[4];pcm_fftMag_mfcc[5];pcm_fftMag_mfcc[6];pcm_fftMag_mfcc[7];pcm_fftMag_mfcc[8];pcm_fftMag_mfcc[9];pcm_fftMag_mfcc[10];pcm_fftMag_mfcc[11];pcm_fftMag_mfcc[12];pcm_fftMag_mfcc[13]
0;0.000000;2.205959e+00;-1.765342e+00;-1.003498e+01;-2.156726e+00;9.612052e+00;1.718008e+00;2.186298e-01;2.360787e+00;6.031267e+00;2.567635e+00;-6.598462e+00;-6.907594e+00;-3.709095e+00;5.434570e-01
1;0.100000;2.033030e+00;-1.700191e+00;-6.971013e+00;-8.954401e-01;4.392072e+00;2.834235e-01;-2.235355e-01;-5.670881e-01;5.867050e+00;1.205274e+00;-2.840048e+00;-3.515730e+00;-1.461183e+00;-1.280655e+00
2;0.200000;-1.186197e+00;1.936786e+00;6.544929e+00;1.258257e+00;-6.244759e+00;6.527958e-01;-6.005859e-01;-2.517494e+00;-4.688537e+00;-1.340015e+00;4.645611e+00;3.436431e+00;1.737851e+00;-7.021942e-01
3;0.300000;-3.052792e+00;1.528745e+00;1.046106e+01;1.793910e+00;-7.759363e+00;-2.654228e+00;6.054897e-01;7.237949e-01;-7.209781e+00;-2.432894e+00;4.792899e+00;6.986892e+00;3.432426e+00;1.439400e+00
