frameIndex;frameTime;pcm_fftMag_mfcc[0];pcm_fftMag_mfcc[1];pcm_fftMag_mfcc[2];pcm_fftMag_mfcc[3];pcm_fftMag_mfcc[4];pcm_fftMag_mfcc[5];pcm_fftMag_mfcc[6];pcm_fftMag_mfcc[7];pcm_fftMag_mfcc[8];pcm_fftMag_mfcc[9];pcm_fftMag_mfcc[10];pcm_fftMag_mfcc[11];pcm_fftMag_mfcc[12];pcm_fftMag_mfcc[13]
0;0.000000;9.455490e-02;2.257971e+00;-7.923946e+00;9.201391e+00;-1.617308e-01;-4.010939e+00;3.010025e-01;5.826010e+00;7.877468e+00;7.728262e-01;3.017206e-01;4.511334e+00;5.017533e-01;-1.548676e+00
1;0.100000;1.091622e+00;3.859128e+00;-1.997653e+00;1.534930e+00;-6.224083e+00;2.956217e+00;-1.660727e+00;-1.876083e+00;4.021411e+00;-2.107109e+00;3.858671e-01;3.974052e+00;3.663129e+00;-3.159088e+00
2;0.200000;2.002871e+00;1.482563e-01;2.940495e+00;-5.325512e+00;2.470350e-01;1.255364e+00;-2.682953e+00;-3.508892e+00;-2.090855e+00;1.683657e+00;-3.499333e+00;-1.596016e+00;1.711832e+00;-1.274216e+00
3;0.300000;-1.376850e+00;-1.830236e+00;1.977735e+00;-3.712708e+00;5.621233e+00;1.465810e+00;-1.122303e+00;2.914228e-01;-2.263339e+00;3.998713e-01;-3.190895e+00;-1.898889e+00;-2.848573e-01;1.717705e+00
4;0.400000;-1.997850e+00;-2.619095e+00;2.265850e+00;-2.840815e+00;3.388969e+00;3.632355e-01;3.921661e-01;1.617336e-02;-2.906692e+00;1.150416e+00;6.107845e-01;-2.251534e+00;-1.260308e+00;2.345688e+00
5;0.500000;1.856651e-01;-1.816025e+00;2.737520e+00;1.142715e+00;-2.871423e+00;-2.029686e+00;4.772809e+00;-7.486343e-01;-4.637997e+00;-1.899664e+00;5.391855e+00;-2.738945e+00;-4.331551e+00;1.918617e+00
