frameIndex;frameTime;pcm_fftMag_mfcc[0];pcm_fftMag_mfcc[1];pcm_fftMag_mfcc[2];pcm_fftMag_mfcc[3];pcm_fftMag_mfcc[4];pcm_fftMag_mfcc[5];pcm_fftMag_mfcc[6];pcm_fftMag_mfcc[7];pcm_fftMag_mfcc[8];pcm_fftMag_mfcc[9];pcm_fftMag_mfcc[10];pcm_fftMag_mfcc[11];pcm_fftMag_mfcc[12];pcm_fftMag_mfcc[13]
0;0.000000;-3.603621e+00;-4.165357e-01;1.730631e+00;1.539492e+00;2.065093e+00;-8.113539e-01;-1.879557e+00;1.733886e+00;-1.756262e+00;-5.902285e+00;-7.986546e-01;1.385531e-01;-1.501041e+00;1.508247e+00
1;0.100000;6.641617e-01;9.557352e-01;-6.052542e-01;1.351157e+00;-5.936403e-01;1.224502e+00;-1.849551e-01;-1.823647e+00;2.202168e-01;6.200576e-01;7.052469e-01;-1.144915e+00;5.228424e-01;-7.404404e-01
2;0.200000;2.939459e+00;-5.391997e-01;-1.125377e+00;-2.890648e+00;-1.471454e+00;-4.131479e-01;2.064514e+00;8.976173e-02;1.536046e+00;5.282227e+00;9.340715e-02;1.006362e+00;9.781985e-01;-7.678146e-01
