frameIndex;frameTime;pcm_fftMag_mfcc[0];pcm_fftMag_mfcc[1];pcm_fftMag_mfcc[2];pcm_fftMag_mfcc[3];pcm_fftMag_mfcc[4];pcm_fftMag_mfcc[5];pcm_fftMag_mfcc[6];pcm_fftMag_mfcc[7];pcm_fftMag_mfcc[8];pcm_fftMag_mfcc[9];pcm_fftMag_mfcc[10];pcm_fftMag_mfcc[11];pcm_fftMag_mfcc[12];pcm_fftMag_mfcc[13]
0;0.000000;4.436033e+00;-6.210982e-01;-1.312430e+01;1.819640e+00;4.443887e+00;2.804268e+00;6.766579e+00;-4.284019e+00;-4.458782e+00;-3.305741e+00;7.424339e+00;-1.467754e+01;-2.665120e+00;-7.846069e-01
1;0.100000;5.171394e-01;-4.635574e-01;-3.333453e+00;-3.299417e+00;3.624300e+00;7.421382e+00;8.149573e-01;-4.699858e+00;-1.438008e+00;-8.443134e-01;2.050467e-01;-3.752636e+00;-1.996022e+00;8.216858e-02
2;0.200000;-5.752050e+00;3.299435e+00;8.429363e+00;-2.424446e+00;1.259278e+00;4.675632e+00;-2.537283e+00;-4.689850e+00;-2.628460e-01;7.478437e-01;-1.556607e+00;4.662598e+00;7.766980e-01;2.070007e-01
3;0.300000;-5.192995e+00;3.975464e-01;5.424195e+00;-2.849871e+00;-5.407162e-01;5.941653e-01;-2.741063e+00;1.372164e+00;5.442294e+00;3.221092e+00;-1.820531e+00;5.574671e+00;7.331276e-02;1.484489e+00
4;0.400000;4.229288e-01;-1.384077e+00;1.931909e+00;1.230135e-01;-2.889977e+00;-5.595283e+00;-2.546854e+00;5.341455e+00;2.789574e+00;2.083549e-01;-2.996968e+00;5.422865e+00;-3.443849e-02;1.066574e+00
5;0.500000;5.568942e+00;-1.228248e+00;6.722854e-01;6.631078e+00;-5.896773e+00;-9.900167e+00;2.436630e-01;6.960102e+00;-2.072232e+00;-2.723312e-02;-1.255282e+00;2.770047e+00;3.845570e+00;-2.055603e+00
