frameIndex;frameTime;pcm_fftMag_mfcc[0];pcm_fftMag_mfcc[1];pcm_fftMag_mfcc[2];pcm_fftMag_mfcc[3];pcm_fftMag_mfcc[4];pcm_fftMag_mfcc[5];pcm_fftMag_mfcc[6];pcm_fftMag_mfcc[7];pcm_fftMag_mfcc[8];pcm_fftMag_mfcc[9];pcm_fftMag_mfcc[10];pcm_fftMag_mfcc[11];pcm_fftMag_mfcc[12];pcm_fftMag_mfcc[13]
0;0.000000;2.655100e+00;-9.223022e-01;-4.958322e+00;4.144202e+00;-7.121622e+00;-3.345782e+00;6.158750e+00;3.780293e+00;5.912542e-01;-4.347909e+00;-1.506163e+00;4.063677e+00;-3.503764e-01;3.328018e-01
1;0.100000;8.867950e-01;3.370826e+00;-1.706692e+00;2.928225e+00;-4.135823e+00;-9.879436e-01;3.249834e+00;2.224902e+00;4.066801e-02;-5.655950e+00;-1.435223e+00;1.747411e+00;-1.406132e+00;-2.556236e+00
2;0.200000;-9.894276e-01;-1.950281e+00;3.366424e+00;-5.996064e-01;8.201511e+00;2.207834e+00;-4.997726e+00;3.360682e+00;-4.558382e+00;1.658044e+00;1.371449e+00;-5.455620e+00;-1.347695e+00;-1.656502e+00
3;0.300000;-1.495485e+00;-3.549633e+00;4.245588e+00;-2.290042e+00;6.628023e+00;3.166473e+00;-5.864159e+00;1.639418e+00;-3.582649e+00;2.464521e+00;-2.144790e-02;-2.929739e+00;7.805815e-01;9.378204e-01
4;0.400000;-1.798861e+00;6.298904e-01;3.776510e+00;-2.730566e+00;5.978613e-01;2.287745e+00;-3.449108e+00;-4.341388e+00;1.952353e+00;1.869426e+00;6.166919e-01;-1.388630e+00;2.577909e+00;9.880295e-01
5;0.500000;7.418728e-01;2.421500e+00;-4.723512e+00;-1.452213e+00;-4.169952e+00;-3.328326e+00;4.902411e+00;-6.663910e+00;5.556756e+00;4.011867e+00;9.746929e-01;3.962902e+00;-2.542875e-01;1.954094e+00
