frameIndex;frameTime;pcm_fftMag_mfcc[0];pcm_fftMag_mfcc[1];pcm_fftMag_mfcc[2];pcm_fftMag_mfcc[3];pcm_fftMag_mfcc[4];pcm_fftMag_mfcc[5];pcm_fftMag_mfcc[6];pcm_fftMag_mfcc[7];pcm_fftMag_mfcc[8];pcm_fftMag_mfcc[9];pcm_fftMag_mfcc[10];pcm_fftMag_mfcc[11];pcm_fftMag_mfcc[12];pcm_fftMag_mfcc[13]
0;0.000000;-5.113858e+00;-1.156199e+00;4.582382e+00;-1.774720e+00;-2.216257e+00;8.675234e+00;7.465124e-02;3.021512e+00;-2.753400e-01;-4.929776e+00;-6.604462e-01;3.679948e+00;4.566520e-01;2.714920e+00
1;0.100000;-4.391648e+00;1.708121e+00;8.716297e+00;2.263055e-01;-7.284608e+00;6.200466e-01;-6.220033e+00;-8.758030e-01;-2.740451e+00;-4.656125e+00;1.737466e+00;6.127188e+00;2.452660e+00;1.451683e+00
2;0.200000;2.064882e+00;-4.163589e-01;4.722319e+00;3.332699e+00;-5.217511e+00;-2.531265e+00;-6.455012e+00;5.037079e-01;-3.364452e+00;-2.336714e+00;4.224999e+00;3.454214e+00;1.968680e+00;-4.243317e-01
3;0.300000;3.949179e+00;-2.799773e+00;-1.211552e+00;2.597816e+00;-8.780766e-01;-1.994802e+00;-3.493249e-01;1.491693e+00;5.895391e-01;2.210808e-01;2.287740e+00;-1.331501e+00;-2.838963e-01;-1.278816e+00
4;0.400000;1.965886e+00;-1.067736e+00;-7.193603e+00;-1.502597e+00;5.234895e+00;-6.173248e-01;5.395824e+00;-1.172499e+00;4.531651e+00;3.931998e+00;-3.035831e+00;-4.516360e+00;-3.024744e+00;-9.100952e-01
5;0.500000;1.525554e+00;3.731945e+00;-9.615843e+00;-2.879504e+00;1.036155e+01;-4.151884e+00;7.553896e+00;-2.968614e+00;1.259053e+00;7.769537e+00;-4.553930e+00;-7.413489e+00;-1.569352e+00;-1.553360e+00
