frameIndex;frameTime;pcm_fftMag_mfcc[0];pcm_fftMag_mfcc[1];pcm_fftMag_mfcc[2];pcm_fftMag_mfcc[3];pcm_fftMag_mfcc[4];pcm_fftMag_mfcc[5];pcm_fftMag_mfcc[6];pcm_fftMag_mfcc[7];pcm_fftMag_mfcc[8];pcm_fftMag_mfcc[9];pcm_fftMag_mfcc[10];pcm_fftMag_mfcc[11];pcm_fftMag_mfcc[12];pcm_fftMag_mfcc[13]
0;0.000000;-1.856192e+00;-1.929002e-01;-5.374210e-01;-1.042234e+00;-2.347617e+00;6.912545e+00;4.577904e-01;-1.782580e+00;-8.587523e-01;1.511145e-01;-6.932192e-01;-1.124420e-01;-2.716526e+00;1.743851e+00
1;0.100000;-1.413366e+00;-8.392920e-01;-2.447743e+00;-1.384610e+00;-2.029934e-01;5.187284e+00;-1.049677e+00;-7.312045e-01;3.686323e+00;4.861009e+00;-3.939648e+00;-2.023810e+00;-4.192537e-01;1.383942e+00
2;0.200000;7.798491e-01;-2.836018e-01;-1.521391e+00;3.057337e-01;2.419580e+00;-6.197946e-01;-2.277565e-02;-2.341027e+00;3.015761e+00;5.337959e+00;-4.644845e+00;-1.432797e+00;1.690245e+00;-4.506760e-01
3;0.300000;2.140121e+00;-7.150507e-02;-4.371181e-01;3.729095e-01;4.772520e+00;-9.263143e+00;-2.126503e-02;2.813587e+00;-1.456431e+00;-1.430493e+00;1.878388e+00;2.554086e+00;1.059813e+00;-1.241867e+00
4;0.400000;9.747167e-01;-1.407771e-01;9.338794e-01;6.351032e-01;4.867115e-01;-4.460455e+00;-6.788597e-01;2.941814e+00;-2.347147e+00;-3.944854e+00;3.796966e+00;1.228769e+00;9.761572e-01;-4.927979e-01
5;0.500000;-6.251311e-01;1.528076e+00;4.009792e+00;1.113097e+00;-5.128196e+00;2.243564e+00;1.314793e+00;-9.005919e-01;-2.039755e+00;-4.974735e+00;3.602360e+00;-2.138023e-01;-5.904356e-01;-9.424896e-01
