frameIndex;frameTime;pcm_fftMag_mfcc[0];pcm_fftMag_mfcc[1];pcm_fftMag_mfcc[2];pcm_fftMag_mfcc[3];pcm_fftMag_mfcc[4];pcm_fftMag_mfcc[5];pcm_fftMag_mfcc[6];pcm_fftMag_mfcc[7];pcm_fftMag_mfcc[8];pcm_fftMag_mfcc[9];pcm_fftMag_mfcc[10];pcm_fftMag_mfcc[11];pcm_fftMag_mfcc[12];pcm_fftMag_mfcc[13]
0;0.000000;-1.410436e+00;5.803627e+00;1.083224e+00;3.840563e+00;5.019986e+00;-3.059860e+00;-4.260914e-01;-1.497833e+00;7.481014e+00;6.062900e+00;4.011734e+00;-2.632127e+00;1.573158e+00;1.130440e+00
1;0.100000;2.089719e+00;-4.763469e+00;3.566364e+00;3.634281e-01;2.311840e-01;5.685621e+00;3.532289e+00;4.863068e+00;4.103994e-02;2.321382e+00;2.077223e+00;1.078571e+00;1.837012e+00;1.726852e+00
2;0.200000;1.482385e+00;-8.093109e+00;1.361538e+00;-2.620017e+00;-3.971038e-01;5.509609e+00;2.541564e+00;4.947798e+00;-4.346716e+00;2.852135e+00;-2.285213e+00;3.233029e+00;-4.449764e-01;2.263016e+00
3;0.300000;-4.286461e-01;-4.514457e+00;-1.896651e+00;-2.629745e+00;-1.865446e+00;1.053045e+00;1.367558e+00;-1.550174e+00;-4.066842e+00;-1.495804e+00;-1.930047e+00;7.851191e-01;-5.572323e-01;9.373932e-01
4;0.400000;-1.498097e+00;4.393283e+00;-2.269053e+00;3.220587e-01;-3.021575e+00;-3.127736e+00;-7.265509e-01;-4.873207e+00;-1.235196e+00;-4.294073e+00;-5.476089e-01;-3.343523e-01;-1.045607e+00;-2.305412e+00
5;0.500000;-2.349234e-01;7.174120e+00;-1.845427e+00;7.237115e-01;3.295708e-02;-6.060679e+00;-6.288769e+00;-1.889652e+00;2.126701e+00;-5.446538e+00;-1.326088e+00;-2.130239e+00;-1.362354e+00;-3.752296e+00
