frameIndex;frameTime;pcm_fftMag_mfcc[0];pcm_fftMag_mfcc[1];pcm_fftMag_mfcc[2];pcm_fftMag_mfcc[3];pcm_fftMag_mfcc[4];pcm_fftMag_mfcc[5];pcm_fftMag_mfcc[6];pcm_fftMag_mfcc[7];pcm_fftMag_mfcc[8];pcm_fftMag_mfcc[9];pcm_fftMag_mfcc[10];pcm_fftMag_mfcc[11];pcm_fftMag_mfcc[12];pcm_fftMag_mfcc[13]
0;0.000000;7.654013e+00;-5.739914e+00;2.047807e+00;1.974678e-02;5.839968e-02;8.739301e+00;-3.274060e+00;-3.582943e+00;-3.750003e+00;4.274996e+00;-5.858190e+00;1.773927e+00;-1.075198e+00;-1.905144e+00
1;0.100000;5.413206e+00;-6.037016e+00;4.703783e+00;-3.447264e+00;-3.383927e+00;5.353382e+00;-2.381521e+00;1.375867e+00;-4.821908e+00;3.636005e+00;-2.300882e+00;-1.732894e+00;-1.579064e+00;1.048958e+00
2;0.200000;2.096498e+00;-3.017622e+00;1.638249e+00;-3.598097e+00;-5.320765e+00;1.099377e-01;-1.918238e+00;1.025877e-01;-1.156178e+00;-2.238942e+00;3.113229e+00;-3.655546e+00;-8.972797e-01;2.451103e+00
3;0.300000;-1.978467e+00;2.718816e+00;-1.944681e+00;-4.072762e-01;-4.057919e+00;-5.966278e+00;-1.452088e+00;-1.215750e+00;2.316989e+00;-5.490156e+00;3.651930e+00;-4.982204e-01;-1.853954e+00;1.552933e+00
4;0.400000;-6.168123e+00;7.253485e+00;-1.025907e+00;4.054379e+00;1.763954e+00;-7.421700e+00;1.174253e+00;-1.577593e+00;2.708683e+00;-2.949827e-01;3.919404e+00;2.287226e+00;-6.209602e-01;-1.063965e+00
5;0.500000;-7.017126e+00;4.822248e+00;-5.419251e+00;3.378511e+00;1.094025e+01;-8.146439e-01;7.851655e+00;4.897827e+00;4.702417e+00;1.130795e-01;-2.525491e+00;1.825507e+00;6.026456e+00;-2.083870e+00
