frameIndex;frameTime;pcm_fftMag_mfcc[0];pcm_fftMag_mfcc[1];pcm_fftMag_mfcc[2];pcm_fftMag_mfcc[3];pcm_fftMag_mfcc[4];pcm_fftMag_mfcc[5];pcm_fftMag_mfcc[6];pcm_fftMag_mfcc[7];pcm_fftMag_mfcc[8];pcm_fftMag_mfcc[9];pcm_fftMag_mfcc[10];pcm_fftMag_mfcc[11];pcm_fftMag_mfcc[12];pcm_fftMag_mfcc[13]
0;0.000000;-4.015755e+00;-3.407375e-01;-5.227675e+00;1.455709e+00;6.069713e-01;3.491408e+00;6.347478e+00;-6.388547e+00;2.327330e+00;5.072600e+00;-5.544183e+00;-1.345636e+00;8.880547e+00;3.918297e+00
1;0.100000;-4.453388e+00;9.255776e+00;-3.337073e+00;1.459553e+00;2.766483e+00;1.403486e+00;4.399209e+00;-2.322333e+00;2.854619e+00;5.276511e+00;-4.608240e-01;-6.615984e-01;6.577743e+00;-2.964554e-01
2;0.200000;5.127764e-02;9.385562e+00;-1.666123e+00;-1.538705e+00;-8.021584e-01;-5.494881e-02;6.923237e-01;3.009955e-01;1.854486e+00;-6.196228e-01;1.046330e+00;-1.452525e-01;8.525057e-01;-1.969681e+00
3;0.300000;4.509873e+00;-7.602164e-01;3.927208e+00;-2.249943e+00;-4.194201e+00;2.112560e+00;-5.191847e+00;1.873323e+00;-1.091782e+00;-3.584624e+00;2.015058e+00;-8.091402e-01;-4.324636e+00;-3.292664e+00
4;0.400000;2.909734e+00;-7.382444e+00;3.276910e+00;-6.370268e-01;7.305517e-01;-1.615712e+00;-4.625741e+00;2.391093e+00;-2.318251e+00;-3.194407e+00;2.177400e+00;9.685872e-01;-6.285697e+00;-3.704529e-01
5;0.500000;9.982591e-01;-1.015794e+01;3.026757e+00;1.510408e+00;8.923559e-01;-5.336794e+00;-1.621423e+00;4.145469e+00;-3.626398e+00;-2.950457e+00;7.662172e-01;1.993041e+00;-5.700463e+00;2.010948e+00
