frameIndex;frameTime;pcm_fftMag_mfcc[0];pcm_fftMag_mfcc[1];pcm_fftMag_mfcc[2];pcm_fftMag_mfcc[3];pcm_fftMag_mfcc[4];pcm_fftMag_mfcc[5];pcm_fftMag_mfcc[6];pcm_fftMag_mfcc[7];pcm_fftMag_mfcc[8];pcm_fftMag_mfcc[9];pcm_fftMag_mfcc[10];pcm_fftMag_mfcc[11];pcm_fftMag_mfcc[12];pcm_fftMag_mfcc[13]
0;0.000000;2.078203e+00;1.310364e+00;1.769786e-01;2.306133e+00;9.042644e+00;7.291438e+00;2.336112e+00;2.894817e+00;2.022089e+00;1.703192e+00;5.794633e+00;-3.568127e+00;3.207855e+00;2.052155e+00
1;0.100000;1.482403e+00;-1.231259e+00;1.317904e+00;5.002797e-02;3.748889e+00;2.836266e+00;-2.635346e+00;3.801678e+00;3.516908e-01;3.205205e+00;3.799517e+00;-1.782171e+00;3.243945e+00;2.256775e-01
2;0.200000;-1.163604e+00;2.344652e+00;-2.103944e-01;3.459125e-01;-1.749743e+00;-2.450094e+00;-3.276885e+00;-8.928697e-01;1.825083e+00;-2.096165e+00;-5.487509e-01;-1.809134e+00;1.081342e+00;-1.306229e+00
3;0.300000;-2.286029e+00;2.744790e+00;2.471471e-01;1.487173e+00;-3.877325e+00;-3.909290e+00;9.171915e-01;-1.300041e+00;1.198297e+00;-2.663604e+00;-1.860901e+00;7.068871e-01;-2.768874e-01;-9.817505e-02
4;0.400000;-1.663700e+00;-4.134312e-01;1.749310e-01;-8.831109e-01;-5.415817e+00;-4.177938e+00;1.980013e+00;-1.751316e+00;-9.964380e-01;-2.207058e+00;-3.390141e+00;2.792942e+00;-1.732651e+00;3.917770e-01
5;0.500000;1.552727e+00;-4.755117e+00;-1.706569e+00;-3.306134e+00;-1.748652e+00;4.096165e-01;6.789112e-01;-2.752269e+00;-4.400721e+00;2.058431e+00;-3.794358e+00;3.659603e+00;-5.523602e+00;-1.265213e+00
