frameIndex;frameTime;pcm_fftMag_mfcc[0];pcm_fftMag_mfcc[1];pcm_fftMag_mfcc[2];pcm_fftMag_mfcc[3];pcm_fftMag_mfcc[4];pcm_fftMag_mfcc[5];pcm_fftMag_mfcc[6];pcm_fftMag_mfcc[7];pcm_fftMag_mfcc[8];pcm_fftMag_mfcc[9];pcm_fftMag_mfcc[10];pcm_fftMag_mfcc[11];pcm_fftMag_mfcc[12];pcm_fftMag_mfcc[13]
0;0.000000;-2.728231e+00;3.161227e+00;-5.413838e+00;2.158578e+00;-1.804590e-01;2.675106e+00;-2.068301e+00;-1.598074e+00;1.673823e+00;-3.270723e+00;-9.127165e-01;-3.360234e+00;-7.356787e-02;1.668327e+00
1;0.100000;-8.041582e-01;1.089525e+00;-2.092892e+00;2.207180e+00;4.994793e-01;1.545447e+00;-1.132150e+00;1.710474e-02;2.581562e+00;-1.267778e+00;-7.527459e-01;-9.539781e-01;-6.701801e-01;9.587097e-01
2;0.200000;2.063882e+00;-1.786198e+00;1.927528e+00;-8.062119e-01;9.747810e-01;-1.085024e+00;1.703757e+00;3.830057e-01;4.654216e-01;1.715923e+00;-2.609410e-01;1.173854e+00;-1.061378e+00;-1.040939e+00
3;0.300000;1.468507e+00;-2.464556e+00;5.579202e+00;-3.559546e+00;-1.293800e+00;-3.135528e+00;1.496696e+00;1.197963e+00;-4.720806e+00;2.822578e+00;1.926403e+00;3.140358e+00;1.805126e+00;-1.586090e+00
