frameIndex;frameTime;pcm_fftMag_mfcc[0];pcm_fftMag_mfcc[1];pcm_fftMag_mfcc[2];pcm_fftMag_mfcc[3];pcm_fftMag_mfcc[4];pcm_fftMag_mfcc[5];pcm_fftMag_mfcc[6];pcm_fftMag_mfcc[7];pcm_fftMag_mfcc[8];pcm_fftMag_mfcc[9];pcm_fftMag_mfcc[10];pcm_fftMag_mfcc[11];pcm_fftMag_mfcc[12];pcm_fftMag_mfcc[13]
0;0.000000;-1.341302e+00;-1.858253e+00;-1.180431e+00;-8.822100e-01;-2.156057e-01;3.234994e-01;-1.395489e+00;1.249929e+00;-1.416488e+00;-1.392848e+00;-1.757553e+00;-1.481438e-02;-4.741344e-01;9.205399e-01
1;0.020000;1.185732e-01;-9.339428e-02;1.675699e-01;7.934282e-01;-1.631610e-01;2.836964e-01;-5.677395e-01;8.697869e-01;8.528755e-01;5.107660e-01;5.777829e-01;5.757213e-01;7.506964e-01;5.814362e-02
2;0.040000;1.222728e+00;1.951647e+00;1.012861e+00;8.878160e-02;3.787675e-01;-6.071959e-01;1.963228e+00;-2.119716e+00;5.636126e-01;8.820820e-01;1.179771e+00;-5.609064e-01;-2.765627e-01;-9.786987e-01
