frameIndex;frameTime;pcm_fftMag_mfcc[0];pcm_fftMag_mfcc[1];pcm_fftMag_mfcc[2];pcm_fftMag_mfcc[3];pcm_fftMag_mfcc[4];pcm_fftMag_mfcc[5];pcm_fftMag_mfcc[6];pcm_fftMag_mfcc[7];pcm_fftMag_mfcc[8];pcm_fftMag_mfcc[9];pcm_fftMag_mfcc[10];pcm_fftMag_mfcc[11];pcm_fftMag_mfcc[12];pcm_fftMag_mfcc[13]
0;0.000000;-1.480192e+00;4.948573e-01;4.948111e+00;-7.814321e+00;-6.357210e+00;7.467270e-02;5.673178e+00;-9.221354e-01;-5.493001e+00;-5.275578e+00;1.508224e+00;1.730135e+00;-1.352726e+00;4.100327e+00
1;0.020000;-2.719922e-01;-3.876843e-01;1.657285e+00;-4.861422e-01;-6.532288e-01;-3.831272e-01;-1.151386e+00;2.908936e-01;5.225744e-01;-1.591945e+00;-2.650831e+00;-1.717659e+00;-8.570499e-01;2.479401e-01
2;0.040000;1.752184e+00;-1.071725e-01;-6.605396e+00;8.300463e+00;7.010439e+00;3.084536e-01;-4.521793e+00;6.312418e-01;4.970427e+00;6.867524e+00;1.142608e+00;-1.247597e-02;2.209777e+00;-4.348267e+00
