frameIndex;frameTime;pcm_fftMag_mfcc[0];pcm_fftMag_mfcc[1];pcm_fftMag_mfcc[2];pcm_fftMag_mfcc[3];pcm_fftMag_mfcc[4];pcm_fftMag_mfcc[5];pcm_fftMag_mfcc[6];pcm_fftMag_mfcc[7];pcm_fftMag_mfcc[8];pcm_fftMag_mfcc[9];pcm_fftMag_mfcc[10];pcm_fftMag_mfcc[11];pcm_fftMag_mfcc[12];pcm_fftMag_mfcc[13]
0;0.000000;2.540789e-01;-1.541301e+00;-1.913242e+00;7.136894e+00;4.834976e+00;2.037061e+00;-2.578053e+00;3.535040e+00;3.845217e+00;7.128250e+00;9.536835e+00;-4.410588e+00;3.949248e+00;6.731964e+00
1;0.020000;-2.142037e+00;-6.706010e+00;-4.237292e+00;1.760933e+00;3.710711e+00;3.277083e+00;2.672989e+00;2.660225e+00;4.419021e+00;1.440731e+00;1.847453e+00;-5.403721e+00;-6.431303e-01;5.257408e+00
2;0.040000;-4.279701e+00;-8.249906e+00;-6.500138e+00;-3.758549e+00;-2.875714e-01;-4.104142e-01;-2.044144e-01;-1.142038e-01;1.265078e+00;8.633518e-02;-2.699000e+00;-3.275810e+00;-1.236518e+00;3.010849e+00
3;0.060000;-8.614626e-01;-6.924303e-01;-4.985127e-01;-5.183678e-01;2.231784e+00;8.130941e-01;1.423621e+00;2.125390e+00;3.236399e+00;3.536314e+00;-1.088844e+00;5.286655e-01;-1.262004e+00;1.491074e+00
4;0.080000;9.676065e-01;3.341875e+00;2.352300e+00;-3.244133e-01;4.888115e-01;-3.339343e-01;2.315485e+00;1.482970e+00;6.450715e-01;-1.448982e-01;-5.510664e-01;2.946273e+00;-6.570997e-01;-1.454559e+00
5;0.100000;1.592369e+00;5.999235e+00;4.703927e+00;-2.635021e+00;-3.458736e+00;-1.005446e+00;1.148829e+00;-1.899606e+00;-4.637520e+00;-5.892817e+00;-3.030939e+00;3.622650e+00;-3.371773e-01;-5.272362e+00
6;0.120000;4.469138e+00;7.848535e+00;6.092959e+00;-1.661488e+00;-7.519974e+00;-4.377446e+00;-4.778457e+00;-7.789815e+00;-8.773265e+00;-6.153913e+00;-4.014438e+00;5.992529e+00;1.866779e-01;-9.764412e+00
