frameIndex;frameTime;pcm_fftMag_mfcc[0];pcm_fftMag_mfcc[1];pcm_fftMag_mfcc[2];pcm_fftMag_mfcc[3];pcm_fftMag_mfcc[4];pcm_fftMag_mfcc[5];pcm_fftMag_mfcc[6];pcm_fftMag_mfcc[7];pcm_fftMag_mfcc[8];pcm_fftMag_mfcc[9];pcm_fftMag_mfcc[10];pcm_fftMag_mfcc[11];pcm_fftMag_mfcc[12];pcm_fftMag_mfcc[13]
0;0.000000;3.274471e+00;-1.314667e+01;-1.068925e+01;-7.879609e+00;-3.472539e+00;-6.881945e+00;-8.266023e+00;-4.155575e+00;-1.173104e+01;9.103230e+00;-1.116706e+01;-1.115842e+00;-4.789614e+00;8.932899e+00
1;0.020000;2.816262e+00;-1.072700e+01;-8.700071e+00;-5.579120e+00;-4.868728e+00;-4.384108e+00;-5.665087e+00;-6.827516e+00;-5.604354e+00;1.925536e+00;-6.954264e+00;-2.241624e+00;-3.049752e+00;7.834023e+00
2;0.040000;-1.113347e+00;-5.710017e+00;-5.848452e+00;-4.190694e+00;-5.869302e+00;-2.760925e+00;-3.844096e+00;-7.024917e+00;-3.754128e+00;-6.375044e+00;-2.237311e+00;-3.861547e+00;-2.476758e+00;5.083763e+00
3;0.060000;-4.450047e+00;5.996976e-01;6.872356e-01;-3.739629e-01;-1.718803e+00;1.803840e+00;2.345804e+00;-5.496883e-02;1.783369e+00;-5.991696e+00;2.677689e+00;4.428110e-01;3.978240e-01;1.186302e+00
4;0.080000;-3.268145e+00;5.980874e+00;5.905518e+00;3.597562e+00;4.164771e+00;6.272150e+00;6.805405e+00;4.789150e+00;6.448074e+00;-3.474940e+00;5.016666e+00;2.656315e+00;3.163921e+00;-2.892410e+00
5;0.100000;1.469157e+00;1.027973e+01;9.179847e+00;6.210906e+00;5.648218e+00;3.974734e+00;5.197445e+00;6.030423e+00;6.915759e+00;-4.658508e-02;5.564883e+00;5.498090e-01;4.395534e+00;-8.060066e+00
6;0.120000;1.271646e+00;1.272339e+01;9.465178e+00;8.214918e+00;6.116387e+00;1.976254e+00;3.426550e+00;7.243399e+00;5.942325e+00;4.859502e+00;7.099394e+00;3.570080e+00;2.358845e+00;-1.208453e+01
