frameIndex;frameTime;pcm_fftMag_mfcc[0];pcm_fftMag_mfcc[1];pcm_fftMag_mfcc[2];pcm_fftMag_mfcc[3];pcm_fftMag_mfcc[4];pcm_fftMag_mfcc[5];pcm_fftMag_mfcc[6];pcm_fftMag_mfcc[7];pcm_fftMag_mfcc[8];pcm_fftMag_mfcc[9];pcm_fftMag_mfcc[10];pcm_fftMag_mfcc[11];pcm_fftMag_mfcc[12];pcm_fftMag_mfcc[13]
0;0.000000;-1.278534e+00;2.612604e+00;1.736772e+00;9.069832e+00;1.006883e+01;-2.086756e+00;-4.148512e-01;-2.419710e+00;6.674970e+00;4.044726e+00;-1.639030e+00;-1.516866e+00;-4.715290e+00;4.936188e+00
1;0.020000;9.367557e-01;1.217881e+00;3.490898e+00;6.415500e+00;8.766630e+00;7.351708e-02;-4.361582e-02;1.277849e+00;2.926304e+00;3.230728e+00;-2.078864e+00;-5.181931e+00;-7.201996e+00;4.295219e+00
2;0.040000;9.394128e-01;1.642347e+00;4.127748e+00;3.463430e+00;4.507734e+00;1.447523e+00;4.483566e-01;2.896173e+00;-6.071476e-01;2.471769e+00;1.359187e+00;-5.061677e+00;-4.761490e+00;2.670425e+00
3;0.060000;-3.970728e-01;1.106303e-01;3.022231e+00;-1.048162e+00;1.076903e+00;3.620941e+00;1.363768e+00;4.204441e+00;-1.383902e+00;2.445648e+00;4.432175e+00;-1.358350e+00;1.904394e+00;1.147110e+00
4;0.080000;-1.285749e+00;-2.050884e+00;-2.028036e-02;-5.782441e+00;-3.127572e+00;3.909054e+00;4.142051e-01;1.772674e+00;-3.542211e+00;3.367772e-01;3.412657e+00;1.471225e+00;6.035809e+00;-6.267624e-01
5;0.100000;-2.902503e-01;-1.147066e+00;-9.319758e-01;-5.676183e+00;-6.062557e+00;1.832158e+00;3.590426e-01;-1.338085e+00;-3.481054e+00;-3.748416e+00;-8.061230e-01;2.488028e+00;4.855745e+00;-2.342331e+00
6;0.120000;1.556206e-01;-1.440096e+00;-4.530565e+00;-3.994693e+00;-8.067965e+00;-1.920186e+00;-3.901439e-01;-3.236539e+00;-2.327063e-01;-3.626818e+00;-2.746897e+00;4.711496e+00;3.514091e+00;-4.390099e+00
7;0.140000;1.219820e+00;-9.454162e-01;-6.894828e+00;-2.447286e+00;-7.162001e+00;-6.876252e+00;-1.736762e+00;-3.156804e+00;-3.542531e-01;-5.154411e+00;-1.933106e+00;4.448074e+00;3.687363e-01;-5.689697e+00
