frameIndex;frameTime;pcm_fftMag_mfcc[0];pcm_fftMag_mfcc[1];pcm_fftMag_mfcc[2];pcm_fftMag_mfcc[3];pcm_fftMag_mfcc[4];pcm_fftMag_mfcc[5];pcm_fftMag_mfcc[6];pcm_fftMag_mfcc[7];pcm_fftMag_mfcc[8];pcm_fftMag_mfcc[9];pcm_fftMag_mfcc[10];pcm_fftMag_mfcc[11];pcm_fftMag_mfcc[12];pcm_fftMag_mfcc[13]
0;0.000000;-2.892652e+00;-3.576192e+00;1.361672e+00;-2.943670e+00;-4.080181e-01;-2.433653e-01;-1.882895e+00;-2.796371e+00;-8.402801e-01;1.934254e+00;-2.594902e+00;6.400609e-01;-8.546329e-01;1.954453e+00
1;0.020000;-2.507830e-01;1.218924e+00;4.583406e-02;2.186316e+00;5.053711e-02;1.751614e+00;6.532025e-01;1.789613e-01;-2.245367e-02;-1.040599e+00;4.247432e-01;-4.160285e-01;1.792953e+00;-6.300278e-01
2;0.040000;3.143436e+00;2.357270e+00;-1.407506e+00;7.573552e-01;3.574810e-01;-1.508249e+00;1.229693e+00;2.617409e+00;8.627337e-01;-8.936543e-01;2.170159e+00;-2.240314e-01;-9.383197e-01;-1.324409e+00
