frameIndex;frameTime;pcm_fftMag_mfcc[0];pcm_fftMag_mfcc[1];pcm_fftMag_mfcc[2];pcm_fftMag_mfcc[3];pcm_fftMag_mfcc[4];pcm_fftMag_mfcc[5];pcm_fftMag_mfcc[6];pcm_fftMag_mfcc[7];pcm_fftMag_mfcc[8];pcm_fftMag_mfcc[9];pcm_fftMag_mfcc[10];pcm_fftMag_mfcc[11];pcm_fftMag_mfcc[12];pcm_fftMag_mfcc[13]
0;0.000000;1.746657e+00;-5.202076e+00;-1.215019e-01;-9.923716e-01;6.082449e-01;-3.460322e+00;-2.446732e+00;-2.044253e+00;-3.255627e+00;-3.763064e+00;-2.639729e+00;-2.733706e+00;-1.438676e+00;1.179153e+00
1;0.050000;-1.244693e-01;5.702000e-01;1.651958e+00;4.844246e-01;4.173822e-01;8.923459e-02;3.477726e-01;-4.000208e-01;-2.406054e-01;3.839664e-01;-1.114307e+00;1.237698e-01;-8.524272e-01;-6.084595e-01
2;0.100000;-1.622190e+00;4.631878e+00;-1.530460e+00;5.079451e-01;-1.025627e+00;3.371087e+00;2.098960e+00;2.444274e+00;3.496231e+00;3.379097e+00;3.754036e+00;2.609935e+00;2.291103e+00;-5.706940e-01
