frameIndex;frameTime;pcm_fftMag_mfcc[0];pcm_fftMag_mfcc[1];pcm_fftMag_mfcc[2];pcm_fftMag_mfcc[3];pcm_fftMag_mfcc[4];pcm_fftMag_mfcc[5];pcm_fftMag_mfcc[6];pcm_fftMag_mfcc[7];pcm_fftMag_mfcc[8];pcm_fftMag_mfcc[9];pcm_fftMag_mfcc[10];pcm_fftMag_mfcc[11];pcm_fftMag_mfcc[12];pcm_fftMag_mfcc[13]
0;0.000000;-8.012061e-01;-1.846889e+00;9.672189e-01;-7.323647e-01;-4.890529e+00;-1.901425e+00;1.398100e+00;1.427355e+00;-1.830967e+00;-2.139642e+00;-1.796571e+00;4.049643e+00;5.003416e+00;-1.716721e+00
1;0.050000;-1.082172e+00;-1.163249e-01;2.315070e+00;3.325786e+00;-3.454654e+00;-2.402970e+00;8.193717e-01;-1.737396e+00;-8.814564e-01;-3.092290e+00;3.497219e-02;2.071513e+00;3.156680e+00;-3.202759e+00
2;0.100000;8.192065e-01;8.716334e-01;-1.543812e+00;1.613350e+00;2.976699e+00;8.826989e-01;-1.265144e-02;-1.087949e+00;5.718040e-01;1.752336e+00;1.862684e+00;-2.071270e+00;-2.989217e+00;5.408020e-01
3;0.150000;1.064172e+00;1.091580e+00;-1.738477e+00;-4.206770e+00;5.368484e+00;3.421696e+00;-2.204821e+00;1.397990e+00;2.140622e+00;3.479595e+00;-1.010854e-01;-4.049886e+00;-5.170878e+00;4.378662e+00
