frameIndex;frameTime;pcm_fftMag_mfcc[0];pcm_fftMag_mfcc[1];pcm_fftMag_mfcc[2];pcm_fftMag_mfcc[3];pcm_fftMag_mfcc[4];pcm_fftMag_mfcc[5];pcm_fftMag_mfcc[6];pcm_fftMag_mfcc[7];pcm_fftMag_mfcc[8];pcm_fftMag_mfcc[9];pcm_fftMag_mfcc[10];pcm_fftMag_mfcc[11];pcm_fftMag_mfcc[12];pcm_fftMag_mfcc[13]
0;0.000000;2.460787e-01;2.379646e+00;-5.425282e-01;-5.527784e+00;-1.106492e+00;2.793558e+00;-5.786877e+00;-7.657779e+00;1.478875e+00;9.541607e-01;2.172475e-01;1.154099e-01;-2.506251e+00;-2.496338e-01
1;0.050000;-9.205489e-01;1.977785e+00;-2.301009e+00;-3.151581e+00;5.871782e-01;2.122721e+00;-3.718365e+00;-4.911652e+00;2.774933e+00;-2.677675e+00;-1.580400e+00;7.844267e-01;-9.402668e-02;-2.519226e-02
2;0.100000;-1.108145e+00;-9.352469e-02;-3.329355e+00;-8.758698e-01;3.142410e+00;3.701469e+00;-1.335659e+00;-2.038465e+00;4.442203e-01;-3.312801e+00;-1.601165e+00;-5.181713e-01;1.558832e+00;1.025406e+00
3;0.150000;-1.932185e+00;-2.527915e+00;-2.102861e+00;-7.435141e-01;2.358747e+00;5.141362e+00;1.403360e-01;6.669390e-01;4.965785e-01;-2.407322e+00;-1.259911e-01;-2.694845e+00;3.085255e+00;3.182762e+00
4;0.200000;-2.114152e+00;-3.976860e+00;-7.372293e-01;5.095234e-01;-4.901171e-01;3.366399e+00;2.624934e+00;3.010104e+00;1.070657e+00;-1.367876e+00;3.355083e-01;-3.724533e+00;2.910246e+00;3.310242e+00
5;0.250000;-5.806239e-01;-4.378639e+00;1.129262e+00;1.531478e+00;-3.483748e+00;-1.947299e+00;3.612716e+00;5.450744e+00;-1.913095e-02;-8.441124e-01;1.382366e-01;-3.177740e+00;7.068105e-01;1.082497e+00
6;0.300000;2.749533e+00;-9.884624e-01;3.344174e+00;3.240317e+00;-2.239221e+00;-7.632340e+00;2.337997e+00;6.428501e+00;-2.000720e+00;1.903805e+00;2.903515e-01;1.812757e+00;-1.670430e+00;-2.709770e+00
7;0.350000;3.660042e+00;7.607970e+00;4.539556e+00;5.017435e+00;1.231238e+00;-7.545867e+00;2.124909e+00;-9.483914e-01;-4.245415e+00;7.751823e+00;2.326212e+00;7.402693e+00;-3.990437e+00;-5.616295e+00
