frameIndex;frameTime;pcm_fftMag_mfcc[0];pcm_fftMag_mfcc[1];pcm_fftMag_mfcc[2];pcm_fftMag_mfcc[3];pcm_fftMag_mfcc[4];pcm_fftMag_mfcc[5];pcm_fftMag_mfcc[6];pcm_fftMag_mfcc[7];pcm_fftMag_mfcc[8];pcm_fftMag_mfcc[9];pcm_fftMag_mfcc[10];pcm_fftMag_mfcc[11];pcm_fftMag_mfcc[12];pcm_fftMag_mfcc[13]
0;0.000000;3.943670e+00;-9.003795e+00;-9.447819e+00;-8.333950e-01;5.656643e-01;2.668467e-01;6.216201e+00;4.099916e+00;4.907291e+00;-3.600216e+00;-8.276823e+00;-6.772666e+00;-4.143959e+00;-2.915649e-01
1;0.050000;2.508105e+00;-1.276022e+01;-8.543386e+00;-2.734054e+00;-1.892601e+00;-3.765205e+00;5.965379e+00;9.459617e-01;4.792183e+00;-5.559561e+00;-9.750561e+00;-8.074428e+00;-3.669887e+00;2.082214e-01
2;0.100000;2.132310e+00;-8.571897e+00;-5.880429e+00;1.929831e+00;-1.627111e+00;6.560612e-01;4.311896e+00;3.018037e+00;4.341619e+00;-2.358823e+00;-7.932786e+00;-5.627782e+00;-2.341914e+00;-3.056183e-01
3;0.150000;2.377750e+00;-3.395348e+00;-6.688476e+00;-4.658133e+00;1.695991e+00;6.069815e+00;8.310270e-01;-2.529042e+00;2.604810e+00;3.760976e+00;-2.765783e+00;-1.405107e+00;-4.654451e+00;-3.807831e-01
4;0.200000;2.733117e+00;-7.570171e-01;-5.151190e+00;-1.122205e+01;4.612584e+00;9.818947e+00;-8.048353e-01;-8.492971e+00;2.962149e+00;7.181601e+00;3.708630e-01;-7.256413e-01;-4.304741e+00;1.497101e+00
5;0.250000;1.273088e-01;4.158695e+00;-8.500650e+00;-7.539281e+00;1.039415e+00;1.005136e+01;-4.969106e+00;-1.009715e+01;2.831847e+00;5.516799e+00;1.698384e+00;-4.992577e+00;-2.160224e+00;2.225761e+00
6;0.300000;-2.363321e+00;1.124838e+01;-8.440187e+00;9.716644e-01;2.414266e+00;7.041121e+00;-6.090392e+00;-9.268608e+00;4.600785e+00;4.520280e+00;2.566041e+00;-4.516558e+00;7.616820e-01;3.504562e-01
7;0.350000;-6.076984e+00;1.110067e+01;3.321143e+00;1.281589e+01;1.955036e+00;-2.284765e+00;-4.215932e+00;-1.282468e+00;-1.437877e+00;-1.843619e+00;5.702176e+00;6.605043e-01;4.018080e+00;-1.864243e-01
8;0.400000;-5.491848e+00;7.191885e+00;1.110819e+01;8.781198e+00;-4.401020e+00;-7.104593e+00;-3.230599e+00;4.511724e+00;-6.821487e+00;-5.951118e+00;6.526592e+00;6.091490e+00;7.344806e+00;8.293610e-01
9;0.450000;-1.839435e+00;2.669202e+00;1.712530e+01;3.443320e+00;-4.027901e+00;-9.290672e+00;-6.706333e-01;7.989427e+00;-9.246012e+00;-3.434251e+00;7.279438e+00;1.023100e+01;6.561798e+00;-1.630020e-01
10;0.500000;1.949323e+00;-1.880556e+00;2.109752e+01;-9.549866e-01;-3.343182e-01;-1.145890e+01;2.656989e+00;1.110518e+01;-9.535309e+00;1.767935e+00;4.582451e+00;1.513177e+01;2.588813e+00;-3.783417e+00
