frameIndex;frameTime;pcm_fftMag_mfcc[0];pcm_fftMag_mfcc[1];pcm_fftMag_mfcc[2];pcm_fftMag_mfcc[3];pcm_fftMag_mfcc[4];pcm_fftMag_mfcc[5];pcm_fftMag_mfcc[6];pcm_fftMag_mfcc[7];pcm_fftMag_mfcc[8];pcm_fftMag_mfcc[9];pcm_fftMag_mfcc[10];pcm_fftMag_mfcc[11];pcm_fftMag_mfcc[12];pcm_fftMag_mfcc[13]
0;0.000000;-4.052598e+00;1.876648e+00;1.406757e+00;-1.092165e+01;1.049614e-02;-4.210803e+00;2.879433e+00;-7.516088e+00;-1.978340e+00;-2.893863e+00;1.047975e+00;-2.701642e+00;-1.056148e+00;3.470688e+00
1;0.050000;-1.246321e+00;-3.449911e+00;-1.243980e+00;-4.782718e+00;3.510979e+00;-1.216085e+00;3.297405e-01;-1.884060e+00;-2.064524e+00;-2.905277e+00;-1.156922e+00;-2.232906e-01;-1.640819e+00;3.823448e+00
2;0.100000;2.075035e+00;-8.356553e+00;-5.778799e-01;-1.251819e+00;6.891055e+00;4.567425e+00;-1.928927e+00;4.353357e+00;-5.788720e+00;2.697217e+00;-6.370040e+00;4.354256e+00;1.878164e+00;1.766693e+00
3;0.150000;2.087836e+00;-4.901190e+00;-1.868723e+00;1.289470e+00;6.475797e+00;4.900593e+00;7.799048e-01;2.317747e+00;-2.770106e+00;5.471954e-01;-5.179906e+00;9.000734e-01;4.449162e+00;9.860229e-02
4;0.200000;6.955471e-01;4.024202e+00;-7.461529e-01;4.792884e+00;-1.975461e+00;8.697920e-01;1.444652e+00;1.051240e-01;1.207610e+00;-3.018131e-01;2.721950e+00;-5.434885e-01;1.125883e+00;-1.477440e+00
5;0.250000;6.609917e-03;5.910945e+00;1.170906e+00;5.135779e+00;-7.164458e+00;-2.488051e+00;-7.185001e-01;4.325085e-01;4.071129e+00;2.160294e+00;6.100358e+00;-8.102252e-01;-2.071029e+00;-2.375107e+00
6;0.300000;4.338880e-01;4.895858e+00;1.859073e+00;5.738057e+00;-7.748405e+00;-2.422862e+00;-2.786304e+00;2.191414e+00;7.322951e+00;6.962500e-01;2.836589e+00;-9.756839e-01;-2.685214e+00;-5.306938e+00
