frameIndex;frameTime;pcm_fftMag_mfcc[0];pcm_fftMag_mfcc[1];pcm_fftMag_mfcc[2];pcm_fftMag_mfcc[3];pcm_fftMag_mfcc[4];pcm_fftMag_mfcc[5];pcm_fftMag_mfcc[6];pcm_fftMag_mfcc[7];pcm_fftMag_mfcc[8];pcm_fftMag_mfcc[9];pcm_fftMag_mfcc[10];pcm_fftMag_mfcc[11];pcm_fftMag_mfcc[12];pcm_fftMag_mfcc[13]
0;0.000000;-1.427688e+00;-4.903436e+00;-4.298098e+00;-2.200769e+00;4.490139e+00;1.967962e+00;7.985268e-01;5.045412e+00;-9.237356e-01;-3.728545e+00;1.539259e+00;8.030860e+00;4.818164e+00;1.864616e+00
1;0.050000;-2.346117e+00;-3.406618e+00;-3.907754e+00;-2.107610e+00;4.548443e+00;2.150918e+00;8.244600e-01;3.213100e+00;-3.697154e+00;-5.422395e+00;3.199312e+00;5.212916e+00;-2.233460e+00;1.834564e+00
2;0.100000;-8.890209e-01;-1.583699e+00;-4.704326e+00;-1.209929e+00;4.259302e+00;1.882660e+00;3.524656e-01;2.203751e-01;-1.962972e+00;-6.662936e+00;1.197851e+00;-1.520296e+00;-4.503084e+00;1.154121e+00
3;0.150000;7.380424e-01;1.314545e+00;-5.405463e+00;4.544106e-01;2.371872e+00;-2.219172e+00;1.784954e-01;8.306561e-01;1.540838e+00;-3.993389e+00;-9.698172e-01;-5.176356e+00;4.865589e-01;4.535980e-01
4;0.200000;9.547586e-01;1.540144e+00;4.789749e-02;1.367515e+00;-3.563164e+00;-6.662959e+00;1.013573e+00;-1.492758e-01;1.089998e+00;9.723724e-01;-2.767116e+00;-3.011446e+00;3.166268e+00;7.411652e-01
5;0.250000;1.106786e+00;5.915391e-01;6.463163e+00;-9.583950e-02;-6.711685e+00;-4.667209e+00;2.094658e+00;-6.237926e-01;-2.674122e-01;5.309928e+00;-3.509573e+00;-6.544244e-01;-2.903943e-01;3.115997e-01
6;0.300000;1.017887e+00;2.005633e+00;7.262651e+00;3.288689e-01;-5.628141e+00;1.253814e+00;2.526073e-01;-3.394195e+00;7.687473e-02;8.088171e+00;-3.020916e-01;-1.133846e+00;-1.673507e+00;-1.458275e+00
7;0.350000;8.453541e-01;4.441889e+00;4.541931e+00;3.463350e+00;2.332287e-01;6.293987e+00;-5.514787e+00;-5.142280e+00;4.143556e+00;5.436793e+00;1.612179e+00;-1.747407e+00;2.294559e-01;-4.901428e+00
