frameIndex;frameTime;pcm_fftMag_mfcc[0];pcm_fftMag_mfcc[1];pcm_fftMag_mfcc[2];pcm_fftMag_mfcc[3];pcm_fftMag_mfcc[4];pcm_fftMag_mfcc[5];pcm_fftMag_mfcc[6];pcm_fftMag_mfcc[7];pcm_fftMag_mfcc[8];pcm_fftMag_mfcc[9];pcm_fftMag_mfcc[10];pcm_fftMag_mfcc[11];pcm_fftMag_mfcc[12];pcm_fftMag_mfcc[13]
0;0.000000;-2.690643e+00;6.519877e+00;5.293612e-01;2.284358e+00;2.566143e+00;2.823976e+00;6.510431e+00;-2.733939e+00;-5.390188e+00;-2.726362e+00;-4.149049e+00;4.737289e+00;-5.549703e-01;-1.299385e+00
1;0.050000;-7.205634e-01;1.998365e+00;-2.420004e+00;1.877637e+00;1.555436e+00;-1.237706e+00;3.364908e+00;2.154664e+00;-2.313994e+00;2.120770e+00;-1.973709e+00;1.131575e+00;-7.713192e-01;1.487717e+00
2;0.100000;-9.681368e-01;-1.626117e+00;-2.640198e+00;3.907199e-01;3.415985e-01;-2.991861e+00;1.785526e-01;6.942064e+00;1.030761e+00;6.061443e+00;-6.912079e-01;-2.041693e+00;8.122414e-01;3.159897e+00
3;0.150000;-9.236455e-01;-1.824342e+00;-2.413958e+00;-4.381132e-01;-1.000034e+00;-3.837720e+00;-2.651312e+00;8.152258e+00;3.710421e+00;6.046114e+00;-1.539506e+00;-4.680915e+00;2.824670e+00;2.217896e+00
4;0.200000;1.846246e+00;-1.049677e+00;-9.311833e-01;-1.271240e+00;-1.817661e+00;-6.110914e-01;-6.138033e+00;3.707226e+00;2.031422e+00;1.489694e+00;-1.154785e-01;-3.897046e+00;2.553090e+00;-5.410080e-01
5;0.250000;2.363042e+00;-1.769565e+00;2.150045e+00;-2.885375e+00;-7.803669e-01;3.034461e+00;-1.856800e+00;-6.932532e+00;5.417378e-01;-4.284210e+00;4.622441e+00;1.784888e+00;-1.955885e+00;-2.043732e+00
6;0.300000;1.093701e+00;-2.248543e+00;5.725934e+00;4.201412e-02;-8.651066e-01;2.819943e+00;5.922585e-01;-1.128974e+01;3.898403e-01;-8.707449e+00;3.846511e+00;2.965899e+00;-2.907828e+00;-2.981316e+00
