frameIndex;frameTime;pcm_fftMag_mfcc[0];pcm_fftMag_mfcc[1];pcm_fftMag_mfcc[2];pcm_fftMag_mfcc[3];pcm_fftMag_mfcc[4];pcm_fftMag_mfcc[5];pcm_fftMag_mfcc[6];pcm_fftMag_mfcc[7];pcm_fftMag_mfcc[8];pcm_fftMag_mfcc[9];pcm_fftMag_mfcc[10];pcm_fftMag_mfcc[11];pcm_fftMag_mfcc[12];pcm_fftMag_mfcc[13]
0;0.000000;9.468255e-01;-2.020894e+00;-1.403387e+00;-2.220347e+00;-5.065995e+00;-7.325974e-01;-2.230999e+00;1.388633e+00;-1.205351e+00;-1.367826e+00;-2.592319e+00;4.855452e-01;-1.194248e+00;3.583069e+00
1;0.050000;-9.468260e-01;2.020894e+00;1.403387e+00;2.220347e+00;5.065996e+00;7.325974e-01;2.230999e+00;-1.388634e+00;1.205351e+00;1.367826e+00;2.592318e+00;-4.855452e-01;1.194248e+00;-3.583076e+00
