frameIndex;frameTime;pcm_fftMag_mfcc[0];pcm_fftMag_mfcc[1];pcm_fftMag_mfcc[2];pcm_fftMag_mfcc[3];pcm_fftMag_mfcc[4];pcm_fftMag_mfcc[5];pcm_fftMag_mfcc[6];pcm_fftMag_mfcc[7];pcm_fftMag_mfcc[8];pcm_fftMag_mfcc[9];pcm_fftMag_mfcc[10];pcm_fftMag_mfcc[11];pcm_fftMag_mfcc[12];pcm_fftMag_mfcc[13]
0;0.000000;-7.072715e+00;-6.251059e+00;9.982337e+00;1.232910e+01;-4.418797e+00;-1.647240e+00;-9.604610e+00;4.165568e+00;-8.606176e-01;2.241539e+00;5.525974e+00;2.958746e-01;1.477506e+00;7.361908e+00
1;0.050000;-3.091621e+00;-5.502750e+00;8.087162e-01;1.014656e+01;5.335407e-01;-3.492749e+00;-8.797716e+00;1.944381e+00;-4.422122e+00;1.261198e+00;5.822519e+00;-1.425161e-01;2.036002e+00;6.065956e+00
2;0.100000;-2.170339e-01;-3.697314e+00;-3.744084e+00;3.162680e-01;-1.495926e+00;-3.506312e+00;-9.202953e+00;-1.408988e+00;-6.490932e+00;-3.087631e+00;1.635295e+00;-4.499312e+00;-1.070237e+00;3.707985e+00
3;0.150000;3.270390e+00;6.801867e-01;-5.897847e-01;-8.079749e+00;-4.234791e+00;3.028809e+00;-2.217663e+00;-1.605834e+00;-1.111945e+00;-3.424839e+00;-1.232410e+00;-3.693571e+00;5.075716e-01;7.477722e-01
4;0.200000;4.688952e+00;3.407075e+00;6.977859e-01;-1.156191e+01;-3.097511e+00;4.538260e+00;3.790628e+00;-1.450867e+00;1.901062e+00;-2.259970e+00;-5.200968e+00;-1.198543e+00;6.145343e-01;-2.296082e+00
5;0.250000;3.749341e+00;5.714571e+00;-1.205293e+00;-4.618019e+00;4.082952e+00;3.075177e+00;1.122853e+01;8.367510e-01;6.329359e+00;1.871659e+00;-2.580780e+00;3.910594e+00;-6.057239e-02;-5.305313e+00
6;0.300000;-1.327315e+00;5.649294e+00;-5.949677e+00;1.467739e+00;8.630525e+00;-1.995949e+00;1.480380e+01;-2.481012e+00;4.655199e+00;3.398046e+00;-3.969633e+00;5.327476e+00;-3.504805e+00;-1.028218e+01
