frameIndex;frameTime;pcm_fftMag_mfcc[0];pcm_fftMag_mfcc[1];pcm_fftMag_mfcc[2];pcm_fftMag_mfcc[3];pcm_fftMag_mfcc[4];pcm_fftMag_mfcc[5];pcm_fftMag_mfcc[6];pcm_fftMag_mfcc[7];pcm_fftMag_mfcc[8];pcm_fftMag_mfcc[9];pcm_fftMag_mfcc[10];pcm_fftMag_mfcc[11];pcm_fftMag_mfcc[12];pcm_fftMag_mfcc[13]
0;0.000000;1.341835e+00;4.582467e-01;1.468598e+00;2.411213e+00;-3.201392e+00;-4.061585e+00;-2.746472e+00;1.926455e+00;1.733086e+00;5.999490e+00;7.002266e+00;-8.716202e-01;-5.359476e+00;7.169647e-01
1;0.050000;-2.189550e-01;1.356054e+00;4.589788e+00;2.515277e-01;-4.518847e+00;1.953151e+00;-9.419098e-01;-6.659689e-01;-1.639444e+00;2.427185e+00;4.100548e+00;-4.046164e-01;-2.631776e+00;6.795731e-01
2;0.100000;-1.665387e-01;-1.063407e+00;2.021082e+00;-1.213575e+00;-1.196801e+00;2.348660e+00;8.965011e-01;-7.015163e-01;-6.160355e-01;-2.611391e+00;6.396823e-01;-9.890099e-01;7.916651e-01;1.102707e+00
3;0.150000;-1.413660e-01;-1.532845e+00;-2.197149e+00;-1.286926e+00;2.490028e+00;4.200835e-01;1.307421e+00;-9.157640e-01;-6.925278e-01;-3.587075e+00;-3.721869e+00;-1.392660e-01;2.728802e+00;1.333923e-01
4;0.200000;-8.149743e-01;7.819524e-01;-5.882323e+00;-1.622400e-01;6.427013e+00;-6.603107e-01;1.484461e+00;3.567939e-01;1.214919e+00;-2.228205e+00;-8.020628e+00;2.404514e+00;4.470785e+00;-2.632652e+00
