frameIndex;frameTime;pcm_fftMag_mfcc[0];pcm_fftMag_mfcc[1];pcm_fftMag_mfcc[2];pcm_fftMag_mfcc[3];pcm_fftMag_mfcc[4];pcm_fftMag_mfcc[5];pcm_fftMag_mfcc[6];pcm_fftMag_mfcc[7];pcm_fftMag_mfcc[8];pcm_fftMag_mfcc[9];pcm_fftMag_mfcc[10];pcm_fftMag_mfcc[11];pcm_fftMag_mfcc[12];pcm_fftMag_mfcc[13]
0;0.000000;-1.026255e+00;1.303304e-01;-8.914219e-01;-2.623506e+00;-2.300607e+00;-3.539083e+00;4.913850e-01;-2.590743e+00;4.261959e-01;-1.529062e+00;5.205555e-01;-4.482963e-01;2.573776e-02;2.686829e+00
1;0.050000;1.026255e+00;-1.303304e-01;8.914219e-01;2.623506e+00;2.300607e+00;3.539083e+00;-4.913850e-01;2.590743e+00;-4.261959e-01;1.529061e+00;-5.205564e-01;4.482963e-01;-2.573776e-02;-2.686836e+00
