frameIndex;frameTime;pcm_fftMag_mfcc[0];pcm_fftMag_mfcc[1];pcm_fftMag_mfcc[2];pcm_fftMag_mfcc[3];pcm_fftMag_mfcc[4];pcm_fftMag_mfcc[5];pcm_fftMag_mfcc[6];pcm_fftMag_mfcc[7];pcm_fftMag_mfcc[8];pcm_fftMag_mfcc[9];pcm_fftMag_mfcc[10];pcm_fftMag_mfcc[11];pcm_fftMag_mfcc[12];pcm_fftMag_mfcc[13]
0;0.000000;-1.066443e+00;-3.338408e+00;-5.819291e+00;-1.585797e+00;4.875604e+00;-5.267083e+00;1.282640e+00;3.189308e+00;3.208177e+00;-9.583550e+00;1.231874e+00;-1.861322e+00;-4.267973e+00;1.498466e+00
1;0.050000;9.850103e-01;-6.537588e-01;-3.648893e+00;-1.628631e+00;2.568650e+00;-1.137016e+00;-1.401778e+00;-2.093833e+00;3.927081e+00;-9.689230e+00;2.876845e+00;9.740483e-01;-9.235640e-01;1.570969e-01
2;0.100000;2.350013e+00;1.395221e+00;-1.432108e+00;-8.471284e-01;-5.292702e-01;-2.060618e-01;-4.562712e-01;-7.217159e-01;1.423994e+00;-2.913458e+00;1.518920e+00;-4.569486e-01;-9.341717e-01;-6.548767e-01
3;0.150000;1.330245e+00;8.063557e-01;7.877694e-01;1.115359e+00;-4.909184e+00;3.094645e-01;1.257436e+00;7.125130e-01;-3.732409e+00;6.770775e+00;-1.766366e+00;-1.685207e+00;1.521083e+00;3.492355e-01
4;0.200000;-8.431790e-01;6.933792e-01;3.734837e+00;1.289472e+00;-4.217720e+00;2.703004e+00;1.382799e-01;-8.441925e-02;-4.007420e+00;9.080502e+00;-1.655468e+00;1.558520e-01;1.810872e+00;1.859512e-01
5;0.250000;-2.755647e+00;1.097211e+00;6.377686e+00;1.656723e+00;2.211923e+00;3.597687e+00;-8.203087e-01;-1.001859e+00;-8.194218e-01;6.334961e+00;-2.205803e+00;2.873578e+00;2.793756e+00;-1.535881e+00
