frameIndex;frameTime;pcm_fftMag_mfcc[0];pcm_fftMag_mfcc[1];pcm_fftMag_mfcc[2];pcm_fftMag_mfcc[3];pcm_fftMag_mfcc[4];pcm_fftMag_mfcc[5];pcm_fftMag_mfcc[6];pcm_fftMag_mfcc[7];pcm_fftMag_mfcc[8];pcm_fftMag_mfcc[9];pcm_fftMag_mfcc[10];pcm_fftMag_mfcc[11];pcm_fftMag_mfcc[12];pcm_fftMag_mfcc[13]
0;0.000000;2.477271e+00;-4.605469e+00;-7.067118e+00;-3.226678e+00;4.687244e+00;1.115949e+00;-4.325646e+00;1.740357e+00;3.178773e+00;-6.209421e+00;-5.579907e+00;-2.553130e+00;5.051311e+00;1.300743e+00
1;0.050000;-6.048584e-02;7.977676e-02;-7.061235e+00;2.280596e+00;5.974348e+00;1.620421e+00;-6.047244e-01;3.120425e+00;4.238675e+00;-3.358769e+00;-4.945268e+00;-2.875586e-01;1.801511e+00;-2.587128e-02
2;0.100000;-2.043927e+00;3.558622e+00;3.849145e+00;3.354887e+00;-3.750145e+00;-1.879562e+00;3.015817e+00;-1.338254e+00;-1.228462e+00;3.848230e+00;4.354363e+00;2.118968e+00;-2.613329e+00;-8.648758e-01
3;0.150000;-3.728552e-01;9.670706e-01;1.027921e+01;-2.408804e+00;-6.911446e+00;-8.568106e-01;1.914554e+00;-3.522532e+00;-6.188987e+00;5.719959e+00;6.170811e+00;7.217207e-01;-4.239492e+00;-4.099884e-01
