frameIndex;frameTime;pcm_fftMag_mfcc[0];pcm_fftMag_mfcc[1];pcm_fftMag_mfcc[2];pcm_fftMag_mfcc[3];pcm_fftMag_mfcc[4];pcm_fftMag_mfcc[5];pcm_fftMag_mfcc[6];pcm_fftMag_mfcc[7];pcm_fftMag_mfcc[8];pcm_fftMag_mfcc[9];pcm_fftMag_mfcc[10];pcm_fftMag_mfcc[11];pcm_fftMag_mfcc[12];pcm_fftMag_mfcc[13]
0;0.000000;4.352528e+00;-2.130159e+00;-3.496006e+00;6.017707e+00;-1.558121e+00;-5.534592e+00;-5.526578e+00;-3.786669e-01;9.656541e-01;-2.180437e+00;4.709932e+00;-2.755177e+00;1.754484e-01;1.195389e+00
1;0.050000;3.377172e+00;-1.738550e+00;-4.747044e+00;5.503192e+00;-3.031651e+00;-4.179507e+00;-7.009630e-01;9.385471e-01;5.152886e-01;-1.340990e+00;1.449611e+00;-2.603957e+00;2.033740e+00;9.886093e-01
2;0.100000;2.103004e+00;1.905074e-01;-2.911933e+00;2.280229e+00;-3.885731e+00;-6.456296e-01;2.169978e+00;2.000752e+00;3.399014e-01;-3.643852e-01;1.917529e-01;1.164981e+00;-1.542659e-01;3.082352e-01
3;0.150000;2.421603e-01;2.293607e+00;-5.668483e-01;-1.064653e+00;-3.308308e+00;1.999038e+00;3.136722e+00;-3.205299e-03;7.131691e-01;3.030526e-01;-2.862884e+00;2.975133e+00;-1.605649e-01;-1.647614e+00
4;0.200000;-3.603779e+00;2.143413e+00;5.217074e+00;-5.962400e+00;3.396342e+00;2.867805e+00;9.291096e-01;-1.134910e+00;1.461256e-02;1.331446e+00;-3.371625e+00;4.704514e-01;3.230214e-01;-1.116287e+00
5;0.250000;-6.471085e+00;-7.588160e-01;6.504755e+00;-6.774075e+00;8.387471e+00;5.492887e+00;-8.270264e-03;-1.422523e+00;-2.548626e+00;2.251314e+00;-1.167874e-01;7.485676e-01;-2.217378e+00;2.716217e-01
