frameIndex;frameTime;pcm_fftMag_mfcc[0];pcm_fftMag_mfcc[1];pcm_fftMag_mfcc[2];pcm_fftMag_mfcc[3];pcm_fftMag_mfcc[4];pcm_fftMag_mfcc[5];pcm_fftMag_mfcc[6];pcm_fftMag_mfcc[7];pcm_fftMag_mfcc[8];pcm_fftMag_mfcc[9];pcm_fftMag_mfcc[10];pcm_fftMag_mfcc[11];pcm_fftMag_mfcc[12];pcm_fftMag_mfcc[13]
0;0.000000;-8.413982e-01;3.389413e+00;9.253017e+00;-2.581511e+00;-8.405810e+00;-3.213408e-01;-5.987803e+00;1.352566e+00;-3.212695e+00;1.515912e+00;4.870187e+00;-6.178422e-01;-5.439208e+00;1.130447e-01
1;0.050000;-2.463198e+00;1.837097e+00;6.178988e+00;-1.717658e+00;-3.729186e+00;5.234274e-01;-3.374175e+00;2.047185e+00;-1.699132e+00;-2.039842e+00;4.263620e-01;1.827077e+00;-1.605734e+00;2.106804e+00
2;0.100000;-1.754703e+00;-1.546147e+00;9.025812e-02;-1.624365e-01;2.548769e+00;6.955651e-01;-4.902759e-01;1.120546e+00;-7.249494e-01;-2.088281e+00;-2.870584e+00;1.174849e+00;8.656976e-01;3.250992e+00
3;0.150000;1.966486e-01;-3.431935e+00;-4.999201e+00;-7.611370e-01;4.727908e+00;-5.964301e-01;2.617329e+00;9.541980e-01;5.448651e-01;1.019024e+00;-2.472054e+00;2.874098e-01;2.637527e+00;2.266533e+00
4;0.200000;2.781552e+00;-2.257126e+00;-6.604674e+00;8.901310e-01;4.790623e+00;-1.269117e+00;4.026912e+00;-7.784262e-01;9.481993e-01;2.381183e+00;-1.713477e+00;-5.664439e-01;2.813250e+00;-1.214378e+00
5;0.250000;2.081104e+00;2.008699e+00;-3.918388e+00;4.332610e+00;6.769681e-02;9.678954e-01;3.208015e+00;-4.696070e+00;4.143718e+00;-7.880030e-01;1.759564e+00;-2.105049e+00;7.284667e-01;-6.523018e+00
