frameIndex;frameTime;pcm_fftMag_mfcc[0];pcm_fftMag_mfcc[1];pcm_fftMag_mfcc[2];pcm_fftMag_mfcc[3];pcm_fftMag_mfcc[4];pcm_fftMag_mfcc[5];pcm_fftMag_mfcc[6];pcm_fftMag_mfcc[7];pcm_fftMag_mfcc[8];pcm_fftMag_mfcc[9];pcm_fftMag_mfcc[10];pcm_fftMag_mfcc[11];pcm_fftMag_mfcc[12];pcm_fftMag_mfcc[13]
0;0.000000;2.325177e-02;-4.268467e-01;-2.248960e+00;-3.633687e-01;1.265201e+00;-5.385295e-02;5.322165e-01;-3.585728e+00;-2.340091e+00;6.230388e-01;8.686018e-02;-3.427410e-02;-2.253716e+00;1.166985e+00
1;0.050000;-2.325189e-02;4.268466e-01;2.248960e+00;3.633685e-01;-1.265200e+00;5.385292e-02;-5.322161e-01;3.585727e+00;2.340091e+00;-6.230388e-01;-8.686066e-02;3.427410e-02;2.253716e+00;-1.166992e+00
