frameIndex;frameTime;pcm_fftMag_mfcc[0];pcm_fftMag_mfcc[1];pcm_fftMag_mfcc[2];pcm_fftMag_mfcc[3];pcm_fftMag_mfcc[4];pcm_fftMag_mfcc[5];pcm_fftMag_mfcc[6];pcm_fftMag_mfcc[7];pcm_fftMag_mfcc[8];pcm_fftMag_mfcc[9];pcm_fftMag_mfcc[10];pcm_fftMag_mfcc[11];pcm_fftMag_mfcc[12];pcm_fftMag_mfcc[13]
0;0.000000;-2.347976e+00;-8.585886e+00;-6.756138e+00;6.322703e-01;1.919670e+00;5.213156e-01;-4.464724e+00;-4.740332e+00;4.282886e+00;-2.242933e+00;-5.648464e+00;6.801405e-01;-3.672502e+00;7.392632e+00
1;0.050000;-2.794555e+00;-9.868107e+00;-6.161095e+00;3.247313e+00;8.857305e-01;8.877888e-01;1.145274e+00;-3.369891e+00;3.768268e-01;-1.063916e+00;-6.760308e+00;1.693900e+00;-4.869412e+00;4.367767e+00
2;0.100000;7.288694e-01;-7.666981e+00;-4.433800e+00;4.424747e+00;-7.882162e+00;2.442255e+00;5.852496e+00;2.156321e+00;-2.379363e+00;-8.307276e-01;-4.194789e+00;2.930821e+00;-7.827384e+00;9.211044e-01
3;0.150000;1.818821e+00;-1.993804e+00;-2.195385e+00;4.756782e+00;-1.396758e+01;8.528581e-01;1.101358e+01;7.795485e+00;-1.068883e+00;-5.532239e+00;2.296797e+00;2.636353e+00;-3.654529e+00;-1.210648e+00
4;0.200000;3.518624e-01;5.374305e+00;3.107545e+00;4.389081e+00;-1.050648e+01;-3.122468e+00;7.931702e+00;9.546790e+00;-9.437447e-01;-3.979608e+00;3.508783e+00;2.556957e+00;3.610743e+00;-3.381195e+00
5;0.250000;3.183513e-01;8.178991e+00;6.794430e+00;-1.565022e+00;4.760311e+00;-5.123386e-01;-4.461848e+00;-1.186673e+00;-5.243449e+00;6.422136e+00;4.726122e+00;-8.687906e-01;4.939171e+00;-3.796547e+00
6;0.300000;1.227382e+00;4.774634e+00;4.333623e+00;-6.475041e+00;9.882977e+00;-3.101473e-01;-4.884227e+00;-4.395134e+00;-2.098349e+00;6.730483e+00;3.042250e+00;-2.417935e+00;5.286468e+00;-1.372589e+00
7;0.350000;8.420730e-01;4.316002e+00;2.093009e+00;-5.856590e+00;8.673773e+00;-3.261223e-01;-5.747833e+00;-4.165944e+00;1.738779e+00;3.083170e+00;1.702023e+00;-3.600442e+00;3.573350e+00;-7.686157e-01
8;0.400000;-1.448269e-01;5.470857e+00;3.217807e+00;-3.553537e+00;6.233761e+00;-4.331388e-01;-6.384418e+00;-1.640626e+00;5.335294e+00;-2.586371e+00;1.327587e+00;-3.611004e+00;2.614088e+00;-2.151886e+00
