frameIndex;frameTime;pcm_fftMag_mfcc[0];pcm_fftMag_mfcc[1];pcm_fftMag_mfcc[2];pcm_fftMag_mfcc[3];pcm_fftMag_mfcc[4];pcm_fftMag_mfcc[5];pcm_fftMag_mfcc[6];pcm_fftMag_mfcc[7];pcm_fftMag_mfcc[8];pcm_fftMag_mfcc[9];pcm_fftMag_mfcc[10];pcm_fftMag_mfcc[11];pcm_fftMag_mfcc[12];pcm_fftMag_mfcc[13]
0;0.000000;3.722080e+00;-7.610789e+00;6.208780e+00;-8.016593e-01;-3.668624e+00;-3.534595e+00;-4.792917e+00;5.492878e-02;-1.274681e+00;1.699244e-01;-2.078873e+00;2.009835e+00;-2.055837e+00;-6.179504e-01
1;0.050000;6.190357e+00;-9.356180e+00;7.980987e+00;-1.935156e+00;-3.707807e+00;-2.228027e+00;-7.938567e+00;1.575628e+00;-3.691117e+00;-1.556423e+00;5.978131e-01;-1.818419e+00;-2.371713e+00;-3.117935e+00
2;0.100000;1.799855e+00;-5.582826e+00;7.675605e+00;-2.399792e+00;-3.658864e+00;-2.071052e+00;-5.897459e+00;1.257000e+00;-1.328317e+00;-6.401496e+00;4.074258e-01;-1.060035e+00;1.452549e-01;-1.368286e+00
3;0.150000;-2.676371e+00;5.676708e-01;1.748312e+00;1.373378e+00;-4.112550e+00;-4.228849e+00;-1.289808e+00;-6.465778e-01;-2.190289e+00;-7.388477e+00;-2.330849e+00;5.844257e-01;7.973700e-01;1.124161e+00
4;0.200000;-5.527041e+00;6.252804e+00;-1.761178e+00;4.595508e+00;-1.952710e+00;-4.193098e+00;2.673345e+00;-1.032778e+00;-9.875975e-01;-5.554324e+00;-4.026706e+00;2.642508e+00;1.480288e+00;2.819901e-01
5;0.250000;-5.578681e+00;9.607573e+00;-3.289087e+00;4.305615e+00;4.167886e+00;3.597609e+00;4.983805e+00;-7.132998e-01;5.017511e+00;9.084162e-01;1.405479e-01;3.761605e+00;-6.233765e-01;-5.841446e-01
6;0.300000;-9.441919e-01;5.193565e+00;-9.231543e+00;-5.847013e-01;6.406394e+00;6.659465e+00;6.681073e+00;-6.130590e-01;4.933986e+00;8.595968e+00;3.309458e+00;-8.407664e-01;-7.665005e-02;1.976952e+00
7;0.350000;3.013990e+00;9.281797e-01;-9.331875e+00;-4.553193e+00;6.526278e+00;5.998549e+00;5.580525e+00;1.181545e-01;-4.794979e-01;1.122641e+01;3.981182e+00;-5.279151e+00;2.704664e+00;2.305222e+00
