frameIndex;frameTime;pcm_fftMag_mfcc[0];pcm_fftMag_mfcc[1];pcm_fftMag_mfcc[2];pcm_fftMag_mfcc[3];pcm_fftMag_mfcc[4];pcm_fftMag_mfcc[5];pcm_fftMag_mfcc[6];pcm_fftMag_mfcc[7];pcm_fftMag_mfcc[8];pcm_fftMag_mfcc[9];pcm_fftMag_mfcc[10];pcm_fftMag_mfcc[11];pcm_fftMag_mfcc[12];pcm_fftMag_mfcc[13]
0;0.000000;-5.145001e+00;-1.830097e+00;6.758399e+00;2.684609e+00;-5.418855e+00;-1.240881e+01;4.805840e+00;8.810062e+00;-1.414182e+00;1.608695e-01;4.277182e-01;2.325545e+00;-3.332754e-01;4.956154e+00
1;0.050000;-3.676276e+00;-5.546444e+00;7.186373e+00;1.713921e+00;-3.547106e+00;-1.158253e+01;1.552740e+00;1.091352e+01;1.863399e-01;1.532469e+00;-1.008392e+00;2.063135e+00;6.798613e-01;6.763451e+00
2;0.100000;-3.664943e+00;-6.536020e+00;5.292829e+00;3.841971e+00;-3.452902e-01;-7.628096e+00;-6.189241e-01;8.211367e+00;4.584945e+00;2.347316e+00;7.751877e-01;-9.528828e-02;1.626276e+00;5.613136e+00
3;0.150000;-3.895993e+00;-4.741266e+00;-6.989945e-01;7.215816e+00;3.643593e+00;3.893671e-01;-6.519594e-01;-1.049614e+00;5.101461e+00;9.751762e-01;1.693965e+00;-8.033895e-01;2.797318e+00;2.119423e+00
4;0.200000;1.489656e-01;1.535654e-02;-7.666761e+00;1.301667e+00;2.119656e+00;6.850525e+00;-1.555806e+00;-9.766027e+00;-1.295475e+00;-2.634900e+00;-1.655283e-01;-2.468720e+00;3.114890e+00;-1.392265e+00
5;0.250000;2.831711e+00;3.856351e+00;-6.314343e+00;-5.312960e+00;-3.968841e+00;1.032297e+01;-4.137994e+00;-6.466418e+00;-7.983174e+00;-7.112043e+00;2.117157e-03;-1.644169e+00;-6.832214e-01;-3.683334e+00
6;0.300000;2.955963e+00;6.236381e+00;-2.385414e+00;-5.362420e+00;-4.425639e+00;8.358166e+00;-1.404649e+00;-2.396751e+00;-7.382006e+00;-3.927502e+00;-8.882017e-01;-1.473811e+00;-1.318029e+00;-6.375420e+00
7;0.350000;4.395671e+00;5.517482e+00;-1.346093e+00;-1.927061e+00;4.865316e+00;2.243542e+00;-2.022600e-01;-2.741116e+00;3.983804e+00;4.103356e+00;-6.707339e-01;1.147265e-01;-1.742097e+00;-5.398331e+00
8;0.400000;6.049901e+00;3.028259e+00;-8.259956e-01;-4.155545e+00;7.077170e+00;3.454860e+00;2.213004e+00;-5.515023e+00;4.218288e+00;4.555258e+00;-1.661282e-01;1.981972e+00;-4.141723e+00;-2.602776e+00
