frameIndex;frameTime;pcm_fftMag_mfcc[0];pcm_fftMag_mfcc[1];pcm_fftMag_mfcc[2];pcm_fftMag_mfcc[3];pcm_fftMag_mfcc[4];pcm_fftMag_mfcc[5];pcm_fftMag_mfcc[6];pcm_fftMag_mfcc[7];pcm_fftMag_mfcc[8];pcm_fftMag_mfcc[9];pcm_fftMag_mfcc[10];pcm_fftMag_mfcc[11];pcm_fftMag_mfcc[12];pcm_fftMag_mfcc[13]
0;0.000000;1.057856e+00;-2.546807e+00;-2.414236e+00;-2.131074e+00;-4.234797e+00;5.988847e+00;-3.770328e+00;-6.316271e-01;3.663250e+00;9.702926e-01;2.390609e+00;2.819719e+00;-1.138462e+00;2.167030e+00
1;0.050000;1.280597e+00;-3.303759e-01;-8.888484e-01;6.287422e-01;7.980042e-01;5.661751e+00;-2.471090e+00;4.067802e-02;2.229989e+00;-7.789056e-01;1.991180e+00;1.238303e+00;-1.523945e+00;-1.369492e+00
2;0.100000;-2.802354e+00;-7.356985e-01;2.665167e+00;3.237413e+00;3.150201e+00;-2.039792e+00;1.519981e+00;1.490306e+00;-6.627083e-02;1.333984e+00;-3.122061e-01;-2.809210e+00;-1.199322e+00;-1.122871e+00
3;0.150000;-1.650658e+00;7.642064e-01;2.048841e+00;1.296160e+00;9.748216e-01;-5.266871e+00;2.026197e+00;-1.260662e-02;-1.934191e+00;8.321178e-02;-1.750767e+00;-1.794246e+00;1.261877e+00;6.378632e-01
4;0.200000;2.114560e+00;2.848674e+00;-1.410923e+00;-3.031240e+00;-6.882286e-01;-4.343938e+00;2.695237e+00;-8.867493e-01;-3.892776e+00;-1.608582e+00;-2.318815e+00;5.454336e-01;2.599853e+00;-3.125458e-01
