frameIndex;frameTime;pcm_fftMag_mfcc[0];pcm_fftMag_mfcc[1];pcm_fftMag_mfcc[2];pcm_fftMag_mfcc[3];pcm_fftMag_mfcc[4];pcm_fftMag_mfcc[5];pcm_fftMag_mfcc[6];pcm_fftMag_mfcc[7];pcm_fftMag_mfcc[8];pcm_fftMag_mfcc[9];pcm_fftMag_mfcc[10];pcm_fftMag_mfcc[11];pcm_fftMag_mfcc[12];pcm_fftMag_mfcc[13]
0;0.000000;-4.274292e+00;-3.733749e-01;1.437098e+00;5.563047e+00;1.152071e+00;3.186829e+00;4.680113e+00;4.487332e-01;3.419106e+00;-6.016734e+00;1.594990e+00;-1.168119e+00;-1.054635e+00;4.975204e-01
1;0.050000;-7.469475e+00;-2.533442e+00;-5.398045e-01;4.162252e+00;4.117558e+00;5.903934e+00;8.284816e+00;5.646049e+00;5.115938e+00;-7.462800e-01;8.937476e-01;1.069135e+00;9.235983e-01;-5.321121e-01
2;0.100000;-3.200850e+00;5.968990e-01;1.031813e+00;1.556227e+00;5.464449e-01;-1.547283e+00;-1.424599e+00;-1.986123e-01;-2.816025e-01;1.771996e+00;-7.001758e-01;5.420194e-01;1.634645e+00;5.397339e-01
3;0.150000;3.464191e+00;2.267836e+00;5.782890e-02;-3.416759e+00;-2.465968e+00;-5.104650e+00;-6.293646e+00;-2.602389e+00;-2.849293e+00;3.098281e+00;-1.110576e+00;-4.443808e-01;-3.778219e-02;7.863617e-01
4;0.200000;1.148042e+01;4.208374e-02;-1.986935e+00;-7.864767e+00;-3.350107e+00;-2.438830e+00;-5.246683e+00;-3.293782e+00;-5.404149e+00;1.892738e+00;-6.779861e-01;1.348019e-03;-1.465827e+00;-1.291489e+00
