frameIndex;frameTime;pcm_fftMag_mfcc[0];pcm_fftMag_mfcc[1];pcm_fftMag_mfcc[2];pcm_fftMag_mfcc[3];pcm_fftMag_mfcc[4];pcm_fftMag_mfcc[5];pcm_fftMag_mfcc[6];pcm_fftMag_mfcc[7];pcm_fftMag_mfcc[8];pcm_fftMag_mfcc[9];pcm_fftMag_mfcc[10];pcm_fftMag_mfcc[11];pcm_fftMag_mfcc[12];pcm_fftMag_mfcc[13]
0;0.000000;8.154078e-01;3.253857e+00;-3.740950e+00;8.518612e+00;1.075050e+01;1.918652e+00;3.087588e+00;-8.804596e+00;-1.335199e+00;-1.886183e+00;7.503487e+00;1.237763e+00;7.085049e+00;-8.379959e+00
1;0.050000;-2.209535e+00;4.662099e+00;2.235307e+00;3.119639e+00;6.653805e-01;-2.654039e+00;-3.962911e+00;-4.939845e+00;-2.616545e+00;2.290515e+00;1.649486e+00;1.348662e-01;6.328294e+00;-1.703865e+00
2;0.100000;-3.808015e+00;5.458745e+00;2.855249e+00;-1.397887e+00;-2.605534e+00;-3.465290e-01;-6.589175e+00;-3.772418e+00;-4.485346e+00;5.676898e+00;-2.709394e-01;1.245332e+00;4.489495e+00;1.361458e+00
3;0.150000;-4.962062e+00;4.447917e+00;5.662394e-01;-5.476409e+00;-4.823725e+00;1.769117e+00;-7.410939e+00;-2.202425e+00;-2.287222e+00;6.129554e+00;-2.796174e+00;3.246124e-01;1.429966e+00;1.530319e+00
4;0.200000;-2.904124e+00;5.220284e-01;-2.069004e+00;-4.201051e+00;-5.383549e+00;1.390565e+00;-3.169023e+00;2.450276e+00;4.115915e-01;2.546190e+00;-3.069283e+00;-2.276147e+00;-4.922445e+00;2.010345e+00
5;0.250000;1.666046e+00;-2.158909e+00;-3.737113e-01;-5.038376e-01;-3.044247e+00;-2.009392e-01;3.184205e+00;4.162420e+00;2.310468e+00;-1.903090e+00;4.918537e-01;-7.638614e-01;-5.191433e+00;2.886261e+00
6;0.300000;4.395373e+00;-6.242157e+00;7.294359e-01;-3.183689e-01;1.068764e-01;-1.779072e+00;6.899035e+00;5.685216e+00;3.878008e+00;-6.017859e+00;2.864089e-01;-3.961577e-01;-4.702059e+00;2.319412e+00
7;0.350000;7.006905e+00;-9.943580e+00;-2.025656e-01;2.592926e-01;4.334299e+00;-9.776402e-02;7.961222e+00;7.421368e+00;4.124244e+00;-6.836024e+00;-3.794841e+00;4.935927e-01;-4.516868e+00;-2.393341e-02
