frameIndex;frameTime;pcm_fftMag_mfcc[0];pcm_fftMag_mfcc[1];pcm_fftMag_mfcc[2];pcm_fftMag_mfcc[3];pcm_fftMag_mfcc[4];pcm_fftMag_mfcc[5];pcm_fftMag_mfcc[6];pcm_fftMag_mfcc[7];pcm_fftMag_mfcc[8];pcm_fftMag_mfcc[9];pcm_fftMag_mfcc[10];pcm_fftMag_mfcc[11];pcm_fftMag_mfcc[12];pcm_fftMag_mfcc[13]
0;0.000000;4.996295e-01;4.559503e-01;-7.548798e+00;-2.899616e+00;6.869643e+00;3.152380e+00;-2.039680e+00;-5.372559e+00;1.689756e+00;5.340157e+00;-2.520710e+00;-6.612456e+00;-2.426722e+00;1.888138e+00
1;0.050000;1.501545e+00;-5.643945e-01;-1.140838e+01;-2.453641e+00;5.045125e+00;6.515834e+00;-4.304430e-01;-3.821247e+00;4.569955e+00;4.463160e+00;-4.383470e+00;-8.949105e+00;-8.611014e-01;1.405273e+00
2;0.100000;3.126908e+00;4.346204e-01;-1.034270e+01;-5.518551e-01;6.334613e+00;1.044467e+01;3.816593e+00;7.611065e-01;6.323493e+00;5.231911e+00;-5.291112e+00;-8.020345e+00;2.919219e-01;-1.841331e+00
3;0.150000;1.947927e-01;-1.817864e+00;2.973506e-01;-5.645752e-03;1.094465e+00;2.583483e+00;4.058574e+00;5.652074e+00;1.268583e+00;3.519320e-01;-1.920338e-01;2.599582e+00;-1.432912e-01;-3.112915e+00
4;0.200000;-1.667825e+00;7.674074e-02;8.218898e+00;2.665939e+00;-5.487482e+00;-6.175551e+00;2.761817e-01;1.398205e+00;-3.042118e+00;-4.332232e+00;2.732508e+00;8.438897e+00;3.297662e+00;-3.644104e-01
5;0.250000;-1.808612e+00;8.876014e-01;9.829325e+00;2.360250e+00;-8.390121e+00;-9.214343e+00;-1.084178e+00;-5.594215e-01;-5.260540e+00;-5.404047e+00;3.376320e+00;7.250944e+00;8.257236e-01;9.970245e-01
6;0.300000;-1.846444e+00;5.273452e-01;1.095430e+01;8.845730e-01;-5.466242e+00;-7.306474e+00;-4.597048e+00;1.941839e+00;-5.549132e+00;-5.650880e+00;6.278498e+00;5.292482e+00;-9.841917e-01;1.028221e+00
