frameIndex;frameTime;pcm_fftMag_mfcc[0];pcm_fftMag_mfcc[1];pcm_fftMag_mfcc[2];pcm_fftMag_mfcc[3];pcm_fftMag_mfcc[4];pcm_fftMag_mfcc[5];pcm_fftMag_mfcc[6];pcm_fftMag_mfcc[7];pcm_fftMag_mfcc[8];pcm_fftMag_mfcc[9];pcm_fftMag_mfcc[10];pcm_fftMag_mfcc[11];pcm_fftMag_mfcc[12];pcm_fftMag_mfcc[13]
0;0.000000;-4.912481e-01;1.528778e-01;1.808892e+00;1.859246e+00;1.698377e+00;-4.740944e+00;2.077085e+00;-2.620791e+00;3.174685e+00;1.814775e+00;1.216698e+00;6.734844e-01;-2.888358e+00;-2.942352e-01
1;0.050000;8.611894e-01;-9.836657e-01;8.755381e-01;-1.820583e-01;1.137883e+00;-1.859956e+00;1.042630e+00;-1.277867e+00;3.608001e+00;3.984245e+00;3.168736e+00;1.829148e+00;-5.799452e-01;1.225189e+00
2;0.100000;9.316528e-01;-1.967261e-01;-3.760047e-01;-8.536172e-01;-3.489199e-01;3.658801e+00;-2.061572e+00;1.132363e+00;-2.139616e-01;2.075807e+00;1.105423e+00;3.008944e-01;2.060657e+00;1.890793e-01
3;0.150000;-1.301594e+00;1.027515e+00;-2.308424e+00;-8.235703e-01;-2.487340e+00;2.942099e+00;-1.058143e+00;2.766296e+00;-6.568723e+00;-7.874827e+00;-5.490854e+00;-2.803527e+00;1.407646e+00;-1.120033e+00
