frameIndex;frameTime;pcm_fftMag_mfcc[0];pcm_fftMag_mfcc[1];pcm_fftMag_mfcc[2];pcm_fftMag_mfcc[3];pcm_fftMag_mfcc[4];pcm_fftMag_mfcc[5];pcm_fftMag_mfcc[6];pcm_fftMag_mfcc[7];pcm_fftMag_mfcc[8];pcm_fftMag_mfcc[9];pcm_fftMag_mfcc[10];pcm_fftMag_mfcc[11];pcm_fftMag_mfcc[12];pcm_fftMag_mfcc[13]
0;0.000000;-3.247442e+00;8.128243e+00;-2.108991e-01;6.249137e+00;-8.064201e+00;1.343537e+01;1.488970e+01;4.447907e+00;6.060496e+00;-5.665779e-02;1.228962e+01;4.297908e+00;1.706161e+00;5.500282e+00
1;0.050000;-7.771182e-01;8.642192e-01;4.960814e+00;2.176247e+00;-5.123805e+00;7.038289e+00;9.520417e+00;7.056129e+00;2.911669e+00;3.631343e+00;7.179584e+00;6.999754e+00;1.095066e+00;4.495674e+00
2;0.100000;2.744393e-01;-2.852115e+00;5.254251e+00;9.231391e-01;-2.564916e+00;-1.571875e-01;2.516479e+00;7.054872e+00;-9.879894e-01;3.952859e+00;-1.494226e-01;7.935928e+00;5.449104e-02;2.688957e+00
3;0.150000;2.630019e-01;-1.997068e+00;1.919025e+00;1.128804e+00;-7.211180e-01;-4.502549e+00;-1.253508e+00;2.793253e+00;-8.447962e-01;-4.952955e-01;-3.046062e+00;3.721010e+00;7.011299e-01;-2.172089e-02
4;0.200000;-3.122525e-01;-5.207984e-01;-1.553688e+00;-5.454106e-01;5.014694e+00;-6.467952e+00;-6.938773e+00;-6.070887e+00;1.830182e+00;-3.257071e+00;-2.642735e+00;-3.140938e+00;4.338956e-01;-2.433899e+00
5;0.250000;4.762988e-01;-1.480590e+00;-4.506300e+00;-4.589672e+00;5.482115e+00;-6.078532e+00;-9.901948e+00;-8.768415e+00;-1.397137e+00;-3.095741e+00;-5.394064e+00;-9.554156e+00;-1.598649e+00;-3.785095e+00
6;0.300000;3.323070e+00;-2.141890e+00;-5.863199e+00;-5.342244e+00;5.977233e+00;-3.267444e+00;-8.832368e+00;-6.512861e+00;-7.572424e+00;-6.794348e-01;-8.236928e+00;-1.025951e+01;-2.392099e+00;-6.444153e+00
