frameIndex;frameTime;pcm_fftMag_mfcc[0];pcm_fftMag_mfcc[1];pcm_fftMag_mfcc[2];pcm_fftMag_mfcc[3];pcm_fftMag_mfcc[4];pcm_fftMag_mfcc[5];pcm_fftMag_mfcc[6];pcm_fftMag_mfcc[7];pcm_fftMag_mfcc[8];pcm_fftMag_mfcc[9];pcm_fftMag_mfcc[10];pcm_fftMag_mfcc[11];pcm_fftMag_mfcc[12];pcm_fftMag_mfcc[13]
0;0.000000;3.478589e+00;-6.023490e+00;-1.789507e+00;6.055040e-01;-3.448693e+00;7.911053e-01;-1.912213e+00;-2.292781e+00;-2.433630e+00;-1.327657e+00;3.423410e+00;-2.972063e+00;-6.890077e+00;2.100731e+00
1;0.050000;1.817610e+00;-2.482924e+00;-1.713528e+00;7.049179e-02;-2.240203e+00;-1.015788e+00;-1.201058e+00;1.839061e+00;-2.018055e+00;-3.902626e-02;-5.971813e-01;-1.339293e-01;-6.539536e+00;8.982086e-02
2;0.100000;6.302338e-01;4.218531e-02;-1.264962e+00;-3.000161e+00;1.047746e+00;2.076381e+00;-2.846799e+00;1.901684e+00;-9.981768e-01;1.864034e+00;-2.746117e+00;-8.272769e-01;-3.834922e-01;-2.383728e-01
3;0.150000;-1.671209e-01;1.996365e-01;-1.796774e+00;-2.701871e+00;2.837223e+00;1.954567e+00;-1.536078e+00;-2.997718e-01;1.411291e+00;-3.030494e-01;-6.367807e-01;-2.642646e+00;3.301508e+00;6.807632e-01
4;0.200000;-2.096031e+00;3.881123e+00;-4.882460e-01;7.201462e-01;3.559796e+00;-2.763557e-01;2.636699e+00;-1.502670e+00;3.079467e+00;8.600158e-01;-5.917568e-01;6.727049e-01;4.877064e+00;-5.622253e-01
5;0.250000;-3.663282e+00;4.383469e+00;7.053021e+00;4.305884e+00;-1.755871e+00;-3.529909e+00;4.859453e+00;3.544790e-01;9.591037e-01;-1.054317e+00;1.148422e+00;5.903213e+00;5.634534e+00;-2.070732e+00
