frameIndex;frameTime;pcm_fftMag_mfcc[0];pcm_fftMag_mfcc[1];pcm_fftMag_mfcc[2];pcm_fftMag_mfcc[3];pcm_fftMag_mfcc[4];pcm_fftMag_mfcc[5];pcm_fftMag_mfcc[6];pcm_fftMag_mfcc[7];pcm_fftMag_mfcc[8];pcm_fftMag_mfcc[9];pcm_fftMag_mfcc[10];pcm_fftMag_mfcc[11];pcm_fftMag_mfcc[12];pcm_fftMag_mfcc[13]
0;0.000000;-4.370059e+00;-7.571319e+00;3.847024e+00;4.218424e+00;-1.174335e+01;-6.879234e+00;-2.590765e+00;8.317306e+00;-4.156878e+00;-2.853995e+00;-3.643186e+00;1.553706e+00;8.731089e-01;1.918594e+00
1;0.050000;-2.020353e+00;-3.401081e+00;-3.780556e-02;6.662202e-01;-4.362657e+00;-5.916308e+00;-1.159663e-01;-7.613506e-01;-4.165314e+00;-5.413984e+00;-2.919125e+00;3.560003e+00;-2.403105e+00;-8.853989e-01
2;0.100000;-2.216437e+00;-2.844727e-01;3.794608e-01;-1.415668e+00;-3.523108e+00;-5.640234e+00;2.125531e+00;-6.722078e+00;-2.114047e+00;-6.309634e+00;-3.760294e+00;2.091255e+00;-4.138804e+00;-9.430771e-01
3;0.150000;-3.338453e+00;1.963743e+00;1.582798e+00;-8.410931e-01;-2.089190e+00;-6.850277e+00;3.817641e+00;-7.824627e+00;-1.407973e+00;-6.521752e+00;-6.872259e+00;-5.399370e-02;-4.015953e+00;-2.028473e+00
4;0.200000;-3.420268e+00;4.128217e+00;1.366719e+00;-8.499079e-01;1.252868e+00;-6.958717e+00;4.786573e+00;-4.464729e+00;-1.572868e+00;-2.712535e+00;-5.536082e+00;-5.840244e-01;-2.912155e+00;-3.270004e+00
5;0.250000;1.252314e+00;2.916393e+00;-1.797165e+00;-9.520273e-01;6.005937e+00;2.024053e+00;6.927323e-01;4.923842e-01;2.678926e+00;6.209279e+00;4.293880e+00;-1.436825e+00;-6.214142e-02;-1.527557e-01
6;0.300000;4.243986e+00;7.038044e-01;-2.227265e+00;1.477056e-01;5.321751e+00;9.025209e+00;-3.264414e+00;4.819860e+00;3.347134e+00;7.869339e+00;6.300810e+00;-2.915506e+00;3.291913e+00;2.876389e+00
7;0.350000;5.198353e+00;-2.479947e-02;-1.987777e+00;1.890621e-01;4.825321e+00;1.152417e+01;-4.045758e+00;5.625834e+00;3.423902e+00;6.925021e+00;6.836518e+00;-2.481418e+00;5.173388e+00;2.811043e+00
8;0.400000;4.670918e+00;1.569515e+00;-1.125990e+00;-1.162719e+00;4.312421e+00;9.671333e+00;-1.405575e+00;5.173993e-01;3.967117e+00;2.808261e+00;5.299740e+00;2.668014e-01;4.193750e+00;-3.263702e-01
