frameIndex;frameTime;pcm_fftMag_mfcc[0];pcm_fftMag_mfcc[1];pcm_fftMag_mfcc[2];pcm_fftMag_mfcc[3];pcm_fftMag_mfcc[4];pcm_fftMag_mfcc[5];pcm_fftMag_mfcc[6];pcm_fftMag_mfcc[7];pcm_fftMag_mfcc[8];pcm_fftMag_mfcc[9];pcm_fftMag_mfcc[10];pcm_fftMag_mfcc[11];pcm_fftMag_mfcc[12];pcm_fftMag_mfcc[13]
0;0.000000;-2.995766e+00;-3.003902e-01;1.997638e+00;1.996326e+00;-5.180981e-01;-5.095119e-01;8.872671e-01;2.249567e+00;8.501825e-01;-1.558187e+00;-1.985483e+00;3.182468e-01;1.252260e+00;-2.271729e-01
1;0.050000;2.995768e+00;3.003902e-01;-1.997638e+00;-1.996326e+00;5.180981e-01;5.095139e-01;-8.872671e-01;-2.249568e+00;-8.501816e-01;1.558187e+00;1.985483e+00;-3.182468e-01;-1.252260e+00;2.271652e-01
