frameIndex;frameTime;pcm_fftMag_mfcc[0];pcm_fftMag_mfcc[1];pcm_fftMag_mfcc[2];pcm_fftMag_mfcc[3];pcm_fftMag_mfcc[4];pcm_fftMag_mfcc[5];pcm_fftMag_mfcc[6];pcm_fftMag_mfcc[7];pcm_fftMag_mfcc[8];pcm_fftMag_mfcc[9];pcm_fftMag_mfcc[10];pcm_fftMag_mfcc[11];pcm_fftMag_mfcc[12];pcm_fftMag_mfcc[13]
0;0.000000;-3.726017e+00;3.893650e+00;5.152130e-01;1.734229e+00;6.685181e-01;-1.152477e+00;1.756196e+00;2.644554e+00;-3.705468e+00;6.353607e-01;9.812894e-01;8.619927e-01;-3.237791e+00;1.041328e+00
1;0.050000;1.885700e-02;6.931176e-01;5.044770e-01;-8.203416e-01;-1.008213e+00;-7.705307e-02;1.262035e+00;-1.027941e+00;-2.156339e+00;1.314920e+00;-1.211207e-01;4.613325e-01;-3.786331e-01;6.252289e-01
2;0.100000;3.707161e+00;-4.586768e+00;-1.019689e+00;-9.138873e-01;3.396912e-01;1.229536e+00;-3.018231e+00;-1.616612e+00;5.861810e+00;-1.950280e+00;-8.601692e-01;-1.323325e+00;3.616424e+00;-1.666557e+00
