frameIndex;frameTime;pcm_fftMag_mfcc[0];pcm_fftMag_mfcc[1];pcm_fftMag_mfcc[2];pcm_fftMag_mfcc[3];pcm_fftMag_mfcc[4];pcm_fftMag_mfcc[5];pcm_fftMag_mfcc[6];pcm_fftMag_mfcc[7];pcm_fftMag_mfcc[8];pcm_fftMag_mfcc[9];pcm_fftMag_mfcc[10];pcm_fftMag_mfcc[11];pcm_fftMag_mfcc[12];pcm_fftMag_mfcc[13]
0;0.000000;-1.037903e+00;-5.579193e+00;4.751756e+00;7.295113e-01;-6.184951e+00;-3.871075e+00;-9.250889e-01;-2.066648e+00;-5.831825e+00;-4.603884e+00;-4.784074e+00;-4.081625e+00;-1.297683e+00;3.039055e+00
1;0.050000;1.607771e-01;-3.204584e+00;5.714993e-01;-1.419790e+00;-2.964203e+00;-2.278657e+00;-1.357319e+00;-1.023472e+00;-4.165374e+00;-1.664925e-01;-8.276170e-01;-1.545495e+00;-1.549406e+00;1.619392e+00
2;0.100000;1.614931e+00;2.312854e+00;-3.145237e+00;-1.491033e+00;1.838458e+00;2.148490e+00;-1.921978e-01;-1.036089e+00;1.393487e+00;2.935225e+00;8.550516e-01;7.145090e-01;7.453756e-01;-8.643951e-01
3;0.150000;-7.378035e-01;6.470922e+00;-2.178017e+00;2.181312e+00;7.310694e+00;4.001239e+00;2.474603e+00;4.126212e+00;8.603714e+00;1.835151e+00;4.756640e+00;4.912611e+00;2.101713e+00;-3.794052e+00
