frameIndex;frameTime;pcm_fftMag_mfcc[0];pcm_fftMag_mfcc[1];pcm_fftMag_mfcc[2];pcm_fftMag_mfcc[3];pcm_fftMag_mfcc[4];pcm_fftMag_mfcc[5];pcm_fftMag_mfcc[6];pcm_fftMag_mfcc[7];pcm_fftMag_mfcc[8];pcm_fftMag_mfcc[9];pcm_fftMag_mfcc[10];pcm_fftMag_mfcc[11];pcm_fftMag_mfcc[12];pcm_fftMag_mfcc[13]
0;0.000000;9.105776e+00;4.056228e+00;-8.023811e+00;-1.673723e+01;-7.773046e+00;-3.520823e-01;-8.888721e+00;-1.647643e+01;-2.019605e+01;-2.084616e+00;4.538864e-01;-3.942989e+00;-5.254213e+00;8.144012e+00
1;0.050000;3.406727e+00;-9.173036e-02;-7.005098e+00;-6.958341e+00;-2.748976e+00;4.633742e+00;8.746099e-01;-1.659298e+01;-1.090352e+01;-1.939862e-01;5.239910e-01;-2.711049e+00;-7.274378e+00;8.344673e+00
2;0.100000;-2.810467e+00;-3.645057e+00;-6.607918e+00;-4.606662e+00;1.186538e+00;6.648285e+00;4.973994e+00;-5.081058e+00;-1.308128e+00;1.716888e+00;3.892899e-03;-3.216248e+00;-8.384288e+00;7.556732e+00
3;0.150000;-6.169231e+00;-2.967710e+00;-3.650252e+00;-3.776647e+00;1.267409e+00;2.029476e+00;5.664067e+00;5.008551e+00;8.476025e+00;1.792140e+00;-2.242143e-01;1.699278e-01;-4.135670e+00;4.693787e+00
4;0.200000;-6.546728e+00;8.105300e-01;1.506816e+00;-1.388806e+00;1.563210e+00;-3.228767e+00;6.033038e+00;8.996285e+00;1.325337e+01;-2.861423e+00;-2.896482e+00;3.069109e+00;1.056007e+00;-1.876068e-01
5;0.250000;-3.247704e+00;3.183017e+00;5.671161e+00;4.306118e+00;3.268065e+00;-6.405252e+00;4.844427e+00;6.515263e+00;1.217944e+01;-4.093181e+00;-1.806822e+00;3.675346e+00;5.771372e+00;-6.013023e+00
6;0.300000;1.946344e+00;7.431161e-01;8.132587e+00;1.323251e+01;2.646761e+00;-4.060174e+00;-3.122798e+00;6.551951e+00;2.905481e+00;5.466752e-01;2.493902e+00;1.408707e+00;8.962109e+00;-1.055346e+01
7;0.350000;4.315273e+00;-2.088394e+00;9.976515e+00;1.592906e+01;5.900517e-01;7.347708e-01;-1.037861e+01;1.107842e+01;-4.406617e+00;5.177504e+00;1.451846e+00;1.547196e+00;9.259065e+00;-1.198513e+01
