frameIndex;frameTime;pcm_fftMag_mfcc[0];pcm_fftMag_mfcc[1];pcm_fftMag_mfcc[2];pcm_fftMag_mfcc[3];pcm_fftMag_mfcc[4];pcm_fftMag_mfcc[5];pcm_fftMag_mfcc[6];pcm_fftMag_mfcc[7];pcm_fftMag_mfcc[8];pcm_fftMag_mfcc[9];pcm_fftMag_mfcc[10];pcm_fftMag_mfcc[11];pcm_fftMag_mfcc[12];pcm_fftMag_mfcc[13]
0;0.000000;4.177570e-01;-6.149601e+00;1.889689e+00;-1.872922e+00;-1.194522e+00;-8.276386e-01;3.393984e-02;5.933205e-01;-5.760185e+00;-1.300829e+00;-8.189316e-01;3.715784e+00;1.585596e+00;-1.522064e-01
1;0.050000;-1.469956e+00;-2.868617e+00;-2.323097e+00;-2.400333e-01;-2.018923e+00;-1.113707e+00;-5.122980e+00;-1.033369e+00;-1.961890e+00;-4.005690e+00;-8.782763e-01;-3.058887e-01;-1.015376e+00;-2.415192e+00
2;0.100000;1.215038e-01;-2.423953e+00;-7.505715e+00;-4.917412e+00;-9.663639e-01;1.760492e-01;-8.438631e+00;-7.524827e+00;-6.648145e-01;2.909763e-01;-4.683447e+00;-2.862158e+00;-1.204718e+00;-2.500031e+00
3;0.150000;1.867095e+00;1.019589e+00;-8.568589e+00;-1.353705e+00;7.474060e-01;2.805967e-01;-3.293417e+00;-9.634114e+00;1.944086e+00;3.906319e+00;-6.230969e+00;-3.441380e+00;1.618438e+00;-1.077721e+00
4;0.200000;1.072469e+00;8.200451e+00;-7.276430e+00;7.493471e+00;2.110027e+00;2.984189e+00;2.358326e+00;-6.670665e+00;7.407364e+00;2.368633e+00;-2.388767e+00;-2.963606e+00;2.634224e+00;-7.976608e-01
5;0.250000;-1.045229e+00;9.877444e+00;-3.891220e-01;8.911175e+00;1.901769e+00;2.806474e+00;3.772180e+00;3.217563e-01;7.466651e+00;-4.239578e-01;5.251052e+00;-7.345591e-01;1.755198e+00;5.043106e-01
6;0.300000;-1.471787e+00;5.011307e+00;5.123470e+00;3.790171e+00;1.545680e+00;1.936784e+00;5.128600e+00;5.931918e+00;4.130212e+00;-1.140014e+00;7.176568e+00;-6.849906e-01;1.228914e+00;2.961205e+00
7;0.350000;-6.341944e-01;-2.776197e+00;8.804126e+00;-2.387025e+00;1.124754e+00;-4.362116e-01;5.406242e+00;8.919695e+00;-1.055227e+00;-1.010424e+00;4.700915e+00;8.917619e-01;-3.527055e-01;3.043411e+00
8;0.400000;1.142344e+00;-9.890423e+00;1.024568e+01;-9.423719e+00;-3.249836e+00;-5.806531e+00;1.557395e-01;9.096285e+00;-1.150620e+01;1.314986e+00;-2.128142e+00;6.385035e+00;-6.249571e+00;4.339371e-01
