frameIndex;frameTime;pcm_fftMag_mfcc[0];pcm_fftMag_mfcc[1];pcm_fftMag_mfcc[2];pcm_fftMag_mfcc[3];pcm_fftMag_mfcc[4];pcm_fftMag_mfcc[5];pcm_fftMag_mfcc[6];pcm_fftMag_mfcc[7];pcm_fftMag_mfcc[8];pcm_fftMag_mfcc[9];pcm_fftMag_mfcc[10];pcm_fftMag_mfcc[11];pcm_fftMag_mfcc[12];pcm_fftMag_mfcc[13]
0;0.000000;-6.606835e+00;8.046648e+00;-5.256246e+00;2.712502e+00;-1.229358e+00;-3.619161e+00;4.183455e+00;-5.388276e+00;-1.733362e+00;1.255958e+00;-1.682207e+00;2.310174e-01;-1.584297e+00;2.897697e+00
1;0.050000;-2.863677e+00;4.183568e+00;3.208275e-01;-1.405033e+00;-7.516953e+00;-2.533214e+00;2.816147e+00;-5.657162e+00;-1.008440e+00;1.439519e+00;-3.222045e+00;-1.190861e+00;-8.660431e-01;2.227951e+00
2;0.100000;9.282713e-01;-1.714667e+00;3.919227e+00;-3.772611e+00;-8.745092e+00;-3.847707e+00;-3.003263e-01;-2.939948e+00;-3.684939e+00;1.797556e+00;-2.891858e+00;6.654501e-03;-1.957399e+00;3.248596e-02
3;0.150000;3.089241e+00;-3.997612e+00;1.118670e+00;-1.727120e+00;-3.592646e+00;-3.337583e+00;-3.691236e+00;-7.905216e-01;-4.002178e+00;-8.094287e-02;-1.466863e+00;-1.384682e+00;-2.999077e+00;-1.485641e+00
4;0.200000;2.794584e+00;-3.804822e+00;-6.739602e-01;7.755818e-01;7.499621e+00;4.529789e+00;-3.513888e+00;4.466766e+00;2.636158e+00;-2.851629e+00;3.868805e+00;-1.063512e+00;1.299255e+00;-1.398712e+00
5;0.250000;2.658420e+00;-2.713109e+00;5.714798e-01;3.416679e+00;1.358442e+01;8.807878e+00;5.058498e-01;1.030914e+01;7.792763e+00;-1.560461e+00;5.394169e+00;3.401383e+00;6.107561e+00;-2.273766e+00
