frameIndex;frameTime;pcm_fftMag_mfcc[0];pcm_fftMag_mfcc[1];pcm_fftMag_mfcc[2];pcm_fftMag_mfcc[3];pcm_fftMag_mfcc[4];pcm_fftMag_mfcc[5];pcm_fftMag_mfcc[6];pcm_fftMag_mfcc[7];pcm_fftMag_mfcc[8];pcm_fftMag_mfcc[9];pcm_fftMag_mfcc[10];pcm_fftMag_mfcc[11];pcm_fftMag_mfcc[12];pcm_fftMag_mfcc[13]
0;0.000000;-1.276381e+01;1.101209e+01;4.130510e+00;5.407172e+00;-6.364183e+00;-1.536060e+00;-2.234410e+00;-1.084816e+01;5.617617e+00;-5.125714e+00;1.914633e+00;2.104668e+00;-2.170565e+00;2.748108e+00
1;0.050000;-6.028296e+00;7.117802e+00;-3.832621e+00;-2.308174e+00;-4.193776e+00;4.752873e+00;2.826747e+00;-7.974724e+00;6.790973e+00;-7.032704e+00;-5.589909e+00;-1.972865e+00;-9.006462e-01;3.606888e+00
2;0.100000;1.972006e+00;1.849007e+00;-1.090136e+01;-8.202991e+00;9.742622e-01;7.432179e+00;3.537804e+00;-2.155655e+00;8.281323e+00;-3.647161e+00;-6.874650e+00;-2.252245e+00;8.958158e-01;1.383492e+00
3;0.150000;8.268335e+00;-1.296782e+00;-1.019849e+01;-9.010313e+00;1.694533e+00;5.981072e+00;-4.098554e-01;7.247950e+00;-3.356314e+00;3.303921e+00;-3.783021e+00;-6.854029e+00;2.031104e+00;-1.060982e+00
4;0.200000;6.634123e+00;-2.489806e+00;-1.242365e+00;-5.298577e+00;8.131218e-01;1.390193e+00;6.200818e+00;4.654058e+00;-2.789409e+00;3.292624e+00;-1.343524e+00;-4.443927e+00;-1.425429e+00;-1.413689e+00
5;0.250000;1.325929e+00;-3.908919e+00;9.373695e+00;2.895180e+00;1.185374e+00;-4.377364e+00;3.701148e+00;6.602234e+00;-8.523979e-01;1.800317e+00;2.780858e+00;2.539525e-01;-2.010047e-01;-9.990921e-01
6;0.300000;-6.557169e-01;-5.449318e+00;9.864290e+00;8.832705e+00;3.139647e+00;-6.740221e+00;-4.634877e+00;2.705530e+00;-3.981699e+00;4.692510e+00;7.011982e+00;5.287573e+00;3.808827e-01;-1.034012e+00
7;0.350000;1.247437e+00;-6.834072e+00;2.806345e+00;7.684998e+00;2.751018e+00;-6.902672e+00;-8.987375e+00;-2.312298e-01;-9.710091e+00;2.716207e+00;5.883631e+00;7.876872e+00;1.389842e+00;-3.230682e+00
