frameIndex;frameTime;pcm_fftMag_mfcc[0];pcm_fftMag_mfcc[1];pcm_fftMag_mfcc[2];pcm_fftMag_mfcc[3];pcm_fftMag_mfcc[4];pcm_fftMag_mfcc[5];pcm_fftMag_mfcc[6];pcm_fftMag_mfcc[7];pcm_fftMag_mfcc[8];pcm_fftMag_mfcc[9];pcm_fftMag_mfcc[10];pcm_fftMag_mfcc[11];pcm_fftMag_mfcc[12];pcm_fftMag_mfcc[13]
0;0.000000;-7.846926e-01;-4.044569e-01;-2.733736e+00;-5.067743e+00;2.465698e+00;-4.623667e+00;3.767424e-01;4.898480e+00;-7.962800e+00;1.103623e+00;-6.293085e+00;-1.021286e+00;2.041968e+00;1.972588e+00
1;0.050000;-3.511947e-01;-5.297978e-01;-1.059139e-01;1.835442e-01;-4.938789e+00;-5.250429e+00;1.012616e-01;-6.484776e-01;-3.741848e+00;-2.795386e+00;-5.974592e+00;-5.752701e+00;1.092421e+00;8.001556e-01
2;0.100000;-4.474939e-01;3.518562e-01;2.456386e+00;8.217310e+00;-6.012688e+00;-2.365672e+00;4.982567e-02;-5.389738e+00;7.974401e-01;-4.736547e+00;-2.804767e+00;-5.410530e+00;-1.549025e+00;-1.900688e+00
3;0.150000;-2.177727e+00;2.119020e+00;1.962490e+00;2.115982e+00;6.920395e-01;2.567633e+00;-2.546000e+00;1.753139e-01;6.234984e-01;-5.722284e-02;-4.292512e-02;3.745403e-01;1.391537e+00;-2.188728e+00
4;0.200000;-7.361491e-01;1.597639e+00;-1.723964e+00;-4.198635e+00;9.483891e-01;3.521979e+00;-3.534452e+00;-1.462099e+00;9.168811e-01;3.194322e+00;3.108652e+00;1.804387e+00;1.332369e+00;1.469917e+00
5;0.250000;8.752976e-01;-1.263263e-01;-2.296310e+00;-4.919125e+00;9.146595e-01;8.213413e-01;-1.108387e+00;-2.770658e+00;-1.703376e+00;2.280916e+00;4.996698e+00;9.169345e-01;-2.975254e+00;2.300941e+00
6;0.300000;2.072251e+00;-1.718929e+00;-2.969091e-01;-2.131359e+00;2.885948e+00;9.124564e-01;1.835076e+00;-4.538059e-01;1.972358e+00;1.554401e+00;4.826799e+00;3.388783e+00;-2.744159e+00;5.221329e-01
7;0.350000;1.549709e+00;-1.289003e+00;2.737958e+00;5.800024e+00;3.044754e+00;4.416357e+00;4.825933e+00;5.650990e+00;9.097847e+00;-5.441055e-01;2.183222e+00;5.699874e+00;1.410149e+00;-2.976318e+00
