frameIndex;frameTime;pcm_fftMag_mfcc[0];pcm_fftMag_mfcc[1];pcm_fftMag_mfcc[2];pcm_fftMag_mfcc[3];pcm_fftMag_mfcc[4];pcm_fftMag_mfcc[5];pcm_fftMag_mfcc[6];pcm_fftMag_mfcc[7];pcm_fftMag_mfcc[8];pcm_fftMag_mfcc[9];pcm_fftMag_mfcc[10];pcm_fftMag_mfcc[11];pcm_fftMag_mfcc[12];pcm_fftMag_mfcc[13]
0;0.000000;5.345645e+00;-1.985141e+00;2.485633e+00;-2.324427e+00;4.043860e-01;-1.814369e+00;1.074777e-01;-1.815104e+00;-1.656752e+00;6.085181e-01;-2.982276e+00;8.239726e-01;3.406944e+00;-6.069496e+00
1;0.050000;6.509190e+00;-3.979107e+00;2.870886e+00;-6.460543e+00;-9.881377e-01;7.490760e+00;-3.051549e+00;-4.299271e+00;-6.264628e+00;1.406813e+00;-1.888087e+00;-3.770784e+00;1.697814e-01;-5.909927e+00
2;0.100000;3.815331e+00;-1.710486e+00;-2.329871e+00;-4.842960e+00;4.319972e+00;3.956888e+00;-2.570903e+00;-7.789243e+00;-1.880292e+00;1.105692e+00;1.759840e+00;-6.031620e+00;-2.983984e+00;-3.377075e+00
3;0.150000;-6.134882e-01;3.423496e+00;-8.151814e+00;-1.343544e+00;5.682235e+00;9.526124e-01;-3.964688e+00;-9.010382e+00;1.901369e+00;2.008973e+00;4.827952e+00;-6.654612e+00;-4.770367e+00;-1.149651e+00
4;0.200000;-3.543639e+00;8.710651e+00;-5.571284e+00;4.401150e+00;5.697498e+00;4.506719e+00;-3.470917e+00;-6.850160e+00;7.895328e+00;2.403024e+00;6.875179e+00;-2.378538e+00;-3.493881e+00;-3.384323e-01
5;0.250000;-4.988523e+00;8.415171e+00;-3.006020e-01;1.072589e+01;-1.901064e-01;1.178161e+00;5.239820e-01;2.057886e+00;9.734219e+00;-3.447114e+00;5.403624e+00;4.246375e+00;-5.236194e-01;6.292801e-01
6;0.300000;-3.462813e+00;2.339404e+00;2.046705e+00;7.736225e+00;-4.050423e+00;-3.206232e+00;4.575600e+00;7.742298e+00;3.294665e+00;-2.733963e+00;9.210794e-01;3.452670e+00;3.897660e+00;4.300629e+00
7;0.350000;-2.122530e+00;-4.673544e+00;4.506524e+00;1.399736e-01;-3.968420e+00;-5.595739e+00;5.931574e+00;1.031706e+01;-3.215108e+00;-1.269494e+00;-4.320196e+00;3.812664e+00;4.000845e+00;6.251648e+00
8;0.400000;-9.391737e-01;-1.054044e+01;4.443819e+00;-8.031761e+00;-6.907003e+00;-7.468803e+00;1.919421e+00;9.646913e+00;-9.808800e+00;-8.244944e-02;-1.059712e+01;6.499872e+00;2.966214e-01;5.663040e+00
