frameIndex;frameTime;pcm_fftMag_mfcc[0];pcm_fftMag_mfcc[1];pcm_fftMag_mfcc[2];pcm_fftMag_mfcc[3];pcm_fftMag_mfcc[4];pcm_fftMag_mfcc[5];pcm_fftMag_mfcc[6];pcm_fftMag_mfcc[7];pcm_fftMag_mfcc[8];pcm_fftMag_mfcc[9];pcm_fftMag_mfcc[10];pcm_fftMag_mfcc[11];pcm_fftMag_mfcc[12];pcm_fftMag_mfcc[13]
0;0.000000;1.840701e+00;3.126253e-01;-2.867778e+00;-1.387769e+00;2.466420e+00;2.157139e+00;-2.410713e+00;5.998564e-01;1.376184e+00;-3.512488e+00;4.088316e-01;-1.021185e-01;-2.769345e+00;-3.247894e+00
1;0.050000;3.529311e+00;3.652073e+00;-6.571714e+00;-4.498246e-01;3.489198e+00;1.411590e+00;-4.335530e+00;-5.622636e+00;1.576445e+00;-2.128651e+00;-1.170069e+00;-1.864709e+00;-1.535443e+00;-3.402840e+00
2;0.100000;9.166965e-01;6.911232e+00;-7.226964e+00;4.936350e+00;2.715406e-01;-6.249123e-01;-1.725579e+00;-6.856360e+00;2.002939e+00;-1.452145e+00;-1.736711e+00;-1.471762e+00;1.632005e+00;-2.090240e+00
3;0.150000;-2.649682e+00;2.628758e+00;1.113802e+00;3.313030e+00;-2.505002e+00;-1.634766e+00;4.850273e-01;-1.291364e+00;-2.746463e-01;3.669376e-01;1.144061e-01;-7.114859e-01;3.584432e+00;1.417946e+00
4;0.200000;-3.127357e+00;-4.019679e+00;6.138048e+00;-6.658381e-01;-1.767129e+00;-2.331772e-01;3.647803e+00;4.773921e+00;-7.773180e-01;2.648798e+00;1.762935e+00;2.056274e-01;1.128337e+00;3.758873e+00
5;0.250000;-5.096731e-01;-9.485009e+00;9.414609e+00;-5.745949e+00;-1.955026e+00;-1.075878e+00;4.338992e+00;8.396584e+00;-3.903603e+00;4.077550e+00;6.206083e-01;3.944445e+00;-2.039985e+00;3.564133e+00
