frameIndex;frameTime;pcm_fftMag_mfcc[0];pcm_fftMag_mfcc[1];pcm_fftMag_mfcc[2];pcm_fftMag_mfcc[3];pcm_fftMag_mfcc[4];pcm_fftMag_mfcc[5];pcm_fftMag_mfcc[6];pcm_fftMag_mfcc[7];pcm_fftMag_mfcc[8];pcm_fftMag_mfcc[9];pcm_fftMag_mfcc[10];pcm_fftMag_mfcc[11];pcm_fftMag_mfcc[12];pcm_fftMag_mfcc[13]
0;0.000000;-1.651034e+00;2.034027e+00;1.322465e+00;3.772832e+00;-7.628402e+00;-1.148438e+01;1.974844e+00;4.381230e+00;1.455145e+00;-5.062297e+00;-5.674896e+00;-4.269092e+00;-1.262562e-01;-2.283546e+00
1;0.050000;-2.182460e+00;1.660915e+00;1.137964e+00;6.112045e+00;-3.327872e+00;-9.533568e+00;1.300789e+00;-1.264646e+00;-2.973356e+00;-6.192821e+00;-5.576328e+00;-3.710950e+00;-2.051120e+00;-3.396133e+00
2;0.100000;9.384090e-01;1.861284e-01;7.915916e-01;-1.368523e-02;3.988876e+00;3.863325e+00;6.266556e-01;-2.033599e+00;-1.797317e+00;-4.676609e-01;2.749953e+00;2.490911e+00;-2.680806e-01;-5.798416e-01
3;0.150000;1.671896e+00;-1.673479e+00;-8.217211e-01;-4.413730e+00;3.982305e+00;8.378870e+00;-1.408710e+00;-1.499996e-01;2.026042e+00;5.495330e+00;4.456487e+00;2.991014e+00;1.419411e+00;2.996300e+00
4;0.200000;1.223189e+00;-2.207591e+00;-2.430298e+00;-5.457462e+00;2.985089e+00;8.775748e+00;-2.493574e+00;-9.329872e-01;1.289485e+00;6.227448e+00;4.044785e+00;2.498118e+00;1.026046e+00;3.263229e+00
