frameIndex;frameTime;pcm_fftMag_mfcc[0];pcm_fftMag_mfcc[1];pcm_fftMag_mfcc[2];pcm_fftMag_mfcc[3];pcm_fftMag_mfcc[4];pcm_fftMag_mfcc[5];pcm_fftMag_mfcc[6];pcm_fftMag_mfcc[7];pcm_fftMag_mfcc[8];pcm_fftMag_mfcc[9];pcm_fftMag_mfcc[10];pcm_fftMag_mfcc[11];pcm_fftMag_mfcc[12];pcm_fftMag_mfcc[13]
0;0.000000;2.877115e+00;-7.039803e+00;-6.393352e-01;-4.127824e+00;-1.267642e+00;-4.766060e+00;-5.066581e+00;5.144956e-01;-2.207312e+00;-8.667702e-01;-4.737406e+00;-8.284538e-01;-2.627701e+00;-1.168365e+00
1;0.050000;6.793052e+00;-6.056443e+00;2.640825e+00;1.052227e+00;-3.193175e+00;-4.256135e+00;5.536842e-02;1.862538e+00;3.727795e+00;1.691559e+00;-8.382421e+00;-3.043282e+00;4.533425e+00;-3.712013e+00
2;0.100000;3.259993e-01;4.965584e-01;2.879599e+00;6.187437e+00;-1.941897e+00;-7.252516e+00;5.733389e+00;5.772360e+00;7.234071e+00;1.911400e+00;-9.292639e+00;-8.433425e-01;6.265974e+00;1.599350e-01
3;0.150000;-4.508893e+00;5.495310e+00;4.669607e+00;8.104108e+00;1.773882e+00;-5.690951e+00;8.147504e+00;8.995178e+00;5.766460e+00;2.250137e+00;-3.142188e+00;8.745907e-01;3.713203e+00;1.723442e+00
4;0.200000;-7.807168e+00;6.984873e+00;5.242339e+00;7.199393e+00;5.935675e+00;-1.257915e-01;6.494810e+00;7.476438e+00;2.182846e+00;3.471865e+00;6.355690e+00;1.916776e+00;3.224505e-01;6.925201e-01
5;0.250000;-4.242969e+00;3.378006e+00;-1.623092e+00;-9.191585e-01;3.918303e+00;5.611439e+00;-1.780165e+00;-2.224657e+00;-2.663494e+00;1.458499e+00;1.088363e+01;3.134686e+00;-1.581427e+00;1.837547e+00
6;0.300000;8.596945e-01;-4.470198e-01;-6.562761e+00;-7.055877e+00;-1.858949e+00;6.747628e+00;-7.412751e+00;-9.632505e+00;-6.559975e+00;-4.591020e+00;5.860041e+00;-1.046463e-01;-5.361733e+00;1.804008e+00
7;0.350000;5.703174e+00;-2.811481e+00;-6.607182e+00;-1.044031e+01;-3.366196e+00;9.732388e+00;-6.171571e+00;-1.276385e+01;-7.480391e+00;-5.325669e+00;2.455298e+00;-1.106328e+00;-5.264193e+00;-1.337097e+00
