frameIndex;frameTime;pcm_fftMag_mfcc[0];pcm_fftMag_mfcc[1];pcm_fftMag_mfcc[2];pcm_fftMag_mfcc[3];pcm_fftMag_mfcc[4];pcm_fftMag_mfcc[5];pcm_fftMag_mfcc[6];pcm_fftMag_mfcc[7];pcm_fftMag_mfcc[8];pcm_fftMag_mfcc[9];pcm_fftMag_mfcc[10];pcm_fftMag_mfcc[11];pcm_fftMag_mfcc[12];pcm_fftMag_mfcc[13]
0;0.000000;-1.385812e+00;-3.287251e+00;1.174052e+00;3.187370e-01;-2.388981e+00;-9.650834e+00;4.773189e+00;1.130763e+01;-4.438100e+00;2.148007e+00;-9.195297e+00;2.995825e-02;3.831252e+00;-1.094696e+00
1;0.050000;7.900496e-01;-9.832555e-02;-5.431309e-01;-3.738864e+00;-2.992731e+00;-7.554410e+00;-8.344574e-01;6.992376e+00;-8.844614e-03;3.404703e+00;-9.417812e+00;-1.261206e-01;7.815244e-01;-5.692368e-01
2;0.100000;1.327967e+00;-1.921443e+00;1.294510e+00;1.760920e+00;-9.408600e+00;-4.315616e+00;-6.056621e+00;3.300173e+00;6.683653e+00;8.272781e-01;-7.723443e+00;-1.930563e+00;-1.131818e+00;-7.039490e-01
3;0.150000;3.154683e-01;-4.914267e-01;3.977153e+00;7.381860e+00;-7.607639e+00;-9.578438e-01;-6.666376e+00;4.542160e-01;8.106493e+00;-8.468850e-01;-4.754309e+00;-1.700084e+00;-2.957209e+00;-2.152611e+00
4;0.200000;-1.115248e+00;1.198923e+00;2.938205e+00;3.022206e+00;1.666069e+00;3.446020e+00;-2.893452e+00;-2.266783e+00;-5.316082e+00;-1.711942e+00;4.321569e+00;1.810805e+00;-3.279720e+00;-1.841553e+00
5;0.250000;-3.440366e-01;1.833110e+00;-1.222777e+00;-2.481145e+00;3.297649e+00;4.579896e+00;1.688946e+00;-5.383646e+00;-7.189341e+00;6.815538e-01;1.155401e+01;1.104140e+00;-1.626711e+00;1.433113e+00
6;0.300000;1.222131e-01;1.812207e+00;-3.487134e+00;-3.797124e+00;7.405239e+00;6.168266e+00;3.865206e+00;-8.192786e+00;-1.501604e+00;-1.587728e-01;8.983164e+00;-8.506775e-04;1.656437e+00;3.099777e+00
7;0.350000;2.893977e-01;9.542071e-01;-4.130876e+00;-2.466588e+00;1.002899e+01;8.284527e+00;6.123568e+00;-6.211183e+00;3.663824e+00;-4.343942e+00;6.232111e+00;8.127141e-01;2.726244e+00;1.829178e+00
