frameIndex;frameTime;pcm_fftMag_mfcc[0];pcm_fftMag_mfcc[1];pcm_fftMag_mfcc[2];pcm_fftMag_mfcc[3];pcm_fftMag_mfcc[4];pcm_fftMag_mfcc[5];pcm_fftMag_mfcc[6];pcm_fftMag_mfcc[7];pcm_fftMag_mfcc[8];pcm_fftMag_mfcc[9];pcm_fftMag_mfcc[10];pcm_fftMag_mfcc[11];pcm_fftMag_mfcc[12];pcm_fftMag_mfcc[13]
0;0.000000;2.256110e+00;-2.077478e+00;-3.146505e+01;-2.636681e-01;4.506945e+00;-3.612164e+00;1.702536e+00;-7.993747e+00;4.618906e+00;8.765314e+00;-1.608975e+01;-9.583632e+00;-7.400964e-01;5.271561e+00
1;0.050000;2.314375e+00;1.987457e+00;-2.786072e+01;5.762544e-01;7.792141e+00;3.059553e+00;2.482028e+00;-5.142148e+00;1.172771e+01;3.120499e+00;-8.392356e+00;-8.051684e+00;-9.621114e-01;1.579872e+00
2;0.100000;2.508399e-01;3.810971e+00;-4.052219e+00;-4.602389e-01;5.264776e+00;9.030681e+00;9.512959e-01;-2.640344e+00;6.413149e+00;-2.593412e-01;1.349435e+00;-5.352778e+00;-1.146612e+00;-1.345718e+00
3;0.150000;-6.047626e-01;1.319451e+00;1.952875e+01;-1.513472e+00;-8.611488e-01;1.424801e+00;1.807673e+00;-2.871552e+00;-7.934000e+00;-1.072090e+00;7.173977e+00;3.950646e+00;-9.524173e-01;-2.049911e+00
4;0.200000;-1.629560e+00;-1.362625e+00;1.837015e+01;-3.804450e-01;-4.770201e+00;-1.487391e+00;-6.220646e-01;1.330112e+00;-8.808662e+00;-2.652271e+00;6.359023e+00;5.953228e+00;5.170016e-01;-1.726608e-01
5;0.250000;-2.049013e+00;-1.888197e+00;1.434226e+01;6.932774e-01;-6.659990e+00;-3.788696e+00;-2.135054e+00;5.829178e+00;-5.475601e+00;-3.561852e+00;5.199772e+00;6.579877e+00;7.380081e-01;-4.643173e-01
6;0.300000;-5.379901e-01;-1.789583e+00;1.113683e+01;1.348291e+00;-5.272518e+00;-4.626776e+00;-4.186411e+00;1.148850e+01;-5.414982e-01;-4.340256e+00;4.399897e+00;6.504346e+00;2.546227e+00;-2.818787e+00
