frameIndex;frameTime;pcm_fftMag_mfcc[0];pcm_fftMag_mfcc[1];pcm_fftMag_mfcc[2];pcm_fftMag_mfcc[3];pcm_fftMag_mfcc[4];pcm_fftMag_mfcc[5];pcm_fftMag_mfcc[6];pcm_fftMag_mfcc[7];pcm_fftMag_mfcc[8];pcm_fftMag_mfcc[9];pcm_fftMag_mfcc[10];pcm_fftMag_mfcc[11];pcm_fftMag_mfcc[12];pcm_fftMag_mfcc[13]
0;0.000000;-3.341615e+00;1.124957e+00;6.042271e+00;3.856326e+00;4.857101e+00;2.198471e+00;-4.924750e+00;4.370255e-01;-1.381069e+00;-1.984886e+00;3.602776e+00;4.927273e+00;-5.057364e+00;-1.902145e+00
1;0.050000;-4.211493e+00;-1.703219e-01;6.983711e+00;2.492457e+00;4.800232e+00;2.659475e+00;-3.679536e+00;3.512347e+00;6.835995e-01;-1.182924e+00;5.600765e+00;6.476824e+00;-6.287549e+00;4.782104e-01
2;0.100000;-7.595420e-01;-1.147013e-01;1.056615e+00;-3.734488e+00;2.199995e+00;2.576509e+00;-1.655797e+00;6.362814e+00;3.282335e+00;-2.555410e+00;5.297823e-01;4.013386e-01;-6.400954e+00;1.448967e+00
3;0.150000;1.771524e+00;-1.722159e+00;-7.383584e+00;-7.732170e+00;4.572639e-01;-1.826763e+00;-1.154224e+00;2.472700e+00;6.040321e+00;-1.665999e+00;-4.118262e+00;-9.971526e+00;1.999416e+00;1.024574e+00
4;0.200000;1.381576e+00;-3.619184e+00;-8.528694e+00;-7.120189e+00;-3.541521e+00;-7.678636e+00;6.869659e-01;2.226544e+00;7.883588e+00;-9.701710e-01;-4.879440e+00;-1.000860e+01;7.854397e+00;1.791962e+00
5;0.250000;2.124783e+00;-1.691153e+00;-4.863449e+00;-1.660670e+00;-5.377947e+00;-6.759553e+00;1.824158e+00;1.674542e+00;4.634913e+00;7.253461e-01;-4.893549e+00;-5.959202e+00;7.826977e+00;1.398209e+00
6;0.300000;3.168314e+00;-2.039304e-01;-2.728267e+00;1.570573e+00;-4.311251e+00;-1.834682e+00;6.350660e-01;-4.205268e+00;-5.034572e+00;2.842163e+00;-2.634338e+00;-7.231236e-02;1.761329e+00;-1.173073e+00
7;0.350000;2.394275e+00;2.627801e+00;1.617743e+00;3.447135e+00;2.728367e-01;5.263606e+00;3.335904e+00;-6.641943e+00;-1.040582e+01;3.261196e+00;2.396322e+00;5.972096e+00;-9.860127e-01;-2.740021e+00
8;0.400000;-2.527823e+00;3.768692e+00;7.803654e+00;8.881023e+00;6.432819e-01;5.401574e+00;4.932215e+00;-5.838758e+00;-5.703297e+00;1.530682e+00;4.395942e+00;8.234109e+00;-7.102396e-01;-3.266449e-01
