frameIndex;frameTime;pcm_fftMag_mfcc[0];pcm_fftMag_mfcc[1];pcm_fftMag_mfcc[2];pcm_fftMag_mfcc[3];pcm_fftMag_mfcc[4];pcm_fftMag_mfcc[5];pcm_fftMag_mfcc[6];pcm_fftMag_mfcc[7];pcm_fftMag_mfcc[8];pcm_fftMag_mfcc[9];pcm_fftMag_mfcc[10];pcm_fftMag_mfcc[11];pcm_fftMag_mfcc[12];pcm_fftMag_mfcc[13]
0;0.000000;4.275158e+00;-6.847694e+00;-1.176381e+01;-4.633656e+00;1.533073e+01;9.384309e+00;-1.584849e+00;3.210677e+00;3.327562e+00;2.326308e+00;-1.016509e+01;-9.887379e+00;9.224602e-01;-3.519592e+00
1;0.050000;-7.157059e-01;1.646160e+00;4.561187e+00;-2.165238e+00;-1.020227e+00;2.260598e+00;-3.717307e+00;-2.026207e+00;-5.418382e+00;-1.725397e+00;2.715068e+00;-2.021329e+00;-6.417732e-01;-2.219215e+00
2;0.100000;-2.313979e+00;3.415602e+00;7.508042e+00;-7.012955e-01;-4.050117e+00;1.410675e-02;-1.972026e+00;-3.505048e+00;-5.339942e+00;-1.161875e+00;4.096050e+00;7.543073e-01;-1.279173e+00;1.251801e+00
3;0.150000;-2.299454e+00;2.026525e+00;4.493800e+00;1.358621e+00;-5.431029e+00;-1.854664e+00;1.552420e-01;-3.062649e+00;-1.021470e+00;-3.429273e-01;4.062912e+00;2.001061e+00;-1.499956e+00;2.860413e+00
4;0.200000;-6.551266e-01;3.596740e-01;-2.303629e-01;3.550798e+00;-5.570825e+00;-3.999925e+00;2.346251e+00;-3.772621e-01;3.418556e+00;2.605784e-01;2.779526e+00;3.945511e+00;-3.393443e-01;2.232307e+00
5;0.250000;1.709109e+00;-6.002674e-01;-4.568852e+00;2.590771e+00;7.414694e-01;-5.804420e+00;4.772684e+00;5.760489e+00;5.033678e+00;6.433123e-01;-3.488465e+00;5.207829e+00;2.837786e+00;-6.057129e-01
