frameIndex;frameTime;pcm_fftMag_mfcc[0];pcm_fftMag_mfcc[1];pcm_fftMag_mfcc[2];pcm_fftMag_mfcc[3];pcm_fftMag_mfcc[4];pcm_fftMag_mfcc[5];pcm_fftMag_mfcc[6];pcm_fftMag_mfcc[7];pcm_fftMag_mfcc[8];pcm_fftMag_mfcc[9];pcm_fftMag_mfcc[10];pcm_fftMag_mfcc[11];pcm_fftMag_mfcc[12];pcm_fftMag_mfcc[13]
0;0.000000;-7.170626e+00;-7.901755e+00;8.130739e+00;-1.110320e+00;-5.231678e+00;-4.240925e+00;5.660162e-01;8.294681e+00;-2.705146e+00;-8.044477e-01;-3.672647e+00;9.488487e-02;1.871197e+00;8.478882e+00
1;0.050000;-5.778890e+00;-7.943188e+00;7.949031e+00;1.559772e+00;-4.971819e+00;-4.733165e+00;-1.620040e+00;1.170515e+01;-2.826262e+00;2.979400e-01;-2.570250e+00;1.743468e+00;3.843141e+00;5.464127e+00
2;0.100000;-1.931247e+00;-5.077965e+00;4.316266e+00;4.817845e+00;-4.669764e+00;-1.778854e+00;-1.729934e+00;1.052469e+01;-5.114439e+00;-1.599341e+00;-3.951225e-01;2.777191e+00;4.440566e+00;6.197357e-01
3;0.150000;1.996059e+00;7.295036e-01;-2.949999e+00;2.804365e+00;-5.883162e+00;1.047251e+00;1.830195e+00;4.692035e-01;-3.380017e+00;-4.476371e+00;-2.010760e-01;1.763426e+00;2.994580e-01;-2.072784e+00
4;0.200000;2.340595e+00;1.964211e+00;-2.922824e+00;-4.816952e-01;-3.397081e+00;-8.638599e-01;2.789367e+00;-5.100590e+00;1.525850e+00;-4.687090e+00;2.078171e-01;-1.778011e-01;-1.258064e+00;-2.211067e+00
5;0.250000;1.897786e+00;3.107116e+00;-1.484628e-01;-1.481218e-01;1.078288e+00;-1.801248e+00;3.952869e+00;-8.372297e+00;3.996554e+00;-5.808310e+00;8.505788e-01;-2.530096e+00;-1.600171e+00;-3.397171e+00
6;0.300000;2.401474e+00;4.864964e+00;-7.395031e-01;2.268786e+00;4.890399e+00;9.031296e-04;3.195250e+00;-7.934949e+00;1.848232e+00;-2.471533e+00;2.080530e+00;-2.243622e+00;-2.836261e+00;-4.850609e+00
7;0.350000;2.982881e+00;5.601860e+00;-6.330225e+00;-3.280441e+00;8.582056e+00;4.731879e+00;-2.895692e+00;-5.818166e+00;3.112543e+00;7.517045e+00;3.062667e+00;-1.074101e+00;-2.949049e+00;-1.892876e+00
8;0.400000;3.261967e+00;4.655252e+00;-7.305022e+00;-6.430182e+00;9.602751e+00;7.638017e+00;-6.088029e+00;-3.767726e+00;3.542686e+00;1.203211e+01;6.375003e-01;-3.533502e-01;-1.810817e+00;-1.382294e-01
