frameIndex;frameTime;pcm_fftMag_mfcc[0];pcm_fftMag_mfcc[1];pcm_fftMag_mfcc[2];pcm_fftMag_mfcc[3];pcm_fftMag_mfcc[4];pcm_fftMag_mfcc[5];pcm_fftMag_mfcc[6];pcm_fftMag_mfcc[7];pcm_fftMag_mfcc[8];pcm_fftMag_mfcc[9];pcm_fftMag_mfcc[10];pcm_fftMag_mfcc[11];pcm_fftMag_mfcc[12];pcm_fftMag_mfcc[13]
0;0.000000;-2.591209e+00;2.469907e-01;-1.314312e+01;-3.295650e+00;8.547634e+00;5.500046e+00;-4.759647e+00;1.138135e+00;2.039492e+00;-8.660274e+00;3.857994e+00;-4.030086e+00;-4.596975e+00;3.671951e+00
1;0.050000;-5.145129e+00;3.475434e+00;-1.025304e+01;1.805244e+00;5.233857e+00;3.124203e+00;-2.962311e+00;3.049483e+00;1.127471e+00;-7.823170e+00;2.892574e+00;-3.334364e+00;-1.950612e+00;2.446327e+00
2;0.100000;-4.766051e+00;4.701367e+00;-4.100422e+00;2.792405e+00;-3.144654e+00;1.454574e+00;1.882243e+00;-2.147100e+00;-2.816633e+00;-1.061409e+00;3.355614e-01;-2.043139e+00;1.069458e+00;2.532822e+00
3;0.150000;-3.293683e+00;3.081512e+00;1.204221e+00;-2.737032e-01;-7.249157e+00;1.178265e-01;2.728139e+00;-4.759459e+00;-3.891165e+00;4.516794e+00;-2.152009e-01;-2.099060e+00;1.238981e+00;2.806503e+00
4;0.200000;-6.778946e-01;-1.897287e-02;6.291201e+00;-2.946226e+00;-5.344028e+00;-2.100940e+00;3.160186e+00;-3.269061e+00;-3.316399e+00;7.949274e+00;-6.548554e-02;-1.004020e+00;5.527306e-02;1.068489e+00
5;0.250000;2.613967e+00;-2.951509e+00;8.232369e+00;-3.099463e+00;-1.427290e+00;-4.764766e+00;4.745299e+00;7.025863e-01;-2.323748e+00;7.764745e+00;-1.273083e+00;2.969235e+00;-5.249977e-01;-1.736839e+00
6;0.300000;5.898851e+00;-4.085126e+00;6.428243e+00;1.134751e+00;9.719038e-01;-3.235274e+00;-2.572536e-03;3.298230e+00;1.551759e+00;3.052939e-01;-2.572358e+00;5.195817e+00;1.524567e+00;-4.417168e+00
7;0.350000;7.961143e+00;-4.449699e+00;5.340551e+00;3.882642e+00;2.411732e+00;-9.566879e-02;-4.791336e+00;1.987185e+00;7.629222e+00;-2.991253e+00;-2.960001e+00;4.345620e+00;3.184302e+00;-6.372124e+00
