frameIndex;frameTime;pcm_fftMag_mfcc[0];pcm_fftMag_mfcc[1];pcm_fftMag_mfcc[2];pcm_fftMag_mfcc[3];pcm_fftMag_mfcc[4];pcm_fftMag_mfcc[5];pcm_fftMag_mfcc[6];pcm_fftMag_mfcc[7];pcm_fftMag_mfcc[8];pcm_fftMag_mfcc[9];pcm_fftMag_mfcc[10];pcm_fftMag_mfcc[11];pcm_fftMag_mfcc[12];pcm_fftMag_mfcc[13]
0;0.000000;-3.387269e+00;-5.183623e+00;-1.195278e-01;-2.313702e+00;5.789992e+00;-9.198046e-01;1.985371e+00;1.459633e+00;1.606870e+00;-1.721904e+00;-4.292893e+00;-3.965579e+00;7.588344e-01;3.561432e+00
1;0.050000;5.995307e-01;-1.100740e+01;1.480494e+00;-2.529532e+00;1.449492e+00;3.105644e+00;-1.198939e+00;6.046988e+00;1.100121e+00;-1.343097e+00;-1.730256e+00;-5.264096e+00;1.493448e+00;3.230728e+00
2;0.100000;-1.922221e-01;-7.278588e+00;1.285005e-01;6.793165e-02;6.647596e-01;2.816722e+00;4.443817e-01;4.319277e+00;2.147187e+00;-3.058301e+00;-2.321444e-01;-4.919110e+00;1.111827e+00;1.417412e+00
3;0.150000;-7.891464e-02;2.489922e-01;-4.408255e+00;4.421196e-01;3.069708e+00;2.595231e+00;4.073282e+00;3.940154e-01;1.282042e+00;-2.644850e+00;4.672241e-02;-2.433524e+00;-4.340658e-01;-1.722557e+00
4;0.200000;3.516647e+00;-3.485894e-01;-6.560954e+00;2.228813e-01;2.692914e+00;1.444998e+00;1.042786e-01;-2.001566e+00;2.466562e+00;-3.317809e+00;-2.588153e+00;9.060955e-02;-3.099399e-01;-1.003448e+00
5;0.250000;4.063618e+00;8.590000e-01;-7.217751e+00;3.331998e+00;-3.787851e-01;2.133007e+00;-3.434630e+00;-1.101751e+00;3.046479e+00;-2.818462e+00;-2.529075e+00;1.039714e+00;7.604237e-01;-1.114334e+00
6;0.300000;2.904882e-01;6.658492e+00;-3.800657e+00;4.247148e+00;-1.613278e+00;-2.623559e+00;-2.038036e+00;-1.256723e+00;1.038056e+00;1.899452e-01;9.645691e-01;4.197281e+00;-5.712419e-01;-1.638313e+00
7;0.350000;-2.695036e+00;9.019039e+00;7.816485e+00;5.484614e-01;-5.984756e+00;-4.450048e+00;-1.982636e-01;-3.614123e+00;-5.616719e+00;5.358845e+00;6.007497e+00;5.731874e+00;-1.279407e+00;-1.100327e+00
8;0.400000;-2.116838e+00;7.032680e+00;1.268167e+01;-4.017309e+00;-5.690054e+00;-4.102194e+00;2.625594e-01;-4.245751e+00;-7.070597e+00;9.355636e+00;4.353734e+00;5.522831e+00;-1.529878e+00;-1.630608e+00
