frameIndex;frameTime;pcm_fftMag_mfcc[0];pcm_fftMag_mfcc[1];pcm_fftMag_mfcc[2];pcm_fftMag_mfcc[3];pcm_fftMag_mfcc[4];pcm_fftMag_mfcc[5];pcm_fftMag_mfcc[6];pcm_fftMag_mfcc[7];pcm_fftMag_mfcc[8];pcm_fftMag_mfcc[9];pcm_fftMag_mfcc[10];pcm_fftMag_mfcc[11];pcm_fftMag_mfcc[12];pcm_fftMag_mfcc[13]
0;0.000000;-1.993733e+00;2.583024e+00;-6.107170e+00;-5.337149e+00;9.421774e+00;-2.194901e-01;-4.583764e+00;-1.436879e+00;4.205668e+00;2.752754e+00;-1.826093e+00;-1.321180e+00;-3.587601e+00;3.778618e+00
1;0.050000;-1.203394e-01;1.636824e+00;-3.596593e+00;-3.051768e+00;9.214735e+00;-1.643805e+00;-4.865463e+00;-1.591170e+00;1.010468e+00;3.299405e+00;-3.574581e+00;-1.251572e+00;1.521125e+00;2.224007e+00
2;0.100000;1.206751e+00;-1.753884e+00;-2.738323e+00;-5.123281e-01;5.316583e+00;-1.051924e+00;-4.814879e+00;3.800526e+00;-8.605466e-01;-1.371027e+00;-2.291063e+00;1.731833e+00;3.280767e+00;2.116432e+00
3;0.150000;1.041880e+00;-3.572803e+00;-3.125070e+00;1.035135e+00;2.211325e+00;2.734272e+00;-2.449732e+00;6.399971e+00;2.997566e-01;-6.577335e+00;-3.763294e-01;1.969669e+00;8.397875e-01;2.311684e+00
4;0.200000;1.068249e+00;-2.426287e+00;-3.652878e+00;2.173818e+00;2.376440e+00;3.468375e+00;-3.632545e-03;5.180727e+00;2.102936e+00;-8.163650e+00;7.569752e-01;6.490381e-01;-8.935432e-01;4.706268e-01
5;0.250000;9.316535e-01;3.060102e-02;-2.177275e+00;3.122724e+00;3.238209e+00;1.449576e+00;2.709483e+00;2.601771e-01;3.412160e+00;-4.900547e+00;1.282084e+00;-2.141276e+00;6.831684e-01;-3.445160e+00
6;0.300000;9.610128e-02;7.823591e-01;5.957106e+00;2.684729e+00;-6.843317e+00;-1.156115e+00;3.284156e+00;-6.049762e+00;-4.053950e-01;3.652349e+00;1.822862e+00;-1.365689e+00;1.558606e+00;-3.226486e+00
7;0.350000;-7.368631e-01;1.451017e+00;8.374356e+00;5.435066e-01;-1.253282e+01;-1.567088e+00;4.431336e+00;-5.625834e+00;-4.471795e+00;5.871416e+00;2.175645e+00;2.090824e-01;-1.693363e-01;-2.241760e+00
8;0.400000;-1.493697e+00;1.269151e+00;7.065849e+00;-6.586609e-01;-1.240293e+01;-2.013803e+00;6.292497e+00;-9.377550e-01;-5.293253e+00;5.436636e+00;2.030497e+00;1.520092e+00;-3.232973e+00;-1.987946e+00
