frameIndex;frameTime;pcm_fftMag_mfcc[0];pcm_fftMag_mfcc[1];pcm_fftMag_mfcc[2];pcm_fftMag_mfcc[3];pcm_fftMag_mfcc[4];pcm_fftMag_mfcc[5];pcm_fftMag_mfcc[6];pcm_fftMag_mfcc[7];pcm_fftMag_mfcc[8];pcm_fftMag_mfcc[9];pcm_fftMag_mfcc[10];pcm_fftMag_mfcc[11];pcm_fftMag_mfcc[12];pcm_fftMag_mfcc[13]
0;0.000000;-1.532281e+00;-7.337441e-01;-2.279052e+00;1.257316e+00;2.376418e-01;-1.278389e+00;-1.809699e+00;-1.412215e+00;-2.084067e+00;-2.331393e+00;1.657387e+00;-1.134639e+00;3.295922e-02;2.149414e+00
1;0.050000;-5.988824e-01;-7.782086e-01;-2.103514e+00;-2.323376e+00;8.060269e-01;4.633462e-01;-4.756823e-01;-2.109385e-01;-2.172270e+00;1.456075e+00;1.004882e+00;-1.157341e+00;9.909658e-01;2.337364e+00
2;0.100000;8.190024e-01;-2.398951e-01;3.526464e-01;-1.617941e+00;3.838301e-01;1.530960e+00;1.189224e+00;1.995705e+00;-7.863626e-01;2.014720e+00;-7.792444e-01;2.770801e-01;7.570012e-01;-5.760422e-01
3;0.150000;1.312161e+00;1.751848e+00;4.029922e+00;2.684002e+00;-1.427500e+00;-7.159176e-01;1.096157e+00;-3.725507e-01;5.042702e+00;-1.139402e+00;-1.883026e+00;2.014899e+00;-1.780926e+00;-3.910736e+00
