frameIndex;frameTime;pcm_fftMag_mfcc[0];pcm_fftMag_mfcc[1];pcm_fftMag_mfcc[2];pcm_fftMag_mfcc[3];pcm_fftMag_mfcc[4];pcm_fftMag_mfcc[5];pcm_fftMag_mfcc[6];pcm_fftMag_mfcc[7];pcm_fftMag_mfcc[8];pcm_fftMag_mfcc[9];pcm_fftMag_mfcc[10];pcm_fftMag_mfcc[11];pcm_fftMag_mfcc[12];pcm_fftMag_mfcc[13]
0;0.000000;1.903668e+00;-3.682194e-01;-4.021797e-01;1.784077e+00;2.562414e+00;6.012402e-01;6.166177e-01;9.367790e-01;1.816498e+00;-4.075568e-01;-1.706455e+00;-1.122704e+00;2.167217e+00;-9.355011e-01
1;0.050000;-7.967281e-02;5.269318e-01;1.104885e+00;-4.601314e-01;2.913551e-01;2.390680e-01;4.522725e-01;-1.855043e+00;4.726052e-02;9.230895e-01;-7.442141e-02;1.793443e-01;4.193363e-02;7.974930e-01
2;0.100000;-1.823996e+00;-1.587125e-01;-7.027044e-01;-1.323945e+00;-2.853769e+00;-8.403082e-01;-1.068890e+00;9.182644e-01;-1.863759e+00;-5.155327e-01;1.780876e+00;9.433593e-01;-2.209151e+00;1.380310e-01
