frameIndex;frameTime;pcm_fftMag_mfcc[0];pcm_fftMag_mfcc[1];pcm_fftMag_mfcc[2];pcm_fftMag_mfcc[3];pcm_fftMag_mfcc[4];pcm_fftMag_mfcc[5];pcm_fftMag_mfcc[6];pcm_fftMag_mfcc[7];pcm_fftMag_mfcc[8];pcm_fftMag_mfcc[9];pcm_fftMag_mfcc[10];pcm_fftMag_mfcc[11];pcm_fftMag_mfcc[12];pcm_fftMag_mfcc[13]
0;0.000000;-5.561443e+00;1.161537e+01;4.812159e+00;8.888644e+00;7.793453e+00;9.865294e-01;6.205704e+00;4.051086e+00;4.830931e+00;-1.112804e+00;5.463672e+00;-3.702672e+00;-1.698654e-01;-1.344818e+00
1;0.050000;-1.489389e+00;3.714272e+00;-1.102078e+00;7.840195e+00;1.156751e+00;4.033571e+00;6.531139e+00;1.676877e+00;1.161003e+01;2.801826e+00;-1.297007e-01;-6.202364e+00;9.983013e-01;3.063850e+00
2;0.100000;-2.368092e+00;-1.823014e+00;-4.063679e+00;2.952498e+00;-1.279826e+00;3.169286e+00;5.722239e+00;1.548143e+00;1.208447e+01;1.098879e+00;-3.506163e+00;-6.590620e+00;-1.282077e+00;5.815285e+00
3;0.150000;-4.276918e+00;-5.896362e+00;-5.761620e+00;-2.840936e+00;-2.453926e+00;-1.472349e+00;3.212291e+00;1.542306e+00;7.957191e+00;-5.350194e-01;-9.136269e+00;-4.310199e+00;-3.465737e+00;5.275162e+00
4;0.200000;-3.099524e+00;-4.542327e+00;-2.144622e+00;-2.813991e+00;-1.685248e+00;-4.865383e+00;-2.929282e-01;1.693307e+00;2.241969e+00;-1.217110e+00;-1.166342e+01;2.680798e+00;-2.687512e+00;2.998451e+00
5;0.250000;5.303497e-01;-1.476235e+00;2.975726e-01;-9.989376e-01;-1.000920e+00;-3.851927e+00;-2.948092e+00;-6.037426e-01;-2.491174e+00;-2.900765e-01;-6.413569e+00;8.262346e+00;-1.227167e+00;-6.604462e-01
6;0.300000;5.861033e+00;6.362841e-01;2.511754e-01;-5.618862e+00;3.878107e-01;1.543903e+00;-5.147179e+00;-3.192964e+00;-1.050435e+01;1.006601e+00;4.757792e+00;5.728475e+00;4.526798e+00;-4.486839e+00
7;0.350000;6.114800e+00;-5.200310e-01;2.967752e+00;-7.177120e+00;-4.773464e-01;1.678834e+00;-5.773125e+00;-3.060347e+00;-1.428582e+01;1.009110e+00;1.069936e+01;2.423727e+00;2.942431e+00;-4.787224e+00
8;0.400000;4.289181e+00;-1.707954e+00;4.743340e+00;-2.314863e-01;-2.440749e+00;-1.222467e+00;-7.510052e+00;-3.654661e+00;-1.144324e+01;-2.761406e+00;9.928289e+00;1.710506e+00;3.648257e-01;-5.873436e+00
