frameIndex;frameTime;pcm_fftMag_mfcc[0];pcm_fftMag_mfcc[1];pcm_fftMag_mfcc[2];pcm_fftMag_mfcc[3];pcm_fftMag_mfcc[4];pcm_fftMag_mfcc[5];pcm_fftMag_mfcc[6];pcm_fftMag_mfcc[7];pcm_fftMag_mfcc[8];pcm_fftMag_mfcc[9];pcm_fftMag_mfcc[10];pcm_fftMag_mfcc[11];pcm_fftMag_mfcc[12];pcm_fftMag_mfcc[13]
0;0.000000;1.615114e-01;-1.650132e+00;-3.673630e+00;-1.290117e+00;4.885002e+00;-4.254330e+00;1.946014e+00;9.286427e-01;-4.122137e+00;-4.296799e+00;-6.110378e+00;7.335188e-01;3.380811e+00;1.744209e+00
1;0.050000;4.486219e+00;-2.014516e+00;-4.995724e+00;-5.668041e+00;3.957920e+00;1.478255e+00;8.464035e+00;1.589613e-01;-4.273591e+00;-1.053420e+00;-8.882059e+00;-1.862638e+00;3.343914e+00;7.397156e-01
2;0.100000;6.944910e+00;-1.112480e+00;-2.988211e+00;-6.595456e+00;2.300989e+00;3.547615e+00;5.997435e+00;-2.700692e+00;-4.056215e+00;-7.003503e-01;-9.908531e+00;-3.032457e+00;8.797903e-01;-4.374695e-01
3;0.150000;4.178571e+00;-6.830645e-01;-1.540794e+00;-4.206246e+00;4.354603e+00;5.715437e+00;-3.956751e+00;-1.772953e+00;-1.730631e+00;-1.370360e+00;-2.479246e-01;-2.112036e+00;-2.654895e+00;1.109772e-01
4;0.200000;-6.936541e-01;1.389351e+00;-2.740910e+00;8.968165e-01;9.360474e+00;6.218112e+00;-4.251301e+00;6.142159e-01;2.630662e+00;1.535655e+00;6.085829e+00;3.210304e+00;-1.591369e+00;1.269112e+00
5;0.250000;-4.711549e+00;3.059788e+00;-2.281223e+00;6.393742e+00;9.994898e+00;4.860278e+00;-2.647658e+00;1.864250e+00;4.693059e+00;2.835801e+00;7.338256e+00;4.000323e+00;-1.444046e+00;4.884338e-02
6;0.300000;-6.181861e+00;3.932193e+00;2.574206e+00;8.661072e+00;-3.737115e+00;-5.422637e+00;-2.547228e+00;5.611467e-01;3.860111e+00;2.053649e+00;4.753392e+00;6.870666e-01;-1.960107e+00;-1.545082e+00
7;0.350000;-3.630485e+00;6.579380e-01;6.054399e+00;3.763335e+00;-1.508956e+01;-8.774410e+00;-2.094354e+00;1.469898e-02;2.520729e+00;1.098457e+00;4.381438e+00;6.020923e-01;4.415975e-01;-7.516251e-01
8;0.400000;-5.536547e-01;-3.579081e+00;9.591876e+00;-1.955103e+00;-1.602721e+01;-3.368320e+00;-9.101963e-01;3.317404e-01;4.780102e-01;-1.026268e-01;2.589976e+00;-2.226175e+00;-3.956966e-01;-1.178711e+00
