frameIndex;frameTime;pcm_fftMag_mfcc[0];pcm_fftMag_mfcc[1];pcm_fftMag_mfcc[2];pcm_fftMag_mfcc[3];pcm_fftMag_mfcc[4];pcm_fftMag_mfcc[5];pcm_fftMag_mfcc[6];pcm_fftMag_mfcc[7];pcm_fftMag_mfcc[8];pcm_fftMag_mfcc[9];pcm_fftMag_mfcc[10];pcm_fftMag_mfcc[11];pcm_fftMag_mfcc[12];pcm_fftMag_mfcc[13]
0;0.000000;-2.501884e-01;3.287737e+00;-6.801658e-01;1.314035e+01;-1.353943e+00;-2.741597e+00;3.431266e+00;-4.856562e+00;4.002953e-01;-9.303944e+00;4.629674e+00;-5.000550e+00;7.629862e-01;-3.633209e+00
1;0.050000;-9.187312e-01;9.025140e-01;-4.652834e-01;-1.632719e+00;1.628666e+00;-2.582945e-01;2.858776e+00;-2.253090e+00;4.800526e+00;-2.987680e-01;-6.232033e-01;-9.460976e-01;-9.018288e-01;-5.484543e-01
2;0.100000;-9.017358e-01;-1.796546e+00;-8.736429e-01;-6.481176e+00;6.360531e-01;4.046153e-01;-6.708279e-01;9.965598e-01;4.225655e-01;3.154587e+00;-3.749645e+00;2.903595e+00;-2.073975e+00;2.205978e+00
3;0.150000;1.695032e-01;-2.071984e+00;1.446581e-02;-5.287237e+00;-1.755724e-01;1.007485e+00;-2.493286e+00;3.404199e+00;-2.459031e+00;3.961281e+00;-2.498575e+00;3.315518e+00;-5.131092e-01;2.363060e+00
4;0.200000;1.901150e+00;-3.217225e-01;2.004626e+00;2.607861e-01;-7.352018e-01;1.587791e+00;-3.125929e+00;2.708894e+00;-3.164353e+00;2.486841e+00;2.241754e+00;-2.724652e-01;2.725930e+00;-3.873291e-01
