frameIndex;frameTime;pcm_fftMag_mfcc[0];pcm_fftMag_mfcc[1];pcm_fftMag_mfcc[2];pcm_fftMag_mfcc[3];pcm_fftMag_mfcc[4];pcm_fftMag_mfcc[5];pcm_fftMag_mfcc[6];pcm_fftMag_mfcc[7];pcm_fftMag_mfcc[8];pcm_fftMag_mfcc[9];pcm_fftMag_mfcc[10];pcm_fftMag_mfcc[11];pcm_fftMag_mfcc[12];pcm_fftMag_mfcc[13]
0;0.000000;-2.290106e+00;-3.431835e+00;3.462925e-01;7.331134e+00;3.331184e-02;-9.483130e+00;3.012520e+00;5.772706e+00;3.591611e+00;-2.601904e+00;-3.778276e-01;3.795959e+00;-5.710557e+00;5.487671e-01
1;0.050000;1.154604e+00;-1.514377e+00;-1.135762e+00;5.616961e+00;3.129890e+00;-8.214255e+00;-2.301006e-01;4.508177e+00;4.423504e-01;-5.491688e+00;1.496164e+00;5.392921e+00;-4.264863e+00;-1.054581e+00
2;0.100000;6.246718e+00;1.135312e+00;-3.616995e+00;-2.523668e+00;5.132033e+00;2.426643e+00;-3.355331e-01;9.787974e-01;-3.856392e-01;-3.906961e+00;3.814907e+00;4.621734e+00;-1.284036e+00;-2.259766e+00
3;0.150000;3.196302e+00;8.594465e-01;-3.710602e+00;-4.548279e+00;-5.577459e-01;8.470819e+00;-2.675362e-01;-1.653450e+00;-2.965820e+00;2.335051e+00;-4.963808e-01;-2.028054e+00;5.133853e+00;-5.983047e-01
4;0.200000;-2.916695e+00;-3.875017e-01;4.909053e-01;-3.264812e+00;-2.932536e+00;5.676566e+00;7.103567e-01;-3.806829e+00;-1.893782e+00;2.806168e+00;-2.913810e+00;-6.145209e+00;4.357707e+00;1.578445e+00
5;0.250000;-5.390825e+00;3.338948e+00;7.626164e+00;-2.611328e+00;-4.804955e+00;1.123358e+00;-2.889713e+00;-5.799399e+00;1.211285e+00;6.859335e+00;-1.523052e+00;-5.637345e+00;1.767895e+00;1.785507e+00
