frameIndex;frameTime;pcm_fftMag_mfcc[0];pcm_fftMag_mfcc[1];pcm_fftMag_mfcc[2];pcm_fftMag_mfcc[3];pcm_fftMag_mfcc[4];pcm_fftMag_mfcc[5];pcm_fftMag_mfcc[6];pcm_fftMag_mfcc[7];pcm_fftMag_mfcc[8];pcm_fftMag_mfcc[9];pcm_fftMag_mfcc[10];pcm_fftMag_mfcc[11];pcm_fftMag_mfcc[12];pcm_fftMag_mfcc[13]
0;0.000000;2.240988e+00;-1.065014e+00;-4.789069e+00;1.706638e+00;9.722649e+00;8.320782e+00;-4.973655e+00;-4.670303e+00;2.292501e+00;-2.316053e+00;-3.840974e+00;-4.924261e+00;3.412286e+00;-1.412956e+00
1;0.050000;-8.757925e-01;2.911097e+00;4.908892e+00;2.252201e+00;-9.063148e-01;-4.609299e-01;-7.745883e-01;-7.921143e-01;-1.864230e+00;-1.897473e+00;2.124568e+00;1.062310e+00;-1.392157e+00;-2.545319e-01
2;0.100000;-1.870176e+00;1.453457e-01;1.265074e+00;-1.366138e+00;-4.672216e+00;-3.779877e+00;1.771413e+00;6.233444e-01;-1.878793e+00;6.096836e-01;2.321151e+00;2.353466e+00;-9.408340e-01;9.174347e-01
3;0.150000;5.049810e-01;-1.991429e+00;-1.384897e+00;-2.592702e+00;-4.144117e+00;-4.079971e+00;3.976831e+00;4.839074e+00;1.450521e+00;3.603843e+00;-6.047436e-01;1.508485e+00;-1.079297e+00;7.500534e-01
