frameIndex;frameTime;pcm_fftMag_mfcc[0];pcm_fftMag_mfcc[1];pcm_fftMag_mfcc[2];pcm_fftMag_mfcc[3];pcm_fftMag_mfcc[4];pcm_fftMag_mfcc[5];pcm_fftMag_mfcc[6];pcm_fftMag_mfcc[7];pcm_fftMag_mfcc[8];pcm_fftMag_mfcc[9];pcm_fftMag_mfcc[10];pcm_fftMag_mfcc[11];pcm_fftMag_mfcc[12];pcm_fftMag_mfcc[13]
0;0.000000;-2.601870e-01;9.805325e-02;4.339199e-01;3.347078e+00;-1.494627e-01;-2.043324e-01;-3.171460e+00;-1.159753e+00;6.788697e-01;-2.503209e+00;1.138391e-01;1.974193e+00;8.502736e-01;2.230453e-01
1;0.050000;3.648514e-01;-8.441895e-02;2.709074e-01;6.598053e-01;4.310732e-01;-4.153538e-02;-8.529787e-01;-1.840115e-02;1.108976e+00;5.248349e-01;2.025199e+00;-2.669885e-01;9.871089e-02;5.953369e-01
2;0.100000;-1.046643e-01;-1.363426e-02;-7.048264e-01;-4.006883e+00;-2.816114e-01;2.458677e-01;4.024439e+00;1.178154e+00;-1.787846e+00;1.978374e+00;-2.139039e+00;-1.707205e+00;-9.489847e-01;-8.183746e-01
