frameIndex;frameTime;pcm_fftMag_mfcc[0];pcm_fftMag_mfcc[1];pcm_fftMag_mfcc[2];pcm_fftMag_mfcc[3];pcm_fftMag_mfcc[4];pcm_fftMag_mfcc[5];pcm_fftMag_mfcc[6];pcm_fftMag_mfcc[7];pcm_fftMag_mfcc[8];pcm_fftMag_mfcc[9];pcm_fftMag_mfcc[10];pcm_fftMag_mfcc[11];pcm_fftMag_mfcc[12];pcm_fftMag_mfcc[13]
0;0.000000;4.537098e-01;2.741156e+00;1.734064e+00;5.223122e-01;2.669502e+00;-3.276298e+00;-3.771515e-01;1.301729e+00;-3.692170e+00;-2.293912e+00;-2.785659e+00;-6.387139e+00;3.974009e-01;-4.722099e+00
1;0.050000;-4.168389e-01;-1.215766e+00;-1.285796e+00;-5.759115e-01;-1.737694e+00;1.223488e-01;-9.802551e-01;-9.296551e-01;1.589120e+00;8.101225e-01;2.761185e-02;1.968939e+00;-4.071064e-01;1.211418e+00
2;0.100000;-3.687119e-02;-1.525392e+00;-4.482694e-01;5.360126e-02;-9.318085e-01;3.153947e+00;1.357405e+00;-3.720760e-01;2.103050e+00;1.483789e+00;2.758047e+00;4.418201e+00;9.708405e-03;3.510696e+00
