frameIndex;frameTime;pcm_fftMag_mfcc[0];pcm_fftMag_mfcc[1];pcm_fftMag_mfcc[2];pcm_fftMag_mfcc[3];pcm_fftMag_mfcc[4];pcm_fftMag_mfcc[5];pcm_fftMag_mfcc[6];pcm_fftMag_mfcc[7];pcm_fftMag_mfcc[8];pcm_fftMag_mfcc[9];pcm_fftMag_mfcc[10];pcm_fftMag_mfcc[11];pcm_fftMag_mfcc[12];pcm_fftMag_mfcc[13]
0;0.000000;4.624186e-01;6.166043e+00;-3.221465e+00;7.121617e+00;1.562372e+00;1.897315e+00;-4.336205e+00;1.176340e+00;6.495927e+00;-1.243311e+00;-1.392353e+00;-1.865812e+00;5.064821e+00;-7.472534e-01
1;0.050000;-8.568754e-01;7.439938e-01;-1.284053e-01;9.714203e-01;-1.218733e+00;-5.269833e-01;2.359660e-01;-4.939782e-01;-2.342653e-01;-3.131741e-01;-1.713541e+00;-2.667267e+00;-7.379236e-01;1.114365e+00
2;0.100000;-2.894878e-01;-3.629106e+00;1.347443e+00;-3.720730e+00;-5.629044e-01;-1.864862e+00;1.645350e+00;-6.201974e-01;-2.945791e+00;1.059941e+00;-7.930450e-01;8.199099e-01;-2.922886e+00;9.541321e-01
3;0.150000;6.839457e-01;-3.280931e+00;2.002428e+00;-4.372309e+00;2.192631e-01;4.945335e-01;2.454888e+00;-6.216418e-02;-3.315866e+00;4.965448e-01;3.898937e+00;3.713169e+00;-1.404015e+00;-1.321236e+00
