frameIndex;frameTime;pcm_fftMag_mfcc[0];pcm_fftMag_mfcc[1];pcm_fftMag_mfcc[2];pcm_fftMag_mfcc[3];pcm_fftMag_mfcc[4];pcm_fftMag_mfcc[5];pcm_fftMag_mfcc[6];pcm_fftMag_mfcc[7];pcm_fftMag_mfcc[8];pcm_fftMag_mfcc[9];pcm_fftMag_mfcc[10];pcm_fftMag_mfcc[11];pcm_fftMag_mfcc[12];pcm_fftMag_mfcc[13]
0;0.000000;-4.180138e+00;1.140990e+01;8.651623e+00;-7.986069e-02;9.463608e+00;-1.503961e+00;2.260637e+00;-5.833397e-01;8.774343e+00;1.171850e+00;1.092568e+01;4.942595e+00;-2.445250e+00;4.367676e-01
1;0.050000;1.832421e-01;4.857255e+00;7.251717e-01;9.722786e-01;1.190791e+01;2.897525e+00;5.446111e+00;5.796595e-01;8.444054e+00;3.564994e+00;5.943097e+00;8.875179e-02;2.031361e+00;2.515373e+00
2;0.100000;7.042191e-01;-3.252076e+00;-3.443016e+00;3.263702e+00;6.329313e+00;5.120984e+00;7.166866e+00;3.918985e+00;5.197402e+00;4.813207e+00;-8.171654e-02;1.169167e-01;4.611060e+00;4.463402e+00
3;0.150000;-2.040341e+00;-6.614125e+00;-5.109601e+00;9.550281e-01;1.339697e+00;1.784052e+00;6.690971e+00;3.114944e+00;2.876038e+00;5.173738e-01;-4.112218e+00;8.954210e-01;2.719484e+00;4.955658e+00
4;0.200000;-2.543806e+00;-6.254405e+00;-4.439753e+00;-1.384341e+00;-5.618912e+00;-4.669846e+00;3.251029e+00;-9.327030e-01;-1.472776e+00;-5.149213e+00;-7.897508e+00;4.588766e-01;-1.031853e+00;2.435219e+00
5;0.250000;6.725843e-01;-2.161064e+00;-9.144237e-01;-8.295007e-01;-9.062374e+00;-6.210287e+00;-5.850849e-01;-3.187487e+00;-4.653497e+00;-3.932746e+00;-5.418290e+00;2.211081e+00;-2.734864e+00;-2.262802e+00
6;0.300000;3.826281e+00;7.471509e-01;4.901586e-01;-1.535171e+00;-7.856388e+00;1.169205e+00;-1.237575e+01;-1.348983e+00;-1.007090e+01;-6.747426e-01;-4.405403e-02;-3.437984e+00;-1.863161e+00;-6.032845e+00
7;0.350000;3.377958e+00;1.267367e+00;4.039842e+00;-1.362137e+00;-6.502847e+00;1.412328e+00;-1.185478e+01;-1.561074e+00;-9.094666e+00;-3.107243e-01;6.850090e-01;-5.275654e+00;-1.286774e+00;-6.510757e+00
