frameIndex;frameTime;pcm_fftMag_mfcc[0];pcm_fftMag_mfcc[1];pcm_fftMag_mfcc[2];pcm_fftMag_mfcc[3];pcm_fftMag_mfcc[4];pcm_fftMag_mfcc[5];pcm_fftMag_mfcc[6];pcm_fftMag_mfcc[7];pcm_fftMag_mfcc[8];pcm_fftMag_mfcc[9];pcm_fftMag_mfcc[10];pcm_fftMag_mfcc[11];pcm_fftMag_mfcc[12];pcm_fftMag_mfcc[13]
0;0.000000;-9.856215e+00;1.600181e+01;-7.933197e+00;3.778151e+00;-3.438943e+00;-5.944042e+00;5.217311e+00;-2.033187e+00;-8.483696e-01;4.262285e+00;3.557322e+00;1.208830e+00;1.848499e+00;-8.262177e-01
1;0.050000;-6.716940e+00;9.909154e+00;-3.562450e+00;-1.707958e+00;-7.818036e+00;-1.004223e+00;-1.554251e-03;-2.316922e+00;2.485609e+00;1.797518e+00;-9.617186e-02;1.511837e+00;1.823900e+00;1.961723e+00
2;0.100000;-3.767630e+00;3.960000e+00;1.317661e+00;-5.356455e+00;-2.561700e+00;3.541378e+00;-3.713012e-01;2.289451e+00;3.637703e+00;3.190169e+00;-8.533721e-01;2.409232e+00;2.135378e+00;2.504517e+00
3;0.150000;-5.530357e-01;-5.760582e+00;1.150539e+00;-7.458347e+00;-5.981703e-01;1.779623e+00;2.534811e+00;1.299065e+00;3.437281e-02;3.983521e-01;-3.106022e+00;3.948438e-01;-5.597577e-01;3.141624e+00
4;0.200000;2.097548e+00;-9.119470e+00;7.063224e-01;-3.430563e+00;-1.116673e+00;5.908527e-01;3.244291e+00;-5.831890e-01;-4.107790e-01;-1.078868e+00;-3.661633e-03;7.341325e-02;1.754987e+00;3.263481e+00
5;0.250000;4.285706e+00;-8.924529e+00;1.641363e+00;1.782101e+00;1.506829e+00;1.967812e-02;3.551404e+00;-3.368083e+00;-2.131436e+00;-4.356244e+00;-6.824970e-02;-3.295062e+00;-4.181781e-01;4.735336e-01
6;0.300000;6.901840e+00;-4.880457e+00;3.392443e+00;5.495468e+00;3.951616e+00;-7.948494e-02;-1.378629e+00;-1.871614e-01;-3.626884e+00;-3.378280e+00;-5.897765e-01;-4.560783e+00;-4.141331e+00;-4.427956e+00
7;0.350000;7.608714e+00;-1.185926e+00;3.287318e+00;6.897604e+00;1.007508e+01;1.096212e+00;-1.279633e+01;4.900025e+00;8.597817e-01;-8.349309e-01;1.159931e+00;2.257690e+00;-2.443498e+00;-6.090714e+00
