frameIndex;frameTime;pcm_fftMag_mfcc[0];pcm_fftMag_mfcc[1];pcm_fftMag_mfcc[2];pcm_fftMag_mfcc[3];pcm_fftMag_mfcc[4];pcm_fftMag_mfcc[5];pcm_fftMag_mfcc[6];pcm_fftMag_mfcc[7];pcm_fftMag_mfcc[8];pcm_fftMag_mfcc[9];pcm_fftMag_mfcc[10];pcm_fftMag_mfcc[11];pcm_fftMag_mfcc[12];pcm_fftMag_mfcc[13]
0;0.000000;-4.341132e+00;4.531790e+00;-5.615139e-01;4.460357e+00;-1.955018e+00;-3.149976e+00;-1.411758e+00;-7.251581e+00;-1.111970e+01;-6.838057e+00;7.360237e+00;-3.351021e-02;2.221203e-02;-1.300156e+00
1;0.050000;-1.198302e+00;3.744970e+00;-4.003677e+00;-3.350834e+00;-1.249905e+00;2.089360e+00;-1.517044e+00;-5.577503e+00;-3.275996e+00;-2.879961e+00;-6.375098e-01;-2.294885e+00;-2.851022e+00;-9.517975e-01
2;0.100000;2.663727e-01;-4.459929e+00;-1.718411e+00;-8.050839e+00;1.243361e+00;2.029478e+00;2.350578e-01;6.642237e-01;1.272168e+00;2.753229e+00;-5.534898e+00;5.618796e-01;-3.418405e+00;1.583717e+00
3;0.150000;3.104601e-01;-5.464099e+00;-6.131129e-01;-5.429064e+00;9.933686e-01;9.506829e-01;7.448902e-01;5.190271e+00;3.893715e+00;4.826970e+00;-5.114808e+00;1.762430e+00;-6.356392e-01;2.716003e+00
4;0.200000;1.373477e+00;-1.767859e+00;2.397705e+00;1.990679e+00;5.165610e-01;-3.963561e-01;9.623890e-01;5.883012e+00;6.004757e+00;2.311028e+00;-1.977879e+00;-7.807055e-01;2.712691e+00;1.060081e+00
5;0.250000;3.589122e+00;3.415133e+00;4.499013e+00;1.037970e+01;4.516311e-01;-1.523190e+00;9.864750e-01;1.091580e+00;3.225060e+00;-1.732097e-01;5.904857e+00;7.847900e-01;4.170160e+00;-3.107857e+00
