frameIndex;frameTime;pcm_fftMag_mfcc[0];pcm_fftMag_mfcc[1];pcm_fftMag_mfcc[2];pcm_fftMag_mfcc[3];pcm_fftMag_mfcc[4];pcm_fftMag_mfcc[5];pcm_fftMag_mfcc[6];pcm_fftMag_mfcc[7];pcm_fftMag_mfcc[8];pcm_fftMag_mfcc[9];pcm_fftMag_mfcc[10];pcm_fftMag_mfcc[11];pcm_fftMag_mfcc[12];pcm_fftMag_mfcc[13]
0;0.000000;-3.722706e-01;1.430314e+01;-1.363056e+01;-7.226401e+00;1.341341e+01;2.964491e+00;9.790281e+00;1.662354e+00;5.234225e-01;-3.123941e+00;1.254073e+00;-3.498954e+00;-2.188630e+00;-6.974106e-01
1;0.050000;-6.923514e+00;1.128958e+01;-8.235747e+00;4.540655e+00;8.289349e+00;-3.733885e+00;1.200109e+01;6.820459e-01;8.546405e-01;-1.605171e+00;-5.202675e-01;2.132809e-01;2.054364e+00;-2.347664e+00
2;0.100000;-7.655841e+00;2.652589e+00;-3.387988e+00;1.987392e+00;-6.666833e+00;-6.125875e+00;7.171808e+00;-5.108358e+00;-1.661001e+00;-5.090226e+00;1.727954e+00;3.363447e+00;1.423712e+00;1.716301e+00
3;0.150000;-4.792117e+00;-3.255617e+00;1.538200e-01;-1.663730e+00;-1.290832e+01;-6.926025e+00;1.390476e-01;-6.493454e+00;-2.004324e+00;-6.452071e+00;7.522638e-01;8.287952e-01;2.443571e-01;4.880707e+00
4;0.200000;-4.553833e-01;-7.756746e+00;4.223667e+00;-1.549773e+00;-1.139260e+01;-4.005217e+00;-5.062892e+00;-1.099900e+00;-3.987565e-01;-2.320995e+00;-6.999234e-01;2.508409e-01;-1.390722e-01;5.384499e+00
5;0.250000;3.312088e+00;-9.102880e+00;7.244078e+00;7.473207e-01;-5.847346e+00;9.778137e-01;-7.246585e+00;5.310206e+00;8.931695e-01;3.585604e+00;-2.507636e+00;1.879146e+00;-2.693565e-01;2.904137e+00
6;0.300000;6.696500e+00;-6.584264e+00;8.074648e+00;3.031196e+00;2.965425e+00;5.988811e+00;-7.489675e+00;5.960105e+00;3.156803e+00;5.900959e+00;-2.819655e+00;5.343025e-01;-7.977886e-01;-2.915085e+00
7;0.350000;1.019053e+01;-1.545803e+00;5.558085e+00;1.333380e-01;1.214690e+01;1.085989e+01;-9.303071e+00;-9.130020e-01;-1.363954e+00;9.105843e+00;2.813190e+00;-3.570857e+00;-3.275855e-01;-8.925484e+00
