frameIndex;frameTime;pcm_fftMag_mfcc[0];pcm_fftMag_mfcc[1];pcm_fftMag_mfcc[2];pcm_fftMag_mfcc[3];pcm_fftMag_mfcc[4];pcm_fftMag_mfcc[5];pcm_fftMag_mfcc[6];pcm_fftMag_mfcc[7];pcm_fftMag_mfcc[8];pcm_fftMag_mfcc[9];pcm_fftMag_mfcc[10];pcm_fftMag_mfcc[11];pcm_fftMag_mfcc[12];pcm_fftMag_mfcc[13]
0;0.000000;3.666569e+00;-5.134859e+00;-1.608149e+01;5.125329e+00;7.782008e+00;3.159125e+00;-2.433844e+00;4.504174e+00;7.376782e+00;-1.169682e+01;-5.450891e+00;-5.047412e-01;-1.097328e+00;3.540825e+00
1;0.050000;4.612694e-01;1.662090e+00;-8.473133e+00;8.079517e+00;5.411764e+00;2.855445e+00;1.138894e+00;7.243544e+00;2.491477e+00;-3.022880e+00;-3.017783e+00;-1.782103e-01;2.817343e+00;9.906769e-01
2;0.100000;-3.394129e+00;4.883835e+00;5.436936e+00;2.717947e+00;-4.259031e+00;3.232946e-01;2.461278e+00;8.675957e-01;-4.438757e+00;5.965050e+00;6.216746e+00;3.359485e+00;2.198864e+00;-4.835587e-01
3;0.150000;-2.080318e+00;3.978450e-01;7.329311e+00;-5.326903e+00;-6.478281e+00;-3.330128e+00;-1.102813e+00;-4.595666e+00;-4.558122e+00;6.376219e+00;2.629119e+00;5.060592e-01;-6.449790e-01;-8.997803e-01
4;0.200000;1.346614e+00;-1.808911e+00;1.178838e+01;-1.059589e+01;-2.456461e+00;-3.007737e+00;-6.351632e-02;-8.019648e+00;-8.713794e-01;2.378435e+00;-3.771920e-01;-3.182592e+00;-3.273900e+00;-3.148117e+00
