frameIndex;frameTime;pcm_fftMag_mfcc[0];pcm_fftMag_mfcc[1];pcm_fftMag_mfcc[2];pcm_fftMag_mfcc[3];pcm_fftMag_mfcc[4];pcm_fftMag_mfcc[5];pcm_fftMag_mfcc[6];pcm_fftMag_mfcc[7];pcm_fftMag_mfcc[8];pcm_fftMag_mfcc[9];pcm_fftMag_mfcc[10];pcm_fftMag_mfcc[11];pcm_fftMag_mfcc[12];pcm_fftMag_mfcc[13]
0;0.000000;6.986375e-01;1.530890e+00;-7.408299e-01;4.482895e+00;5.820044e+00;5.563612e+00;1.349607e+00;-2.664561e+00;-2.429717e+00;-2.050191e+00;1.848717e+00;-1.077675e+00;3.949224e+00;-2.074066e+00
1;0.050000;8.028460e-02;3.064639e+00;3.775235e+00;4.689346e+00;1.042526e+00;-9.570513e-01;-1.363815e+00;-3.858840e+00;-7.370026e-01;2.398885e+00;8.488625e-01;-1.313663e-01;1.720996e+00;-7.785797e-01
2;0.100000;-5.068126e-01;1.836583e+00;2.949648e+00;-4.214064e-01;-1.913696e+00;-2.149760e+00;-1.100645e+00;-1.670097e+00;-1.545049e+00;3.072244e+00;-5.084527e-02;9.348103e-01;7.018266e-01;-7.371292e-01
3;0.150000;-1.183494e+00;-2.853987e+00;-2.575712e+00;-5.239807e+00;-4.616093e+00;-2.807566e+00;-8.931828e-02;1.278171e+00;1.304497e+00;-3.434010e-01;-1.025793e+00;-5.214581e-01;-3.711341e+00;9.088287e-01
4;0.200000;9.113874e-01;-3.578126e+00;-3.408341e+00;-3.511029e+00;-3.327847e-01;3.507662e-01;1.204171e+00;6.915327e+00;3.407272e+00;-3.077538e+00;-1.620941e+00;7.956892e-01;-2.660706e+00;2.681000e+00
