frameIndex;frameTime;pcm_fftMag_mfcc[0];pcm_fftMag_mfcc[1];pcm_fftMag_mfcc[2];pcm_fftMag_mfcc[3];pcm_fftMag_mfcc[4];pcm_fftMag_mfcc[5];pcm_fftMag_mfcc[6];pcm_fftMag_mfcc[7];pcm_fftMag_mfcc[8];pcm_fftMag_mfcc[9];pcm_fftMag_mfcc[10];pcm_fftMag_mfcc[11];pcm_fftMag_mfcc[12];pcm_fftMag_mfcc[13]
0;0.000000;3.990283e-01;2.072141e+00;-2.377215e+00;3.872800e+00;1.793049e+00;-4.658143e+00;-2.058928e+00;-2.307603e+00;5.566682e+00;3.932871e+00;-1.717176e+00;-1.870919e+00;1.789021e+00;-1.339630e+00
1;0.050000;1.080100e+00;2.371514e+00;1.565891e+00;2.953287e+00;-2.018461e+00;-1.120452e+00;-7.761168e+00;-3.604050e-01;2.170590e+00;8.780113e+00;-1.853344e+00;-4.205064e+00;4.719742e+00;-2.504410e+00
2;0.100000;2.638946e-01;2.267684e+00;5.509365e+00;-1.314000e+00;-1.642927e+00;-3.186250e-01;-3.650552e+00;2.230539e-01;2.290209e+00;7.886347e+00;2.254581e-01;-1.541253e+00;-6.802862e-01;-2.503212e+00
3;0.150000;-5.402951e-01;-8.451118e-01;2.900046e+00;-2.292384e+00;-4.045696e-01;8.194466e-01;3.215393e+00;1.751014e+00;-2.010916e+00;-3.131291e+00;4.828270e+00;2.756876e+00;-2.720064e+00;5.328979e-01
4;0.200000;-7.035494e-01;-2.863147e+00;-2.044463e+00;-1.656316e+00;8.026943e-01;2.247594e+00;4.351847e+00;1.399633e+00;-4.369001e+00;-8.521019e+00;2.141037e+00;2.348216e+00;-1.593639e+00;2.891762e+00
5;0.250000;-4.991775e-01;-3.003082e+00;-5.553625e+00;-1.563389e+00;1.470219e+00;3.030180e+00;5.903408e+00;-7.056980e-01;-3.647566e+00;-8.947021e+00;-3.624241e+00;2.512144e+00;-1.514775e+00;2.922585e+00
