frameIndex;frameTime;pcm_fftMag_mfcc[0];pcm_fftMag_mfcc[1];pcm_fftMag_mfcc[2];pcm_fftMag_mfcc[3];pcm_fftMag_mfcc[4];pcm_fftMag_mfcc[5];pcm_fftMag_mfcc[6];pcm_fftMag_mfcc[7];pcm_fftMag_mfcc[8];pcm_fftMag_mfcc[9];pcm_fftMag_mfcc[10];pcm_fftMag_mfcc[11];pcm_fftMag_mfcc[12];pcm_fftMag_mfcc[13]
0;0.000000;-4.858247e+00;-5.239022e+00;-6.163083e+00;-4.393484e+00;9.831381e-01;1.753972e+00;2.008083e+00;-1.280162e+00;1.087198e+01;7.024674e+00;4.857860e+00;6.661222e+00;1.247048e+00;1.009422e+00
1;0.050000;3.746429e-01;-8.739805e-02;3.411102e-01;-9.694958e-01;-2.228681e+00;-3.250970e+00;-1.606745e+00;-1.385636e+00;-3.430350e+00;-4.286459e+00;-8.039474e-02;-1.915301e+00;-3.113498e+00;9.109497e-02
2;0.100000;4.483604e+00;5.326421e+00;5.821976e+00;5.362980e+00;1.245541e+00;1.496998e+00;-4.013405e-01;2.665797e+00;-7.441627e+00;-2.738216e+00;-4.777465e+00;-4.745920e+00;1.866450e+00;-1.100494e+00
