frameIndex;frameTime;pcm_fftMag_mfcc[0];pcm_fftMag_mfcc[1];pcm_fftMag_mfcc[2];pcm_fftMag_mfcc[3];pcm_fftMag_mfcc[4];pcm_fftMag_mfcc[5];pcm_fftMag_mfcc[6];pcm_fftMag_mfcc[7];pcm_fftMag_mfcc[8];pcm_fftMag_mfcc[9];pcm_fftMag_mfcc[10];pcm_fftMag_mfcc[11];pcm_fftMag_mfcc[12];pcm_fftMag_mfcc[13]
0;0.000000;-2.843899e+00;3.565530e-01;-5.545991e+00;-2.764159e+00;3.991498e+00;1.381815e+00;1.009964e+01;7.261275e+00;2.218128e+00;7.072167e+00;-4.238416e+00;-6.588268e-01;3.212922e+00;6.380836e+00
1;0.050000;-3.149670e+00;3.787294e-01;-3.932052e+00;4.890114e-01;2.088122e+00;-3.058929e+00;8.390368e+00;4.440619e+00;1.002074e+00;2.782711e+00;-3.534838e+00;-6.300964e-01;1.297612e+00;4.227440e+00
2;0.100000;-1.171817e+00;1.605899e+00;-2.908418e+00;2.669890e+00;6.129713e-01;-1.886652e+00;3.941720e+00;-2.323608e-01;2.528620e-01;9.291655e-01;1.180371e+00;1.801319e-01;-2.417629e+00;7.585983e-01
3;0.150000;1.221009e+00;2.975540e+00;-1.669276e+00;-9.662926e-02;1.932845e-01;4.036252e+00;-1.381659e+00;-6.037959e+00;-1.944751e+00;5.279362e-01;1.760890e+00;2.465212e+00;-3.375929e+00;-1.885010e+00
4;0.200000;1.993947e+00;-1.665989e-01;2.504888e+00;5.146741e-01;-1.293286e+00;2.866389e+00;-2.765801e+00;-6.211810e+00;-1.877947e-01;-3.652802e+00;7.011909e-01;3.383454e+00;-1.687829e+00;-2.417641e+00
5;0.250000;2.359626e+00;-2.914272e+00;5.946010e+00;1.906722e-01;-3.023574e+00;-3.922052e-01;-6.774053e+00;-1.236650e+00;1.006885e+00;-5.694537e+00;1.706940e+00;-7.614603e-01;3.573157e-01;-3.219177e+00
6;0.300000;1.590804e+00;-2.235851e+00;5.604838e+00;-1.003461e+00;-2.569014e+00;-2.946670e+00;-1.151021e+01;2.016886e+00;-2.347403e+00;-1.964640e+00;2.423857e+00;-3.978411e+00;2.613538e+00;-3.845078e+00
