frameIndex;frameTime;pcm_fftMag_mfcc[0];pcm_fftMag_mfcc[1];pcm_fftMag_mfcc[2];pcm_fftMag_mfcc[3];pcm_fftMag_mfcc[4];pcm_fftMag_mfcc[5];pcm_fftMag_mfcc[6];pcm_fftMag_mfcc[7];pcm_fftMag_mfcc[8];pcm_fftMag_mfcc[9];pcm_fftMag_mfcc[10];pcm_fftMag_mfcc[11];pcm_fftMag_mfcc[12];pcm_fftMag_mfcc[13]
0;0.000000;1.490137e+00;-7.957343e-01;-1.998167e+00;1.480722e-02;-2.783318e-01;-2.790837e+00;-1.448536e-02;2.731667e-01;-2.241025e-01;-4.682947e-01;-1.364855e+00;-7.120962e-01;-2.599506e-01;6.143799e-01
1;0.050000;-1.490137e+00;7.957342e-01;1.998167e+00;-1.480770e-02;2.783298e-01;2.790838e+00;1.448536e-02;-2.731667e-01;2.241025e-01;4.682947e-01;1.364855e+00;7.120962e-01;2.599516e-01;-6.143799e-01
