frameIndex;frameTime;pcm_fftMag_mfcc[0];pcm_fftMag_mfcc[1];pcm_fftMag_mfcc[2];pcm_fftMag_mfcc[3];pcm_fftMag_mfcc[4];pcm_fftMag_mfcc[5];pcm_fftMag_mfcc[6];pcm_fftMag_mfcc[7];pcm_fftMag_mfcc[8];pcm_fftMag_mfcc[9];pcm_fftMag_mfcc[10];pcm_fftMag_mfcc[11];pcm_fftMag_mfcc[12];pcm_fftMag_mfcc[13]
0;0.000000;-4.070181e+00;5.562716e+00;-7.885286e+00;-3.561769e+00;8.921439e+00;3.340597e+00;-1.717348e+00;-3.510460e+00;-2.815103e+00;-7.159534e+00;-4.811843e+00;-6.480961e+00;-1.882562e+00;2.632645e+00
1;0.050000;-9.357702e+00;8.043553e+00;-4.798470e+00;1.261829e-01;1.112679e+01;4.495074e+00;5.048275e-03;5.411644e-01;-9.391930e-01;-6.526270e+00;-2.591870e+00;-5.111594e+00;6.822782e-01;5.613861e-01
2;0.100000;-9.939178e+00;1.004622e+01;-7.383206e-01;3.717982e+00;6.274078e+00;1.749077e-01;1.057675e+00;4.400253e+00;3.584293e+00;3.154125e-01;4.835654e+00;2.687370e+00;3.457587e+00;-6.269379e-01
3;0.150000;-5.669224e+00;4.879205e+00;-1.363609e+00;4.179862e-01;-5.847252e+00;-3.215122e+00;2.732918e+00;2.205124e-01;-8.635867e-01;-2.713714e-01;3.281816e+00;3.856114e+00;-2.014197e+00;1.533455e+00
4;0.200000;-1.315109e+00;-2.957870e+00;1.351069e+00;-1.453282e+00;-9.939394e+00;-6.339569e-01;3.676901e+00;1.030926e+00;1.171639e-01;2.247841e+00;4.476333e+00;4.328772e+00;-3.566957e+00;2.288658e+00
5;0.250000;3.506167e+00;-1.027186e+01;4.511381e+00;-5.290225e+00;-9.245577e+00;-9.576588e-01;2.705726e+00;1.781109e+00;-1.238544e-01;1.328128e+00;2.767380e+00;1.551847e+00;-3.615290e+00;1.654961e+00
6;0.300000;7.164139e+00;-8.905936e+00;5.857138e+00;-2.453762e+00;-7.105837e+00;-1.291254e+00;1.213892e+00;2.719135e-01;-2.894924e-01;-1.473732e+00;9.038340e-01;3.061657e-01;6.892729e-02;3.878555e-01
7;0.350000;9.901581e+00;-4.437955e+00;3.302455e+00;3.589582e+00;-7.892628e-01;-3.565407e-01;-2.401616e+00;-8.824329e-01;9.082551e-01;2.839971e+00;-3.561089e+00;1.170934e+00;3.848693e+00;-2.730576e+00
8;0.400000;9.779510e+00;-1.958078e+00;-2.363575e-01;4.907304e+00;6.605030e+00;-1.556046e+00;-7.273197e+00;-3.852997e+00;4.215150e-01;8.699554e+00;-5.300217e+00;-2.308649e+00;3.021521e+00;-5.701462e+00
