frameIndex;frameTime;pcm_fftMag_mfcc[0];pcm_fftMag_mfcc[1];pcm_fftMag_mfcc[2];pcm_fftMag_mfcc[3];pcm_fftMag_mfcc[4];pcm_fftMag_mfcc[5];pcm_fftMag_mfcc[6];pcm_fftMag_mfcc[7];pcm_fftMag_mfcc[8];pcm_fftMag_mfcc[9];pcm_fftMag_mfcc[10];pcm_fftMag_mfcc[11];pcm_fftMag_mfcc[12];pcm_fftMag_mfcc[13]
0;0.000000;-1.398706e+00;-7.679985e-01;-9.269657e-01;-1.101074e-01;1.386007e+00;9.797802e-01;-1.583528e+00;-9.066582e-01;1.989184e+00;4.017150e-01;4.277372e-01;-1.600831e+00;-5.888786e-01;2.038376e+00
1;0.050000;1.398706e+00;7.679986e-01;9.269657e-01;1.101074e-01;-1.386007e+00;-9.797802e-01;1.583528e+00;9.066586e-01;-1.989184e+00;-4.017150e-01;-4.277372e-01;1.600831e+00;5.888786e-01;-2.038368e+00
