frameIndex;frameTime;pcm_fftMag_mfcc[0];pcm_fftMag_mfcc[1];pcm_fftMag_mfcc[2];pcm_fftMag_mfcc[3];pcm_fftMag_mfcc[4];pcm_fftMag_mfcc[5];pcm_fftMag_mfcc[6];pcm_fftMag_mfcc[7];pcm_fftMag_mfcc[8];pcm_fftMag_mfcc[9];pcm_fftMag_mfcc[10];pcm_fftMag_mfcc[11];pcm_fftMag_mfcc[12];pcm_fftMag_mfcc[13]
0;0.000000;-4.117887e+00;5.893421e-01;1.853710e+00;-1.747149e+01;8.717829e+00;-4.342375e-01;-1.411304e-01;4.962311e+00;-4.290370e+00;3.085415e+00;1.930055e+01;1.276518e+01;7.881759e+00;2.307465e+00
1;0.050000;-8.711576e-01;-3.078461e-01;1.762486e-02;-2.239861e+00;-2.142536e+00;-1.548762e+00;8.898964e-01;3.701840e+00;-2.909089e+00;2.575386e+00;1.289590e+00;4.419966e+00;6.894536e+00;2.203239e+00
2;0.100000;2.374825e-01;-2.171571e+00;-1.987750e+00;2.789450e+00;-7.927237e+00;-1.000679e+00;-2.802984e+00;-3.881698e-01;1.834185e+00;-1.340201e+00;-5.069725e+00;4.728937e-01;1.356859e-01;3.526398e+00
3;0.150000;1.396139e+00;-2.182478e+00;-2.444497e+00;3.257666e+00;-7.044575e+00;5.811067e-01;-3.903469e+00;-1.615093e+00;1.272208e+00;-2.891386e+00;-7.339371e+00;-1.846058e+00;-3.187226e+00;2.380486e+00
4;0.200000;2.139554e+00;4.092000e-01;-5.564518e-01;4.716120e+00;-4.682693e-01;1.700984e+00;-3.605022e-01;-2.148715e+00;1.765510e+00;-2.078246e+00;-7.015522e+00;-6.461514e+00;-5.793599e+00;-2.083511e+00
5;0.250000;1.215868e+00;3.663352e+00;3.117358e+00;8.948112e+00;8.864780e+00;7.015848e-01;6.318184e+00;-4.512172e+00;2.327553e+00;6.490320e-01;-1.165521e+00;-9.350471e+00;-5.931154e+00;-8.334076e+00
