frameIndex;frameTime;pcm_fftMag_mfcc[0];pcm_fftMag_mfcc[1];pcm_fftMag_mfcc[2];pcm_fftMag_mfcc[3];pcm_fftMag_mfcc[4];pcm_fftMag_mfcc[5];pcm_fftMag_mfcc[6];pcm_fftMag_mfcc[7];pcm_fftMag_mfcc[8];pcm_fftMag_mfcc[9];pcm_fftMag_mfcc[10];pcm_fftMag_mfcc[11];pcm_fftMag_mfcc[12];pcm_fftMag_mfcc[13]
0;0.000000;5.054582e+00;-1.391750e+01;1.373187e-01;-1.527923e+00;-9.685615e+00;3.728622e+00;-1.039405e+01;-8.796411e-01;-2.900291e+00;1.145268e+00;-6.579935e+00;-3.849618e+00;-2.543392e+00;-9.720230e-01
1;0.050000;2.083689e+00;-1.171033e+01;3.222207e+00;-3.295155e+00;-7.142512e+00;-1.664785e+00;-6.117126e+00;2.933768e+00;-2.671003e+00;-8.574698e-01;-2.112905e+00;-6.257255e-01;-2.388793e-01;-2.219162e-01
2;0.100000;-3.695335e-01;-3.649466e+00;2.257669e+00;1.629806e+00;-1.482486e+00;-3.144197e+00;1.710159e+00;2.310849e+00;1.477547e+00;-1.345865e+00;-5.260720e-01;-2.511764e-01;1.856943e+00;2.166115e+00
3;0.150000;-2.584337e+00;5.185308e+00;2.512788e+00;5.923284e+00;3.695553e+00;-1.474676e+00;5.436349e+00;2.786458e+00;3.090245e+00;-1.378190e+00;3.405685e-01;2.781590e+00;2.937444e+00;2.129204e+00
4;0.200000;-4.659058e+00;1.126339e+01;3.577337e+00;6.000075e+00;6.738999e+00;5.740681e-01;5.300113e+00;2.602090e+00;3.577080e+00;-1.524861e+00;2.134655e+00;3.836381e+00;2.141496e+00;-2.277451e-01
5;0.250000;-2.606784e+00;9.201140e+00;-2.339497e+00;5.487370e-02;6.108456e+00;1.465668e+00;4.025223e+00;-3.753088e-01;1.993666e+00;1.303457e+00;4.172652e+00;9.974796e-01;-1.679060e+00;-1.031830e+00
6;0.300000;3.081442e+00;3.627458e+00;-9.367825e+00;-8.784960e+00;1.767606e+00;5.153027e-01;3.933096e-02;-9.378215e+00;-4.567245e+00;2.657661e+00;2.571035e+00;-2.888930e+00;-2.474552e+00;-1.841805e+00
