frameIndex;frameTime;pcm_fftMag_mfcc[0];pcm_fftMag_mfcc[1];pcm_fftMag_mfcc[2];pcm_fftMag_mfcc[3];pcm_fftMag_mfcc[4];pcm_fftMag_mfcc[5];pcm_fftMag_mfcc[6];pcm_fftMag_mfcc[7];pcm_fftMag_mfcc[8];pcm_fftMag_mfcc[9];pcm_fftMag_mfcc[10];pcm_fftMag_mfcc[11];pcm_fftMag_mfcc[12];pcm_fftMag_mfcc[13]
0;0.000000;7.121038e-01;-1.050158e-01;9.156792e+00;1.027508e+00;-1.885416e+00;-2.596098e+00;-7.509063e+00;-5.623512e-01;-2.585636e+00;1.668080e+00;5.511971e+00;-2.314121e+00;-1.177239e+00;-3.588486e-01
1;0.050000;-5.777726e-01;-6.846919e-01;6.494550e+00;-4.121523e-01;-2.724157e+00;8.906822e-01;-4.451958e-01;-1.354427e-01;-3.559596e+00;-1.157624e+00;9.178147e-01;-1.153625e+00;-7.260058e-01;1.072403e+00
2;0.100000;-7.388287e-01;-1.559375e+00;-7.891733e-01;-2.571974e-01;-1.605322e+00;6.317921e-01;2.672325e+00;-5.503139e-01;-6.158495e-01;-4.426899e-01;-2.191608e+00;1.007161e+00;-2.678410e-01;1.221039e+00
3;0.150000;-4.776001e-02;2.136955e-01;-6.419740e+00;4.055786e-02;1.772335e+00;7.511024e-01;2.721366e+00;3.509779e-01;2.051506e+00;2.828913e-01;-2.689570e+00;1.430080e+00;8.553481e-01;-7.523346e-02
4;0.200000;6.522574e-01;2.135388e+00;-8.442429e+00;-3.987179e-01;4.442555e+00;3.225207e-01;2.560568e+00;8.971281e-01;4.709577e+00;-3.506565e-01;-1.548605e+00;1.030505e+00;1.315738e+00;-1.859329e+00
