frameIndex;frameTime;pcm_fftMag_mfcc[0];pcm_fftMag_mfcc[1];pcm_fftMag_mfcc[2];pcm_fftMag_mfcc[3];pcm_fftMag_mfcc[4];pcm_fftMag_mfcc[5];pcm_fftMag_mfcc[6];pcm_fftMag_mfcc[7];pcm_fftMag_mfcc[8];pcm_fftMag_mfcc[9];pcm_fftMag_mfcc[10];pcm_fftMag_mfcc[11];pcm_fftMag_mfcc[12];pcm_fftMag_mfcc[13]
0;0.000000;-6.579535e+00;4.927893e+00;-8.604154e+00;-4.635938e+00;1.481958e+01;6.995672e+00;1.203483e+00;4.274958e+00;2.398521e+00;-8.816196e-01;2.390266e+00;-4.528088e+00;-3.615418e+00;1.907921e+00
1;0.050000;-9.326826e+00;5.234351e+00;-4.853601e+00;-1.087078e+00;9.186693e+00;-9.534531e-01;-2.595684e+00;1.445353e+00;3.997078e+00;-6.597534e-01;2.436737e+00;1.048408e+00;1.733123e+00;2.374001e+00
2;0.100000;-5.300709e+00;5.225835e+00;-1.648095e+00;5.683374e-02;-9.663696e-01;-7.744936e+00;-1.775501e+00;-2.382252e+00;-8.847985e-01;-1.187237e+00;3.684498e+00;3.057623e+00;1.562188e+00;3.543625e+00
3;0.150000;1.364231e-01;1.080856e+00;3.816063e-01;1.204358e+00;-7.525491e+00;-6.438219e+00;1.663150e+00;-5.954695e+00;-2.857656e+00;7.436230e-01;3.611820e+00;1.978105e+00;5.130377e-01;2.020927e+00
4;0.200000;6.451714e+00;-5.362883e+00;3.657671e+00;4.317134e+00;-1.205272e+01;5.641365e-02;-5.085068e-01;-3.568312e+00;-2.297910e+00;1.002763e+00;1.722970e+00;9.892724e-03;2.011139e+00;-1.893990e+00
5;0.250000;7.890318e+00;-5.326978e+00;5.583916e+00;2.646799e+00;-6.160817e+00;2.280512e+00;4.660344e-01;1.903194e+00;-2.474792e+00;-6.784469e-01;-4.951485e+00;-5.318695e-01;2.160062e-01;-3.640663e+00
6;0.300000;6.728615e+00;-5.779079e+00;5.482656e+00;-2.502112e+00;2.699115e+00;5.804007e+00;1.547027e+00;4.281764e+00;2.119557e+00;1.660670e+00;-8.894806e+00;-1.034072e+00;-2.420076e+00;-4.311813e+00
