frameIndex;frameTime;pcm_fftMag_mfcc[0];pcm_fftMag_mfcc[1];pcm_fftMag_mfcc[2];pcm_fftMag_mfcc[3];pcm_fftMag_mfcc[4];pcm_fftMag_mfcc[5];pcm_fftMag_mfcc[6];pcm_fftMag_mfcc[7];pcm_fftMag_mfcc[8];pcm_fftMag_mfcc[9];pcm_fftMag_mfcc[10];pcm_fftMag_mfcc[11];pcm_fftMag_mfcc[12];pcm_fftMag_mfcc[13]
0;0.000000;1.763546e+00;-4.319723e-01;-7.459707e+00;-2.952747e+00;1.268061e+00;-4.919083e+00;-2.160726e+00;2.173598e+00;-1.365715e+00;-7.439485e-01;-4.963884e+00;-3.032932e-01;-1.760906e+00;4.216980e+00
1;0.050000;1.755464e+00;2.138078e-01;-6.509326e+00;-1.762310e+00;1.895823e+00;-3.913538e+00;-1.822587e+00;5.057824e+00;-8.598895e-01;-3.347714e+00;-5.225006e+00;-1.135438e+00;-3.220407e+00;2.729187e+00
2;0.100000;1.680654e+00;9.568848e-01;-2.985022e+00;2.178180e-01;4.193293e+00;-1.803673e+00;-2.410899e+00;4.255678e+00;1.815990e+00;-4.561118e+00;-1.011752e+00;-4.315844e+00;-3.487692e-01;-7.648087e-01
3;0.150000;-9.609604e-01;-4.140590e-01;1.268187e+00;1.267332e+00;5.345905e+00;5.290539e-01;1.158095e+00;3.380284e-01;2.077267e+00;-4.367775e+00;3.109702e+00;-3.313319e+00;1.926634e+00;-2.227798e+00
4;0.200000;-2.624099e+00;-1.405001e+00;2.745930e+00;1.509528e+00;2.380688e+00;3.061451e+00;3.993856e+00;5.021908e-01;1.822359e+00;-1.415483e+00;2.819535e+00;-4.118066e-01;2.211902e+00;-1.955589e+00
5;0.250000;-2.983993e+00;-1.345092e+00;4.863219e+00;2.952262e+00;1.402232e+00;7.034227e+00;5.115890e+00;-1.472593e+00;2.008131e+00;3.439651e+00;1.938964e+00;3.430298e+00;2.877703e+00;-2.374664e+00
6;0.300000;-2.690563e-01;7.252308e-01;5.171351e+00;2.813020e-01;-5.782412e+00;1.429556e+00;-8.423009e-01;-5.613729e+00;-6.452217e-01;6.685712e+00;9.789572e-01;3.892730e+00;2.410765e-01;-8.976593e-01
7;0.350000;1.638443e+00;1.700200e+00;2.905368e+00;-1.513186e+00;-1.070359e+01;-1.417995e+00;-3.031330e+00;-5.240996e+00;-4.852918e+00;4.310674e+00;2.353487e+00;2.156673e+00;-1.927238e+00;1.274345e+00
