frameIndex;frameTime;pcm_fftMag_mfcc[0];pcm_fftMag_mfcc[1];pcm_fftMag_mfcc[2];pcm_fftMag_mfcc[3];pcm_fftMag_mfcc[4];pcm_fftMag_mfcc[5];pcm_fftMag_mfcc[6];pcm_fftMag_mfcc[7];pcm_fftMag_mfcc[8];pcm_fftMag_mfcc[9];pcm_fftMag_mfcc[10];pcm_fftMag_mfcc[11];pcm_fftMag_mfcc[12];pcm_fftMag_mfcc[13]
0;0.000000;-3.042020e+00;1.116070e+00;-3.922191e-01;8.290176e-01;1.171474e+00;-1.168254e+00;-8.439322e-01;-2.155743e-01;9.208956e-01;-5.588017e-01;5.394120e-01;4.577782e-01;-1.696324e+00;1.364357e+00
1;0.050000;3.042019e+00;-1.116069e+00;3.922191e-01;-8.290157e-01;-1.171474e+00;1.168254e+00;8.439322e-01;2.155733e-01;-9.208956e-01;5.588012e-01;-5.394120e-01;-4.577783e-01;1.696324e+00;-1.364357e+00
