frameIndex;frameTime;pcm_fftMag_mfcc[0];pcm_fftMag_mfcc[1];pcm_fftMag_mfcc[2];pcm_fftMag_mfcc[3];pcm_fftMag_mfcc[4];pcm_fftMag_mfcc[5];pcm_fftMag_mfcc[6];pcm_fftMag_mfcc[7];pcm_fftMag_mfcc[8];pcm_fftMag_mfcc[9];pcm_fftMag_mfcc[10];pcm_fftMag_mfcc[11];pcm_fftMag_mfcc[12];pcm_fftMag_mfcc[13]
0;0.000000;-5.934493e+00;1.136164e+01;-1.098376e+01;-3.381905e+00;1.030077e+01;5.439857e+00;-7.810545e-01;2.245471e+00;-2.625941e+00;-4.947766e+00;2.442314e+00;-3.752794e+00;-1.493477e-01;-6.964340e-01
1;0.050000;-2.847717e+00;1.240974e+01;-8.698240e+00;5.506954e+00;6.903277e+00;7.051600e+00;9.682789e+00;-5.560187e-01;1.519132e+00;-1.315754e+00;4.499977e+00;-9.159708e-01;-1.838273e+00;2.180969e+00
2;0.100000;1.514893e-01;6.828358e+00;-2.796381e+00;8.218775e+00;-1.734389e+00;8.233913e+00;1.311830e+01;-3.587264e+00;4.773411e+00;-7.980824e-03;5.263078e+00;1.104854e+00;-1.268231e+00;5.098656e+00
3;0.150000;1.587563e+00;5.528994e-01;5.045746e+00;3.966409e+00;-4.159868e+00;5.433497e+00;9.895645e+00;1.639889e+00;2.338639e+00;1.783258e+00;5.657736e+00;1.816700e+00;2.057331e+00;5.455353e+00
4;0.200000;1.520208e+00;-5.269296e+00;8.620184e+00;-1.141865e-01;-4.688911e+00;4.601889e-01;4.453701e+00;7.620991e+00;-2.650631e+00;7.727992e+00;3.136253e-01;5.880897e+00;2.510254e+00;3.374878e+00
5;0.250000;1.253061e-01;-7.163465e+00;5.824669e+00;-1.542408e+00;-5.630285e+00;-5.822249e+00;-2.414533e+00;5.559980e+00;-5.219230e+00;7.850018e+00;-3.973850e+00;4.422922e+00;1.914767e+00;-1.139069e-01
6;0.300000;5.116138e-01;-6.651027e+00;2.313408e+00;-3.467038e+00;-2.829852e+00;-7.852153e+00;-8.780188e+00;-3.658311e-01;-1.464464e+00;-9.549499e-01;-4.720967e+00;-2.117279e-01;-8.390445e-01;-3.598686e+00
7;0.350000;1.355865e+00;-6.654115e+00;1.249375e+00;-5.047680e+00;5.775452e-02;-6.474017e+00;-1.220231e+01;-5.901900e+00;1.977214e+00;-5.472115e+00;-3.707401e+00;-3.581235e+00;-1.799459e+00;-4.728279e+00
8;0.400000;3.530162e+00;-5.414725e+00;-5.750103e-01;-4.138922e+00;1.781506e+00;-6.470637e+00;-1.297235e+01;-6.655316e+00;1.351874e+00;-4.662701e+00;-5.774513e+00;-4.763644e+00;-5.879989e-01;-6.972588e+00
