frameIndex;frameTime;pcm_fftMag_mfcc[0];pcm_fftMag_mfcc[1];pcm_fftMag_mfcc[2];pcm_fftMag_mfcc[3];pcm_fftMag_mfcc[4];pcm_fftMag_mfcc[5];pcm_fftMag_mfcc[6];pcm_fftMag_mfcc[7];pcm_fftMag_mfcc[8];pcm_fftMag_mfcc[9];pcm_fftMag_mfcc[10];pcm_fftMag_mfcc[11];pcm_fftMag_mfcc[12];pcm_fftMag_mfcc[13]
0;0.000000;-3.335481e-01;-2.128944e-01;-6.527109e+00;-5.637255e-01;1.044868e+00;1.677314e+00;5.343217e+00;1.932664e+00;7.481333e+00;-1.117769e+00;-2.251563e+00;-4.989130e+00;-5.570472e-01;7.439507e+00
1;0.050000;-1.271749e+00;-3.386985e+00;-6.438188e+00;-3.369687e+00;3.599672e-01;-1.681246e+00;4.180605e+00;1.698744e+00;6.125117e+00;-3.602793e+00;-4.825070e+00;-4.902492e+00;-2.196404e+00;7.477119e+00
2;0.100000;-1.639872e+00;-4.510218e+00;-9.938946e-01;-2.271438e+00;-3.436089e-03;-4.871876e+00;3.535047e+00;4.969036e+00;2.027067e+00;-4.939278e+00;-5.164567e+00;2.863116e-01;-2.652243e+00;5.100639e+00
3;0.150000;4.209564e-01;-3.053847e+00;2.120118e+00;1.192120e+00;-2.589215e+00;-4.904047e+00;-1.820540e+00;5.281332e+00;-3.258098e+00;-1.279775e+00;-4.241490e-01;4.703742e+00;-2.062485e-01;3.069664e+00
4;0.200000;3.522161e+00;-1.504982e+00;1.504171e+00;-2.137489e-01;-5.041533e-01;-1.935995e+00;-7.404306e+00;2.222594e+00;-6.201739e+00;5.308647e+00;3.458055e+00;3.895847e+00;1.226298e+00;1.139816e+00
5;0.250000;3.777690e+00;2.971623e+00;-4.578519e-01;-3.645787e+00;1.499358e+00;1.723310e+00;-8.013433e+00;-3.690597e+00;-4.274730e+00;7.692653e+00;4.026700e+00;1.019515e+00;2.011802e+00;-9.403305e-01
6;0.300000;1.855917e+00;4.821454e+00;-5.297756e-02;-3.325157e-01;2.644577e-01;1.540688e+00;-4.505079e+00;-8.419374e+00;1.296082e-01;2.834997e+00;6.070001e+00;-1.400926e+00;4.346505e-01;-3.637016e+00
7;0.350000;-1.654093e+00;3.847597e+00;4.928494e+00;4.076077e+00;-1.487848e+00;1.296612e+00;2.740917e-01;-7.137000e+00;6.252232e-01;-2.200337e+00;3.326032e+00;-7.457356e-01;7.672039e-01;-7.776207e+00
8;0.400000;-4.677460e+00;1.028247e+00;5.917236e+00;5.128712e+00;1.415995e+00;7.155237e+00;8.410400e+00;3.142602e+00;-2.653781e+00;-2.696345e+00;-4.215434e+00;2.132873e+00;1.171990e+00;-1.187326e+01
