frameIndex;frameTime;pcm_fftMag_mfcc[0];pcm_fftMag_mfcc[1];pcm_fftMag_mfcc[2];pcm_fftMag_mfcc[3];pcm_fftMag_mfcc[4];pcm_fftMag_mfcc[5];pcm_fftMag_mfcc[6];pcm_fftMag_mfcc[7];pcm_fftMag_mfcc[8];pcm_fftMag_mfcc[9];pcm_fftMag_mfcc[10];pcm_fftMag_mfcc[11];pcm_fftMag_mfcc[12];pcm_fftMag_mfcc[13]
0;0.000000;-4.495745e-01;-3.190062e+00;-1.200680e+01;-2.469114e+00;1.433626e+01;-1.925492e-02;-6.009795e+00;3.791716e+00;3.671435e+00;-1.308659e+00;-8.858761e+00;1.470739e+00;-2.643864e+00;3.702621e+00
1;0.050000;1.116880e+00;-1.677191e+00;-1.022062e+01;-1.073483e+00;1.281221e+01;7.048967e-01;-3.100358e+00;2.242832e+00;4.129707e+00;3.119299e-01;-6.287201e+00;2.801055e+00;-2.972029e+00;-2.442932e-02
2;0.100000;2.771240e+00;-9.521880e-01;-1.657104e-02;2.184629e+00;1.442481e+00;2.129756e+00;8.401728e-01;-3.234896e+00;3.909660e+00;2.183304e+00;3.714364e+00;-1.670027e-01;-3.701576e-01;-1.811546e+00
3;0.150000;4.638441e-01;7.863913e-01;6.336967e+00;3.912230e-01;-4.520330e+00;2.992019e+00;-2.091281e+00;-2.503129e+00;5.309944e-01;3.738841e+00;6.900908e+00;-3.044293e+00;4.048187e+00;-1.414948e-01
4;0.200000;-1.708608e+00;1.816029e+00;7.900866e+00;-1.842644e+00;-7.790623e+00;1.485068e+00;-3.123513e+00;-2.497606e+00;-1.812655e+00;2.687934e+00;5.023818e+00;-3.696531e+00;5.236977e+00;2.826004e-01
5;0.250000;-2.022557e+00;1.897752e+00;6.270304e+00;-9.953427e-01;-7.432592e+00;-1.764677e+00;7.209301e-01;-1.282152e+00;-2.907351e+00;-8.885317e-01;2.969627e+00;-1.924332e+00;1.486019e+00;2.966385e-01
6;0.300000;-6.446395e-01;1.082576e+00;2.349374e+00;1.019325e+00;-4.867685e+00;-2.993694e+00;5.835823e+00;1.512633e+00;-3.339591e+00;-3.027557e+00;-8.947754e-02;1.458438e+00;-1.783707e+00;-2.064896e-01
7;0.350000;4.734128e-01;2.366936e-01;-6.135143e-01;2.785405e+00;-3.979712e+00;-2.534113e+00;6.928025e+00;1.970601e+00;-4.182200e+00;-3.697259e+00;-3.373276e+00;3.101931e+00;-3.001426e+00;-2.097893e+00
