frameIndex;frameTime;pcm_fftMag_mfcc[0];pcm_fftMag_mfcc[1];pcm_fftMag_mfcc[2];pcm_fftMag_mfcc[3];pcm_fftMag_mfcc[4];pcm_fftMag_mfcc[5];pcm_fftMag_mfcc[6];pcm_fftMag_mfcc[7];pcm_fftMag_mfcc[8];pcm_fftMag_mfcc[9];pcm_fftMag_mfcc[10];pcm_fftMag_mfcc[11];pcm_fftMag_mfcc[12];pcm_fftMag_mfcc[13]
0;0.000000;2.256421e+00;-5.624994e+00;-2.184638e+00;-4.432541e+00;-4.441015e+00;-3.751266e+00;-4.249113e+00;-2.838444e+00;5.840100e+00;6.652897e+00;2.336702e+00;3.190118e+00;-2.124588e+00;9.083496e+00
1;0.050000;1.639682e+00;-4.974375e+00;-2.718815e+00;-4.303043e+00;2.626103e+00;-1.857751e+00;-2.590840e+00;-2.482816e+00;5.333566e+00;3.379625e+00;1.434191e+00;2.707511e+00;-4.611875e+00;6.023262e+00
2;0.100000;1.649460e+00;-1.419805e+00;-2.431693e+00;-2.533079e+00;6.859845e+00;1.336266e+00;-1.646635e+00;-3.393310e+00;-1.199665e-01;-1.955091e+00;1.115662e+00;1.481492e+00;-3.216525e+00;6.508942e-01
3;0.150000;-3.577633e-01;3.878328e+00;-6.519251e-01;1.284204e+00;7.661958e-01;4.281485e+00;1.951757e+00;-7.838326e-01;-7.732600e+00;-2.993116e+00;-7.973988e-01;-2.923870e+00;2.800047e+00;-5.574402e+00
4;0.200000;-5.187799e+00;8.140845e+00;7.987073e+00;9.984459e+00;-5.811129e+00;-8.733630e-03;6.534834e+00;9.498401e+00;-3.321099e+00;-5.084316e+00;-4.089156e+00;-4.455252e+00;7.152941e+00;-1.018323e+01
