frameIndex;frameTime;pcm_fftMag_mfcc[0];pcm_fftMag_mfcc[1];pcm_fftMag_mfcc[2];pcm_fftMag_mfcc[3];pcm_fftMag_mfcc[4];pcm_fftMag_mfcc[5];pcm_fftMag_mfcc[6];pcm_fftMag_mfcc[7];pcm_fftMag_mfcc[8];pcm_fftMag_mfcc[9];pcm_fftMag_mfcc[10];pcm_fftMag_mfcc[11];pcm_fftMag_mfcc[12];pcm_fftMag_mfcc[13]
0;0.000000;-1.175302e+01;8.321419e-01;9.373993e+00;1.768412e+01;-6.356295e+00;-1.868692e+01;3.660080e+00;1.181349e+01;6.599457e+00;-8.606022e+00;-9.833807e+00;7.683403e+00;9.785786e+00;6.281502e+00
1;0.050000;-1.056164e+01;4.632984e+00;2.350188e+00;2.957791e+00;-1.911070e+00;-9.042709e-01;4.628131e+00;3.648190e+00;5.875923e+00;-2.585016e+00;-5.849259e+00;1.228555e+00;1.703708e+00;6.542168e+00
2;0.100000;-5.201875e+00;4.203991e+00;-8.536325e-01;-2.882082e+00;1.810203e-01;4.751553e+00;-1.202751e+00;-4.840588e+00;5.419833e+00;4.366500e+00;-1.382038e+00;-3.434740e+00;-1.273885e+00;7.797485e+00
3;0.150000;-1.108913e-01;1.047802e+00;-1.946039e+00;-3.727265e+00;1.123291e+00;5.654429e+00;-2.915462e+00;-7.121501e+00;2.599740e+00;6.088939e+00;2.316663e+00;-4.295552e+00;-2.474780e+00;5.907936e+00
4;0.200000;5.593210e+00;-2.942570e+00;-3.348106e+00;-4.674842e+00;2.341020e+00;4.757196e+00;-3.279983e+00;-6.599965e+00;-2.839725e+00;5.215463e+00;5.333230e+00;-3.672734e+00;-3.946356e+00;-4.199600e-01
5;0.250000;9.762988e+00;-4.557212e+00;-4.079518e+00;-7.145835e+00;2.716585e+00;2.739397e+00;-3.177094e+00;-1.168733e+00;-1.026187e+01;3.912354e-01;5.497901e+00;-1.704776e+00;-4.230145e+00;-9.019226e+00
6;0.300000;1.227124e+01;-3.217137e+00;-1.496887e+00;-2.211884e+00;1.905447e+00;1.688614e+00;2.287076e+00;4.269103e+00;-7.393362e+00;-4.871097e+00;3.917312e+00;4.195842e+00;4.356724e-01;-1.708997e+01
