frameIndex;frameTime;pcm_fftMag_mfcc[0];pcm_fftMag_mfcc[1];pcm_fftMag_mfcc[2];pcm_fftMag_mfcc[3];pcm_fftMag_mfcc[4];pcm_fftMag_mfcc[5];pcm_fftMag_mfcc[6];pcm_fftMag_mfcc[7];pcm_fftMag_mfcc[8];pcm_fftMag_mfcc[9];pcm_fftMag_mfcc[10];pcm_fftMag_mfcc[11];pcm_fftMag_mfcc[12];pcm_fftMag_mfcc[13]
0;0.000000;-1.752308e+00;-3.755084e+00;6.813114e-01;1.879380e+00;-2.135841e+00;-4.022905e+00;1.549605e+00;4.294198e+00;1.020519e+00;-8.322423e-01;-2.843659e+00;-1.280717e+00;7.540076e+00;2.465263e+00
1;0.050000;-1.765746e+00;3.302939e+00;-2.665845e+00;-5.761416e+00;-8.395729e-01;-2.150890e+00;3.682518e-01;3.139839e+00;-2.829689e+00;-4.285551e+00;-1.877419e+00;-1.136898e+00;4.137083e+00;1.027039e+00
2;0.100000;4.613113e-01;4.909051e+00;-3.718679e-01;-4.245919e+00;-3.842598e+00;-3.736755e+00;-5.342816e+00;-1.477448e+00;-3.460310e+00;-4.387329e+00;-2.521459e+00;-1.580728e+00;2.382417e+00;-6.951141e-02
3;0.150000;1.216531e+00;3.629296e+00;2.913839e+00;2.380176e+00;-5.501602e+00;-4.282066e+00;-9.509501e+00;-3.623170e+00;-2.278012e+00;-3.744949e+00;-5.499187e-01;-2.132001e+00;1.551730e+00;-2.242241e+00
4;0.200000;-1.962804e+00;-7.536044e-01;5.498003e+00;4.815691e+00;1.098344e+00;-1.529271e+00;-4.447999e+00;-3.222707e+00;-4.069645e+00;-9.824724e-01;-2.050817e+00;-8.405819e-01;1.606870e-01;-1.590195e+00
5;0.250000;-2.818630e+00;-5.473162e+00;3.299984e+00;1.895205e+00;3.237643e+00;1.483412e+00;8.969760e-01;2.449465e-01;1.182046e-01;3.124728e+00;-1.788993e+00;8.807354e-01;-2.135920e+00;9.784622e-01
6;0.300000;1.623323e-01;-3.887735e+00;1.952171e-03;-1.370740e+00;3.050886e+00;3.215643e+00;4.335886e+00;6.959038e-01;2.657458e+00;5.091252e+00;5.349278e-01;1.603908e+00;-4.010365e+00;2.024002e+00
7;0.350000;3.201894e+00;3.640990e-01;-4.737278e+00;-1.497596e+00;3.512709e+00;4.937341e+00;6.102603e+00;-1.054624e+00;3.675029e+00;4.542487e+00;4.370831e+00;1.449275e+00;-5.778448e+00;8.084106e-02
8;0.400000;3.257419e+00;1.664201e+00;-4.620096e+00;1.905226e+00;1.420032e+00;6.085487e+00;6.046994e+00;1.003065e+00;5.166443e+00;1.474082e+00;6.726500e+00;3.037005e+00;-3.847259e+00;-2.673721e+00
