frameIndex;frameTime;pcm_fftMag_mfcc[0];pcm_fftMag_mfcc[1];pcm_fftMag_mfcc[2];pcm_fftMag_mfcc[3];pcm_fftMag_mfcc[4];pcm_fftMag_mfcc[5];pcm_fftMag_mfcc[6];pcm_fftMag_mfcc[7];pcm_fftMag_mfcc[8];pcm_fftMag_mfcc[9];pcm_fftMag_mfcc[10];pcm_fftMag_mfcc[11];pcm_fftMag_mfcc[12];pcm_fftMag_mfcc[13]
0;0.000000;-8.669522e-01;2.714122e+00;2.581983e-01;-7.831633e+00;-2.036888e+00;5.893478e+00;-4.910917e-01;2.349049e+00;3.695923e+00;-1.761340e+00;5.821737e+00;2.536515e+00;2.261355e+00;7.931664e+00
1;0.050000;3.650205e+00;2.061397e+00;-9.512317e-01;-1.465519e+01;-1.114106e-01;2.310789e+00;2.842073e-01;5.779581e-01;-2.833257e+00;3.829308e-01;-1.206514e+00;2.363513e+00;5.968170e+00;3.753288e+00
2;0.100000;3.718028e+00;1.691935e+00;-1.804524e+00;-1.291467e+01;1.229029e-01;-7.628593e-01;2.317839e-01;-2.599133e+00;-6.491072e+00;-1.399324e+00;-4.195470e+00;-9.491844e-01;3.805935e+00;-6.180038e-01
3;0.150000;9.202889e-01;7.712288e-01;-2.475779e+00;3.614163e+00;-1.639123e+00;-4.052629e+00;3.181458e-02;-2.511415e+00;-2.831386e+00;-2.854784e+00;-1.638574e+00;-1.834530e+00;-1.653419e+00;-4.308723e+00
4;0.200000;-2.852159e+00;-2.424654e+00;2.010816e+00;1.525749e+01;9.318225e-01;-3.153608e+00;-1.042091e+00;5.449667e-01;3.335983e+00;2.023980e+00;3.652892e-01;-1.546194e+00;-5.252468e+00;-3.517410e+00
5;0.250000;-4.569411e+00;-4.814031e+00;2.962519e+00;1.652984e+01;2.732696e+00;-2.351713e-01;9.853783e-01;1.638574e+00;5.123806e+00;3.608537e+00;8.535328e-01;-5.701203e-01;-5.129574e+00;-3.240776e+00
