frameIndex;frameTime;pcm_fftMag_mfcc[0];pcm_fftMag_mfcc[1];pcm_fftMag_mfcc[2];pcm_fftMag_mfcc[3];pcm_fftMag_mfcc[4];pcm_fftMag_mfcc[5];pcm_fftMag_mfcc[6];pcm_fftMag_mfcc[7];pcm_fftMag_mfcc[8];pcm_fftMag_mfcc[9];pcm_fftMag_mfcc[10];pcm_fftMag_mfcc[11];pcm_fftMag_mfcc[12];pcm_fftMag_mfcc[13]
0;0.000000;-8.742132e+00;-5.260911e+00;2.712095e+00;2.791581e+00;-8.658462e+00;-3.018273e+00;-1.206020e+01;-8.872581e-01;-4.424116e+00;-3.268223e+00;1.844356e+00;1.840558e+00;2.869067e+00;5.808479e+00
1;0.050000;-7.703064e+00;-4.733157e+00;5.835063e+00;3.986049e+00;-5.488073e+00;-3.905775e+00;-9.895342e+00;1.833757e+00;-3.458323e+00;7.526665e-01;2.352789e+00;6.726694e+00;1.770809e+00;4.335472e+00
2;0.100000;-1.295581e+00;-2.261900e+00;2.258387e+00;1.942833e+00;1.974869e+00;6.002316e-01;-3.465173e+00;1.924680e+00;-3.314478e+00;1.354000e+00;-8.855495e-01;4.920485e+00;-2.836716e+00;1.683762e+00
3;0.150000;6.399786e+00;3.621400e+00;-3.496072e+00;-3.308435e+00;6.233224e+00;2.570798e+00;8.186517e+00;2.946162e-01;1.947470e+00;1.246670e+00;-1.554033e+00;-3.154773e+00;-3.436680e+00;-3.104813e+00
4;0.200000;1.134099e+01;8.634567e+00;-7.309473e+00;-5.412027e+00;5.938444e+00;3.753019e+00;1.723420e+01;-3.165795e+00;9.249440e+00;-8.511257e-02;-1.757558e+00;-1.033296e+01;1.633517e+00;-8.722923e+00
