frameIndex;frameTime;pcm_fftMag_mfcc[0];pcm_fftMag_mfcc[1];pcm_fftMag_mfcc[2];pcm_fftMag_mfcc[3];pcm_fftMag_mfcc[4];pcm_fftMag_mfcc[5];pcm_fftMag_mfcc[6];pcm_fftMag_mfcc[7];pcm_fftMag_mfcc[8];pcm_fftMag_mfcc[9];pcm_fftMag_mfcc[10];pcm_fftMag_mfcc[11];pcm_fftMag_mfcc[12];pcm_fftMag_mfcc[13]
0;0.000000;-1.484056e+00;-8.647939e+00;-7.166033e+00;2.101244e+00;-1.694353e+01;-1.192997e+01;-6.737718e+00;-2.903193e+00;-5.913941e+00;5.292439e+00;-2.823106e+01;2.621498e-01;-2.192719e+00;-9.451447e-01
1;0.050000;-2.754230e-01;-7.094987e+00;-9.204552e-01;5.600490e+00;-5.562384e+00;-8.251348e+00;2.934169e+00;-3.576896e+00;2.134420e+00;6.402386e+00;-2.017357e+01;-5.510473e-01;3.786325e-01;-1.882782e+00
2;0.100000;6.451273e-01;-9.763437e-01;1.728410e+00;1.939812e-01;7.673087e+00;7.197490e-01;-1.412433e+00;2.040401e+00;-3.661538e+00;1.839241e+00;4.022637e+00;-2.194615e+00;2.008235e+00;8.056870e-01
3;0.150000;1.600921e+00;7.330389e-01;-7.080653e-01;-4.843281e+00;1.148636e+01;2.202919e+00;-3.306581e+00;7.987877e+00;-1.022265e+01;4.157053e+00;1.489289e+01;-3.647025e+00;-3.538454e+00;5.876640e+00
4;0.200000;7.934313e-01;8.926880e-02;-4.212267e-01;-7.135698e+00;9.654978e+00;4.601745e+00;-2.025237e+00;6.442782e+00;-8.878682e+00;5.932484e+00;1.497918e+01;-2.998609e+00;-3.688146e+00;7.660561e+00
5;0.250000;-7.784958e-01;-3.561217e-01;-4.598205e-01;-8.663122e+00;5.803033e+00;6.997157e+00;4.011292e-01;2.131317e+00;-4.411263e+00;3.749269e+00;1.400131e+01;-2.059494e+00;-1.618321e+00;5.378815e+00
6;0.300000;-1.170424e+00;9.806502e-01;1.624627e-01;-5.731007e+00;-1.220202e+00;4.553895e+00;1.907555e+00;-4.008774e+00;1.003441e+00;-7.812259e+00;7.708751e+00;-2.875586e-01;2.073781e+00;1.617584e-01
7;0.350000;8.635683e-01;5.557866e+00;2.045819e+00;5.836828e+00;-6.585910e+00;5.909519e-01;4.759011e+00;-7.389662e+00;1.266514e+01;-1.266447e+01;-2.280855e+00;4.688771e+00;3.487880e+00;-5.843758e+00
8;0.400000;-1.946545e-01;9.714566e+00;5.738914e+00;1.264056e+01;-4.305433e+00;5.148978e-01;3.480110e+00;-7.238505e-01;1.728508e+01;-6.896146e+00;-4.919288e+00;6.787429e+00;3.089106e+00;-1.121178e+01
