frameIndex;frameTime;pcm_fftMag_mfcc[0];pcm_fftMag_mfcc[1];pcm_fftMag_mfcc[2];pcm_fftMag_mfcc[3];pcm_fftMag_mfcc[4];pcm_fftMag_mfcc[5];pcm_fftMag_mfcc[6];pcm_fftMag_mfcc[7];pcm_fftMag_mfcc[8];pcm_fftMag_mfcc[9];pcm_fftMag_mfcc[10];pcm_fftMag_mfcc[11];pcm_fftMag_mfcc[12];pcm_fftMag_mfcc[13]
0;0.000000;-1.590895e+00;-4.464698e-01;-3.644897e+00;9.271220e+00;-2.928013e+00;2.087174e+00;7.941758e+00;4.676498e-01;-4.361506e-01;-5.119617e+00;-3.833808e+00;-5.683979e-01;6.855841e-01;3.266541e+00
1;0.100000;-1.919672e+00;3.321326e+00;-4.274768e+00;1.023603e+01;-1.118931e+00;3.214831e+00;5.055369e+00;1.617316e+00;1.544073e+00;-4.253073e+00;-4.944211e+00;-1.391132e+00;3.459563e+00;1.674561e+00
2;0.200000;-1.073284e-01;5.172359e+00;-5.346509e+00;5.056325e+00;2.067142e+00;6.425010e+00;1.260293e+00;-2.772174e-01;2.653466e+00;-2.389330e+00;-2.599251e+00;5.509663e-01;3.110433e+00;-7.993622e-01
3;0.300000;3.608847e+00;-6.652880e-02;-9.448407e+00;-6.125171e-01;2.053885e+00;4.172683e+00;-8.098335e-01;-1.361556e+00;-1.855534e+00;4.152844e-01;2.820135e+00;-2.009328e+00;-3.189559e+00;-6.110229e-01
4;0.400000;3.152297e+00;-3.672464e+00;-6.763196e+00;-4.524553e+00;5.278353e+00;-8.024025e-02;-4.601090e+00;2.318080e+00;-1.103568e+00;-1.331763e+00;4.613157e+00;-1.361027e+00;-5.074527e+00;4.741287e-01
5;0.500000;-2.230306e+00;-1.507731e+00;4.398031e-01;-6.103033e+00;6.969005e+00;1.017023e+00;-2.786208e+00;2.082057e+00;4.992257e+00;2.344830e+00;4.693026e+00;1.422498e+00;-1.971943e+00;8.654709e-01
6;0.600000;-5.677234e+00;4.000330e-02;8.303864e+00;-4.868276e+00;-7.900219e-01;-1.212015e+00;3.935914e-01;2.642400e-01;2.459226e+00;4.749511e+00;2.265658e+00;3.660815e+00;3.619146e-01;5.322495e-01
7;0.700000;-3.677345e+00;-1.898486e+00;8.740436e+00;-4.615175e+00;-5.541950e+00;-5.810524e+00;1.449256e-01;1.363143e+00;-5.033369e-01;2.644482e+00;-2.084437e+00;4.004215e+00;6.507683e-01;7.770920e-01
8;0.800000;9.573545e-01;-1.690195e+00;8.557210e+00;-3.380356e+00;-6.957300e+00;-8.483334e+00;-1.811710e+00;4.838675e-01;-2.208989e+00;1.274298e-01;-3.908154e+00;1.270966e+00;4.367509e-01;-1.552086e+00
9;0.900000;7.484276e+00;7.481842e-01;3.436470e+00;-4.596696e-01;9.678116e-01;-1.330605e+00;-4.787092e+00;-6.957578e+00;-5.541451e+00;2.812246e+00;2.977883e+00;-5.579577e+00;1.531011e+00;-4.627594e+00
