frameIndex;frameTime;pcm_fftMag_mfcc[0];pcm_fftMag_mfcc[1];pcm_fftMag_mfcc[2];pcm_fftMag_mfcc[3];pcm_fftMag_mfcc[4];pcm_fftMag_mfcc[5];pcm_fftMag_mfcc[6];pcm_fftMag_mfcc[7];pcm_fftMag_mfcc[8];pcm_fftMag_mfcc[9];pcm_fftMag_mfcc[10];pcm_fftMag_mfcc[11];pcm_fftMag_mfcc[12];pcm_fftMag_mfcc[13]
0;0.000000;-1.372012e+00;3.788941e+00;-2.530951e+00;-5.722074e+00;4.203998e+00;6.866903e+00;4.717670e+00;-4.990743e+00;-3.165163e+00;3.373321e+00;-2.034849e+00;-2.939953e+00;-3.210748e+00;1.968170e+00
1;0.100000;2.196775e+00;-3.954917e+00;2.093369e+00;-9.420424e+00;-9.513016e-01;1.016838e+00;-1.055104e+01;-4.630987e+00;-1.270299e+01;9.816229e+00;-9.375151e+00;-4.300880e+00;-3.357585e+00;-6.456757e-01
2;0.200000;-1.013115e+00;-3.892104e+00;-3.639402e-01;-8.184111e+00;-5.502203e+00;-5.992999e+00;-1.117939e+01;-1.051384e+01;-1.081334e+01;-1.323257e+00;-7.834758e+00;-8.686707e+00;-5.623318e+00;1.303802e+00
3;0.300000;-2.673612e+00;4.668121e-01;2.192885e+00;-2.006897e+00;-4.879837e-01;-1.919624e+00;-8.993959e-02;-7.022971e+00;5.262437e-01;-2.746551e+00;1.990119e+00;-2.501890e+00;-5.238271e-01;1.409363e+00
4;0.400000;-1.882568e+00;2.730559e+00;3.000919e+00;3.890529e+00;2.894728e+00;-1.148705e+00;7.126740e+00;1.049783e+00;1.216453e+01;-3.561382e+00;4.997446e+00;3.517281e+00;2.590605e+00;-2.691650e-02
5;0.500000;2.312349e+00;-3.469667e-01;8.707323e-01;7.275757e+00;2.788415e+00;-9.111056e-01;5.639601e+00;8.769882e+00;1.042067e+01;-4.612365e+00;6.544911e+00;5.970823e+00;1.773525e+00;-1.127243e-01
6;0.600000;3.878179e+00;-1.638828e+00;-1.132114e+00;7.457361e+00;-4.097271e-01;2.140555e+00;1.083036e+00;1.272032e+01;4.134232e+00;-1.482525e+00;4.993213e+00;5.510756e+00;2.533724e+00;-1.424515e+00
7;0.700000;-1.445995e+00;2.846500e+00;-4.130901e+00;6.709864e+00;-2.535932e+00;-5.186319e-02;3.253321e+00;4.618547e+00;-5.641927e-01;5.365324e-01;7.190704e-01;3.430565e+00;5.817624e+00;-2.471451e+00
