frameIndex;frameTime;pcm_fftMag_mfcc[0];pcm_fftMag_mfcc[1];pcm_fftMag_mfcc[2];pcm_fftMag_mfcc[3];pcm_fftMag_mfcc[4];pcm_fftMag_mfcc[5];pcm_fftMag_mfcc[6];pcm_fftMag_mfcc[7];pcm_fftMag_mfcc[8];pcm_fftMag_mfcc[9];pcm_fftMag_mfcc[10];pcm_fftMag_mfcc[11];pcm_fftMag_mfcc[12];pcm_fftMag_mfcc[13]
0;0.000000;1.205173e+00;-2.300095e+00;1.374736e+00;3.584620e+00;4.008849e-01;-4.895231e+00;-1.178308e+00;-3.369452e+00;-1.641378e-01;1.403600e+00;9.872561e-01;1.139944e+00;-2.642474e+00;-7.227020e-01
1;0.010000;-1.205173e+00;2.300095e+00;-1.374736e+00;-3.584620e+00;-4.008850e-01;4.895231e+00;1.178307e+00;3.369452e+00;1.641374e-01;-1.403600e+00;-9.872556e-01;-1.139944e+00;2.642474e+00;7.227097e-01
