frameIndex;frameTime;pcm_fftMag_mfcc[0];pcm_fftMag_mfcc[1];pcm_fftMag_mfcc[2];pcm_fftMag_mfcc[3];pcm_fftMag_mfcc[4];pcm_fftMag_mfcc[5];pcm_fftMag_mfcc[6];pcm_fftMag_mfcc[7];pcm_fftMag_mfcc[8];pcm_fftMag_mfcc[9];pcm_fftMag_mfcc[10];pcm_fftMag_mfcc[11];pcm_fftMag_mfcc[12];pcm_fftMag_mfcc[13]
0;0.000000;-1.226225e-01;-1.498535e+00;2.663959e+00;9.754877e-01;-1.131714e+00;-4.801970e-01;-3.525481e-01;4.941740e-01;-1.067657e-01;-1.077491e+00;-1.046046e+00;-1.854124e+00;-7.365599e-01;1.802887e+00
1;0.010000;1.226225e-01;1.498535e+00;-2.663959e+00;-9.754877e-01;1.131714e+00;4.801970e-01;3.525486e-01;-4.941740e-01;1.067648e-01;1.077490e+00;1.046046e+00;1.854124e+00;7.365600e-01;-1.802887e+00
