frameIndex;frameTime;pcm_fftMag_mfcc[0];pcm_fftMag_mfcc[1];pcm_fftMag_mfcc[2];pcm_fftMag_mfcc[3];pcm_fftMag_mfcc[4];pcm_fftMag_mfcc[5];pcm_fftMag_mfcc[6];pcm_fftMag_mfcc[7];pcm_fftMag_mfcc[8];pcm_fftMag_mfcc[9];pcm_fftMag_mfcc[10];pcm_fftMag_mfcc[11];pcm_fftMag_mfcc[12];pcm_fftMag_mfcc[13]
0;0.000000;1.415929e+00;-8.716998e-01;2.478382e+00;-1.582532e+00;-2.855329e+00;8.091002e-01;-1.091348e+00;8.484659e-01;2.214109e+00;2.011105e+00;2.386915e+00;3.961492e-01;8.014305e-01;1.980572e+00
1;0.010000;6.643953e-01;-1.355720e-01;2.822178e+00;-1.652112e-01;-2.513660e+00;-1.926557e+00;-2.941684e+00;-1.579500e+00;1.879169e+00;6.107960e-01;3.410983e-01;8.000183e-01;7.735963e-01;7.107735e-01
2;0.020000;2.136288e-01;-4.577537e-01;-4.745464e-01;-2.594128e-01;-1.282674e+00;-2.678516e+00;-1.106223e+00;-7.097139e-01;2.520996e-01;-1.471720e+00;-8.921656e-01;8.115053e-02;6.392920e-02;-3.581619e-01
3;0.030000;5.861139e-02;3.749623e-01;-1.569839e+00;1.720602e+00;2.306583e+00;1.320602e+00;1.367267e+00;-7.527828e-03;-2.174452e+00;-1.421002e+00;-1.369765e+00;-1.839372e+00;-1.895093e+00;-1.425552e+00
4;0.040000;-2.352565e+00;1.090065e+00;-3.256175e+00;2.865562e-01;4.345080e+00;2.475377e+00;3.771986e+00;1.448273e+00;-2.170926e+00;2.708225e-01;-4.660820e-01;5.620542e-01;2.561374e-01;-9.076157e-01
