frameIndex;frameTime;pcm_fftMag_mfcc[0];pcm_fftMag_mfcc[1];pcm_fftMag_mfcc[2];pcm_fftMag_mfcc[3];pcm_fftMag_mfcc[4];pcm_fftMag_mfcc[5];pcm_fftMag_mfcc[6];pcm_fftMag_mfcc[7];pcm_fftMag_mfcc[8];pcm_fftMag_mfcc[9];pcm_fftMag_mfcc[10];pcm_fftMag_mfcc[11];pcm_fftMag_mfcc[12];pcm_fftMag_mfcc[13]
0;0.000000;-3.122032e-02;-4.114322e+00;5.722598e+00;-1.384840e-01;-2.776646e+00;2.019756e-01;-6.636179e+00;1.387079e+00;-5.144138e-01;2.595036e+00;-3.745471e+00;-1.902262e+00;6.315172e-01;2.499268e+00
1;0.010000;5.213387e-01;-2.234217e+00;2.367419e+00;-3.685104e-01;-1.517022e+00;1.688116e+00;-3.316048e+00;-8.573732e-01;8.307409e-02;1.306790e+00;-1.161120e-01;-1.137439e+00;-1.132437e+00;1.283592e+00
2;0.020000;1.156713e+00;4.174132e-01;-1.230127e+00;-2.264177e+00;7.263870e-01;8.990326e-01;2.274046e-01;-1.561131e+00;3.363132e-03;1.003873e-01;3.222913e+00;-3.743277e-01;-2.077404e+00;-9.662628e-02
3;0.030000;3.095131e-01;2.621726e+00;-2.950774e+00;3.609649e-01;2.021943e+00;-7.627536e-01;2.947536e+00;-1.417392e+00;-2.946177e-01;-1.436343e-01;2.162266e+00;7.959495e-01;-3.178606e-01;-1.437225e+00
4;0.040000;-1.956345e+00;3.309401e+00;-3.909117e+00;2.410207e+00;1.545338e+00;-2.026371e+00;6.777278e+00;2.448816e+00;7.225959e-01;-3.858579e+00;-1.523596e+00;2.618079e+00;2.896183e+00;-2.249046e+00
