frameIndex;frameTime;pcm_fftMag_mfcc[0];pcm_fftMag_mfcc[1];pcm_fftMag_mfcc[2];pcm_fftMag_mfcc[3];pcm_fftMag_mfcc[4];pcm_fftMag_mfcc[5];pcm_fftMag_mfcc[6];pcm_fftMag_mfcc[7];pcm_fftMag_mfcc[8];pcm_fftMag_mfcc[9];pcm_fftMag_mfcc[10];pcm_fftMag_mfcc[11];pcm_fftMag_mfcc[12];pcm_fftMag_mfcc[13]
0;0.000000;-5.363605e+00;-1.000545e+00;2.416153e-01;-3.962874e+00;-6.312895e+00;4.134598e+00;-1.900938e+00;-8.086739e-01;-1.671366e+00;-2.171374e+00;-4.106760e-02;-1.679116e+00;-1.827002e+00;8.806206e+00
1;0.010000;-3.601870e+00;-2.442843e+00;-6.764340e-01;-3.948592e+00;-6.220001e+00;3.529934e+00;-2.684256e+00;-1.735866e+00;-1.891031e+00;-1.966020e+00;-9.856274e-01;-3.077241e+00;-3.285813e+00;7.680046e+00
2;0.020000;-1.170106e+00;-3.423635e+00;-7.658061e-01;-4.005445e+00;-5.886948e+00;2.843253e+00;-2.743570e+00;-1.102549e+00;-1.914646e+00;-1.149574e+00;-8.959202e-01;-3.705623e+00;-2.771408e+00;6.300674e+00
3;0.030000;1.706293e+00;-3.742954e+00;-3.277150e-01;-3.287313e+00;-5.507872e+00;1.186906e+00;-2.497086e+00;-4.740152e-01;-1.396022e+00;-1.441881e+00;-5.513612e-01;-3.152644e+00;-6.309323e-01;4.123016e+00
4;0.040000;3.259240e+00;-6.504359e-01;-9.200621e-01;-1.661873e+00;-3.765182e+00;-2.524256e+00;-8.346071e-01;5.123711e-01;-2.613499e+00;2.852869e-01;-9.720236e-01;-9.526987e-01;1.413727e+00;8.376007e-01
5;0.050000;3.700459e+00;2.585495e+00;1.711954e-01;-6.325235e-01;-1.501217e-01;-4.392371e+00;-8.504000e-01;-3.455067e-02;-2.261200e+00;5.011215e-01;-1.222301e+00;8.973818e-01;2.637504e+00;-3.492752e+00
6;0.060000;3.222944e+00;4.248041e+00;3.847607e+00;3.617872e+00;5.054176e+00;-4.147138e+00;1.058825e+00;-3.604650e-01;6.761198e-01;1.523520e+00;7.391446e-01;4.865640e+00;3.280701e+00;-7.582832e+00
7;0.070000;1.991546e+00;3.569578e+00;5.316895e+00;6.805546e+00;6.215347e+00;-5.140804e+00;5.425109e+00;4.012302e+00;3.129895e+00;-1.086410e+00;-4.963014e-01;3.748203e+00;3.604951e+00;-1.094205e+01
8;0.080000;-3.744905e+00;8.572989e-01;-6.887294e+00;7.075202e+00;1.657351e+01;4.509877e+00;5.026915e+00;-8.551598e-03;7.941755e+00;5.505327e+00;4.425458e+00;3.056085e+00;-2.421731e+00;-5.729912e+00
