frameIndex;frameTime;pcm_fftMag_mfcc[0];pcm_fftMag_mfcc[1];pcm_fftMag_mfcc[2];pcm_fftMag_mfcc[3];pcm_fftMag_mfcc[4];pcm_fftMag_mfcc[5];pcm_fftMag_mfcc[6];pcm_fftMag_mfcc[7];pcm_fftMag_mfcc[8];pcm_fftMag_mfcc[9];pcm_fftMag_mfcc[10];pcm_fftMag_mfcc[11];pcm_fftMag_mfcc[12];pcm_fftMag_mfcc[13]
0;0.000000;-1.112437e-02;-1.801367e-01;-6.332216e-01;-1.341137e+00;-1.077063e+00;-8.497148e-01;-2.553741e+00;-2.193818e+00;-1.388018e+00;-2.484868e-01;-1.436252e+00;-9.756746e-01;-7.016165e-01;4.456329e-02
1;0.010000;1.112437e-02;1.801367e-01;6.332211e-01;1.341136e+00;1.077063e+00;8.497152e-01;2.553742e+00;2.193819e+00;1.388018e+00;2.484865e-01;1.436252e+00;9.756742e-01;7.016165e-01;-4.457092e-02
