frameIndex;frameTime;pcm_fftMag_mfcc[0];pcm_fftMag_mfcc[1];pcm_fftMag_mfcc[2];pcm_fftMag_mfcc[3];pcm_fftMag_mfcc[4];pcm_fftMag_mfcc[5];pcm_fftMag_mfcc[6];pcm_fftMag_mfcc[7];pcm_fftMag_mfcc[8];pcm_fftMag_mfcc[9];pcm_fftMag_mfcc[10];pcm_fftMag_mfcc[11];pcm_fftMag_mfcc[12];pcm_fftMag_mfcc[13]
0;0.000000;1.354502e+00;4.239583e-02;-1.611683e+00;3.049316e+00;-3.413849e+00;-2.088305e+00;2.854637e+00;1.301888e+00;1.759950e+00;2.799757e+00;1.523853e+00;-8.615230e-01;1.400032e+00;2.560173e+00
1;0.010000;6.156731e-01;-2.448368e-02;-1.216243e+00;3.275550e+00;-1.045650e+00;-1.136134e+00;4.107927e+00;1.134315e+00;9.446907e-02;2.304793e+00;2.030328e+00;-1.475704e+00;2.569389e-02;1.634178e+00
2;0.020000;-8.886833e-01;-2.297523e-01;-2.256422e+00;1.690782e+00;-7.158203e-01;-3.797799e+00;1.755096e+00;-4.206195e-01;-1.477461e+00;6.098361e-01;8.358860e-02;-6.390659e-01;4.503841e-01;2.746811e-01
3;0.030000;-1.794944e+00;-5.108602e-01;-1.505126e+00;1.168535e+00;-2.288208e-01;-4.284781e+00;5.359520e-01;-2.644517e+00;-4.761893e+00;-2.040347e+00;-2.312323e+00;7.608078e-01;1.225965e+00;-4.264679e-01
4;0.040000;-1.459970e+00;-7.846205e-01;-2.979496e-01;-1.231502e+00;-6.016121e-01;-1.172197e+00;-2.016727e-01;-3.977646e+00;-5.796688e+00;-2.135330e+00;-2.217073e+00;-1.059341e+00;-3.560333e-01;-4.370651e-01
5;0.050000;-2.481527e-01;2.843666e-02;9.482651e-01;-3.206909e+00;-1.300409e+00;1.239790e+00;8.039033e-02;-1.413710e+00;-1.330652e-01;7.774014e-01;8.797898e-01;-4.765755e-01;-1.091573e+00;-1.023788e-01
6;0.060000;8.239636e-01;1.029281e+00;1.551122e+00;-2.233213e+00;3.936195e-01;2.437884e+00;-1.905428e+00;1.600715e+00;3.282962e+00;2.559614e-01;3.364453e-01;1.997953e+00;-9.932437e-01;-1.608276e-01
7;0.070000;1.054461e+00;9.008422e-01;2.199446e+00;-1.993238e+00;2.113873e+00;3.779075e+00;-3.781329e+00;2.284656e+00;3.985788e+00;-9.101753e-01;1.646676e-01;2.133649e+00;-1.524551e+00;-1.071693e+00
8;0.080000;5.431533e-01;-4.512386e-01;2.188591e+00;-5.193212e-01;4.798681e+00;5.022468e+00;-3.445573e+00;2.134918e+00;3.045938e+00;-1.661900e+00;-4.892774e-01;-3.802011e-01;8.633270e-01;-2.270599e+00
