frameIndex;frameTime;pcm_fftMag_mfcc[0];pcm_fftMag_mfcc[1];pcm_fftMag_mfcc[2];pcm_fftMag_mfcc[3];pcm_fftMag_mfcc[4];pcm_fftMag_mfcc[5];pcm_fftMag_mfcc[6];pcm_fftMag_mfcc[7];pcm_fftMag_mfcc[8];pcm_fftMag_mfcc[9];pcm_fftMag_mfcc[10];pcm_fftMag_mfcc[11];pcm_fftMag_mfcc[12];pcm_fftMag_mfcc[13]
0;0.000000;-1.262324e-01;-4.488378e-01;-1.415681e+00;-2.577121e+00;-2.968059e+00;2.456310e+00;1.279179e+00;3.183806e-02;-1.174569e+00;3.832458e+00;7.235041e-01;-1.717055e+00;1.885635e+00;1.864677e+00
1;0.010000;-2.973676e-01;-7.329555e-01;-1.389989e+00;-1.917648e+00;2.676334e-01;2.182967e+00;9.526768e-01;2.802625e+00;7.443991e-01;1.942535e+00;-8.249383e-01;-1.717077e+00;4.540377e-01;9.820328e-01
2;0.020000;-2.518702e-01;2.829018e-01;-6.814897e-01;3.300381e-02;1.158001e+00;1.866542e+00;1.512889e+00;1.188706e+00;-1.735849e-01;4.980993e-01;-9.761615e-01;-2.177704e+00;-1.344537e+00;1.750641e-01
3;0.030000;-1.365614e-01;5.010843e-01;-8.992434e-03;2.227081e+00;1.707655e+00;-1.238278e+00;-2.144308e-01;-1.530988e+00;-2.740951e+00;-2.210400e+00;2.765636e-01;-4.176645e-01;-5.748811e-01;-3.450699e-01
4;0.040000;-1.307940e-02;6.915379e-02;1.308676e+00;1.576226e+00;-2.344875e-01;-3.434362e+00;-2.271306e+00;-1.346096e+00;-8.338985e-01;-2.467257e+00;4.365849e-01;2.497505e+00;-5.878530e-01;-7.852402e-01
5;0.050000;8.251104e-01;3.286562e-01;2.187476e+00;6.584611e-01;6.925964e-02;-1.833179e+00;-1.259009e+00;-1.146086e+00;4.178611e+00;-1.595436e+00;3.644476e-01;3.531992e+00;1.675973e-01;-1.891487e+00
