frameIndex;frameTime;pcm_fftMag_mfcc[0];pcm_fftMag_mfcc[1];pcm_fftMag_mfcc[2];pcm_fftMag_mfcc[3];pcm_fftMag_mfcc[4];pcm_fftMag_mfcc[5];pcm_fftMag_mfcc[6];pcm_fftMag_mfcc[7];pcm_fftMag_mfcc[8];pcm_fftMag_mfcc[9];pcm_fftMag_mfcc[10];pcm_fftMag_mfcc[11];pcm_fftMag_mfcc[12];pcm_fftMag_mfcc[13]
0;0.000000;-1.804314e+00;-1.565043e+00;-5.289264e-01;-2.894699e+00;-2.940763e+00;5.711493e-01;4.256362e+00;4.522246e+00;-2.058684e+00;-9.906785e-01;-2.786379e+00;-4.842192e+00;3.433760e+00;1.464981e+00
1;0.010000;-1.555860e+00;-2.270036e-01;2.672563e-01;4.474363e-01;-7.046409e-01;1.154137e-02;1.801006e+00;4.797184e+00;-3.239870e-02;-1.499468e+00;-1.861783e+00;-2.892403e+00;-6.744576e-02;6.105652e-01
2;0.020000;-2.265693e-01;9.653726e-01;4.444962e-01;1.766449e+00;5.848660e-01;3.690820e-01;-9.992778e-01;1.793315e+00;-3.505316e-01;-1.552615e+00;1.258402e+00;-9.229422e-01;-3.345967e+00;3.968735e-01
3;0.030000;7.766771e-01;4.564767e-01;-3.826180e-01;-3.455343e-01;2.151692e+00;1.496984e+00;-3.716089e+00;-1.010600e+00;8.746309e-01;-8.315778e-01;1.179401e+00;1.544268e+00;-2.047061e+00;-4.745483e-03
4;0.040000;1.153151e+00;-2.017241e-01;-5.902157e-01;-1.054899e+00;1.212216e+00;-3.169346e-02;-1.785948e+00;-4.307406e+00;1.986631e+00;1.748841e+00;2.028362e+00;4.247036e+00;6.809444e-01;-9.071503e-01
5;0.050000;1.656914e+00;5.719209e-01;7.900109e-01;2.081247e+00;-3.033714e-01;-2.417062e+00;4.439466e-01;-5.794739e+00;-4.196424e-01;3.125499e+00;1.819967e-01;2.866233e+00;1.345773e+00;-1.560524e+00
