frameIndex;frameTime;pcm_fftMag_mfcc[0];pcm_fftMag_mfcc[1];pcm_fftMag_mfcc[2];pcm_fftMag_mfcc[3];pcm_fftMag_mfcc[4];pcm_fftMag_mfcc[5];pcm_fftMag_mfcc[6];pcm_fftMag_mfcc[7];pcm_fftMag_mfcc[8];pcm_fftMag_mfcc[9];pcm_fftMag_mfcc[10];pcm_fftMag_mfcc[11];pcm_fftMag_mfcc[12];pcm_fftMag_mfcc[13]
0;0.000000;-1.066000e-01;4.558459e-01;1.147445e+00;1.907158e-02;-1.507057e+00;7.826118e-01;-1.106704e+00;-2.313445e-01;-3.671551e-01;-1.391613e+00;2.244308e+00;1.678200e-01;7.613001e-01;1.190338e-01
1;0.020000;1.066003e-01;-4.558460e-01;-1.147444e+00;-1.907158e-02;1.507056e+00;-7.826099e-01;1.106704e+00;2.313445e-01;3.671551e-01;1.391613e+00;-2.244308e+00;-1.678201e-01;-7.612991e-01;-1.190414e-01
