frameIndex;frameTime;pcm_fftMag_mfcc[0];pcm_fftMag_mfcc[1];pcm_fftMag_mfcc[2];pcm_fftMag_mfcc[3];pcm_fftMag_mfcc[4];pcm_fftMag_mfcc[5];pcm_fftMag_mfcc[6];pcm_fftMag_mfcc[7];pcm_fftMag_mfcc[8];pcm_fftMag_mfcc[9];pcm_fftMag_mfcc[10];pcm_fftMag_mfcc[11];pcm_fftMag_mfcc[12];pcm_fftMag_mfcc[13]
0;0.000000;-3.163261e-01;-7.943258e-01;-1.009181e+00;-5.307164e-01;2.918978e-01;6.593016e-01;7.812846e-01;1.418765e+00;3.661747e-01;2.019478e+00;1.524414e+00;1.927653e+00;1.368906e+00;8.196716e-01
1;0.020000;-3.188872e-01;3.040967e-01;9.006643e-01;-1.277639e+00;-9.040523e-01;-2.058176e+00;-3.769853e-01;6.502916e-01;-7.958965e-01;-6.260865e-01;-6.270483e-01;-1.599805e+00;-1.436537e+00;3.170090e-01
2;0.040000;6.480536e-01;1.361386e+00;1.602522e+00;3.483171e-01;-5.676179e-01;-5.597205e-02;-3.174322e-01;-1.148353e+00;-1.010901e+00;-9.517998e-01;-7.192599e-01;-7.820163e-01;-9.528667e-01;-1.630020e-01
3;0.060000;-1.283836e-02;-8.711572e-01;-1.494004e+00;1.460038e+00;1.179771e+00;1.454847e+00;-8.686733e-02;-9.207029e-01;1.440624e+00;-4.415917e-01;-1.781054e-01;4.541674e-01;1.020498e+00;-9.736786e-01
