frameIndex;frameTime;pcm_fftMag_mfcc[0];pcm_fftMag_mfcc[1];pcm_fftMag_mfcc[2];pcm_fftMag_mfcc[3];pcm_fftMag_mfcc[4];pcm_fftMag_mfcc[5];pcm_fftMag_mfcc[6];pcm_fftMag_mfcc[7];pcm_fftMag_mfcc[8];pcm_fftMag_mfcc[9];pcm_fftMag_mfcc[10];pcm_fftMag_mfcc[11];pcm_fftMag_mfcc[12];pcm_fftMag_mfcc[13]
0;0.000000;1.078568e+00;1.793787e+00;-1.874834e+00;-5.557087e+00;-8.574867e-01;9.836435e-01;-2.790603e+00;-4.062613e+00;-9.169734e+00;4.367208e+00;-2.529774e+00;1.624707e+00;-4.678496e+00;1.804832e+00
1;0.020000;6.237317e-01;8.964281e-01;-3.549646e+00;-5.187510e+00;2.834816e-01;-9.932518e-01;-1.018949e+00;-6.020872e+00;-6.402997e+00;3.197665e+00;-2.093695e+00;1.876125e-01;-7.051947e+00;3.189049e+00
2;0.040000;5.423326e-01;-2.492194e-01;-3.072119e+00;-2.429439e+00;3.539892e+00;8.658056e-01;2.342618e+00;-2.945341e+00;-6.877257e-01;3.766787e+00;1.019193e+00;-4.677029e-01;-5.373404e+00;3.422829e+00
3;0.060000;-3.824590e-01;-2.836501e+00;-3.246733e+00;-2.207149e+00;3.032146e+00;7.810431e-01;1.453895e+00;-2.005016e+00;5.710869e-01;6.305070e-01;3.019419e+00;-2.035302e+00;-3.624168e+00;2.275169e+00
4;0.080000;-2.481179e-01;-3.183329e+00;-2.486805e+00;-1.430420e+00;2.283599e+00;7.525272e-01;1.262589e+00;-1.367447e+00;1.924068e-01;-2.116703e+00;2.798057e+00;-2.282780e+00;8.629322e-02;4.861679e-01
5;0.100000;4.269297e-01;3.878927e-02;-1.829369e+00;1.130064e+00;1.819210e+00;4.476366e-01;2.608715e+00;7.310638e-01;1.105961e+00;-2.935554e+00;1.539514e+00;-1.056327e+00;4.742777e+00;-8.909683e-01
6;0.120000;3.214488e-01;1.288355e+00;-1.603127e-02;1.736264e+00;-1.046228e+00;-1.690003e+00;1.514734e+00;3.772128e+00;2.183877e+00;-4.627564e+00;-4.097695e-01;7.540865e-01;6.051176e+00;-1.979553e+00
7;0.140000;-3.547747e-01;1.174850e+00;5.390507e+00;4.617959e+00;-4.491751e+00;-1.406150e+00;-1.219493e+00;6.274549e+00;5.805687e+00;-2.629613e+00;-1.632872e+00;1.746697e+00;5.620789e+00;-3.442856e+00
8;0.160000;-2.007660e+00;1.076844e+00;1.068503e+01;9.327328e+00;-4.562864e+00;2.587500e-01;-4.153507e+00;5.623548e+00;6.401438e+00;3.472590e-01;-1.710073e+00;1.529006e+00;4.226973e+00;-4.864639e+00
