frameIndex;frameTime;pcm_fftMag_mfcc[0];pcm_fftMag_mfcc[1];pcm_fftMag_mfcc[2];pcm_fftMag_mfcc[3];pcm_fftMag_mfcc[4];pcm_fftMag_mfcc[5];pcm_fftMag_mfcc[6];pcm_fftMag_mfcc[7];pcm_fftMag_mfcc[8];pcm_fftMag_mfcc[9];pcm_fftMag_mfcc[10];pcm_fftMag_mfcc[11];pcm_fftMag_mfcc[12];pcm_fftMag_mfcc[13]
0;0.000000;-1.979895e+00;-3.393116e+00;6.089811e-01;-4.092869e+00;-5.094864e+00;-3.436315e+00;-1.232323e+00;1.346447e+00;3.883143e+00;7.982483e-01;-7.341199e+00;1.863594e+00;3.334703e-01;5.529236e+00
1;0.020000;-1.747163e+00;-2.979476e+00;-1.552591e+00;-5.246935e+00;-2.876980e+00;-5.249062e-01;-2.939959e+00;1.025374e+00;1.158586e+00;1.926269e+00;-3.852994e+00;3.736043e+00;4.172239e-01;4.565796e+00
2;0.040000;-1.064672e-01;-1.855936e+00;-1.924144e+00;-6.217220e+00;-1.237035e+00;1.851637e+00;-3.740435e+00;2.353675e-01;-1.741155e+00;8.736038e-01;-6.653976e-01;-1.461530e-01;-3.057931e+00;3.462677e+00
3;0.060000;1.424717e+00;9.889317e-02;-1.500204e+00;-3.575544e+00;4.917607e-01;3.414876e+00;-2.984669e+00;5.588627e-01;-5.182552e-01;1.515330e+00;2.232082e+00;-4.030582e+00;-2.386457e+00;1.429276e+00
4;0.080000;1.822488e+00;1.947019e+00;-1.078861e+00;1.188798e+00;8.793426e-01;1.258300e+00;-3.521500e-01;-4.547448e-01;-8.757010e-01;7.965708e-02;1.123161e+00;-4.536658e+00;-1.143296e+00;-1.124702e+00
5;0.100000;1.578790e+00;3.073428e+00;-1.497898e-01;4.839134e+00;-2.067943e-01;-1.659531e+00;9.721928e-01;-1.141265e+00;-1.486390e+00;-3.389499e+00;-1.601601e-01;-1.352781e+00;-2.780657e-01;-3.241615e+00
6;0.120000;1.528752e-01;2.259552e+00;2.274515e+00;6.952998e+00;2.728034e+00;-9.332194e-01;3.024128e+00;-7.320032e-01;-1.867515e+00;-2.585214e+00;2.723082e+00;1.268832e+00;1.420575e+00;-4.558701e+00
7;0.140000;-1.145345e+00;8.496342e-01;3.322096e+00;6.151635e+00;5.316536e+00;2.915764e-02;7.253212e+00;-8.380368e-01;1.447286e+00;7.816019e-01;5.941425e+00;3.197705e+00;4.694475e+00;-6.061981e+00
