frameIndex;frameTime;pcm_fftMag_mfcc[0];pcm_fftMag_mfcc[1];pcm_fftMag_mfcc[2];pcm_fftMag_mfcc[3];pcm_fftMag_mfcc[4];pcm_fftMag_mfcc[5];pcm_fftMag_mfcc[6];pcm_fftMag_mfcc[7];pcm_fftMag_mfcc[8];pcm_fftMag_mfcc[9];pcm_fftMag_mfcc[10];pcm_fftMag_mfcc[11];pcm_fftMag_mfcc[12];pcm_fftMag_mfcc[13]
0;0.000000;2.218145e+00;-5.575570e+00;-3.239100e-01;-4.125745e+00;-3.141287e+00;-3.257163e+00;-1.253981e+01;-6.372910e-01;2.129524e+00;6.935911e-01;2.009817e+00;-2.578512e+00;-1.312566e+00;6.722321e+00
1;0.020000;3.958793e+00;-1.222202e+00;-1.296646e+00;-3.389929e+00;-2.528877e+00;-1.286123e+00;-7.333514e+00;-6.626348e-01;-2.024579e-02;1.726346e+00;5.190941e+00;-3.104137e+00;-3.811579e+00;4.471535e+00
2;0.040000;3.448435e+00;3.610578e+00;-1.069329e+00;-7.828786e-01;-1.308726e+00;-1.280171e+00;-2.163602e+00;-2.516949e+00;-2.052934e+00;1.098471e+00;1.045712e+00;-3.005327e+00;-3.623048e+00;1.559540e+00
3;0.060000;9.822412e-01;3.678279e+00;1.154457e+00;2.261336e+00;-2.517653e-02;-1.820553e+00;1.032756e+00;-8.361273e-01;-2.459025e+00;-3.173656e+00;-4.757795e+00;-1.169243e+00;-2.326283e+00;-7.516556e-01
4;0.080000;-1.631279e+00;1.331838e+00;2.625107e+00;2.695429e+00;2.451122e+00;1.211903e+00;2.802909e+00;4.817710e-01;-1.713455e+00;-3.759403e+00;-3.642474e+00;1.639198e+00;2.501607e-01;-2.556160e+00
5;0.100000;-3.731695e+00;-5.441742e-01;5.676710e-01;1.410325e+00;2.806188e+00;3.702547e+00;8.365864e+00;2.373405e+00;9.806510e-01;-3.009379e-02;-1.341926e+00;3.736702e+00;3.389804e+00;-4.163895e+00
6;0.120000;-5.244639e+00;-1.278749e+00;-1.657351e+00;1.931463e+00;1.746755e+00;2.729563e+00;9.835400e+00;1.797829e+00;3.135485e+00;3.444745e+00;1.495724e+00;4.481319e+00;7.433517e+00;-5.281693e+00
