frameIndex;frameTime;pcm_fftMag_mfcc[0];pcm_fftMag_mfcc[1];pcm_fftMag_mfcc[2];pcm_fftMag_mfcc[3];pcm_fftMag_mfcc[4];pcm_fftMag_mfcc[5];pcm_fftMag_mfcc[6];pcm_fftMag_mfcc[7];pcm_fftMag_mfcc[8];pcm_fftMag_mfcc[9];pcm_fftMag_mfcc[10];pcm_fftMag_mfcc[11];pcm_fftMag_mfcc[12];pcm_fftMag_mfcc[13]
0;0.000000;-1.817570e-01;-2.387745e-01;-1.428943e-01;-4.993439e-03;-4.311466e-01;-3.995955e-02;-1.551835e-01;-9.317288e-01;-1.228381e+00;-1.312572e+00;-1.592413e+00;3.858641e-01;1.252422e-01;6.615219e-01
1;0.020000;1.817560e-01;2.387745e-01;1.428943e-01;4.993439e-03;4.311466e-01;3.995949e-02;1.551835e-01;9.317286e-01;1.228381e+00;1.312572e+00;1.592413e+00;-3.858643e-01;-1.252413e-01;-6.615143e-01
