frameIndex;frameTime;pcm_fftMag_mfcc[0];pcm_fftMag_mfcc[1];pcm_fftMag_mfcc[2];pcm_fftMag_mfcc[3];pcm_fftMag_mfcc[4];pcm_fftMag_mfcc[5];pcm_fftMag_mfcc[6];pcm_fftMag_mfcc[7];pcm_fftMag_mfcc[8];pcm_fftMag_mfcc[9];pcm_fftMag_mfcc[10];pcm_fftMag_mfcc[11];pcm_fftMag_mfcc[12];pcm_fftMag_mfcc[13]
0;0.000000;4.997787e-01;1.002707e-01;-6.708833e+00;-9.588089e-01;2.165059e+00;-2.230926e+00;4.241421e-01;-1.078756e+00;-8.074678e+00;-6.080787e-01;3.679444e+00;6.212626e-01;9.893060e-01;1.808235e+00
1;0.020000;2.671280e-01;2.875543e-01;-3.803517e-01;-5.059605e-01;-1.836077e+00;2.107604e-01;1.706433e-01;5.060577e-02;-9.667921e-01;-2.947176e+00;-1.852251e+00;-1.274144e+00;8.840289e-01;3.883743e-01
2;0.040000;-3.397465e-01;-5.224290e-01;3.707017e+00;1.564770e-01;-1.425227e+00;6.315407e-01;-3.396602e-01;5.823460e-01;3.392966e+00;3.337839e-01;-1.358624e+00;-5.118585e-01;-6.307955e-01;-3.546906e-01
3;0.060000;-4.271605e-01;1.346030e-01;3.382168e+00;1.308294e+00;1.096245e+00;1.388625e+00;-2.551254e-01;4.458039e-01;5.648505e+00;3.221471e+00;-4.685686e-01;1.164742e+00;-1.242540e+00;-1.841919e+00
