frameIndex;frameTime;pcm_fftMag_mfcc[0];pcm_fftMag_mfcc[1];pcm_fftMag_mfcc[2];pcm_fftMag_mfcc[3];pcm_fftMag_mfcc[4];pcm_fftMag_mfcc[5];pcm_fftMag_mfcc[6];pcm_fftMag_mfcc[7];pcm_fftMag_mfcc[8];pcm_fftMag_mfcc[9];pcm_fftMag_mfcc[10];pcm_fftMag_mfcc[11];pcm_fftMag_mfcc[12];pcm_fftMag_mfcc[13]
0;0.000000;7.898340e-01;-2.348439e+00;3.682322e+00;-1.505752e+00;-5.531543e+00;-1.007339e+00;4.721557e+00;-3.052437e+00;-1.434345e-01;5.938030e+00;1.137821e+01;3.865418e+00;2.904468e-01;4.936394e+00
1;0.020000;-2.012072e-01;-2.505479e-01;1.747114e+00;-5.760078e+00;-2.189391e+00;3.568325e-01;3.284359e-02;-4.165430e+00;-6.795521e-01;5.165372e-01;5.362497e+00;8.507886e-01;1.174684e+00;3.697701e+00
2;0.040000;-1.311471e+00;-1.727417e+00;5.311632e-01;-3.515432e+00;4.346848e-03;1.673956e+00;-1.772134e+00;-3.061979e+00;-2.219584e+00;-3.021670e+00;2.272129e-03;-2.980895e+00;1.847743e+00;3.210747e+00
3;0.060000;-8.629189e-01;-4.519451e-01;-1.822233e-01;-6.920606e-01;9.633603e-01;8.540854e-01;-1.660060e+00;-1.551704e+00;-2.181467e+00;-2.147604e+00;-3.047966e+00;-2.749090e+00;2.137183e+00;1.573959e+00
4;0.080000;2.629023e-01;1.817028e+00;-1.170074e+00;2.500005e+00;3.207397e+00;-6.818395e-01;-5.900106e-01;5.311728e-01;-8.980951e-01;-1.600708e+00;-5.733181e+00;-6.780243e-01;5.262758e-01;-1.306351e+00
5;0.100000;9.953289e-01;2.363523e+00;-1.994348e+00;4.743894e+00;2.654984e+00;-1.092468e+00;-1.080630e+00;3.098288e+00;4.305801e-01;-5.230722e-01;-6.558832e+00;9.135604e-01;-1.928120e+00;-4.886124e+00
6;0.120000;3.275328e-01;5.977991e-01;-2.613955e+00;4.229425e+00;8.908467e-01;-1.032262e-01;3.484354e-01;8.202091e+00;5.691563e+00;8.384929e-01;-1.402997e+00;7.782412e-01;-4.048212e+00;-7.226257e+00
