frameIndex;frameTime;pcm_fftMag_mfcc[0];pcm_fftMag_mfcc[1];pcm_fftMag_mfcc[2];pcm_fftMag_mfcc[3];pcm_fftMag_mfcc[4];pcm_fftMag_mfcc[5];pcm_fftMag_mfcc[6];pcm_fftMag_mfcc[7];pcm_fftMag_mfcc[8];pcm_fftMag_mfcc[9];pcm_fftMag_mfcc[10];pcm_fftMag_mfcc[11];pcm_fftMag_mfcc[12];pcm_fftMag_mfcc[13]
0;0.000000;-1.471195e-01;1.410822e+00;8.717403e-01;2.861337e-01;-2.404087e-01;4.911711e-01;-3.300624e+00;2.813597e+00;-1.807690e-01;2.623440e+00;-1.873857e+00;-9.253545e-01;1.372957e-01;2.084282e+00
1;0.020000;1.471195e-01;-1.410822e+00;-8.717403e-01;-2.861337e-01;2.404087e-01;-4.911711e-01;3.300624e+00;-2.813597e+00;1.807692e-01;-2.623440e+00;1.873857e+00;9.253545e-01;-1.372957e-01;-2.084282e+00
