frameIndex;frameTime;pcm_fftMag_mfcc[0];pcm_fftMag_mfcc[1];pcm_fftMag_mfcc[2];pcm_fftMag_mfcc[3];pcm_fftMag_mfcc[4];pcm_fftMag_mfcc[5];pcm_fftMag_mfcc[6];pcm_fftMag_mfcc[7];pcm_fftMag_mfcc[8];pcm_fftMag_mfcc[9];pcm_fftMag_mfcc[10];pcm_fftMag_mfcc[11];pcm_fftMag_mfcc[12];pcm_fftMag_mfcc[13]
0;0.000000;1.754837e+00;-2.479889e+00;4.129836e+00;1.170753e+00;3.992882e-01;1.217133e+00;2.231179e+00;-3.638159e+00;-2.334787e+00;-2.104378e+00;-1.500139e+00;2.469522e+00;1.813547e+00;-1.271095e+00
1;0.020000;6.475219e-01;-1.357303e+00;1.358435e+00;-1.415239e+00;-5.953951e-01;-4.392047e-01;-5.141802e-01;-2.864286e+00;-1.643599e+00;5.759852e-01;6.681957e-01;2.068031e+00;8.308961e-01;-6.240540e-01
2;0.040000;-3.823841e-02;6.876078e-01;-2.528634e+00;-4.271255e-01;-7.552400e-01;-9.004874e-01;-1.281676e+00;1.740626e+00;1.491704e+00;1.988339e+00;4.114981e-01;-8.495209e-01;-1.063455e+00;3.423080e-01
3;0.060000;-2.364120e+00;3.149584e+00;-2.959636e+00;6.716108e-01;9.513474e-01;1.225595e-01;-4.353218e-01;4.761819e+00;2.486681e+00;-4.599454e-01;4.204445e-01;-3.688032e+00;-1.580989e+00;1.552849e+00
