frameIndex;frameTime;pcm_fftMag_mfcc[0];pcm_fftMag_mfcc[1];pcm_fftMag_mfcc[2];pcm_fftMag_mfcc[3];pcm_fftMag_mfcc[4];pcm_fftMag_mfcc[5];pcm_fftMag_mfcc[6];pcm_fftMag_mfcc[7];pcm_fftMag_mfcc[8];pcm_fftMag_mfcc[9];pcm_fftMag_mfcc[10];pcm_fftMag_mfcc[11];pcm_fftMag_mfcc[12];pcm_fftMag_mfcc[13]
0;0.000000;3.342858e+00;-7.254343e+00;1.184724e+00;-1.069718e+01;-2.164227e+00;-6.990326e+00;-8.543702e+00;2.584618e+00;4.339132e-01;-2.721665e+00;-4.992224e+00;-3.532422e+00;-2.362386e+00;8.920349e+00
1;0.020000;1.714529e+00;-2.235958e+00;-5.309324e-01;-5.946236e+00;-1.839367e+00;-1.852724e+00;-6.615500e+00;3.597450e-01;6.869345e-01;-3.502700e+00;-3.547285e+00;-3.300139e+00;2.149754e-01;5.974350e+00
2;0.040000;5.464745e-02;1.041790e+00;-1.749014e+00;1.043100e-01;3.091805e-01;3.280370e+00;-2.020911e+00;-1.008343e+00;-1.132295e+00;-3.324123e+00;-5.136180e-02;-1.349648e+00;2.041250e+00;2.718102e+00
3;0.060000;-4.314947e-01;1.964148e+00;-9.963520e-01;2.901312e+00;2.105504e+00;2.467922e+00;4.834270e-02;-4.156905e+00;-4.239638e+00;-2.936402e+00;-3.652754e-01;-6.979990e-02;1.320109e+00;-5.568085e-01
4;0.080000;-9.993324e-01;2.038928e+00;9.654248e-01;3.597868e+00;2.144474e+00;1.824805e+00;2.221797e+00;-4.718373e+00;-1.611982e+00;1.575716e+00;3.574362e-01;2.749748e-01;1.938035e+00;-3.610817e+00
5;0.100000;-1.969539e+00;1.705063e+00;5.162525e-01;4.545952e+00;-1.133094e-01;1.155602e+00;6.592918e+00;1.445755e+00;1.909574e+00;5.048441e+00;3.095083e+00;3.028229e+00;-6.409063e-01;-5.900826e+00
6;0.120000;-1.711671e+00;2.740371e+00;6.098983e-01;5.493981e+00;-4.422536e-01;1.143503e-01;8.317059e+00;5.493498e+00;3.953496e+00;5.860732e+00;5.503627e+00;4.948803e+00;-2.511077e+00;-7.544403e+00
