frameIndex;frameTime;pcm_fftMag_mfcc[0];pcm_fftMag_mfcc[1];pcm_fftMag_mfcc[2];pcm_fftMag_mfcc[3];pcm_fftMag_mfcc[4];pcm_fftMag_mfcc[5];pcm_fftMag_mfcc[6];pcm_fftMag_mfcc[7];pcm_fftMag_mfcc[8];pcm_fftMag_mfcc[9];pcm_fftMag_mfcc[10];pcm_fftMag_mfcc[11];pcm_fftMag_mfcc[12];pcm_fftMag_mfcc[13]
0;0.000000;6.719360e-01;-3.707097e+00;-2.106520e+00;-8.697055e+00;-3.961956e+00;1.415972e+00;-3.991055e+00;-6.535111e+00;-1.821176e+00;6.678867e-02;5.593426e+00;6.662243e+00;2.962072e+00;1.901855e+00
1;0.020000;-1.452937e+00;-4.111500e+00;-5.458920e+00;-6.574641e+00;-2.818049e+00;1.635374e+00;-1.644982e+00;-1.219550e+00;-2.831174e+00;-1.428270e-01;3.352835e+00;4.927817e+00;1.389364e+00;2.362976e-01
2;0.040000;-2.816648e+00;-5.586106e+00;-9.082786e+00;-7.981572e+00;-4.205440e+00;-4.524717e-01;-1.509726e-02;4.961670e-01;-1.936675e+00;-1.521754e-01;4.786396e-02;1.232438e+00;2.024261e+00;-1.003281e+00
3;0.060000;-7.518659e-01;-2.182690e+00;-3.242482e+00;-1.743201e+00;5.425968e-01;3.200241e+00;5.438995e+00;3.206258e+00;1.899514e+00;-1.665996e+00;-2.911313e+00;-4.875048e+00;2.703646e-01;-1.146202e+00
4;0.080000;1.484887e+00;3.265864e+00;4.291497e+00;5.522159e+00;4.391326e+00;1.262311e+00;3.064488e+00;2.224186e+00;-1.392365e-04;-2.100669e+00;-4.371735e+00;-5.205069e+00;-2.069346e+00;-3.004990e-01
5;0.100000;1.830840e+00;6.041759e+00;7.285587e+00;9.194777e+00;3.976671e+00;-2.067466e+00;-5.761098e-01;1.239625e+00;4.305658e-01;6.788816e-01;-1.903371e+00;-2.586820e+00;-2.899311e+00;1.750031e-01
6;0.120000;1.033787e+00;6.279770e+00;8.313622e+00;1.027954e+01;2.074853e+00;-4.993961e+00;-2.276239e+00;5.884253e-01;4.259087e+00;3.315997e+00;1.922932e-01;-1.555638e-01;-1.677403e+00;1.368484e-01
