frameIndex;frameTime;pcm_fftMag_mfcc[0];pcm_fftMag_mfcc[1];pcm_fftMag_mfcc[2];pcm_fftMag_mfcc[3];pcm_fftMag_mfcc[4];pcm_fftMag_mfcc[5];pcm_fftMag_mfcc[6];pcm_fftMag_mfcc[7];pcm_fftMag_mfcc[8];pcm_fftMag_mfcc[9];pcm_fftMag_mfcc[10];pcm_fftMag_mfcc[11];pcm_fftMag_mfcc[12];pcm_fftMag_mfcc[13]
0;0.000000;-2.542675e+00;1.061251e+00;1.552309e+00;-9.943571e-01;-5.813675e-01;-8.713779e-01;6.068878e-01;-4.800707e+00;-2.589798e+00;8.339275e+00;-2.819610e+00;3.669190e-01;5.355663e-01;1.569534e+00
1;0.020000;-1.761866e-01;1.547284e-01;6.599874e-01;-6.572866e-01;-2.285786e-01;2.568821e+00;-2.347286e-01;-2.883610e+00;1.374393e+00;1.925570e+00;9.483299e-01;1.459689e+00;6.731701e-01;-2.536697e-01
2;0.040000;1.158044e+00;-4.134464e-01;-2.202473e-01;-7.177658e-01;-1.169733e+00;2.514334e-01;-4.049997e-01;2.312568e+00;-7.743835e-04;-4.466426e+00;1.050036e+00;1.041680e+00;-1.279419e+00;-4.565964e-01
3;0.060000;1.560817e+00;-8.025327e-01;-1.992050e+00;2.369413e+00;1.979679e+00;-1.948879e+00;3.284073e-02;5.371751e+00;1.216181e+00;-5.798421e+00;8.212414e-01;-2.868289e+00;7.068253e-02;-8.592834e-01
