frameIndex;frameTime;pcm_fftMag_mfcc[0];pcm_fftMag_mfcc[1];pcm_fftMag_mfcc[2];pcm_fftMag_mfcc[3];pcm_fftMag_mfcc[4];pcm_fftMag_mfcc[5];pcm_fftMag_mfcc[6];pcm_fftMag_mfcc[7];pcm_fftMag_mfcc[8];pcm_fftMag_mfcc[9];pcm_fftMag_mfcc[10];pcm_fftMag_mfcc[11];pcm_fftMag_mfcc[12];pcm_fftMag_mfcc[13]
0;0.000000;-1.586155e+00;-2.459002e-01;-3.875394e+00;-2.203718e+00;2.834943e+00;3.308616e-01;-3.685169e-01;1.182957e+00;-4.665356e+00;2.275332e+00;-2.045550e+00;-4.491320e-01;3.526036e+00;3.300186e+00
1;0.020000;-6.130692e-01;8.113737e-01;-2.376785e+00;-4.906063e-01;-1.339434e+00;2.284350e+00;-6.283541e-01;1.513730e+00;5.068550e-01;-7.565942e-01;-1.530350e+00;-2.492537e+00;-3.973877e-01;5.540085e-01
2;0.040000;8.456073e-01;-4.547596e-02;1.834195e+00;1.157722e-01;-1.696630e+00;1.316810e-01;-1.748838e-01;2.589555e-01;1.149301e+00;-1.266048e+00;6.710162e-01;-1.749401e-01;-2.069455e+00;-1.202202e+00
3;0.060000;1.353617e+00;-5.199976e-01;4.417984e+00;2.578554e+00;2.011213e-01;-2.746894e+00;1.171756e+00;-2.955642e+00;3.009199e+00;-2.526907e-01;2.904883e+00;3.116611e+00;-1.059194e+00;-2.651993e+00
