frameIndex;frameTime;pcm_fftMag_mfcc[0];pcm_fftMag_mfcc[1];pcm_fftMag_mfcc[2];pcm_fftMag_mfcc[3];pcm_fftMag_mfcc[4];pcm_fftMag_mfcc[5];pcm_fftMag_mfcc[6];pcm_fftMag_mfcc[7];pcm_fftMag_mfcc[8];pcm_fftMag_mfcc[9];pcm_fftMag_mfcc[10];pcm_fftMag_mfcc[11];pcm_fftMag_mfcc[12];pcm_fftMag_mfcc[13]
0;0.000000;1.126441e+00;-2.730114e+00;-6.383058e+00;8.036890e-01;-2.506930e+00;-1.281331e+00;-4.187342e+00;-2.461804e+00;4.673314e-01;9.316244e-01;-1.037388e-01;-2.922814e+00;-6.406663e+00;2.766487e+00
1;0.020000;1.164007e-01;-2.043673e+00;-3.404088e+00;1.207296e+00;-1.121413e+00;2.253799e-01;-1.122282e+00;-2.230072e-01;5.659356e-01;1.035852e+00;-2.655277e-01;-2.019952e+00;-2.252809e+00;1.443787e+00
2;0.040000;-3.898058e-01;-1.112354e+00;-2.439423e-01;6.616077e-01;9.953246e-01;1.331625e+00;1.423367e+00;-8.453808e-01;8.348994e-01;1.037700e+00;9.411883e-01;-2.141094e-01;7.073860e-01;1.456070e-01
3;0.060000;-1.797819e-01;1.668806e+00;3.295068e+00;-7.938824e-01;1.030265e+00;2.485948e-01;2.456303e+00;2.283764e-01;-1.345185e+00;-8.838367e-01;3.776889e-01;1.200100e+00;2.232181e+00;-1.279724e+00
4;0.080000;-6.732569e-01;4.217334e+00;6.736016e+00;-1.878705e+00;1.602756e+00;-5.242701e-01;1.429954e+00;3.301815e+00;-5.229816e-01;-2.121340e+00;-9.496102e-01;3.956775e+00;5.719906e+00;-3.076157e+00
