frameIndex;frameTime;pcm_fftMag_mfcc[0];pcm_fftMag_mfcc[1];pcm_fftMag_mfcc[2];pcm_fftMag_mfcc[3];pcm_fftMag_mfcc[4];pcm_fftMag_mfcc[5];pcm_fftMag_mfcc[6];pcm_fftMag_mfcc[7];pcm_fftMag_mfcc[8];pcm_fftMag_mfcc[9];pcm_fftMag_mfcc[10];pcm_fftMag_mfcc[11];pcm_fftMag_mfcc[12];pcm_fftMag_mfcc[13]
0;0.000000;8.840342e-01;3.884575e-01;1.084145e+00;1.570469e+00;1.122067e+00;5.755997e-01;1.982226e+00;-2.091372e+00;-7.488360e-01;1.804977e+00;1.938480e+00;-1.831282e+00;2.674112e-01;3.144691e+00
1;0.020000;1.389904e-01;-3.166232e-01;2.745065e-01;-4.891376e-01;-3.850235e-01;-1.265042e+00;3.437471e-02;-1.168559e+00;-8.720512e-01;6.848546e-01;4.670079e-01;-2.360713e-02;3.655481e-02;7.549820e-01
2;0.040000;-1.023024e+00;-7.183409e-02;-1.358651e+00;-1.081331e+00;-7.370439e-01;6.894445e-01;-2.016601e+00;3.259932e+00;1.620886e+00;-2.489831e+00;-2.405488e+00;1.854889e+00;-3.039660e-01;-3.899673e+00
