frameIndex;frameTime;pcm_fftMag_mfcc[0];pcm_fftMag_mfcc[1];pcm_fftMag_mfcc[2];pcm_fftMag_mfcc[3];pcm_fftMag_mfcc[4];pcm_fftMag_mfcc[5];pcm_fftMag_mfcc[6];pcm_fftMag_mfcc[7];pcm_fftMag_mfcc[8];pcm_fftMag_mfcc[9];pcm_fftMag_mfcc[10];pcm_fftMag_mfcc[11];pcm_fftMag_mfcc[12];pcm_fftMag_mfcc[13]
0;0.000000;2.949247e+00;1.890519e+00;-8.375168e-03;-3.782165e-01;-1.944071e+00;-3.854725e-01;2.659204e+00;-5.476315e-01;-9.603582e+00;-5.296489e+00;3.635236e+00;-9.140971e-01;-3.644774e+00;1.749115e+00
1;0.020000;2.175707e+00;8.567583e-01;2.941416e+00;-6.825852e-02;-3.990245e+00;5.042496e-01;2.174644e+00;-1.907828e+00;-5.265710e+00;-2.903159e+00;1.948975e+00;1.391711e+00;-4.799001e+00;3.652267e+00
2;0.040000;1.429596e-01;-5.083709e-01;2.740595e+00;7.987928e-02;-3.400261e+00;-5.082960e-01;3.375292e-02;-1.327667e+00;1.721005e+00;-5.966663e-03;5.100423e-01;2.373693e+00;-2.444288e+00;3.164162e+00
3;0.060000;-1.556368e+00;-1.527342e+00;1.068719e+00;1.644273e+00;2.374797e-01;-6.599212e-01;-1.032237e+00;1.240504e+00;7.121931e+00;3.573984e+00;-4.794743e-01;1.039802e+00;1.996501e+00;-2.188721e-01
4;0.080000;-1.989946e+00;-5.382528e-01;-1.756185e+00;1.409537e+00;4.761056e+00;-5.634484e-01;-2.491568e+00;1.955277e+00;5.714097e+00;4.030302e+00;-2.476336e+00;-2.733343e+00;3.980520e+00;-3.686043e+00
5;0.100000;-1.721600e+00;-1.733117e-01;-4.986172e+00;-2.687216e+00;4.336044e+00;1.612889e+00;-1.343797e+00;5.873454e-01;3.122597e-01;6.013279e-01;-3.138443e+00;-1.157766e+00;4.911039e+00;-4.660629e+00
