frameIndex;frameTime;pcm_fftMag_mfcc[0];pcm_fftMag_mfcc[1];pcm_fftMag_mfcc[2];pcm_fftMag_mfcc[3];pcm_fftMag_mfcc[4];pcm_fftMag_mfcc[5];pcm_fftMag_mfcc[6];pcm_fftMag_mfcc[7];pcm_fftMag_mfcc[8];pcm_fftMag_mfcc[9];pcm_fftMag_mfcc[10];pcm_fftMag_mfcc[11];pcm_fftMag_mfcc[12];pcm_fftMag_mfcc[13]
0;0.000000;-3.063933e+00;-1.432430e+00;-8.589840e-02;-4.384858e+00;2.370093e+00;-1.605177e+00;-7.122498e-01;1.761971e+00;-2.474335e+00;3.131309e+00;-3.124229e+00;2.937264e-01;-4.795837e-02;4.314949e+00
1;0.050000;9.827690e-01;-1.263075e-01;3.184242e-01;1.476958e+00;-9.433498e-01;6.941681e-01;-6.641788e-01;-2.626419e-02;9.347534e-02;-4.131874e-01;1.288510e+00;-4.391024e-01;1.214051e-01;1.609192e-01
2;0.100000;2.081163e+00;1.558737e+00;-2.325249e-01;2.907901e+00;-1.426743e+00;9.110088e-01;1.376425e+00;-1.735704e+00;2.380858e+00;-2.718122e+00;1.835720e+00;1.453762e-01;-7.344675e-02;-4.475883e+00
