frameIndex;frameTime;pcm_fftMag_mfcc[0];pcm_fftMag_mfcc[1];pcm_fftMag_mfcc[2];pcm_fftMag_mfcc[3];pcm_fftMag_mfcc[4];pcm_fftMag_mfcc[5];pcm_fftMag_mfcc[6];pcm_fftMag_mfcc[7];pcm_fftMag_mfcc[8];pcm_fftMag_mfcc[9];pcm_fftMag_mfcc[10];pcm_fftMag_mfcc[11];pcm_fftMag_mfcc[12];pcm_fftMag_mfcc[13]
0;0.000000;-4.596467e-01;-4.897485e-01;-7.940292e-03;-9.324490e-01;-7.082558e-01;-4.787235e-01;-1.185772e+00;-1.002279e+00;2.801704e-01;-2.068405e-01;-1.961179e-01;1.895716e-01;-5.383480e-01;1.201515e+00
1;0.050000;4.596472e-01;4.897485e-01;7.940531e-03;9.324489e-01;7.082548e-01;4.787235e-01;1.185772e+00;1.002279e+00;-2.801709e-01;2.068406e-01;1.961179e-01;-1.895714e-01;5.383477e-01;-1.201515e+00
