frameIndex;frameTime;pcm_fftMag_mfcc[0];pcm_fftMag_mfcc[1];pcm_fftMag_mfcc[2];pcm_fftMag_mfcc[3];pcm_fftMag_mfcc[4];pcm_fftMag_mfcc[5];pcm_fftMag_mfcc[6];pcm_fftMag_mfcc[7];pcm_fftMag_mfcc[8];pcm_fftMag_mfcc[9];pcm_fftMag_mfcc[10];pcm_fftMag_mfcc[11];pcm_fftMag_mfcc[12];pcm_fftMag_mfcc[13]
0;0.000000;-2.378844e+00;-3.415186e+00;2.372366e+00;-2.113986e+01;-6.520890e+00;1.002857e+01;4.363145e+00;-4.061998e+00;-1.428189e+01;1.269762e+01;-1.471762e+01;3.778677e+00;-7.940823e+00;1.116747e+01
1;0.050000;-4.747324e-01;2.256165e-01;1.283805e+00;-1.439985e+01;1.756634e+00;3.802539e+00;-3.048096e+00;1.825373e+00;-8.169098e+00;5.150673e+00;-1.244996e+01;8.879020e+00;-5.284530e+00;5.401306e+00
2;0.100000;3.010516e+00;3.455219e-01;2.391118e+00;2.111654e+00;4.165593e+00;-3.974627e+00;-3.126238e+00;6.842978e+00;7.509136e-02;2.479570e+00;-6.436462e-01;5.734759e+00;-3.113842e-02;-2.410126e-01
3;0.150000;2.536012e+00;1.541443e+00;-3.918827e+00;1.292145e+01;-1.940118e+00;-7.586542e+00;-2.543846e+00;-1.349083e+00;9.209857e+00;-9.653882e+00;1.084801e+01;-7.797052e+00;5.745901e+00;-6.655113e+00
4;0.200000;-2.692948e+00;1.302606e+00;-2.128463e+00;2.050661e+01;2.538785e+00;-2.269941e+00;4.355033e+00;-3.257271e+00;1.316603e+01;-1.067398e+01;1.696321e+01;-1.059541e+01;7.510592e+00;-9.672684e+00
