frameIndex;frameTime;pcm_fftMag_mfcc[0];pcm_fftMag_mfcc[1];pcm_fftMag_mfcc[2];pcm_fftMag_mfcc[3];pcm_fftMag_mfcc[4];pcm_fftMag_mfcc[5];pcm_fftMag_mfcc[6];pcm_fftMag_mfcc[7];pcm_fftMag_mfcc[8];pcm_fftMag_mfcc[9];pcm_fftMag_mfcc[10];pcm_fftMag_mfcc[11];pcm_fftMag_mfcc[12];pcm_fftMag_mfcc[13]
0;0.000000;2.250629e+00;4.388931e+00;-1.343515e+01;-6.464993e+00;4.644480e+00;6.300504e+00;1.799876e+00;8.950309e+00;2.613411e+00;-1.388978e+00;5.777683e-01;4.655967e-01;3.120596e+00;-1.790146e+00
1;0.050000;4.352476e+00;2.671125e+00;-7.850889e+00;-3.291948e+00;1.356686e+00;3.449442e+00;2.240998e+00;6.729937e+00;-1.057198e+00;2.101564e-01;-1.815872e+00;-3.008978e+00;3.053947e+00;-1.211830e+00
2;0.100000;7.546575e-01;-1.688189e+00;3.468919e+00;2.945738e-01;-3.553007e+00;-1.407797e+00;-4.829960e-01;-2.191487e+00;1.027464e+00;-2.831295e+00;-3.265804e+00;-3.213499e+00;-6.216092e-01;7.899475e-01
3;0.150000;-3.354348e+00;-2.203965e+00;9.538705e+00;4.103823e+00;-2.891031e+00;-5.251871e+00;-3.120000e+00;-6.462632e+00;-6.119156e-01;9.587071e-01;4.473877e-02;2.442684e-01;-3.379580e+00;1.589752e+00
4;0.200000;-4.003416e+00;-3.167901e+00;8.278410e+00;5.358542e+00;4.428692e-01;-3.090280e+00;-4.378796e-01;-7.026128e+00;-1.971760e+00;3.051409e+00;4.459169e+00;5.512609e+00;-2.173355e+00;6.222610e-01
