frameIndex;frameTime;pcm_fftMag_mfcc[0];pcm_fftMag_mfcc[1];pcm_fftMag_mfcc[2];pcm_fftMag_mfcc[3];pcm_fftMag_mfcc[4];pcm_fftMag_mfcc[5];pcm_fftMag_mfcc[6];pcm_fftMag_mfcc[7];pcm_fftMag_mfcc[8];pcm_fftMag_mfcc[9];pcm_fftMag_mfcc[10];pcm_fftMag_mfcc[11];pcm_fftMag_mfcc[12];pcm_fftMag_mfcc[13]
0;0.000000;-1.076210e+00;-2.710629e-02;1.347542e-02;-1.959801e-02;-1.901506e+00;-1.557261e+00;1.096420e+00;4.837928e-01;-3.964446e+00;2.926936e-01;1.330681e+00;1.245376e+00;-2.136429e+00;1.794998e+00
1;0.050000;-9.041796e-01;-2.234612e-01;3.089409e-01;1.644096e-01;2.489109e-01;8.849649e-01;2.612820e-01;4.263597e-01;9.853687e-01;1.221573e+00;1.584167e-01;-6.034899e-01;7.675200e-01;-7.460785e-02
2;0.100000;1.980389e+00;2.505684e-01;-3.224106e-01;-1.448097e-01;1.652594e+00;6.722946e-01;-1.357700e+00;-9.101524e-01;2.979079e+00;-1.514267e+00;-1.489097e+00;-6.418867e-01;1.368908e+00;-1.720406e+00
