frameIndex;frameTime;pcm_fftMag_mfcc[0];pcm_fftMag_mfcc[1];pcm_fftMag_mfcc[2];pcm_fftMag_mfcc[3];pcm_fftMag_mfcc[4];pcm_fftMag_mfcc[5];pcm_fftMag_mfcc[6];pcm_fftMag_mfcc[7];pcm_fftMag_mfcc[8];pcm_fftMag_mfcc[9];pcm_fftMag_mfcc[10];pcm_fftMag_mfcc[11];pcm_fftMag_mfcc[12];pcm_fftMag_mfcc[13]
0;0.000000;-2.242865e+00;4.424797e+00;-2.867626e+00;-7.011836e+00;3.492347e+00;2.654648e-02;-1.304683e+00;3.784400e+00;-6.926370e+00;-1.720360e+00;-1.115156e+00;6.791594e-01;3.605548e-01;2.280861e+00
1;0.050000;-2.316046e-01;2.223155e+00;-1.746111e+00;-2.423021e+00;1.341593e+00;1.858586e+00;1.270113e+00;1.284261e+00;-3.914104e+00;4.808779e-01;-4.025876e+00;6.653492e-01;1.266646e+00;-1.471329e-01
2;0.100000;7.697396e-01;-2.763418e+00;1.539396e+00;3.279649e+00;-2.026942e+00;-6.291704e-01;1.447663e+00;-2.675332e+00;4.210800e+00;-5.476603e-01;1.237769e+00;-8.895783e-01;6.050670e-02;-5.914230e-01
3;0.150000;1.704731e+00;-3.884534e+00;3.074341e+00;6.155209e+00;-2.806993e+00;-1.255962e+00;-1.413095e+00;-2.393329e+00;6.629674e+00;1.787142e+00;3.903265e+00;-4.549301e-01;-1.687708e+00;-1.542297e+00
