frameIndex;frameTime;pcm_fftMag_mfcc[0];pcm_fftMag_mfcc[1];pcm_fftMag_mfcc[2];pcm_fftMag_mfcc[3];pcm_fftMag_mfcc[4];pcm_fftMag_mfcc[5];pcm_fftMag_mfcc[6];pcm_fftMag_mfcc[7];pcm_fftMag_mfcc[8];pcm_fftMag_mfcc[9];pcm_fftMag_mfcc[10];pcm_fftMag_mfcc[11];pcm_fftMag_mfcc[12];pcm_fftMag_mfcc[13]
0;0.000000;-1.991186e+00;5.016193e-01;-1.293279e-01;-9.995651e-02;-1.753683e+00;-1.856970e+00;9.058762e-02;1.225964e+00;3.295050e-01;1.961899e+00;-2.122524e+00;-7.968566e-01;2.194586e-01;3.853111e+00
1;0.050000;1.991186e+00;-5.016198e-01;1.293279e-01;9.995842e-02;1.753685e+00;1.856971e+00;-9.058952e-02;-1.225965e+00;-3.295050e-01;-1.961898e+00;2.122524e+00;7.968569e-01;-2.194586e-01;-3.853119e+00
