frameIndex;frameTime;pcm_fftMag_mfcc[0];pcm_fftMag_mfcc[1];pcm_fftMag_mfcc[2];pcm_fftMag_mfcc[3];pcm_fftMag_mfcc[4];pcm_fftMag_mfcc[5];pcm_fftMag_mfcc[6];pcm_fftMag_mfcc[7];pcm_fftMag_mfcc[8];pcm_fftMag_mfcc[9];pcm_fftMag_mfcc[10];pcm_fftMag_mfcc[11];pcm_fftMag_mfcc[12];pcm_fftMag_mfcc[13]
0;0.000000;-1.515143e+00;-2.710534e+00;-2.556328e+00;9.250889e-01;2.755222e-01;2.722819e+00;-3.054691e+00;7.022476e-02;5.426083e-01;-5.455030e+00;-2.806477e+00;1.285882e+00;-7.149422e-01;2.845703e+00
1;0.050000;-1.111071e+00;-2.197771e+00;-1.358664e+00;-8.784275e-01;2.899733e-01;2.929848e+00;-1.916475e+00;-3.654404e-01;-1.525782e+00;-2.216259e+00;-3.149385e+00;-1.779763e+00;-1.279601e-01;2.157379e+00
2;0.100000;8.814831e-01;-3.226297e-01;4.965611e-01;-9.380541e-01;-1.824980e-01;8.875561e-02;-1.005592e-01;-1.915231e-01;-2.779616e+00;1.874232e+00;-1.041569e+00;-2.288128e+00;5.626993e-01;-5.725403e-01
3;0.150000;1.744731e+00;5.230936e+00;3.418429e+00;8.913927e-01;-3.829956e-01;-5.741423e+00;5.071726e+00;4.867382e-01;3.762790e+00;5.797057e+00;6.997428e+00;2.782009e+00;2.802029e-01;-4.430511e+00
