frameIndex;frameTime;pcm_fftMag_mfcc[0];pcm_fftMag_mfcc[1];pcm_fftMag_mfcc[2];pcm_fftMag_mfcc[3];pcm_fftMag_mfcc[4];pcm_fftMag_mfcc[5];pcm_fftMag_mfcc[6];pcm_fftMag_mfcc[7];pcm_fftMag_mfcc[8];pcm_fftMag_mfcc[9];pcm_fftMag_mfcc[10];pcm_fftMag_mfcc[11];pcm_fftMag_mfcc[12];pcm_fftMag_mfcc[13]
0;0.000000;-3.173800e+00;-2.202674e+00;-2.965451e+00;1.528072e+00;2.326052e+00;-4.091984e-01;6.866560e-01;2.639284e+00;2.942613e+00;2.035659e+00;3.728952e+00;-1.334715e+00;4.701570e+00;5.077400e+00
1;0.050000;2.495003e-02;-2.112413e+00;2.689762e-01;-1.333183e+00;1.545162e+00;-1.384471e+00;1.561822e+00;-5.912638e-01;1.263410e+00;-4.466105e-02;1.531445e+00;2.093416e+00;-1.282291e-01;6.273727e-01
2;0.100000;3.148849e+00;4.315088e+00;2.696473e+00;-1.948929e-01;-3.871212e+00;1.793669e+00;-2.248478e+00;-2.048021e+00;-4.206023e+00;-1.990998e+00;-5.260396e+00;-7.587010e-01;-4.573343e+00;-5.704781e+00
